{"clean": [[0, 63.6197624206543, 521.6319580078125, 118.60755920410156, 568.3385009765625, 0.9035672545433044], [0, 131.35592651367188, 530.7781982421875, 182.65853881835938, 580.0430908203125, 0.8913660049438477], [0, 472.9247131347656, 291.092529296875, 498.6178894042969, 310.425048828125, 0.8442762494087219], [2, 389.47723388671875, 287.44232177734375, 420.76837158203125, 316.79095458984375, 0.8181015253067017], [2, 302.17706298828125, 196.07583618164062, 324.29913330078125, 226.28997802734375, 0.7950334548950195], [2, 417.9454650878906, 342.0821838378906, 452.5376281738281, 396.7911682128906, 0.7853010892868042], [2, 503.84332275390625, 425.5607604980469, 562.1486206054688, 504.5878601074219, 0.7823492288589478], [1, 254.9833984375, 407.8066101074219, 276.44427490234375, 446.3794250488281, 0.7535513043403625], [1, 321.74444580078125, 219.1455841064453, 334.24627685546875, 236.87721252441406, 0.6710624694824219], [2, 184.928955078125, 339.26739501953125, 227.55712890625, 369.50482177734375, 0.601416826248169], [1, 385.22821044921875, 274.7900695800781, 397.30230712890625, 291.7695617675781, 0.5388906002044678], [2, 256.84356689453125, 172.6885986328125, 272.80499267578125, 191.85455322265625, 0.4767369329929352], [1, 359.27099609375, 254.63995361328125, 372.43011474609375, 272.17645263671875, 0.46062958240509033], [0, 470.11895751953125, 357.3568115234375, 496.4820556640625, 383.064208984375, 0.4492713510990143], [0, 207.78240966796875, 180.76242065429688, 218.0216064453125, 191.95657348632812, 0.4491462707519531], [1, 470.0814208984375, 357.1761474609375, 496.78173828125, 382.9849853515625, 0.41383200883865356], [0, 627.781005859375, 500.7958984375, 640.0, 536.8260498046875, 0.4071384072303772], [0, 625.04736328125, 500.1221923828125, 640.0, 542.9930419921875, 0.40163299441337585], [1, 302.717041015625, 233.97964477539062, 322.1993408203125, 255.49307250976562, 0.38797175884246826], [0, 385.06329345703125, 274.59344482421875, 397.96148681640625, 291.88787841796875, 0.38575243949890137]], "patched": [[2, 389.46551513671875, 287.4202880859375, 420.77252197265625, 316.80877685546875, 0.8206616640090942], [2, 302.15679931640625, 195.9833984375, 324.3134765625, 226.29843139648438, 0.7974907159805298], [2, 417.9295959472656, 342.0137939453125, 452.6057434082031, 396.9002685546875, 0.7918627262115479], [2, 503.7880859375, 425.5729064941406, 562.1572265625, 504.6231384277344, 0.7758385539054871], [1, 254.95533752441406, 407.7806396484375, 276.4713134765625, 446.38525390625, 0.7496216893196106], [1, 321.73724365234375, 219.13815307617188, 334.251708984375, 236.89828491210938, 0.6572692394256592], [0, 473.1446838378906, 291.146728515625, 498.6326599121094, 310.3536376953125, 0.6510867476463318], [2, 184.86175537109375, 339.25701904296875, 227.58309936523438, 369.55914306640625, 0.6087900996208191], [1, 385.2151184082031, 274.763916015625, 397.2925109863281, 291.78533935546875, 0.5196715593338013], [0, 131.3709716796875, 530.8048095703125, 182.60568237304688, 580.2283935546875, 0.49340516328811646], [2, 256.80902099609375, 172.57655334472656, 272.8109130859375, 191.8743438720703, 0.47740665078163147], [1, 359.2676696777344, 254.57325744628906, 372.3716735839844, 272.1912841796875, 0.4540373980998993], [0, 470.10107421875, 357.3472900390625, 496.2596435546875, 383.111328125, 0.44630393385887146], [0, 207.77688598632812, 180.7247314453125, 218.03170776367188, 191.98126220703125, 0.44400060176849365], [1, 470.0642395019531, 357.16424560546875, 496.5207214355469, 383.01666259765625, 0.4265357255935669], [0, 624.875244140625, 500.0803527832031, 640.0, 543.30859375, 0.40079665184020996], [0, 385.0498046875, 274.5507507324219, 397.936279296875, 291.8950500488281, 0.39842620491981506], [0, 627.6903686523438, 500.7589111328125, 640.0, 536.9339599609375, 0.3974740207195282], [1, 302.69464111328125, 233.69866943359375, 322.22772216796875, 255.88241577148438, 0.37542667984962463]]}