{"clean": [[2, 356.4632568359375, 437.994384765625, 371.5867919921875, 467.41485595703125, 0.8193351626396179], [0, 335.41790771484375, 447.59844970703125, 350.90008544921875, 478.44866943359375, 0.8174452781677246], [0, 374.90545654296875, 302.5633544921875, 383.66485595703125, 312.33447265625, 0.7765588760375977], [0, 374.2711181640625, 335.64556884765625, 383.80029296875, 349.2032470703125, 0.744414746761322], [0, 339.013427734375, 282.1063232421875, 346.12249755859375, 291.43408203125, 0.7385808825492859], [2, 327.38775634765625, 278.8414001464844, 337.19598388671875, 302.1293640136719, 0.7301297783851624], [1, 337.51739501953125, 391.53851318359375, 349.38189697265625, 416.02337646484375, 0.7186165452003479], [0, 351.5721435546875, 257.2835693359375, 357.5418701171875, 264.2965087890625, 0.7084584832191467], [4, 512.6329345703125, 611.8790283203125, 525.6383056640625, 637.6380615234375, 0.7067232131958008], [0, 353.525390625, 247.2010498046875, 359.721923828125, 253.9443359375, 0.6618067622184753], [4, 396.64532470703125, 354.9144287109375, 402.44305419921875, 364.943359375, 0.5603546500205994], [4, 412.7465515136719, 361.0428771972656, 418.1429748535156, 371.9619445800781, 0.5534428358078003], [0, 348.2606201171875, 239.66387939453125, 353.279296875, 245.5950927734375, 0.5187642574310303], [0, 331.132568359375, 232.41323852539062, 335.98828125, 236.91592407226562, 0.515216052532196], [4, 405.322021484375, 350.71014404296875, 410.8375244140625, 360.80352783203125, 0.5057041645050049], [4, 393.32537841796875, 313.79248046875, 398.18560791015625, 322.219970703125, 0.4991147816181183], [2, 362.76910400390625, 278.199951171875, 374.51788330078125, 303.5245361328125, 0.4142720401287079], [0, 330.66375732421875, 224.92938232421875, 334.72174072265625, 228.9991455078125, 0.35681185126304626], [4, 317.0552978515625, 358.944091796875, 321.91064453125, 369.010498046875, 0.3112122714519501], [4, 318.5111083984375, 290.17578125, 322.03363037109375, 296.979248046875, 0.29885974526405334], [4, 361.31060791015625, 253.16912841796875, 363.84393310546875, 257.0973205566406, 0.2937905788421631], [0, 362.3018493652344, 273.13909912109375, 369.1170959472656, 280.90460205078125, 0.2852286398410797], [0, 325.35235595703125, 220.11654663085938, 329.02740478515625, 225.68685913085938, 0.2781509757041931], [4, 377.3336181640625, 276.50665283203125, 380.62255859375, 282.91021728515625, 0.25415167212486267]], "patched": [[2, 356.50439453125, 438.0731201171875, 371.5478515625, 467.3685302734375, 0.8086668848991394], [0, 374.9078369140625, 302.57440185546875, 383.664794921875, 312.33160400390625, 0.7760868072509766], [0, 374.2957763671875, 335.65240478515625, 383.78857421875, 349.20111083984375, 0.7453010082244873], [0, 339.02069091796875, 282.1251220703125, 346.11871337890625, 291.4306640625, 0.7366030812263489], [2, 327.4054260253906, 278.86041259765625, 337.1841125488281, 302.11798095703125, 0.7297077775001526], [0, 351.57965087890625, 257.294921875, 357.53790283203125, 264.2945556640625, 0.7068856954574585], [1, 337.51708984375, 391.53924560546875, 349.386474609375, 416.01629638671875, 0.7025615572929382], [4, 512.64013671875, 611.9798583984375, 525.6514892578125, 637.5753173828125, 0.6935965418815613], [0, 353.5299987792969, 247.21176147460938, 359.7173156738281, 253.93948364257812, 0.6590852737426758], [2, 335.57470703125, 447.49627685546875, 350.939208984375, 478.22491455078125, 0.6303312182426453], [4, 396.6441650390625, 354.9346618652344, 402.4525146484375, 364.9516296386719, 0.5536118149757385], [4, 412.75677490234375, 361.08758544921875, 418.1383056640625, 371.9671630859375, 0.542871356010437], [0, 348.2664794921875, 239.67095947265625, 353.275634765625, 245.58981323242188, 0.517758309841156], [0, 331.1374816894531, 232.423828125, 335.9856872558594, 236.91448974609375, 0.5139539837837219], [4, 405.32025146484375, 350.7349853515625, 410.83984375, 360.8050537109375, 0.4962161183357239], [4, 393.3258056640625, 313.81121826171875, 398.1859130859375, 322.21929931640625, 0.49363476037979126], [2, 362.7757568359375, 278.20416259765625, 374.5084228515625, 303.49951171875, 0.4093356132507324], [0, 330.66912841796875, 224.9492950439453, 334.71856689453125, 228.99766540527344, 0.3553599417209625], [4, 317.05169677734375, 358.96160888671875, 321.9130859375, 369.01959228515625, 0.2986673414707184], [4, 318.51531982421875, 290.1925048828125, 322.03277587890625, 296.97802734375, 0.28812190890312195], [4, 361.311279296875, 253.17501831054688, 363.84857177734375, 257.1046447753906, 0.28808388113975525], [0, 362.3133239746094, 273.1539611816406, 369.1100769042969, 280.8907775878906, 0.280814528465271], [0, 325.35540771484375, 220.12509155273438, 329.02435302734375, 225.68099975585938, 0.2764301598072052]]}