{"clean": [[0, 369.31976318359375, 319.0091552734375, 435.29046630859375, 370.0123291015625, 0.9054054617881775], [0, 300.5127868652344, 348.8464050292969, 366.3440246582031, 402.4964294433594, 0.9015427231788635], [0, 562.0042724609375, 166.18734741210938, 599.9530029296875, 199.17208862304688, 0.6999025344848633], [4, 407.82708740234375, 482.28131103515625, 430.05194091796875, 524.6365356445312, 0.6918557286262512]], "patched": [[0, 369.17388916015625, 319.6427001953125, 435.20526123046875, 369.829345703125, 0.8619897961616516], [0, 300.7265625, 349.3321533203125, 366.4000244140625, 402.2447509765625, 0.748670220375061], [4, 407.910400390625, 482.3717041015625, 429.99188232421875, 524.5869140625, 0.6333407163619995], [0, 565.5738525390625, 168.12716674804688, 599.9578857421875, 198.93328857421875, 0.6308314800262451]]}