{"clean": [[4, 418.7959289550781, 400.83990478515625, 425.4467468261719, 418.35614013671875, 0.6315155625343323], [1, 77.18624877929688, 554.5941162109375, 101.6671142578125, 616.4393310546875, 0.5712900757789612], [4, 607.5615234375, 399.39874267578125, 621.648193359375, 418.72210693359375, 0.5147609710693359], [4, 118.91580200195312, 550.142333984375, 127.451171875, 569.25146484375, 0.5104359984397888], [4, 455.0064697265625, 606.5277099609375, 483.9705810546875, 618.1654052734375, 0.4494853615760803], [4, 208.57974243164062, 376.2373352050781, 215.99337768554688, 393.9061584472656, 0.3972163796424866], [4, 208.44818115234375, 445.89300537109375, 215.917724609375, 462.51910400390625, 0.3498207628726959], [4, 197.30250549316406, 517.9034423828125, 206.6708221435547, 541.7840576171875, 0.32855772972106934], [0, 5.120246887207031, 616.5667724609375, 54.02238464355469, 639.8690185546875, 0.29644307494163513]], "patched": [[1, 76.70291137695312, 554.64892578125, 101.19772338867188, 627.7275390625, 0.6505414247512817], [4, 418.79742431640625, 400.8447265625, 425.42877197265625, 418.3466796875, 0.6261705756187439], [4, 607.5550537109375, 399.3470458984375, 621.6527099609375, 418.72259521484375, 0.49372372031211853], [4, 118.93304443359375, 550.3223876953125, 127.45942687988281, 569.2127685546875, 0.47591784596443176], [4, 454.9859313964844, 606.5551147460938, 483.9635314941406, 618.2428588867188, 0.4130139946937561], [4, 208.58938598632812, 376.2647705078125, 216.00259399414062, 393.8736572265625, 0.39927300810813904], [4, 208.437255859375, 445.8833312988281, 215.93896484375, 462.5301208496094, 0.34942543506622314], [4, 197.30325317382812, 518.1326904296875, 206.68023681640625, 541.7884521484375, 0.2836935818195343], [0, 6.225151062011719, 617.4696044921875, 54.14094543457031, 639.8133544921875, 0.2804163992404938]]}