{"clean": [[0, 562.9979248046875, 162.45460510253906, 577.044921875, 184.56614685058594, 0.824371874332428], [0, 228.2754669189453, 585.3280029296875, 249.42930603027344, 614.2747802734375, 0.8087382912635803], [0, 591.780517578125, 212.004638671875, 606.63330078125, 234.36041259765625, 0.7781957983970642], [3, 501.448486328125, 613.8720703125, 531.132080078125, 639.7908935546875, 0.7463371157646179], [1, 389.77081298828125, 403.72100830078125, 412.92193603515625, 429.36346435546875, 0.7296434044837952], [0, 543.5888671875, 402.4007568359375, 561.69970703125, 431.5240478515625, 0.707413375377655], [1, 301.43060302734375, 491.3353271484375, 321.23809814453125, 518.1517333984375, 0.6978148818016052], [1, 469.61077880859375, 238.08197021484375, 482.50030517578125, 260.561279296875, 0.6493999361991882], [0, 518.1519775390625, 580.077880859375, 540.1571044921875, 614.0843505859375, 0.6219797730445862], [1, 407.73388671875, 97.3731918334961, 417.7650146484375, 114.02228546142578, 0.6117845177650452], [0, 281.48944091796875, 515.0797729492188, 301.01837158203125, 542.1859741210938, 0.5648406744003296], [0, 415.96356201171875, 118.73512268066406, 426.22174072265625, 136.00064086914062, 0.46874311566352844], [0, 442.5224609375, 93.72329711914062, 452.5889892578125, 111.73080444335938, 0.41742849349975586], [1, 281.79827880859375, 515.0091552734375, 300.87457275390625, 542.0413818359375, 0.4020722210407257], [2, 53.99070358276367, 581.4466552734375, 102.36445617675781, 639.4537353515625, 0.3881404995918274], [1, 630.5565185546875, 274.1062927246094, 639.632080078125, 288.8166198730469, 0.3569948673248291], [0, 251.71401977539062, 558.167724609375, 269.8435974121094, 586.0205078125, 0.3368676006793976], [4, 620.7172241210938, 453.2802734375, 630.1775512695312, 464.5584716796875, 0.2995966672897339], [1, 368.315673828125, 406.157470703125, 386.489013671875, 432.244140625, 0.29563745856285095], [3, 447.9319763183594, 508.43145751953125, 475.4413146972656, 564.3932495117188, 0.2920539379119873], [2, 391.67529296875, 58.088905334472656, 404.3895263671875, 80.58634185791016, 0.26200148463249207]], "patched": [[0, 562.99072265625, 162.4575653076172, 577.0426025390625, 184.56785583496094, 0.8251933455467224], [0, 591.75439453125, 211.99415588378906, 606.6822509765625, 234.3710174560547, 0.7692460417747498], [1, 389.379638671875, 403.7280578613281, 412.89434814453125, 429.3054504394531, 0.7001917362213135], [0, 543.5804443359375, 402.4044189453125, 561.5418701171875, 431.494384765625, 0.6807866096496582], [3, 501.4294128417969, 613.9591064453125, 532.576171875, 639.941650390625, 0.6589027643203735], [1, 469.6181640625, 238.08969116210938, 482.49127197265625, 260.5553894042969, 0.6496129631996155], [1, 407.73785400390625, 97.37959289550781, 417.75799560546875, 114.03443908691406, 0.6226599216461182], [0, 415.962646484375, 118.73054504394531, 426.21533203125, 135.99742126464844, 0.460422545671463], [1, 299.103515625, 491.2430419921875, 321.24468994140625, 518.3049926757812, 0.41830164194107056], [0, 442.5289306640625, 93.72434997558594, 452.567626953125, 111.74690246582031, 0.39473262429237366], [0, 608.5609130859375, 240.87997436523438, 621.9305419921875, 259.6656188964844, 0.3251408338546753], [4, 620.688720703125, 453.256591796875, 630.23583984375, 464.71923828125, 0.3144374191761017], [2, 53.72969055175781, 581.5516357421875, 102.21516418457031, 639.7803955078125, 0.2733224034309387]]}