{"clean": [[0, 343.389892578125, 523.018310546875, 361.39093017578125, 564.13525390625, 0.8398106098175049], [0, 347.66522216796875, 358.044921875, 359.20013427734375, 381.571533203125, 0.8323063850402832], [0, 16.79302978515625, 329.4808349609375, 31.75739288330078, 358.64654541015625, 0.8016096949577332], [0, 392.5210266113281, 544.6102905273438, 412.1634826660156, 595.8560180664062, 0.7664074301719666], [0, 341.7059326171875, 240.69180297851562, 352.22802734375, 258.0531921386719, 0.639369547367096], [0, 330.5240173339844, 147.16763305664062, 350.5575256347656, 156.38986206054688, 0.3512263298034668]], "patched": [[0, 347.66943359375, 358.0555114746094, 359.19171142578125, 381.5787658691406, 0.8335029482841492], [0, 343.31964111328125, 522.9229125976562, 361.43304443359375, 564.1774291992188, 0.7558677196502686], [0, 16.52407455444336, 328.9951171875, 31.35942840576172, 357.8822021484375, 0.6892797946929932], [0, 341.7158203125, 240.9537353515625, 352.20098876953125, 258.0531921386719, 0.6037641763687134], [0, 392.72576904296875, 555.271484375, 412.00079345703125, 596.103515625, 0.5912812948226929], [0, 330.5166931152344, 147.14901733398438, 350.5638732910156, 156.39950561523438, 0.3538058400154114], [0, 392.5316162109375, 539.0660400390625, 412.21197509765625, 595.9381103515625, 0.3024258017539978], [2, 128.4246826171875, 405.575439453125, 192.92120361328125, 449.3472900390625, 0.2609626352787018]]}