{"clean": [[4, 541.2042846679688, 162.25540161132812, 550.7482299804688, 175.67172241210938, 0.6743710041046143], [4, 550.37109375, 184.56954956054688, 563.7841796875, 197.68353271484375, 0.6374303102493286], [4, 546.0787963867188, 175.94351196289062, 557.5599975585938, 187.28713989257812, 0.5167667865753174], [0, 144.1108856201172, 221.43255615234375, 179.47511291503906, 244.56298828125, 0.4838119447231293], [4, 380.78564453125, 232.4798583984375, 392.1314697265625, 255.47491455078125, 0.28061240911483765], [4, 566.713134765625, 189.42971801757812, 578.365478515625, 202.81173706054688, 0.2777300477027893]], "patched": [[4, 541.2076416015625, 162.25970458984375, 550.7457275390625, 175.674072265625, 0.6709395051002502], [4, 550.3746337890625, 184.57254028320312, 563.7811279296875, 197.68399047851562, 0.6321706175804138], [4, 546.081787109375, 175.9510040283203, 557.5576171875, 187.28684997558594, 0.5105223655700684], [4, 380.78167724609375, 232.33775329589844, 392.13031005859375, 255.47486877441406, 0.2830931842327118], [4, 566.71044921875, 189.4403076171875, 578.35791015625, 202.81024169921875, 0.27157777547836304]]}