{"clean": [[0, 264.81219482421875, 340.56243896484375, 273.99481201171875, 358.84466552734375, 0.8218750953674316], [0, 318.83013916015625, 297.7490234375, 328.12677001953125, 314.84539794921875, 0.7990290522575378], [0, 349.7332763671875, 300.69805908203125, 359.94940185546875, 324.54571533203125, 0.7758183479309082], [0, 370.2947692871094, 197.76608276367188, 383.8266296386719, 209.90957641601562, 0.7724015712738037], [0, 341.718994140625, 254.19297790527344, 351.94659423828125, 275.5926513671875, 0.7254100441932678], [0, 389.82684326171875, 529.9442138671875, 405.5299072265625, 570.2091064453125, 0.7166233658790588], [0, 328.807373046875, 436.429443359375, 340.2003173828125, 460.3341064453125, 0.7074024677276611], [3, 367.49700927734375, 326.79852294921875, 387.33575439453125, 402.92962646484375, 0.6964108943939209], [0, 222.98092651367188, 94.50112915039062, 236.88510131835938, 109.74081420898438, 0.6790271997451782], [0, 149.77822875976562, 205.3741455078125, 157.35910034179688, 217.88812255859375, 0.6025034189224243], [0, 364.34075927734375, 420.84674072265625, 376.68133544921875, 456.81207275390625, 0.5846558809280396], [0, 141.10855102539062, 204.52883911132812, 150.26065063476562, 217.70462036132812, 0.5405116677284241], [0, 395.8519592285156, 339.86151123046875, 406.9190368652344, 365.16107177734375, 0.5382992625236511], [4, 382.84796142578125, 221.754638671875, 390.14617919921875, 231.19659423828125, 0.5094993114471436], [0, 119.92864990234375, 159.0110321044922, 133.21640014648438, 167.0471954345703, 0.48710474371910095], [0, 413.344970703125, 301.617431640625, 431.7342529296875, 324.568359375, 0.4334413409233093], [0, 374.85552978515625, 378.9757080078125, 387.16424560546875, 403.425537109375, 0.40998947620391846], [0, 124.47710418701172, 174.90676879882812, 136.09039306640625, 191.85824584960938, 0.406122624874115], [0, 115.92623901367188, 225.8795166015625, 130.71136474609375, 247.3895263671875, 0.3959656357765198], [0, 131.72764587402344, 156.48648071289062, 145.03273010253906, 165.92416381835938, 0.33768731355667114], [0, 92.95127868652344, 205.38519287109375, 103.10450744628906, 221.90838623046875, 0.28965407609939575], [3, 208.82032775878906, 145.80433654785156, 238.1177520751953, 162.33729553222656, 0.27392706274986267], [0, 282.62139892578125, 308.13262939453125, 292.71917724609375, 322.58099365234375, 0.25192323327064514]], "patched": [[0, 264.81744384765625, 340.56512451171875, 273.98956298828125, 358.84405517578125, 0.821979820728302], [0, 318.84222412109375, 297.75555419921875, 328.11798095703125, 314.84173583984375, 0.7993210554122925], [0, 349.750732421875, 300.7004699707031, 359.9376220703125, 324.5356750488281, 0.7754248380661011], [0, 370.31585693359375, 197.7694091796875, 383.82012939453125, 209.90789794921875, 0.7723308205604553], [0, 341.74371337890625, 254.20108032226562, 351.93670654296875, 275.5862731933594, 0.7252875566482544], [0, 390.3738708496094, 529.1146240234375, 403.1015930175781, 553.6380615234375, 0.7165113687515259], [0, 328.8409423828125, 436.7203674316406, 340.1551513671875, 460.3196105957031, 0.7044115662574768], [3, 367.50665283203125, 326.8034362792969, 387.32000732421875, 402.9298400878906, 0.6993618607521057], [0, 222.98312377929688, 94.50166320800781, 236.88009643554688, 109.73872375488281, 0.6791971921920776], [0, 149.77871704101562, 205.37551879882812, 157.35940551757812, 217.89364624023438, 0.6039764881134033], [0, 364.38250732421875, 420.8837585449219, 376.62811279296875, 456.8013000488281, 0.5780017375946045], [0, 141.11203002929688, 204.53175354003906, 150.25692749023438, 217.70606994628906, 0.5411719679832458], [0, 395.86871337890625, 339.8664855957031, 406.91607666015625, 365.1634826660156, 0.5372015237808228], [4, 382.85369873046875, 221.7599334716797, 390.14251708984375, 231.1959991455078, 0.5093202590942383], [0, 119.9296875, 159.01206970214844, 133.21145629882812, 167.04795837402344, 0.4878821074962616], [0, 374.8756103515625, 378.981689453125, 387.14715576171875, 403.42034912109375, 0.4083343744277954], [0, 413.2934875488281, 301.85162353515625, 431.7366638183594, 324.34185791015625, 0.4079894721508026], [0, 124.47965240478516, 174.90516662597656, 136.09060668945312, 191.85914611816406, 0.406668096780777], [0, 115.91773986816406, 225.88461303710938, 130.71017456054688, 247.41976928710938, 0.397451251745224], [0, 131.72874450683594, 156.48828125, 145.03309631347656, 165.92523193359375, 0.33881688117980957], [0, 92.95408630371094, 205.38624572753906, 103.10258483886719, 221.90745544433594, 0.29056990146636963], [3, 208.8231201171875, 145.814697265625, 238.1141357421875, 162.33734130859375, 0.27277135848999023], [0, 282.63214111328125, 308.1426086425781, 292.71258544921875, 322.5886535644531, 0.2556772828102112], [0, 391.4185791015625, 543.689697265625, 405.4884033203125, 570.156982421875, 0.2502945363521576]]}