{"clean": [[0, 326.916748046875, 291.896484375, 356.0029296875, 315.86279296875, 0.8677199482917786], [0, 310.94097900390625, 316.1376037597656, 341.10003662109375, 342.7904968261719, 0.8137395977973938], [3, 250.35086059570312, 321.87860107421875, 320.2684020996094, 370.62554931640625, 0.748187780380249], [2, 166.7490234375, 234.1055908203125, 229.7169189453125, 279.4342041015625, 0.7458921074867249], [0, 128.48101806640625, 192.7574005126953, 157.79986572265625, 217.88978576660156, 0.7363530397415161], [0, 40.09165954589844, 162.4735870361328, 70.22156524658203, 185.9319305419922, 0.5140017867088318], [0, 82.95162200927734, 177.69317626953125, 113.15950775146484, 203.18927001953125, 0.502669095993042], [1, 82.9867172241211, 177.572021484375, 112.96654510498047, 203.4783935546875, 0.4883052110671997], [0, 1.1319599151611328, 44.037574768066406, 19.95124626159668, 99.35150909423828, 0.46780505776405334], [1, 2.042388916015625, 43.798343658447266, 20.377666473388672, 98.69833374023438, 0.3612214922904968], [1, 0.13187599182128906, 149.81143188476562, 23.742599487304688, 171.304931640625, 0.2602916657924652]], "patched": [[2, 3.0458908081054688, 44.05853271484375, 19.983226776123047, 79.39771270751953, 0.6717498898506165], [2, 166.85781860351562, 234.29736328125, 229.79507446289062, 279.48516845703125, 0.5888715982437134], [3, 250.1563720703125, 322.153076171875, 319.7083740234375, 370.4383544921875, 0.49036481976509094], [2, 2.451244354248047, 43.99095916748047, 19.951648712158203, 98.12760162353516, 0.45672884583473206], [0, 40.35935974121094, 162.51132202148438, 69.80557250976562, 185.679931640625, 0.4023619592189789], [1, 40.499237060546875, 162.01455688476562, 70.13473510742188, 184.97525024414062, 0.3212430775165558], [2, 127.59024047851562, 192.7102508544922, 157.55856323242188, 218.1498260498047, 0.28938308358192444]]}