{"clean": [[3, 468.7939453125, 443.48883056640625, 489.945068359375, 499.75726318359375, 0.8607131838798523], [3, 462.019287109375, 168.19390869140625, 495.14874267578125, 182.3629150390625, 0.8216419816017151], [3, 611.756103515625, 534.2392578125, 640.0, 557.099609375, 0.8132339119911194], [0, 403.49090576171875, 229.85968017578125, 417.57806396484375, 239.71954345703125, 0.7504570484161377], [0, 94.15190887451172, 161.01416015625, 105.26677703857422, 175.05157470703125, 0.7402257323265076], [3, 412.97833251953125, 168.73834228515625, 445.02630615234375, 192.01898193359375, 0.7389180660247803], [0, 290.02813720703125, 175.161376953125, 303.32135009765625, 183.36328125, 0.6869367361068726], [0, 347.67864990234375, 219.53387451171875, 361.43798828125, 227.7069091796875, 0.6748195886611938], [0, 75.29119873046875, 232.8822021484375, 94.138916015625, 242.55859375, 0.6526950597763062], [3, 462.83203125, 159.06407165527344, 495.74462890625, 174.27662658691406, 0.6134887337684631], [0, 412.2749328613281, 2.644913673400879, 423.3329162597656, 10.973461151123047, 0.6003980040550232], [0, 322.8861083984375, 225.70486450195312, 338.68511962890625, 236.96200561523438, 0.5587048530578613], [1, 372.2685241699219, 224.10818481445312, 387.4010925292969, 236.32290649414062, 0.526817798614502], [0, 302.10565185546875, 220.19918823242188, 319.56549072265625, 229.65151977539062, 0.4182506501674652], [0, 475.506103515625, 272.0679931640625, 483.64251708984375, 290.967529296875, 0.3442213535308838], [0, 372.3277587890625, 224.17996215820312, 387.451171875, 236.31161499023438, 0.32981035113334656], [0, 379.84002685546875, 245.17337036132812, 392.92120361328125, 255.32022094726562, 0.2895491123199463], [0, 70.38407897949219, 232.25341796875, 94.205810546875, 243.559814453125, 0.28923875093460083]], "patched": [[3, 468.7718505859375, 443.4681396484375, 489.9581298828125, 499.7635498046875, 0.8603928089141846], [3, 462.0146484375, 168.1876983642578, 495.15594482421875, 182.37171936035156, 0.8224074840545654], [3, 611.7462158203125, 534.2279052734375, 640.0, 557.1094970703125, 0.8105112910270691], [0, 403.48297119140625, 229.86276245117188, 417.58392333984375, 239.72866821289062, 0.7510555982589722], [0, 94.15577697753906, 161.00836181640625, 105.26972961425781, 175.05322265625, 0.7415561676025391], [3, 412.97039794921875, 168.74002075195312, 445.036376953125, 192.02371215820312, 0.7368477582931519], [0, 290.02099609375, 175.15438842773438, 303.328125, 183.37258911132812, 0.6860890984535217], [0, 347.6707458496094, 219.52328491210938, 361.4472961425781, 227.71688842773438, 0.6735368967056274], [0, 75.35601806640625, 232.88458251953125, 94.14065551757812, 242.5592041015625, 0.6522070169448853], [3, 462.83172607421875, 159.05142211914062, 495.74493408203125, 174.26754760742188, 0.6172499060630798], [0, 412.26983642578125, 2.649141311645508, 423.33551025390625, 10.976609230041504, 0.6017763018608093], [0, 322.95709228515625, 225.71380615234375, 338.68902587890625, 236.9683837890625, 0.552869439125061], [1, 372.2621765136719, 224.09933471679688, 387.4104309082031, 236.33285522460938, 0.5237859487533569], [0, 302.10601806640625, 220.1320343017578, 319.61199951171875, 229.6680450439453, 0.42059990763664246], [0, 475.4978332519531, 272.02874755859375, 483.6537170410156, 290.97674560546875, 0.3590928316116333], [0, 372.3236083984375, 224.17140197753906, 387.461181640625, 236.32310485839844, 0.33130204677581787], [0, 379.75238037109375, 245.1617431640625, 392.93023681640625, 255.31253051757812, 0.294767290353775], [0, 70.41278076171875, 232.25802612304688, 94.21157836914062, 243.57150268554688, 0.2842031419277191]]}