{"clean": [[0, 261.87677001953125, 218.30690002441406, 274.06060791015625, 244.56004333496094, 0.8394646048545837], [0, 268.1485595703125, 169.43348693847656, 278.94384765625, 191.70103454589844, 0.8186508417129517], [0, 247.67010498046875, 345.90374755859375, 263.3222961425781, 383.25860595703125, 0.8121321797370911], [0, 273.55169677734375, 130.06398010253906, 282.75274658203125, 148.0399627685547, 0.8102445602416992], [0, 266.1461181640625, 193.44635009765625, 276.17926025390625, 214.69961547851562, 0.8064322471618652], [0, 277.5635986328125, 91.36158752441406, 286.474365234375, 108.70655822753906, 0.7890927791595459], [0, 280.9774169921875, 76.41444396972656, 289.2113037109375, 90.93376159667969, 0.7857335805892944], [0, 285.2018127441406, 35.14773178100586, 293.3870544433594, 47.73366165161133, 0.6756400465965271], [0, 249.814697265625, 147.01956176757812, 259.4476623535156, 167.04043579101562, 0.6734760999679565], [0, 234.05892944335938, 458.2103271484375, 251.06491088867188, 502.6771240234375, 0.46748223900794983], [4, 272.35272216796875, 108.74273681640625, 278.23211669921875, 119.60586547851562, 0.3771463930606842], [0, 282.14971923828125, 61.663936614990234, 289.92877197265625, 75.14926147460938, 0.32212403416633606], [0, 253.23915100097656, 308.863037109375, 267.8028564453125, 341.49127197265625, 0.3219625651836395]], "patched": [[0, 261.8704528808594, 218.3035888671875, 274.0624694824219, 244.56027221679688, 0.8392389416694641], [0, 268.1422119140625, 169.4300537109375, 278.9425048828125, 191.7061767578125, 0.8181520104408264], [0, 273.54791259765625, 130.0581512451172, 282.75592041015625, 148.0432891845703, 0.810008704662323], [0, 266.1418762207031, 193.43914794921875, 276.1813049316406, 214.70364379882812, 0.805835485458374], [0, 247.6685791015625, 345.98089599609375, 263.14715576171875, 383.24786376953125, 0.8011823892593384], [0, 277.5604248046875, 91.35971069335938, 286.47149658203125, 108.708251953125, 0.788392186164856], [0, 280.9753112792969, 76.41270446777344, 289.2113952636719, 90.93464660644531, 0.7853066325187683], [0, 285.1986083984375, 35.149925231933594, 293.38720703125, 47.736961364746094, 0.6740749478340149], [0, 249.80545043945312, 147.0145721435547, 259.4533996582031, 167.0464324951172, 0.6727156639099121], [4, 272.35137939453125, 108.75881958007812, 278.23162841796875, 119.61468505859375, 0.387037068605423], [0, 282.14599609375, 61.673858642578125, 289.9324951171875, 75.15644836425781, 0.31751304864883423], [0, 233.52899169921875, 468.522216796875, 250.02325439453125, 502.498046875, 0.2854374945163727], [1, 253.0282745361328, 309.2969665527344, 267.19158935546875, 341.8482971191406, 0.261483758687973], [0, 253.02877807617188, 309.20928955078125, 267.8655090332031, 341.71453857421875, 0.25210270285606384]]}