{"clean": [[0, 237.98321533203125, 339.6805114746094, 251.3472900390625, 376.5859069824219, 0.8367862105369568], [3, 269.76617431640625, 49.70219421386719, 290.12103271484375, 123.24166870117188, 0.8292329907417297], [3, 258.0634765625, 304.340087890625, 276.3927001953125, 362.9071044921875, 0.8264170289039612], [0, 281.337646484375, 261.4532470703125, 294.04986572265625, 292.804931640625, 0.8013736009597778], [0, 250.437255859375, 31.51734733581543, 261.864013671875, 52.65203857421875, 0.7809860110282898], [0, 266.99078369140625, 144.56063842773438, 277.7958984375, 172.68881225585938, 0.7677121758460999], [0, 386.17822265625, 45.50799560546875, 396.0997314453125, 70.45272064208984, 0.7428305745124817], [0, 316.83502197265625, 63.31867980957031, 327.28729248046875, 90.18878173828125, 0.7362188100814819], [0, 378.8681640625, 114.30851745605469, 389.099609375, 142.07777404785156, 0.7108447551727295], [0, 287.57928466796875, 109.42304992675781, 298.19073486328125, 133.64401245117188, 0.707876443862915], [0, 359.81353759765625, 247.83018493652344, 373.78143310546875, 282.546875, 0.6981047987937927], [0, 294.143798828125, 162.1272430419922, 304.987060546875, 190.96055603027344, 0.6739327311515808], [0, 258.98681640625, 208.484130859375, 270.67236328125, 237.908447265625, 0.623120903968811], [0, 326.58154296875, 167.91015625, 337.369873046875, 193.58889770507812, 0.622443437576294], [0, 351.21429443359375, 18.519611358642578, 363.53363037109375, 44.93924331665039, 0.621354877948761], [0, 306.72894287109375, 386.1612854003906, 319.10601806640625, 432.0274963378906, 0.6018017530441284], [0, 194.8982696533203, 458.90057373046875, 211.03773498535156, 502.49456787109375, 0.588308572769165], [0, 347.31414794921875, 387.933349609375, 361.10028076171875, 432.8966064453125, 0.548872709274292], [0, 210.84335327148438, 561.9172973632812, 223.93045043945312, 585.0650024414062, 0.4209256172180176], [0, 337.5179748535156, 58.51439666748047, 347.8885803222656, 83.87552642822266, 0.37535756826400757]], "patched": [[3, 258.13299560546875, 304.2855224609375, 276.14007568359375, 362.88916015625, 0.8374763131141663], [3, 269.78082275390625, 49.682979583740234, 290.04913330078125, 123.24209594726562, 0.8333640694618225], [0, 281.420166015625, 261.49493408203125, 293.8624267578125, 292.79510498046875, 0.7926384210586548], [0, 250.4364013671875, 31.519149780273438, 261.8675537109375, 52.66912078857422, 0.7791252732276917], [0, 238.20738220214844, 355.0467529296875, 249.42848205566406, 376.658447265625, 0.7749285697937012], [0, 267.0146789550781, 144.63406372070312, 277.7602844238281, 172.69924926757812, 0.7637975215911865], [0, 386.1702880859375, 45.513511657714844, 396.1124267578125, 70.4693832397461, 0.7430136203765869], [0, 240.25636291503906, 339.880615234375, 251.3105010986328, 358.864990234375, 0.7356835603713989], [0, 316.85504150390625, 63.33939743041992, 327.25872802734375, 90.19618225097656, 0.7265552282333374], [0, 378.87445068359375, 114.31840515136719, 389.08575439453125, 142.11195373535156, 0.7112505435943604], [0, 287.57794189453125, 109.52206420898438, 298.16339111328125, 133.64553833007812, 0.7046432495117188], [0, 359.8708801269531, 247.88739013671875, 373.7021789550781, 282.544677734375, 0.7027276754379272], [0, 294.1693115234375, 162.13661193847656, 304.883056640625, 190.95335388183594, 0.66744065284729], [0, 326.61480712890625, 168.03689575195312, 337.34344482421875, 193.59149169921875, 0.6317354440689087], [0, 351.2528076171875, 18.49958038330078, 363.5389404296875, 44.94371032714844, 0.6175779104232788], [0, 259.0142517089844, 208.75686645507812, 270.4587707519531, 237.90310668945312, 0.6065526008605957], [0, 210.34329223632812, 562.0653076171875, 223.98306274414062, 589.668701171875, 0.5272184610366821], [0, 308.3723449707031, 386.0718078613281, 319.1469421386719, 412.8926696777344, 0.45150479674339294], [0, 325.1700744628906, 359.92138671875, 337.4817810058594, 390.3653564453125, 0.4491189122200012], [0, 347.2825012207031, 405.55694580078125, 359.7140808105469, 433.27923583984375, 0.43236401677131653], [0, 194.85980224609375, 458.3189697265625, 210.98477172851562, 502.63916015625, 0.42694950103759766], [0, 348.56134033203125, 388.41937255859375, 360.30987548828125, 416.4873046875, 0.41795969009399414], [0, 337.5157165527344, 58.56551742553711, 347.8657531738281, 83.89254760742188, 0.3684838116168976], [0, 325.5650634765625, 341.6914367675781, 337.7481689453125, 371.4678039550781, 0.3097035586833954], [0, 231.95074462890625, 548.5972900390625, 246.080810546875, 577.3541259765625, 0.2598177492618561], [0, 348.298828125, 388.3978271484375, 360.4390869140625, 431.4874267578125, 0.258674681186676]]}