{"clean": [[0, 199.5665283203125, 114.01094055175781, 210.80169677734375, 137.83143615722656, 0.7917129993438721], [0, 390.02655029296875, 9.87209701538086, 400.84454345703125, 33.44664764404297, 0.7703254222869873], [0, 424.2127685546875, 47.87030792236328, 433.69256591796875, 69.51731872558594, 0.7522523999214172], [0, 417.31817626953125, 436.27789306640625, 430.93548583984375, 480.20526123046875, 0.6867632865905762], [0, 404.5818176269531, 183.464111328125, 415.5400085449219, 213.04254150390625, 0.6771537661552429], [0, 311.409912109375, 80.71697998046875, 320.430419921875, 101.32041931152344, 0.6016769409179688], [0, 303.13067626953125, 29.633502960205078, 311.80438232421875, 50.32826614379883, 0.5652066469192505], [0, 375.84136962890625, 155.0526123046875, 387.04888916015625, 185.84124755859375, 0.542599618434906], [0, 385.148193359375, 349.8873291015625, 398.0384521484375, 388.1480712890625, 0.35398608446121216], [0, 463.85504150390625, 222.79867553710938, 475.78094482421875, 254.46112060546875, 0.31834402680397034], [0, 427.709716796875, 362.7279052734375, 447.78955078125, 415.226318359375, 0.25402262806892395]], "patched": [[0, 199.5752716064453, 114.02128601074219, 210.7938995361328, 137.83474731445312, 0.7926141619682312], [0, 390.0526428222656, 9.885031700134277, 400.8268737792969, 33.437599182128906, 0.770618736743927], [0, 424.2305908203125, 47.88117980957031, 433.673828125, 69.5093002319336, 0.7527387738227844], [0, 417.6976013183594, 436.128173828125, 430.0003356933594, 464.63671875, 0.7343346476554871], [0, 404.6123352050781, 183.457763671875, 415.5141906738281, 213.0411376953125, 0.6787661910057068], [0, 311.44580078125, 80.75602722167969, 320.401123046875, 101.31126403808594, 0.6022907495498657], [0, 303.14691162109375, 29.636829376220703, 311.78656005859375, 50.32548141479492, 0.5652779936790466], [0, 375.88970947265625, 155.0826873779297, 386.99029541015625, 185.84410095214844, 0.5419929623603821], [0, 417.55120849609375, 436.1563720703125, 429.97845458984375, 478.8330078125, 0.5075504779815674], [0, 385.2127685546875, 349.8973083496094, 397.992431640625, 388.1627502441406, 0.3276570737361908], [0, 463.87322998046875, 223.02078247070312, 475.76458740234375, 254.452392578125, 0.3237352669239044], [2, 417.65863037109375, 436.1724853515625, 430.23187255859375, 469.11700439453125, 0.286149263381958]]}