{"clean": [[0, 283.4048156738281, 241.30648803710938, 300.4195861816406, 302.8346862792969, 0.6138597130775452], [0, 210.67776489257812, 305.214599609375, 226.38796997070312, 356.9808349609375, 0.3884766697883606]], "patched": [[0, 283.89239501953125, 265.020263671875, 298.67510986328125, 303.206787109375, 0.4151179790496826], [0, 210.7840576171875, 326.2415771484375, 224.5870361328125, 357.061767578125, 0.40148255228996277], [0, 283.9290771484375, 241.324951171875, 299.93902587890625, 302.174072265625, 0.3850620687007904], [2, 321.66607666015625, 334.40826416015625, 337.26995849609375, 367.43304443359375, 0.2535068392753601], [3, 0.0, 470.6319885253906, 63.497318267822266, 640.0, 0.2500724196434021]]}