{"clean": [[0, 477.41217041015625, 574.1412353515625, 517.5805053710938, 613.328125, 0.8697430491447449], [0, 157.23199462890625, 573.069580078125, 184.1737060546875, 622.003173828125, 0.8522511124610901], [0, 406.4526672363281, 508.10626220703125, 428.0837707519531, 530.1244506835938, 0.8360567688941956], [0, 369.51629638671875, 488.94525146484375, 389.14031982421875, 508.78887939453125, 0.8333157300949097], [0, 309.3465576171875, 395.0205078125, 316.5721435546875, 401.9371337890625, 0.7455345988273621], [0, 237.482666015625, 390.4381103515625, 244.06439208984375, 397.717041015625, 0.7243642210960388], [0, 316.5133972167969, 391.6064453125, 323.3987731933594, 398.72320556640625, 0.7111210823059082], [0, 304.4892272949219, 376.46600341796875, 310.1051940917969, 382.02520751953125, 0.7075890302658081], [0, 227.0714569091797, 455.4356689453125, 239.1276397705078, 471.5848388671875, 0.6797603964805603], [0, 231.72076416015625, 384.5853271484375, 237.8248291015625, 390.8240966796875, 0.6233068108558655], [0, 227.1004638671875, 379.416015625, 233.2569580078125, 384.83282470703125, 0.6197933554649353], [0, 312.8757629394531, 378.31280517578125, 318.8354187011719, 384.18798828125, 0.6113592982292175], [0, 292.31817626953125, 370.008544921875, 297.49896240234375, 375.098876953125, 0.5998203158378601], [0, 238.19827270507812, 402.41253662109375, 246.32186889648438, 412.48516845703125, 0.59401535987854], [0, 297.3056640625, 377.2845458984375, 302.76593017578125, 383.3028564453125, 0.5334270000457764], [0, 221.33399963378906, 390.52191162109375, 228.41026306152344, 398.86151123046875, 0.505053699016571], [0, 297.122802734375, 367.30096435546875, 301.5689697265625, 371.89984130859375, 0.46906399726867676], [4, 398.09417724609375, 463.2136535644531, 408.64251708984375, 475.0474548339844, 0.41954711079597473], [0, 244.40289306640625, 358.6505126953125, 248.38589477539062, 362.2501220703125, 0.38790735602378845], [0, 230.95339965820312, 368.60833740234375, 235.92327880859375, 374.0018310546875, 0.34893929958343506], [0, 229.03173828125, 403.6744384765625, 234.67303466796875, 412.0452880859375, 0.3409319519996643], [0, 293.5621337890625, 361.66400146484375, 297.4056396484375, 365.67938232421875, 0.3104800581932068], [0, 235.3207244873047, 361.25469970703125, 238.73341369628906, 364.51409912109375, 0.30709001421928406], [0, 286.38714599609375, 358.2518310546875, 290.05963134765625, 362.071044921875, 0.2909895181655884]], "patched": [[0, 406.3273620605469, 507.9743347167969, 428.2568054199219, 530.1533203125, 0.8523005843162537], [0, 369.3515625, 488.85791015625, 389.4189453125, 508.7960205078125, 0.8369556665420532], [0, 477.4534912109375, 574.364501953125, 517.176025390625, 612.934326171875, 0.7816582918167114], [0, 309.3381042480469, 395.0045166015625, 316.5810241699219, 401.9576416015625, 0.7457540035247803], [0, 237.4683074951172, 390.4232482910156, 244.07688903808594, 397.7327575683594, 0.7254008054733276], [0, 316.5035400390625, 391.59130859375, 323.40234375, 398.7420654296875, 0.7098671793937683], [0, 304.4739990234375, 376.4493408203125, 310.1175537109375, 382.045654296875, 0.7067246437072754], [0, 226.95111083984375, 455.30999755859375, 239.26385498046875, 471.64886474609375, 0.6755906939506531], [1, 157.35218811035156, 572.940673828125, 183.9579315185547, 621.936767578125, 0.669745922088623], [0, 231.69940185546875, 384.55084228515625, 237.83367919921875, 390.839111328125, 0.6253136992454529], [0, 227.089111328125, 379.3919982910156, 233.26385498046875, 384.8482360839844, 0.6202396154403687], [1, 161.8874053955078, 573.091552734375, 184.1122589111328, 605.494140625, 0.6199082136154175], [0, 312.86053466796875, 378.28851318359375, 318.84808349609375, 384.21002197265625, 0.6127700209617615], [0, 238.17303466796875, 402.3984375, 246.33935546875, 412.5128173828125, 0.6084216237068176], [0, 292.3121337890625, 369.9993896484375, 297.5054931640625, 375.109619140625, 0.5987796783447266], [0, 297.29840087890625, 377.27362060546875, 302.77398681640625, 383.3123779296875, 0.5419183373451233], [0, 221.31857299804688, 390.50897216796875, 228.42819213867188, 398.8834228515625, 0.5281440615653992], [0, 297.11431884765625, 367.28228759765625, 301.58172607421875, 371.90875244140625, 0.46709054708480835], [0, 162.52255249023438, 573.060302734375, 183.97537231445312, 605.6163330078125, 0.4447520971298218], [4, 397.94488525390625, 462.93359375, 408.78643798828125, 475.159912109375, 0.442920982837677], [0, 244.39178466796875, 358.63494873046875, 248.39785766601562, 362.26409912109375, 0.38494983315467834], [0, 228.97186279296875, 403.61370849609375, 234.74908447265625, 412.06707763671875, 0.36011338233947754], [0, 230.94097900390625, 368.59051513671875, 235.937744140625, 374.0179443359375, 0.34936729073524475], [0, 293.5511474609375, 361.64794921875, 297.4102783203125, 365.6900634765625, 0.30760982632637024], [0, 235.3181610107422, 361.23828125, 238.7493438720703, 364.52191162109375, 0.30572688579559326], [0, 286.3817443847656, 358.24566650390625, 290.0617980957031, 362.07427978515625, 0.28707918524742126]]}