{"clean": [[0, 200.92324829101562, 195.89114379882812, 217.82376098632812, 228.10250854492188, 0.8465256094932556], [0, 225.48538208007812, 101.01759338378906, 238.94882202148438, 123.59373474121094, 0.8215653896331787], [2, 259.48773193359375, 115.00169372558594, 284.1153564453125, 210.80531311035156, 0.8041644096374512], [0, 241.28976440429688, 38.417076110839844, 252.76101684570312, 56.87181854248047, 0.7915126085281372], [0, 260.01495361328125, 20.24859619140625, 270.58892822265625, 37.41095733642578, 0.7715470790863037], [0, 239.2053680419922, 111.13308715820312, 252.7108612060547, 134.19332885742188, 0.7681429386138916], [0, 416.12493896484375, 386.3052978515625, 433.02044677734375, 443.2645263671875, 0.7518375515937805], [0, 350.78704833984375, 194.464111328125, 363.09051513671875, 229.91766357421875, 0.743557333946228], [1, 225.89596557617188, 23.944623947143555, 235.58316040039062, 42.18382263183594, 0.6470835208892822], [1, 302.71942138671875, 490.86492919921875, 347.77557373046875, 560.0297241210938, 0.576633095741272], [0, 252.19091796875, 5.133913040161133, 261.83349609375, 20.493011474609375, 0.51059490442276], [1, 199.89300537109375, 49.28101348876953, 212.20574951171875, 74.41083526611328, 0.4990561008453369], [0, 195.00132751464844, 1.6618804931640625, 215.26573181152344, 13.887990951538086, 0.2703102231025696], [1, 416.4500732421875, 386.892333984375, 433.1571044921875, 443.0035400390625, 0.2647647261619568]], "patched": [[0, 225.5044708251953, 101.0263671875, 238.9393768310547, 123.59951782226562, 0.8207441568374634], [2, 259.477294921875, 114.77046203613281, 283.839111328125, 210.92637634277344, 0.8081421852111816], [0, 241.2984619140625, 38.42679977416992, 252.74642944335938, 56.876102447509766, 0.7913654446601868], [0, 260.031494140625, 20.259265899658203, 270.574951171875, 37.4158935546875, 0.7714553475379944], [0, 239.27047729492188, 111.17353820800781, 252.67666625976562, 134.1871795654297, 0.7642892599105835], [2, 415.9366455078125, 386.32220458984375, 433.41766357421875, 443.07342529296875, 0.7437268495559692], [0, 350.79779052734375, 194.46240234375, 363.07940673828125, 229.9276123046875, 0.7353917956352234], [2, 200.93789672851562, 195.767578125, 217.86627197265625, 227.76998901367188, 0.6746496558189392], [1, 225.89810180664062, 23.95746421813965, 235.57113647460938, 42.19037628173828, 0.646598219871521], [0, 252.198974609375, 5.133079528808594, 261.82464599609375, 20.501300811767578, 0.5147023797035217], [1, 199.90560913085938, 49.2833251953125, 212.19967651367188, 74.40988159179688, 0.5023601055145264], [0, 195.12356567382812, 1.6608238220214844, 215.26174926757812, 13.883857727050781, 0.26096484065055847]]}