{"clean": [[0, 628.978271484375, 427.224609375, 639.86767578125, 466.46875, 0.6277319192886353]], "patched": [[0, 629.003173828125, 427.206787109375, 639.86865234375, 466.181396484375, 0.5529114007949829]]}