{"clean": [[0, 0.8441925048828125, 136.43824768066406, 14.300106048583984, 163.8566131591797, 0.8101204633712769], [0, 159.55096435546875, 538.820068359375, 212.3138427734375, 580.9033203125, 0.6825770139694214], [0, 612.405517578125, 452.60357666015625, 639.92431640625, 504.50018310546875, 0.35499876737594604], [0, 481.94696044921875, 564.3326416015625, 532.3916625976562, 595.9287109375, 0.282093346118927]], "patched": [[0, 0.8515348434448242, 136.4353485107422, 14.301054000854492, 163.8634796142578, 0.8088447451591492], [2, 612.4681396484375, 448.36419677734375, 640.0, 504.4161376953125, 0.5133369565010071]]}