{"clean": [[0, 443.3418273925781, 341.0439453125, 486.5041809082031, 387.5889892578125, 0.8841114044189453], [0, 318.0189208984375, 370.14935302734375, 364.505859375, 413.10040283203125, 0.8265244960784912], [3, 237.4461669921875, 414.64996337890625, 298.93505859375, 500.37139892578125, 0.8201073408126831], [0, 391.96441650390625, 303.79541015625, 439.2967529296875, 344.856201171875, 0.8042986392974854], [0, 509.2647705078125, 285.14202880859375, 543.14404296875, 334.55615234375, 0.7994509339332581], [0, 210.91555786132812, 105.79740905761719, 263.25921630859375, 139.09620666503906, 0.7618892192840576], [0, 286.8013610839844, 309.1176452636719, 327.1700744628906, 350.4211120605469, 0.7304973602294922], [0, 207.22250366210938, 608.7861938476562, 248.59432983398438, 640.0, 0.6637131571769714], [0, 383.96063232421875, 360.57855224609375, 422.46490478515625, 392.36676025390625, 0.6373800039291382], [0, 151.7232666015625, 193.15460205078125, 207.5743408203125, 227.45355224609375, 0.605737566947937], [0, 338.7769775390625, 303.40289306640625, 378.061767578125, 346.49468994140625, 0.5787369608879089], [1, 181.24505615234375, 325.66107177734375, 226.91094970703125, 351.32794189453125, 0.531812310218811], [0, 273.5668029785156, 52.58391571044922, 324.9105529785156, 85.78655242919922, 0.5191673040390015], [0, 0.02693653106689453, 374.58837890625, 11.300752639770508, 409.30859375, 0.45036429166793823], [0, 14.80562686920166, 64.80305480957031, 40.29811096191406, 89.90055847167969, 0.3730345666408539], [0, 338.7665100097656, 307.65838623046875, 359.7314758300781, 346.0703125, 0.30256593227386475], [3, 92.79488372802734, 536.7794189453125, 183.73892211914062, 639.7091064453125, 0.2940112352371216], [0, 339.5547180175781, 318.9376220703125, 377.9314880371094, 346.9189453125, 0.2552981376647949]], "patched": [[3, 237.3191375732422, 414.6763916015625, 298.97015380859375, 500.5225830078125, 0.8060438632965088], [0, 392.3728332519531, 303.23681640625, 439.4213562011719, 344.87139892578125, 0.7251361608505249], [0, 206.26708984375, 608.7310791015625, 248.68115234375, 640.0, 0.609528660774231], [0, 14.988858222961426, 66.11286926269531, 40.302616119384766, 89.96316528320312, 0.44420871138572693], [0, 0.022066116333007812, 374.6284484863281, 11.570058822631836, 409.4648132324219, 0.42911383509635925], [1, 181.173583984375, 326.16046142578125, 226.99343872070312, 351.46441650390625, 0.42126336693763733], [0, 338.42254638671875, 302.77685546875, 377.93548583984375, 346.314453125, 0.38361865282058716], [0, 211.18649291992188, 107.28741455078125, 263.2847900390625, 139.3201904296875, 0.3134791851043701], [3, 92.89312744140625, 536.72412109375, 183.69058227539062, 639.6966552734375, 0.2837408781051636]]}