{"clean": [[0, 368.40740966796875, 397.6944580078125, 386.7362060546875, 437.5966796875, 0.8576306700706482], [0, 221.03955078125, 472.19732666015625, 247.49237060546875, 519.7318725585938, 0.848861813545227], [0, 345.83697509765625, 157.759521484375, 354.75714111328125, 171.35330200195312, 0.7962316870689392], [0, 389.78643798828125, 202.72000122070312, 402.31829833984375, 219.90170288085938, 0.7956399917602539], [0, 433.5383605957031, 410.5147705078125, 451.2727966308594, 454.111083984375, 0.7842007279396057], [0, 303.560791015625, 168.58718872070312, 312.4215087890625, 180.44161987304688, 0.7841657400131226], [0, 487.97802734375, 470.9361572265625, 515.493408203125, 526.9417724609375, 0.7650744318962097], [0, 347.30950927734375, 130.9132843017578, 355.55572509765625, 142.66786193847656, 0.7643005847930908], [0, 316.31280517578125, 115.10049438476562, 324.12213134765625, 124.762451171875, 0.738427996635437], [0, 351.7548828125, 96.71190643310547, 359.8348388671875, 106.41170501708984, 0.7131132483482361], [0, 364.58197021484375, 89.86912536621094, 372.09869384765625, 100.19810485839844, 0.56991046667099], [0, 377.8939208984375, 71.91171264648438, 385.45635986328125, 80.07952880859375, 0.5558302998542786], [0, 334.5872802734375, 89.48309326171875, 341.9307861328125, 96.92941284179688, 0.5549752712249756], [0, 318.115966796875, 140.8751678466797, 327.05279541015625, 154.63795471191406, 0.4925958514213562], [0, 371.46246337890625, 60.19789505004883, 379.3343505859375, 69.11824035644531, 0.4593348503112793], [1, 318.1720886230469, 140.79168701171875, 326.8754577636719, 154.2960205078125, 0.32377690076828003], [0, 80.97007751464844, 75.75709533691406, 89.54054260253906, 84.67869567871094, 0.2559458017349243]], "patched": [[0, 221.47911071777344, 472.068359375, 247.6580047607422, 519.6995849609375, 0.818649172782898], [0, 368.92596435546875, 397.1158447265625, 386.774658203125, 437.47802734375, 0.8019549250602722], [0, 345.84808349609375, 157.7635498046875, 354.74945068359375, 171.34820556640625, 0.7965294122695923], [0, 389.81463623046875, 202.73464965820312, 402.30609130859375, 219.89010620117188, 0.7958809733390808], [0, 303.5726623535156, 168.59478759765625, 312.4059753417969, 180.43267822265625, 0.7843050360679626], [0, 347.318359375, 130.91314697265625, 355.55108642578125, 142.66558837890625, 0.7655651569366455], [0, 316.31304931640625, 115.10135650634766, 324.11749267578125, 124.76424407958984, 0.7381873726844788], [0, 351.7572021484375, 96.70173645019531, 359.83837890625, 106.41307067871094, 0.7130144238471985], [0, 364.5817565917969, 89.85624694824219, 372.1056823730469, 100.20500183105469, 0.5696316957473755], [0, 377.88800048828125, 71.88518524169922, 385.46844482421875, 80.08484649658203, 0.5544044971466064], [0, 334.58087158203125, 89.48242950439453, 341.93450927734375, 96.93474578857422, 0.550516664981842], [0, 433.4992370605469, 410.47705078125, 451.5534973144531, 454.38690185546875, 0.49641650915145874], [0, 318.1233825683594, 140.88079833984375, 327.0440979003906, 154.62646484375, 0.49544528126716614], [0, 371.4586181640625, 60.19240951538086, 379.33740234375, 69.12188720703125, 0.45989730954170227], [2, 487.93096923828125, 469.47613525390625, 515.1607055664062, 527.052490234375, 0.375257283449173], [0, 80.96504974365234, 75.64376068115234, 89.5908432006836, 84.67972564697266, 0.2544791102409363]]}