{"clean": [[0, 256.98590087890625, 114.52120971679688, 276.12335205078125, 139.2672119140625, 0.8412877321243286], [0, 316.7218017578125, 83.60845947265625, 330.0472412109375, 106.55014038085938, 0.8302598595619202], [0, 343.3922119140625, 250.34451293945312, 362.56536865234375, 291.6612854003906, 0.8089812397956848], [0, 336.39849853515625, 151.16371154785156, 352.64117431640625, 184.7066192626953, 0.8079908490180969], [0, 375.938232421875, 16.530517578125, 389.6588134765625, 41.714237213134766, 0.7971644997596741], [0, 302.9767150878906, 339.66656494140625, 318.6705017089844, 370.45635986328125, 0.7269801497459412], [0, 203.02471923828125, 591.5840454101562, 219.96011352539062, 618.4729614257812, 0.6625835299491882]], "patched": [[0, 302.90899658203125, 340.85491943359375, 318.47454833984375, 370.94989013671875, 0.8395529389381409], [0, 316.7380065917969, 83.65672302246094, 330.0290222167969, 106.50779724121094, 0.8232811093330383], [0, 375.9361572265625, 16.669052124023438, 389.585693359375, 41.71915054321289, 0.7990225553512573], [0, 336.4106750488281, 150.38107299804688, 352.4850769042969, 184.40823364257812, 0.6865513920783997], [0, 257.02081298828125, 114.37840270996094, 276.25006103515625, 138.9252166748047, 0.6713044047355652], [0, 202.9276885986328, 591.545166015625, 219.9773406982422, 618.724365234375, 0.6657406687736511], [0, 343.3404541015625, 261.39453125, 361.74072265625, 292.4000244140625, 0.47282683849334717], [0, 343.2557373046875, 250.06591796875, 362.8043212890625, 292.248046875, 0.38916343450546265]]}