{"clean": [[3, 350.6578369140625, 353.75244140625, 383.9208984375, 428.992431640625, 0.8676349520683289], [0, 275.6148681640625, 468.570068359375, 304.50738525390625, 528.315185546875, 0.8555885553359985], [0, 308.99981689453125, 407.3211669921875, 334.34332275390625, 457.228515625, 0.78544020652771], [0, 353.7809143066406, 294.34320068359375, 364.4043884277344, 307.42718505859375, 0.6323640942573547], [1, 295.0716552734375, 357.84466552734375, 311.15057373046875, 388.24859619140625, 0.6101729869842529], [4, 425.93438720703125, 355.60784912109375, 440.65130615234375, 371.21746826171875, 0.5862615704536438], [4, 394.5345764160156, 339.31182861328125, 401.8874816894531, 353.20428466796875, 0.4822601079940796], [0, 342.25311279296875, 267.36474609375, 351.31378173828125, 276.9935302734375, 0.47390589118003845], [4, 409.24755859375, 402.195068359375, 417.5787353515625, 419.369140625, 0.46859845519065857], [4, 269.2645263671875, 349.34991455078125, 275.29388427734375, 362.398681640625, 0.4365599751472473], [2, 350.8525390625, 353.4169616699219, 383.70849609375, 429.4694519042969, 0.39639541506767273], [4, 287.95086669921875, 309.50677490234375, 292.49298095703125, 319.8349609375, 0.38511598110198975], [0, 331.1766357421875, 261.5703125, 341.4373779296875, 269.60137939453125, 0.37612292170524597], [4, 384.2589111328125, 340.1756286621094, 390.43310546875, 352.3924865722656, 0.37275829911231995], [4, 302.31982421875, 297.5391845703125, 306.8424072265625, 307.3919677734375, 0.37026727199554443], [0, 333.16571044921875, 269.49798583984375, 344.28839111328125, 281.6287841796875, 0.2809726297855377], [0, 457.962646484375, 347.4667663574219, 483.609375, 376.4046936035156, 0.2633307874202728], [4, 374.3005065917969, 309.0943603515625, 379.1087951660156, 319.134765625, 0.25931504368782043]], "patched": [[3, 350.7608337402344, 353.818115234375, 383.8323059082031, 429.03564453125, 0.875095009803772], [1, 309.11944580078125, 407.762451171875, 334.23004150390625, 457.474853515625, 0.7887048721313477], [1, 295.07647705078125, 359.887939453125, 311.06280517578125, 388.2237548828125, 0.701569139957428], [1, 353.2188720703125, 295.3711242675781, 364.0648193359375, 307.7054748535156, 0.6552377343177795], [1, 275.89569091796875, 468.6302490234375, 304.5316162109375, 528.4967651367188, 0.6061721444129944], [4, 425.9349060058594, 355.541748046875, 440.6849670410156, 371.4017333984375, 0.5635015964508057], [0, 276.25634765625, 468.7252197265625, 304.3929443359375, 527.238037109375, 0.4961518347263336], [4, 394.5595703125, 339.4403076171875, 401.8704833984375, 353.1822509765625, 0.47764697670936584], [0, 341.9973449707031, 266.9973449707031, 351.3196716308594, 276.9903869628906, 0.4726768434047699], [4, 409.25897216796875, 402.1417236328125, 417.58392333984375, 419.3448486328125, 0.462686687707901], [4, 269.3119201660156, 349.6346435546875, 275.2771301269531, 362.3619384765625, 0.43925732374191284], [4, 302.3094482421875, 297.5535583496094, 306.8638916015625, 307.3923034667969, 0.3922213017940521], [4, 384.2774658203125, 340.27783203125, 390.44329833984375, 352.3883056640625, 0.3826979696750641], [4, 287.92193603515625, 309.58782958984375, 292.50592041015625, 319.85101318359375, 0.3817507028579712], [0, 331.15887451171875, 261.62152099609375, 341.51861572265625, 269.6497802734375, 0.37486782670021057], [0, 333.202392578125, 269.5284423828125, 344.448486328125, 281.5467529296875, 0.285194456577301], [4, 374.3013916015625, 309.10198974609375, 379.0064697265625, 319.14190673828125, 0.2831144332885742], [4, 515.259033203125, 488.765869140625, 540.53125, 513.26513671875, 0.2687973082065582]]}