{"clean": [[0, 357.63580322265625, 395.85089111328125, 397.95147705078125, 441.46600341796875, 0.8364534974098206], [0, 401.28680419921875, 487.30804443359375, 518.04248046875, 542.8618774414062, 0.7335508465766907], [0, 399.05950927734375, 457.48590087890625, 519.9241333007812, 541.42529296875, 0.5713830590248108], [4, 0.0, 560.8563232421875, 19.320423126220703, 637.2694091796875, 0.3714655637741089], [0, 412.2384033203125, 458.244384765625, 518.2528686523438, 511.79638671875, 0.30213725566864014], [4, 0.07691574096679688, 570.5005493164062, 18.954612731933594, 613.9027709960938, 0.2694387137889862], [0, 461.18768310546875, 430.63201904296875, 548.1944580078125, 486.67034912109375, 0.2539026439189911]], "patched": [[1, 493.02569580078125, 405.2203369140625, 516.9862670898438, 421.35931396484375, 0.7332658767700195], [1, 484.0218505859375, 447.6752014160156, 524.4393310546875, 468.4589538574219, 0.7143552303314209], [1, 431.65228271484375, 506.0560302734375, 514.0723266601562, 542.6116943359375, 0.702434778213501], [1, 480.3017578125, 466.748779296875, 520.3702392578125, 493.986328125, 0.6984427571296692], [1, 490.86639404296875, 411.55523681640625, 514.6459350585938, 428.24566650390625, 0.6354917287826538], [1, 478.03887939453125, 416.9936218261719, 512.9696044921875, 434.7586364746094, 0.5932353734970093], [1, 440.99432373046875, 481.9407958984375, 490.89056396484375, 507.4010009765625, 0.5471413135528564], [1, 483.00970458984375, 458.4136962890625, 520.90625, 478.17041015625, 0.5463065505027771], [1, 473.962890625, 457.54241943359375, 520.669189453125, 481.72412109375, 0.47313499450683594], [1, 445.602783203125, 495.161865234375, 492.70953369140625, 516.464599609375, 0.38269439339637756], [0, 467.79736328125, 439.9010925292969, 502.87158203125, 458.0988464355469, 0.3447601795196533], [1, 445.6016845703125, 494.82086181640625, 506.291259765625, 520.247314453125, 0.29526376724243164], [0, 498.90155029296875, 443.42718505859375, 530.3524780273438, 459.95794677734375, 0.28288012742996216], [1, 422.1953125, 481.227783203125, 490.9991455078125, 513.3922119140625, 0.27559271454811096], [4, 0.029148101806640625, 562.9500732421875, 19.18352508544922, 637.8255615234375, 0.2504628896713257]]}