{"clean": [[0, 63.6197624206543, 521.6319580078125, 118.60755920410156, 568.3385009765625, 0.9035672545433044], [0, 131.35592651367188, 530.7781982421875, 182.65853881835938, 580.0430908203125, 0.8913660049438477], [0, 472.9247131347656, 291.092529296875, 498.6178894042969, 310.425048828125, 0.8442762494087219], [2, 389.47723388671875, 287.44232177734375, 420.76837158203125, 316.79095458984375, 0.8181015253067017], [2, 302.17706298828125, 196.07583618164062, 324.29913330078125, 226.28997802734375, 0.7950334548950195], [2, 417.9454650878906, 342.0821838378906, 452.5376281738281, 396.7911682128906, 0.7853010892868042], [2, 503.84332275390625, 425.5607604980469, 562.1486206054688, 504.5878601074219, 0.7823492288589478], [1, 254.9833984375, 407.8066101074219, 276.44427490234375, 446.3794250488281, 0.7535513043403625], [1, 321.74444580078125, 219.1455841064453, 334.24627685546875, 236.87721252441406, 0.6710624694824219], [2, 184.928955078125, 339.26739501953125, 227.55712890625, 369.50482177734375, 0.601416826248169], [1, 385.22821044921875, 274.7900695800781, 397.30230712890625, 291.7695617675781, 0.5388906002044678], [2, 256.84356689453125, 172.6885986328125, 272.80499267578125, 191.85455322265625, 0.4767369329929352], [1, 359.27099609375, 254.63995361328125, 372.43011474609375, 272.17645263671875, 0.46062958240509033], [0, 470.11895751953125, 357.3568115234375, 496.4820556640625, 383.064208984375, 0.4492713510990143], [0, 207.78240966796875, 180.76242065429688, 218.0216064453125, 191.95657348632812, 0.4491462707519531], [1, 470.0814208984375, 357.1761474609375, 496.78173828125, 382.9849853515625, 0.41383200883865356], [0, 627.781005859375, 500.7958984375, 640.0, 536.8260498046875, 0.4071384072303772], [0, 625.04736328125, 500.1221923828125, 640.0, 542.9930419921875, 0.40163299441337585], [1, 302.717041015625, 233.97964477539062, 322.1993408203125, 255.49307250976562, 0.38797175884246826], [0, 385.06329345703125, 274.59344482421875, 397.96148681640625, 291.88787841796875, 0.38575243949890137]], "patched": [[2, 389.49578857421875, 287.4271240234375, 420.68841552734375, 316.8232421875, 0.8174777030944824], [2, 302.1410827636719, 195.79867553710938, 324.2926940917969, 226.32357788085938, 0.7971053719520569], [2, 417.9307861328125, 341.9126892089844, 452.4815673828125, 396.6813049316406, 0.7924747467041016], [2, 504.2852783203125, 425.6877136230469, 562.2584228515625, 504.8374938964844, 0.7791942358016968], [1, 132.2705078125, 563.0767822265625, 167.9696044921875, 580.7147216796875, 0.7644273638725281], [1, 255.03125, 407.792724609375, 276.4317626953125, 446.442138671875, 0.7539457082748413], [1, 321.7506103515625, 219.13494873046875, 334.2498779296875, 236.90682983398438, 0.7023941278457642], [0, 473.073486328125, 291.31280517578125, 498.7386474609375, 310.07489013671875, 0.650864839553833], [1, 133.6114501953125, 558.1303100585938, 167.91604614257812, 572.1688842773438, 0.6373672485351562], [1, 64.25090026855469, 551.8277587890625, 101.74870300292969, 569.3790283203125, 0.6341438293457031], [2, 185.12448120117188, 339.291748046875, 227.52029418945312, 369.49566650390625, 0.6275400519371033], [1, 470.06805419921875, 357.2065734863281, 496.207275390625, 382.9606018066406, 0.5422675013542175], [0, 131.7216796875, 530.938720703125, 182.4091796875, 565.792236328125, 0.5277858376502991], [1, 385.24578857421875, 274.77880859375, 397.15203857421875, 291.7481689453125, 0.5233979821205139], [1, 359.2772521972656, 254.59291076660156, 371.9074401855469, 272.1834716796875, 0.49980661273002625], [1, 91.44564819335938, 512.3009033203125, 121.40737915039062, 527.5098876953125, 0.4825953245162964], [1, 65.1682357788086, 544.8928833007812, 103.69889068603516, 563.9865112304688, 0.47724485397338867], [2, 256.801513671875, 172.6063232421875, 272.7843017578125, 191.89581298828125, 0.4683612585067749], [1, 135.95431518554688, 551.368896484375, 170.24923706054688, 567.237060546875, 0.46088314056396484], [0, 207.80355834960938, 180.733642578125, 217.99642944335938, 191.97198486328125, 0.4580417573451996], [0, 385.0828857421875, 274.5815124511719, 397.7655029296875, 291.8764953613281, 0.4215102195739746], [0, 628.5760498046875, 500.9403076171875, 640.0, 536.4423828125, 0.39598649740219116], [1, 89.89175415039062, 491.59149169921875, 130.2774658203125, 525.5287475585938, 0.37779125571250916], [0, 625.844482421875, 500.2013244628906, 640.0, 542.3409423828125, 0.3605591952800751], [0, 470.13153076171875, 357.3834228515625, 495.99163818359375, 383.0482177734375, 0.34584376215934753], [1, 302.91705322265625, 234.14617919921875, 322.17547607421875, 255.22784423828125, 0.3318028450012207], [1, 64.92900085449219, 534.0068359375, 117.19462585449219, 557.14111328125, 0.30934056639671326], [1, 73.4326171875, 539.50830078125, 112.77932739257812, 557.6484375, 0.2758582830429077], [0, 132.19003295898438, 556.147705078125, 168.36672973632812, 572.909423828125, 0.2748948931694031]]}