{"clean": [[0, 289.2935791015625, 0.0, 297.81036376953125, 9.382387161254883, 0.7627526521682739], [0, 373.626953125, 376.6936950683594, 386.1239013671875, 422.9028625488281, 0.7561144232749939], [0, 373.32476806640625, 108.44053649902344, 383.63250732421875, 140.8516845703125, 0.745647132396698], [0, 372.8778076171875, 27.20813751220703, 383.015380859375, 52.07392883300781, 0.7440127730369568], [0, 348.10931396484375, 21.613082885742188, 357.41778564453125, 43.36210632324219, 0.6861823201179504], [0, 371.9795227050781, 195.36492919921875, 383.9952697753906, 232.68896484375, 0.6118907332420349], [0, 338.64385986328125, 305.5543212890625, 351.92974853515625, 353.5909423828125, 0.5920343399047852], [0, 334.4696044921875, 404.30023193359375, 346.0772705078125, 453.54156494140625, 0.5537337064743042], [0, 333.338623046875, 64.23896789550781, 344.6187744140625, 92.29814147949219, 0.5090346932411194], [0, 349.94244384765625, 0.3334341049194336, 357.84075927734375, 14.57094955444336, 0.4285702705383301], [0, 321.74774169921875, 286.60308837890625, 335.6116943359375, 332.06719970703125, 0.42512211203575134], [0, 373.244140625, 450.084716796875, 388.5498046875, 502.47509765625, 0.34231939911842346], [0, 603.9367065429688, 162.3111572265625, 619.2321166992188, 187.49334716796875, 0.29926106333732605], [0, 577.82080078125, 165.34274291992188, 594.3685302734375, 186.46694946289062, 0.2793309986591339]], "patched": [[0, 289.28253173828125, 0.0, 297.82525634765625, 9.383903503417969, 0.7662144303321838], [0, 373.45306396484375, 108.49261474609375, 383.56500244140625, 140.85794067382812, 0.7513920664787292], [0, 372.9330749511719, 27.289222717285156, 382.9855041503906, 52.087135314941406, 0.7503788471221924], [0, 348.1773376464844, 21.675132751464844, 357.3751525878906, 43.38410949707031, 0.6915691494941711], [0, 373.5439453125, 398.16192626953125, 386.40087890625, 423.44805908203125, 0.6469018459320068], [0, 373.60931396484375, 376.62835693359375, 386.02593994140625, 423.09893798828125, 0.642900288105011], [0, 338.7605895996094, 305.478759765625, 351.8101501464844, 353.60699462890625, 0.6312525868415833], [0, 372.263916015625, 195.40652465820312, 383.93353271484375, 232.70162963867188, 0.6266353130340576], [0, 317.83587646484375, 407.05145263671875, 329.55706787109375, 441.20855712890625, 0.5762978196144104], [0, 375.4340515136719, 475.76409912109375, 387.5821838378906, 502.94317626953125, 0.5527721643447876], [0, 333.42364501953125, 64.16542053222656, 344.548828125, 92.24134826660156, 0.5003186464309692], [0, 334.9665832519531, 404.2767333984375, 345.5330505371094, 436.3436279296875, 0.4527489244937897], [0, 350.0641784667969, 0.8285398483276367, 357.8773498535156, 14.554932594299316, 0.4229618012905121], [0, 321.97705078125, 287.7105712890625, 335.4407958984375, 332.11883544921875, 0.41741666197776794], [0, 334.77716064453125, 404.42633056640625, 345.84246826171875, 452.45648193359375, 0.38960525393486023], [1, 334.65155029296875, 404.5931396484375, 345.81231689453125, 438.1788330078125, 0.3224116861820221], [0, 603.8562622070312, 162.0626220703125, 619.2439575195312, 187.49871826171875, 0.25984764099121094]]}