{"clean": [[0, 106.35499572753906, 482.55322265625, 149.077880859375, 524.8812255859375, 0.908667266368866], [0, 148.01651000976562, 550.7567749023438, 189.29983520507812, 591.7450561523438, 0.9044469594955444], [0, 421.77093505859375, 415.2410888671875, 459.02581787109375, 450.557861328125, 0.9039350152015686], [0, 453.3561706542969, 378.1297302246094, 488.8774108886719, 410.4842834472656, 0.8810397982597351], [0, 498.2686767578125, 365.71905517578125, 535.7222900390625, 396.76507568359375, 0.8797355890274048], [0, 272.484130859375, 437.06982421875, 311.6024169921875, 475.0101318359375, 0.876799464225769], [0, 408.2764892578125, 391.72283935546875, 445.1689453125, 424.66534423828125, 0.8641883730888367], [0, 593.6944580078125, 334.93408203125, 630.9307861328125, 364.541748046875, 0.8613215088844299], [1, 198.03419494628906, 461.0147705078125, 230.62989807128906, 496.6104736328125, 0.8533658981323242], [2, 536.2263793945312, 348.94189453125, 574.4391479492188, 380.3782958984375, 0.7711849808692932], [0, 272.70770263671875, 53.874290466308594, 297.98614501953125, 70.77982330322266, 0.7407788038253784], [1, 352.51959228515625, 406.41558837890625, 382.36065673828125, 440.358642578125, 0.7193156480789185], [4, 260.33294677734375, 325.5923156738281, 267.68402099609375, 345.1910095214844, 0.7049486041069031], [0, 325.1480407714844, 366.8514404296875, 367.2538757324219, 394.3135986328125, 0.611472487449646], [4, 69.89300537109375, 410.32025146484375, 83.26451110839844, 423.23382568359375, 0.6020460724830627], [0, 631.6177978515625, 325.53570556640625, 639.94287109375, 352.95367431640625, 0.5913121104240417], [4, 455.5697021484375, 308.76824951171875, 471.2821044921875, 328.03411865234375, 0.5214990377426147], [0, 233.03945922851562, 0.019820451736450195, 257.1001892089844, 2.5941274166107178, 0.47947758436203003], [0, 359.60260009765625, 479.3125, 397.84320068359375, 519.8328247070312, 0.3246193826198578], [1, 271.9747009277344, 71.08406829833984, 294.9521179199219, 90.3512954711914, 0.2995917499065399], [1, 50.342559814453125, 500.09747314453125, 91.60935974121094, 543.7922973632812, 0.29635873436927795], [4, 186.19189453125, 449.76556396484375, 195.42645263671875, 471.02618408203125, 0.27964556217193604], [4, 623.289794921875, 235.2931671142578, 633.179443359375, 254.7688751220703, 0.2707477807998657]], "patched": [[1, 198.0327606201172, 461.16290283203125, 230.61546325683594, 496.59783935546875, 0.8276727199554443], [2, 536.2222900390625, 349.00506591796875, 574.524169921875, 380.392822265625, 0.7949731945991516], [0, 106.41525268554688, 482.63409423828125, 148.72637939453125, 524.8141479492188, 0.7532896399497986], [0, 272.70831298828125, 53.897682189941406, 297.85723876953125, 70.75531768798828, 0.7490708827972412], [1, 466.9098205566406, 588.1075439453125, 496.3974914550781, 604.5426025390625, 0.6990004777908325], [0, 453.52001953125, 378.1475830078125, 488.8291015625, 409.22674560546875, 0.6983667612075806], [4, 260.36309814453125, 325.76409912109375, 267.67474365234375, 345.13189697265625, 0.6934196352958679], [1, 422.6267395019531, 416.7296447753906, 459.0719299316406, 446.9067687988281, 0.6466572284698486], [1, 352.4794921875, 406.63104248046875, 382.518798828125, 440.40338134765625, 0.6454565525054932], [1, 512.6749267578125, 567.4620361328125, 539.4176025390625, 582.2481689453125, 0.6363328099250793], [1, 599.1585693359375, 522.4923095703125, 626.0748291015625, 537.5550537109375, 0.6307904124259949], [1, 517.6448974609375, 556.883544921875, 542.1434326171875, 568.860595703125, 0.6210021376609802], [0, 409.08489990234375, 391.75848388671875, 444.71917724609375, 423.09375, 0.6116229295730591], [4, 69.77252197265625, 410.471435546875, 83.27679443359375, 423.2476806640625, 0.6096242070198059], [1, 274.40826416015625, 457.9095458984375, 301.33795166015625, 474.93017578125, 0.6073352694511414], [0, 631.6937255859375, 326.8331298828125, 639.9503173828125, 353.008544921875, 0.5913448929786682], [1, 498.91705322265625, 366.48583984375, 535.6432495117188, 394.0567626953125, 0.5887191891670227], [0, 498.705078125, 366.1629333496094, 535.6556396484375, 395.6240539550781, 0.5871725678443909], [1, 593.2236938476562, 511.22930908203125, 622.2028198242188, 526.7039184570312, 0.584796667098999], [0, 594.022216796875, 335.5906982421875, 630.885498046875, 363.5322265625, 0.5619158148765564], [1, 593.875732421875, 335.748046875, 631.049072265625, 363.6767578125, 0.5448423027992249], [0, 274.8353576660156, 437.300537109375, 311.6134948730469, 464.2169189453125, 0.5419870018959045], [0, 232.90155029296875, 0.018984556198120117, 257.1143798828125, 2.6451685428619385, 0.4830649197101593], [0, 148.20828247070312, 551.26123046875, 189.00851440429688, 590.98974609375, 0.47721797227859497], [1, 515.23828125, 562.9473266601562, 541.061767578125, 575.4857788085938, 0.47496652603149414], [1, 453.71038818359375, 378.3009033203125, 488.81072998046875, 409.09454345703125, 0.4684721827507019], [1, 472.2369384765625, 577.0636596679688, 499.1485595703125, 590.1006469726562, 0.4402257800102234], [1, 360.08233642578125, 480.66162109375, 397.35833740234375, 519.4156494140625, 0.4398293197154999], [1, 328.7779541015625, 389.64202880859375, 350.7283935546875, 401.82025146484375, 0.432962030172348], [1, 360.4759521484375, 501.63604736328125, 389.6527099609375, 519.5348510742188, 0.4252476096153259], [4, 455.33636474609375, 309.11163330078125, 471.26275634765625, 328.11334228515625, 0.37270742654800415], [1, 331.97137451171875, 381.2789001464844, 352.33447265625, 392.1779479980469, 0.3525959253311157], [1, 271.91363525390625, 71.10386657714844, 295.131103515625, 90.18647766113281, 0.34947529435157776], [1, 507.9700927734375, 387.7424621582031, 526.7694091796875, 400.1263122558594, 0.32795020937919617], [1, 426.64776611328125, 440.1934814453125, 449.82940673828125, 452.6400146484375, 0.3260135352611542], [1, 472.09063720703125, 581.5671997070312, 498.37005615234375, 596.0674438476562, 0.3213309347629547], [4, 623.299072265625, 235.2637176513672, 633.207275390625, 254.79042053222656, 0.2760992646217346], [1, 328.9307861328125, 373.98797607421875, 360.92120361328125, 391.44989013671875, 0.25560396909713745]]}