{"clean": [[0, 409.17218017578125, 377.30975341796875, 443.20892333984375, 426.29364013671875, 0.8711055517196655], [1, 518.99072265625, 437.2939453125, 554.42919921875, 490.5550537109375, 0.853883683681488], [1, 484.47930908203125, 582.857421875, 524.9577026367188, 638.67578125, 0.8233663439750671], [0, 208.46221923828125, 433.2757873535156, 248.3839111328125, 478.6356506347656, 0.7999297976493835], [4, 616.3240356445312, 566.429931640625, 633.6807250976562, 590.182861328125, 0.7762024998664856], [0, 511.50103759765625, 302.625244140625, 541.7163696289062, 351.58837890625, 0.7630874514579773], [0, 617.9010009765625, 105.77183532714844, 639.9234619140625, 154.02003479003906, 0.7593045234680176], [1, 336.4908447265625, 524.2791748046875, 372.7335205078125, 573.9073486328125, 0.7528619170188904], [3, 459.68170166015625, 390.27008056640625, 543.674072265625, 514.58203125, 0.6439357995986938], [0, 0.017648696899414062, 578.0997314453125, 17.079740524291992, 612.100830078125, 0.5414609313011169], [0, 214.66378784179688, 540.68603515625, 252.49697875976562, 582.791748046875, 0.46485933661460876], [0, 626.2462158203125, 6.996133804321289, 639.975830078125, 61.25385284423828, 0.4105050265789032], [3, 625.8040161132812, 0.0, 639.8984985351562, 61.335994720458984, 0.3922191858291626]], "patched": [[1, 336.79254150390625, 524.373291015625, 372.82037353515625, 573.02197265625, 0.8157055974006653], [1, 511.8773498535156, 326.67230224609375, 536.1326904296875, 351.17828369140625, 0.7356666326522827], [4, 616.2623291015625, 566.5494384765625, 633.6392822265625, 590.0950927734375, 0.7112746238708496], [1, 618.1370239257812, 106.27628326416016, 639.8313598632812, 153.78378295898438, 0.6264069676399231], [1, 214.9835968017578, 540.721435546875, 252.36546325683594, 582.438232421875, 0.555509626865387], [2, 459.7108154296875, 389.2294921875, 543.9575805664062, 514.2398681640625, 0.553428590297699], [1, 511.9341125488281, 302.8913269042969, 541.717041015625, 350.8794250488281, 0.5511678457260132], [2, 519.3978881835938, 437.37957763671875, 554.5482788085938, 490.19024658203125, 0.5131179690361023], [1, 485.374755859375, 582.970458984375, 524.4183349609375, 638.90966796875, 0.47598373889923096], [1, 485.44903564453125, 609.95361328125, 515.6145629882812, 631.7291259765625, 0.4674088954925537], [1, 485.2039794921875, 607.2988891601562, 515.2735595703125, 638.6670532226562, 0.4398723244667053], [2, 626.643798828125, 11.138498306274414, 640.0, 60.89154815673828, 0.3738478124141693], [0, 0.0035648345947265625, 578.365966796875, 17.048646926879883, 611.771240234375, 0.3689151108264923], [1, 409.70660400390625, 377.24493408203125, 443.309326171875, 426.0009765625, 0.3556550145149231], [1, 495.212890625, 582.4259643554688, 524.7720947265625, 620.7286987304688, 0.3389928638935089], [1, 618.1475830078125, 125.58808898925781, 638.38818359375, 153.9351043701172, 0.3353602886199951], [2, 409.5322265625, 376.971923828125, 443.3048095703125, 426.0849609375, 0.2786736488342285], [1, 209.66412353515625, 433.3470764160156, 248.21636962890625, 478.7037048339844, 0.25792255997657776]]}