{"clean": [[0, 115.74851989746094, 255.80206298828125, 141.49107360839844, 277.669677734375, 0.7914600968360901], [0, 271.15167236328125, 336.15264892578125, 282.72296142578125, 371.74163818359375, 0.7616555690765381], [0, 290.7003173828125, 90.87037658691406, 301.425537109375, 127.79945373535156, 0.6988260746002197], [0, 254.864501953125, 259.364990234375, 266.97271728515625, 300.653076171875, 0.6875073313713074], [0, 268.877197265625, 479.8565673828125, 297.2421875, 532.7456665039062, 0.6866627931594849], [0, 286.65057373046875, 239.3547821044922, 298.3433837890625, 281.56341552734375, 0.6412784457206726], [0, 292.90179443359375, 0.0, 303.05072021484375, 16.641782760620117, 0.6176923513412476], [0, 177.7825927734375, 357.5611572265625, 208.02951049804688, 405.3814697265625, 0.6104136109352112], [0, 385.53558349609375, 250.24623107910156, 397.55657958984375, 293.3115234375, 0.6038506031036377], [0, 285.2790832519531, 396.7764892578125, 296.9145812988281, 447.927490234375, 0.5876267552375793], [0, 106.89834594726562, 0.0, 135.95193481445312, 7.172407627105713, 0.5730811953544617], [0, 200.93893432617188, 90.30044555664062, 221.9866943359375, 105.61331176757812, 0.5523931384086609], [0, 271.2679443359375, 152.0740966796875, 281.157470703125, 188.85711669921875, 0.5303138494491577], [0, 366.04913330078125, 247.47509765625, 378.50823974609375, 292.8741455078125, 0.47566455602645874], [1, 203.39324951171875, 69.66046142578125, 225.19369506835938, 87.00367736816406, 0.4473001956939697], [0, 209.35763549804688, 50.58710479736328, 226.84152221679688, 66.62037658691406, 0.38664841651916504], [0, 346.2208251953125, 19.920549392700195, 356.69091796875, 48.15631103515625, 0.37852582335472107], [0, 203.36553955078125, 69.41280364990234, 225.2388916015625, 86.81885528564453, 0.3626005947589874], [0, 345.9217834472656, 7.483955383300781, 356.8498840332031, 48.18898010253906, 0.3383879065513611]], "patched": [[0, 271.2274475097656, 336.21820068359375, 282.6438293457031, 371.71612548828125, 0.75453120470047], [0, 255.1829376220703, 277.47235107421875, 266.81427001953125, 301.12896728515625, 0.6793584227561951], [0, 268.8878173828125, 480.0076904296875, 297.581787109375, 533.890380859375, 0.6427941918373108], [0, 290.88787841796875, 90.89142608642578, 301.41522216796875, 127.7981948852539, 0.6390027403831482], [0, 255.16204833984375, 260.80810546875, 267.0675048828125, 301.0081787109375, 0.590287446975708], [0, 107.119140625, 0.0, 135.9626007080078, 7.10892915725708, 0.5734992623329163], [0, 293.30316162109375, 0.0, 302.89910888671875, 16.524105072021484, 0.5621220469474792], [0, 201.03768920898438, 90.24478912353516, 221.98501586914062, 105.5998306274414, 0.5201752185821533], [0, 285.42755126953125, 396.89459228515625, 296.957275390625, 431.6192626953125, 0.5057985186576843], [0, 178.08819580078125, 357.52655029296875, 208.0654296875, 406.10821533203125, 0.503648579120636], [1, 203.438232421875, 69.64508819580078, 225.19158935546875, 87.02031707763672, 0.4808657467365265], [0, 364.8712158203125, 266.6639404296875, 377.68914794921875, 279.90045166015625, 0.4607560336589813], [0, 287.415771484375, 240.15077209472656, 297.8699951171875, 281.4493408203125, 0.44876912236213684], [0, 271.305908203125, 152.0423126220703, 281.08074951171875, 188.87791442871094, 0.44673845171928406], [0, 285.6927490234375, 426.43231201171875, 296.4786376953125, 447.73358154296875, 0.4023805260658264], [1, 81.94071960449219, 260.902587890625, 96.09580993652344, 268.81884765625, 0.3601047992706299], [1, 81.87920379638672, 254.7874755859375, 94.5154800415039, 262.05474853515625, 0.34609147906303406], [1, 103.10401916503906, 6.4566650390625, 129.34852600097656, 25.30078125, 0.33842283487319946], [0, 209.36019897460938, 50.81303405761719, 226.80935668945312, 66.70018768310547, 0.32794705033302307], [0, 271.52581787109375, 168.632080078125, 280.47540283203125, 189.048828125, 0.2987452447414398], [0, 203.43264770507812, 69.35968017578125, 225.24368286132812, 86.84124755859375, 0.2827174663543701], [1, 384.5142822265625, 250.78009033203125, 396.3394775390625, 282.69482421875, 0.2663733959197998]]}