{"clean": [[0, 256.63873291015625, 393.36505126953125, 274.85882568359375, 425.2908935546875, 0.8300765752792358], [0, 286.4730529785156, 130.52923583984375, 295.9496154785156, 147.23333740234375, 0.7910768389701843], [1, 382.4451904296875, 429.11639404296875, 396.3486328125, 465.74859619140625, 0.7844921350479126], [0, 349.368408203125, 101.38203430175781, 359.5062255859375, 117.50901794433594, 0.7403232455253601], [0, 197.21649169921875, 334.25128173828125, 218.65997314453125, 356.77081298828125, 0.7091116309165955], [0, 403.50311279296875, 568.8055419921875, 419.91009521484375, 623.283935546875, 0.6993225812911987], [0, 341.5809631347656, 352.9547424316406, 355.7010803222656, 382.7153015136719, 0.6874122023582458], [0, 243.83612060546875, 1.5549259185791016, 250.38018798828125, 11.009434700012207, 0.6835108995437622], [0, 236.81716918945312, 10.636312484741211, 243.37838745117188, 21.128131866455078, 0.666657030582428], [0, 269.23870849609375, 89.20954132080078, 278.96685791015625, 103.3233871459961, 0.6508813500404358], [1, 374.17724609375, 158.30255126953125, 386.6121826171875, 177.92474365234375, 0.6204736232757568], [1, 305.34539794921875, 140.15264892578125, 315.5604248046875, 159.231689453125, 0.61113041639328], [0, 627.87255859375, 563.5941162109375, 639.9801025390625, 600.0225830078125, 0.47181975841522217], [0, 266.493896484375, 0.0, 273.14471435546875, 6.540938854217529, 0.467465877532959], [1, 359.9783630371094, 324.7969055175781, 374.1266784667969, 360.0606384277344, 0.4427465796470642], [0, 431.73504638671875, 313.7759094238281, 444.98101806640625, 338.3813781738281, 0.41846776008605957], [1, 362.77337646484375, 335.02325439453125, 374.77630615234375, 360.40216064453125, 0.41094496846199036], [0, 287.7283935546875, 58.86163330078125, 295.631103515625, 75.10060119628906, 0.377348393201828], [1, 182.8232879638672, 117.4532470703125, 195.51087951660156, 136.10836791992188, 0.3655686676502228], [0, 363.32763671875, 340.91632080078125, 374.635009765625, 360.4625244140625, 0.31214380264282227]], "patched": [[0, 286.4966735839844, 130.55838012695312, 295.9232482910156, 147.20211791992188, 0.7924413084983826], [1, 382.4658508300781, 429.13623046875, 396.3169250488281, 465.71240234375, 0.7844951152801514], [0, 349.392333984375, 101.41264343261719, 359.4739990234375, 117.47831726074219, 0.7406177520751953], [0, 243.85806274414062, 1.5844917297363281, 250.36141967773438, 10.99433708190918, 0.6887475848197937], [0, 341.6178283691406, 353.0028076171875, 355.6775817871094, 382.685791015625, 0.6844910383224487], [0, 236.84100341796875, 10.65854263305664, 243.3604736328125, 21.108110427856445, 0.6701773405075073], [0, 197.24737548828125, 334.334716796875, 218.62725830078125, 356.707763671875, 0.6672899723052979], [0, 269.2779541015625, 89.25665283203125, 278.936279296875, 103.307373046875, 0.6513490080833435], [0, 403.41217041015625, 594.31201171875, 420.18572998046875, 623.0078125, 0.6445046067237854], [1, 374.20721435546875, 158.33876037597656, 386.59002685546875, 177.89671325683594, 0.6320022940635681], [1, 305.40826416015625, 140.42083740234375, 315.52557373046875, 159.20892333984375, 0.6207760572433472], [0, 266.53265380859375, 0.0, 273.125732421875, 6.531216621398926, 0.470844566822052], [0, 627.8829956054688, 563.8087158203125, 639.9790649414062, 599.9581298828125, 0.4701400399208069], [1, 362.9412536621094, 336.1190185546875, 374.7232971191406, 360.39453125, 0.44566112756729126], [1, 360.0126037597656, 324.8233642578125, 374.0357971191406, 359.99871826171875, 0.42208173871040344], [0, 256.5927734375, 393.2874450683594, 274.5015869140625, 424.6949157714844, 0.4100452959537506], [0, 431.8167419433594, 313.8504943847656, 444.9486389160156, 338.3641052246094, 0.40141335129737854], [1, 182.84051513671875, 117.46934509277344, 195.4986572265625, 136.09439086914062, 0.37810447812080383], [0, 287.78656005859375, 59.51793670654297, 295.6083984375, 75.09210968017578, 0.3663642406463623], [0, 363.5772705078125, 341.39813232421875, 374.5819091796875, 360.43988037109375, 0.32279476523399353], [1, 431.8045654296875, 313.9107666015625, 444.97998046875, 338.2996826171875, 0.28880056738853455], [1, 403.2540588378906, 568.9549560546875, 419.8846130371094, 603.509521484375, 0.2765655517578125]]}