{"clean": [[0, 289.5426940917969, 309.60498046875, 336.8037414550781, 339.63134765625, 0.8957034945487976], [0, 289.2690124511719, 343.2996826171875, 339.6367492675781, 376.8070068359375, 0.8940688371658325], [0, 11.880313873291016, 172.41232299804688, 39.54386901855469, 212.96127319335938, 0.8800833821296692], [1, 427.35791015625, 315.82904052734375, 474.369384765625, 349.67962646484375, 0.8618431687355042], [0, 44.06880187988281, 151.4193115234375, 68.34012603759766, 188.95855712890625, 0.8609189391136169], [0, 424.24176025390625, 426.04644775390625, 475.1424560546875, 463.29632568359375, 0.8331369757652283], [0, 102.49212646484375, 43.90309143066406, 119.36373901367188, 70.92921447753906, 0.8268458843231201], [0, 504.3948669433594, 304.40826416015625, 554.2850341796875, 335.10272216796875, 0.823040246963501], [0, 128.413818359375, 75.70719909667969, 146.1416015625, 99.32087707519531, 0.812221348285675], [4, 247.83792114257812, 283.42388916015625, 264.1767272949219, 294.62872314453125, 0.7049171328544617], [4, 178.29885864257812, 285.0491943359375, 195.32809448242188, 297.8824462890625, 0.6901472806930542], [4, 301.460205078125, 271.5885009765625, 321.4818115234375, 283.5997314453125, 0.666833758354187], [4, 39.20338439941406, 411.64422607421875, 58.49455261230469, 434.410888671875, 0.6376252770423889], [4, 8.984500885009766, 118.35401916503906, 18.861427307128906, 135.21202087402344, 0.626929521560669], [4, 200.09754943847656, 255.311279296875, 216.72865295410156, 267.7119140625, 0.6095969676971436], [4, 309.3485107421875, 279.59942626953125, 325.6746826171875, 290.70196533203125, 0.47167855501174927], [4, 222.32171630859375, 278.607177734375, 238.0479736328125, 290.1602783203125, 0.4660390615463257], [4, 209.82089233398438, 267.2810974121094, 224.06430053710938, 278.9137268066406, 0.4388311207294464], [4, 259.68890380859375, 260.4547119140625, 275.73638916015625, 272.1309814453125, 0.4237293004989624], [4, 587.54638671875, 222.5281982421875, 609.9002685546875, 239.43212890625, 0.34356990456581116], [4, 317.33209228515625, 263.8101501464844, 334.84967041015625, 274.1818542480469, 0.3198114037513733], [4, 175.92105102539062, 507.7669982910156, 196.582763671875, 527.2818603515625, 0.3114433288574219], [4, 330.01226806640625, 253.1623992919922, 345.3599853515625, 264.52349853515625, 0.3012665808200836]], "patched": [[0, 289.3806457519531, 343.22454833984375, 339.6270446777344, 374.56915283203125, 0.88765549659729], [0, 289.67779541015625, 309.6135559082031, 336.72064208984375, 338.8392639160156, 0.8762885928153992], [1, 427.4039306640625, 315.80157470703125, 474.3961181640625, 349.6685791015625, 0.8626724481582642], [4, 247.7645263671875, 283.39276123046875, 264.22943115234375, 294.68756103515625, 0.7168802618980408], [4, 178.2618408203125, 284.9415283203125, 195.38848876953125, 297.9205322265625, 0.7037582993507385], [4, 301.4303894042969, 271.5546875, 321.3932189941406, 283.63275146484375, 0.6511094570159912], [4, 39.173126220703125, 411.57568359375, 58.582969665527344, 434.4512939453125, 0.6505871415138245], [4, 9.059228897094727, 119.14097595214844, 18.90021514892578, 135.18479919433594, 0.6289387941360474], [4, 200.0345001220703, 255.05654907226562, 216.85923767089844, 267.7544860839844, 0.6172125339508057], [0, 423.73162841796875, 426.084228515625, 475.08233642578125, 462.49560546875, 0.5989794731140137], [4, 222.28573608398438, 278.55426025390625, 238.09909057617188, 290.17510986328125, 0.5603243112564087], [4, 209.79534912109375, 267.1654357910156, 224.14569091796875, 278.9579772949219, 0.5031237006187439], [4, 309.32476806640625, 279.5644836425781, 325.56683349609375, 290.7005310058594, 0.4930238723754883], [0, 43.99505615234375, 151.61373901367188, 68.36178588867188, 188.70590209960938, 0.43294557929039], [0, 12.335556030273438, 172.32147216796875, 39.583274841308594, 212.64974975585938, 0.42158472537994385], [1, 436.3374938964844, 458.4830322265625, 461.3418884277344, 472.09490966796875, 0.42073139548301697], [2, 103.4330825805664, 43.947486877441406, 119.3300552368164, 70.75900268554688, 0.4067666828632355], [1, 12.369513511657715, 172.380126953125, 39.41131591796875, 212.6754150390625, 0.3922549784183502], [4, 259.684326171875, 260.39794921875, 275.7425537109375, 272.24609375, 0.3836516737937927], [0, 103.42672729492188, 44.04303741455078, 119.41841125488281, 70.64789581298828, 0.3621237277984619], [1, 44.21485900878906, 151.3406982421875, 68.41455078125, 188.5418701171875, 0.3364013135433197], [4, 317.29974365234375, 263.8679504394531, 334.83074951171875, 274.1988220214844, 0.33229854702949524], [4, 587.5859375, 222.5234832763672, 609.714599609375, 239.3549346923828, 0.31777432560920715], [1, 504.3544616699219, 304.4967041015625, 554.2841796875, 333.1163330078125, 0.3032076954841614], [4, 329.62127685546875, 252.50320434570312, 345.51507568359375, 264.3999328613281, 0.3027218282222748], [4, 176.19564819335938, 507.86529541015625, 196.58901977539062, 527.3129272460938, 0.29578909277915955]]}