{"clean": [[3, 187.3861083984375, 0.0667877197265625, 222.02401733398438, 112.09796905517578, 0.8697378039360046], [0, 231.40859985351562, 130.20213317871094, 249.63772583007812, 186.0414276123047, 0.8550188541412354], [0, 236.43484497070312, 9.701288223266602, 254.041748046875, 56.13433074951172, 0.8481314778327942]], "patched": [[3, 187.46536254882812, 0.01053619384765625, 221.73489379882812, 112.227294921875, 0.8665608763694763], [0, 231.34539794921875, 129.93238830566406, 249.18551635742188, 187.0031280517578, 0.8209630846977234], [0, 236.14309692382812, 9.6357421875, 254.04544067382812, 56.30786895751953, 0.7117432951927185], [1, 231.42877197265625, 130.76632690429688, 249.35430908203125, 186.40499877929688, 0.5237364768981934], [2, 236.071044921875, 9.455137252807617, 254.097412109375, 56.103363037109375, 0.4989621639251709], [3, 255.23739624023438, 105.90673828125, 291.1454162597656, 267.0325927734375, 0.3411298394203186]]}