{"clean": [[0, 299.6044616699219, 338.38323974609375, 313.3055114746094, 375.59869384765625, 0.8422239422798157], [0, 353.48956298828125, 262.35919189453125, 365.11248779296875, 292.37872314453125, 0.8391232490539551], [0, 381.42584228515625, 9.990655899047852, 394.076171875, 26.76468849182129, 0.818537175655365], [0, 354.441650390625, 127.8489990234375, 368.17425537109375, 150.40292358398438, 0.8132794499397278], [0, 415.499755859375, 88.66642761230469, 429.4215087890625, 108.90422058105469, 0.810505747795105], [0, 454.034912109375, 3.334077835083008, 467.87005615234375, 21.111196517944336, 0.7251144051551819], [0, 284.4413757324219, 428.3346252441406, 298.9647521972656, 469.2729797363281, 0.6938302516937256], [0, 398.3709411621094, 92.17585754394531, 411.5073547363281, 113.51683044433594, 0.690971851348877], [0, 138.41806030273438, 100.06784057617188, 152.98837280273438, 126.04196166992188, 0.6891928315162659], [0, 413.61029052734375, 169.35427856445312, 427.32281494140625, 204.74078369140625, 0.5059633851051331], [0, 291.91290283203125, 591.6316528320312, 308.16156005859375, 639.8403930664062, 0.4949413239955902]], "patched": [[0, 353.5064697265625, 262.3828125, 365.07177734375, 292.4130859375, 0.8432918787002563], [0, 381.4107666015625, 10.005181312561035, 394.09912109375, 26.81981658935547, 0.8191030621528625], [0, 354.47314453125, 127.94607543945312, 368.1544189453125, 150.392578125, 0.8131359219551086], [0, 415.50787353515625, 88.71240997314453, 429.39666748046875, 108.87772369384766, 0.8111099004745483], [0, 284.859619140625, 428.4166259765625, 298.6739501953125, 457.40869140625, 0.7364515066146851], [0, 398.34014892578125, 92.26811218261719, 411.50628662109375, 113.46034240722656, 0.725256621837616], [0, 454.08038330078125, 3.3387794494628906, 467.88079833984375, 21.165699005126953, 0.7209585905075073], [0, 138.33837890625, 100.33961486816406, 152.73007202148438, 126.16542053222656, 0.7024867534637451], [0, 291.3876647949219, 608.816162109375, 305.8849792480469, 639.599609375, 0.5932260751724243], [0, 299.61688232421875, 338.3727111816406, 313.18646240234375, 375.4176940917969, 0.538131058216095], [1, 299.5414733886719, 338.5022277832031, 313.1146545410156, 375.6148986816406, 0.4119832217693329], [0, 266.59991455078125, 589.2200927734375, 280.56695556640625, 616.3907470703125, 0.3045837879180908]]}