{"clean": [[1, 402.9968566894531, 201.50704956054688, 449.7201843261719, 258.7601623535156, 0.8713085651397705], [1, 336.54071044921875, 176.93673706054688, 356.80303955078125, 241.66140747070312, 0.7043575644493103], [1, 357.3092041015625, 148.65341186523438, 378.7388916015625, 212.48434448242188, 0.6563951373100281], [0, 269.19232177734375, 555.9287109375, 291.64459228515625, 610.643310546875, 0.5847819447517395], [1, 453.2934875488281, 476.1209716796875, 509.9689025878906, 526.032958984375, 0.5843647718429565], [0, 0.0, 408.52227783203125, 15.418021202087402, 463.55841064453125, 0.4869288206100464], [0, 228.34054565429688, 347.45098876953125, 258.3004455566406, 394.942138671875, 0.3718763291835785], [2, 226.65640258789062, 251.19178771972656, 262.3213195800781, 395.5562744140625, 0.31024104356765747], [1, 24.680673599243164, 248.67410278320312, 58.324302673339844, 313.6289978027344, 0.266236811876297], [2, 94.2125015258789, 422.0184631347656, 168.43533325195312, 462.7798156738281, 0.2505781948566437]], "patched": [[1, 402.9998779296875, 201.50787353515625, 449.72412109375, 258.7569885253906, 0.8689826726913452], [0, 269.24737548828125, 574.4561157226562, 292.33489990234375, 611.2869262695312, 0.7042436003684998], [1, 336.53778076171875, 176.9282684326172, 356.80328369140625, 241.65342712402344, 0.6839324831962585], [1, 436.08062744140625, 630.2060546875, 458.04058837890625, 640.0, 0.668125569820404], [1, 357.30731201171875, 148.65444946289062, 378.738525390625, 212.49179077148438, 0.6421005129814148], [1, 453.30267333984375, 476.181396484375, 509.93853759765625, 526.0997314453125, 0.5738852620124817], [0, 0.0, 408.52947998046875, 15.425006866455078, 463.59197998046875, 0.459993451833725], [0, 228.33544921875, 347.4360656738281, 258.30517578125, 394.9653015136719, 0.35917654633522034], [3, 335.8353576660156, 177.0912628173828, 356.3738708496094, 241.2887420654297, 0.3490507900714874], [1, 436.5980224609375, 617.5152587890625, 457.2059326171875, 631.6368408203125, 0.3132258653640747], [1, 435.77191162109375, 613.317626953125, 458.56732177734375, 631.369873046875, 0.3066571354866028], [2, 226.8450927734375, 251.2043914794922, 262.32525634765625, 395.59808349609375, 0.30302828550338745], [2, 94.27760314941406, 421.8509521484375, 168.4449005126953, 462.967041015625, 0.28149375319480896]]}