{"clean": [[0, 414.33209228515625, 484.454345703125, 438.10406494140625, 521.9763793945312, 0.8369948267936707], [0, 393.4350280761719, 362.2989807128906, 410.3144226074219, 382.1040954589844, 0.8163837790489197], [0, 359.65032958984375, 230.85960388183594, 369.67877197265625, 242.1449737548828, 0.8032742738723755], [0, 342.82989501953125, 245.34671020507812, 353.05474853515625, 258.78009033203125, 0.7781001925468445], [0, 366.2237548828125, 328.0095520019531, 380.3682861328125, 347.2567443847656, 0.7668448686599731], [0, 342.8609619140625, 183.626953125, 351.0489501953125, 194.75274658203125, 0.6778818964958191], [2, 315.5078125, 162.6834716796875, 323.8529052734375, 175.014892578125, 0.2984923720359802], [0, 382.50323486328125, 196.86865234375, 393.361572265625, 210.68038940429688, 0.28330644965171814]], "patched": [[0, 393.570068359375, 362.3150634765625, 410.263427734375, 382.0782470703125, 0.8079974055290222], [0, 359.697265625, 230.86769104003906, 369.6341552734375, 242.0990753173828, 0.8063773512840271], [0, 342.883544921875, 245.36441040039062, 353.02490234375, 258.7604675292969, 0.7782870531082153], [0, 366.36334228515625, 328.1776123046875, 380.30438232421875, 347.20751953125, 0.7645213603973389], [0, 342.8630065917969, 183.5745391845703, 351.0431823730469, 194.73948669433594, 0.6791784763336182], [2, 315.497802734375, 162.63461303710938, 323.8487548828125, 175.01739501953125, 0.3165284991264343], [0, 414.0621337890625, 484.09808349609375, 437.96044921875, 521.9519653320312, 0.29337504506111145], [0, 382.50933837890625, 196.83407592773438, 393.35284423828125, 210.66049194335938, 0.2697903513908386], [2, 414.16644287109375, 484.177490234375, 437.94647216796875, 522.7923583984375, 0.2657695412635803]]}