{"clean": [[0, 0.28179931640625, 190.261962890625, 82.422119140625, 246.53973388671875, 0.8942548036575317], [0, 403.7380676269531, 271.67828369140625, 491.3442077636719, 371.70965576171875, 0.8774722218513489], [1, 188.99407958984375, 512.6455078125, 299.87347412109375, 610.009521484375, 0.8349282145500183], [0, 371.79656982421875, 463.88397216796875, 461.59222412109375, 640.0, 0.8014184236526489], [0, 598.5050048828125, 127.20433044433594, 639.9088134765625, 171.2668914794922, 0.7999283075332642], [0, 570.9066162109375, 12.74627685546875, 628.2969970703125, 51.330223083496094, 0.6468824744224548], [4, 292.63226318359375, 332.90625, 316.158935546875, 376.5587158203125, 0.38889721035957336], [3, 25.279251098632812, 342.1861572265625, 134.56280517578125, 516.61962890625, 0.35736405849456787], [0, 599.6047973632812, 18.93014907836914, 628.1074829101562, 46.38578414916992, 0.2997492551803589], [4, 535.2112426757812, 397.1319885253906, 561.8058471679688, 437.4953918457031, 0.29845091700553894], [4, 472.5642395019531, 176.6993408203125, 499.8194885253906, 204.84573364257812, 0.28252750635147095]], "patched": [[1, 381.52801513671875, 561.5134887695312, 438.86798095703125, 600.4617309570312, 0.8401058912277222], [1, 188.3609619140625, 512.4833984375, 300.1124572753906, 609.61669921875, 0.8216893076896667], [1, 136.51683044433594, 61.46934509277344, 169.43336486816406, 75.72465515136719, 0.7952944040298462], [1, 137.65940856933594, 70.31915283203125, 169.49803161621094, 86.31118774414062, 0.775604784488678], [1, 581.8783569335938, 38.208030700683594, 608.4225463867188, 53.27471160888672, 0.7676872611045837], [1, 587.7783203125, 26.3894100189209, 612.4022216796875, 40.50342559814453, 0.7544902563095093], [1, 389.21649169921875, 536.0404052734375, 445.64178466796875, 569.1849365234375, 0.7544294595718384], [1, 20.240615844726562, 224.50936889648438, 54.53468322753906, 246.603759765625, 0.7308800220489502], [1, 585.5758666992188, 32.81957244873047, 609.2367553710938, 46.291282653808594, 0.720734715461731], [1, 137.77679443359375, 78.45596313476562, 170.59103393554688, 96.118408203125, 0.71256023645401], [1, 26.99176788330078, 210.50741577148438, 58.379478454589844, 228.95111083984375, 0.695959746837616], [1, 424.50299072265625, 329.66259765625, 467.16436767578125, 357.1485595703125, 0.6927179098129272], [1, 427.8073425292969, 308.7725830078125, 470.6900329589844, 332.1962890625, 0.6477113962173462], [1, 386.82562255859375, 552.3153076171875, 441.54998779296875, 580.4923095703125, 0.637684166431427], [1, 424.6768798828125, 328.7816162109375, 486.28271484375, 362.658935546875, 0.6293323636054993], [0, 0.49825286865234375, 190.60983276367188, 81.92393493652344, 229.56130981445312, 0.5838587880134583], [1, 426.64892578125, 320.2980651855469, 467.3773193359375, 342.7027893066406, 0.5702023506164551], [1, 25.23308563232422, 218.47801208496094, 55.52958679199219, 237.17579650878906, 0.5192084908485413], [0, 403.491455078125, 271.65673828125, 467.124267578125, 333.3974609375, 0.46263250708580017], [4, 292.715087890625, 338.2731018066406, 315.935302734375, 369.8023376464844, 0.3813367784023285], [1, 2.8463478088378906, 216.74734497070312, 55.729766845703125, 238.89193725585938, 0.352749764919281], [0, 586.31689453125, 32.19329071044922, 610.427978515625, 45.509674072265625, 0.2704821825027466]]}