{"clean": [[2, 443.4620361328125, 147.01051330566406, 472.24658203125, 213.2088165283203, 0.8638030886650085], [1, 513.3899536132812, 315.78851318359375, 542.5060424804688, 372.51739501953125, 0.8552374243736267], [0, 357.2264404296875, 219.68112182617188, 376.696533203125, 260.2117614746094, 0.8204219937324524], [1, 447.8038330078125, 363.81976318359375, 471.716796875, 421.09222412109375, 0.7232266068458557], [0, 369.4825744628906, 41.44169616699219, 386.8550720214844, 74.44268035888672, 0.668893575668335], [0, 621.7183837890625, 517.878662109375, 639.9283447265625, 566.9464111328125, 0.25365114212036133]], "patched": [[2, 443.6772766113281, 147.10986328125, 472.1720275878906, 213.1544189453125, 0.8685351610183716], [2, 368.82415771484375, 41.47484588623047, 386.72698974609375, 74.22838592529297, 0.7519649267196655], [1, 513.46826171875, 315.8150634765625, 542.452392578125, 372.3125, 0.7342404723167419], [1, 447.8511047363281, 363.57635498046875, 469.2580261230469, 397.82574462890625, 0.712227463722229], [2, 357.3085632324219, 219.88662719726562, 375.5238342285156, 260.3858947753906, 0.6664741039276123], [1, 450.1116943359375, 395.22833251953125, 470.7353515625, 421.3333740234375, 0.625174880027771], [0, 451.19219970703125, 395.150146484375, 470.64349365234375, 421.235595703125, 0.5125218629837036], [3, 513.1950073242188, 315.7185363769531, 542.4491577148438, 372.2214660644531, 0.3452523946762085]]}