{"clean": [[0, 298.07537841796875, 302.32037353515625, 312.26898193359375, 337.83636474609375, 0.8219073414802551], [0, 282.57537841796875, 309.03228759765625, 297.0050048828125, 341.60455322265625, 0.7857083678245544], [2, 622.8961791992188, 218.01077270507812, 640.0, 254.78237915039062, 0.7511204481124878], [0, 308.50054931640625, 316.08050537109375, 323.30572509765625, 352.90765380859375, 0.5133610367774963], [4, 512.2430419921875, 390.77264404296875, 517.1339111328125, 399.48004150390625, 0.3937559425830841], [4, 456.5853576660156, 293.2068176269531, 462.1287536621094, 301.4683532714844, 0.34659647941589355], [1, 622.6314697265625, 217.8709716796875, 639.8897705078125, 255.0782470703125, 0.31145069003105164], [1, 308.3995361328125, 316.28216552734375, 323.60992431640625, 352.71844482421875, 0.26719990372657776]], "patched": [[2, 622.9918212890625, 217.98056030273438, 640.0, 254.72482299804688, 0.80046147108078], [2, 283.7222900390625, 308.7415771484375, 296.93365478515625, 341.49261474609375, 0.7340094447135925], [2, 308.65216064453125, 316.0426025390625, 323.20501708984375, 352.892578125, 0.7228853702545166], [2, 298.08514404296875, 302.17633056640625, 311.9263916015625, 337.72430419921875, 0.68388831615448], [4, 512.2329711914062, 390.79425048828125, 517.1544799804688, 399.17266845703125, 0.4438285529613495], [4, 456.59149169921875, 293.271728515625, 462.16485595703125, 301.40106201171875, 0.3664788007736206], [4, 522.5166625976562, 406.12664794921875, 527.9391479492188, 414.24346923828125, 0.35702791810035706], [4, 462.17352294921875, 329.95465087890625, 468.84588623046875, 339.25567626953125, 0.25264081358909607]]}