{"clean": [[1, 395.6646728515625, 64.72573852539062, 408.46856689453125, 83.23027038574219, 0.6771905422210693], [3, 42.36957550048828, 291.04736328125, 76.75093841552734, 403.9508056640625, 0.6535107493400574], [1, 378.115478515625, 44.944793701171875, 395.712890625, 62.79493713378906, 0.6214114427566528], [2, 382.4908447265625, 582.521240234375, 429.800048828125, 639.694091796875, 0.5779470801353455], [0, 265.73809814453125, 275.4156494140625, 283.38018798828125, 318.3790283203125, 0.5719406008720398], [0, 0.08060932159423828, 299.36944580078125, 15.713143348693848, 329.32611083984375, 0.5619919896125793], [0, 537.792724609375, 21.694068908691406, 561.789306640625, 34.59295654296875, 0.5260146260261536], [3, 176.3804931640625, 263.7335205078125, 200.1612548828125, 368.5146484375, 0.5167615413665771], [0, 551.7388916015625, 26.365821838378906, 570.9542236328125, 37.44941711425781, 0.515887975692749], [0, 574.760009765625, 22.856491088867188, 598.56982421875, 35.13269805908203, 0.5135492086410522], [3, 110.95783996582031, 253.48196411132812, 144.82994079589844, 366.5076599121094, 0.48792898654937744], [1, 581.6153564453125, 125.04902648925781, 610.2496337890625, 146.96046447753906, 0.47487327456474304], [0, 625.5938720703125, 14.25658130645752, 639.998779296875, 26.198993682861328, 0.3870161473751068], [0, 606.7904052734375, 16.481338500976562, 623.4781494140625, 28.484512329101562, 0.36913007497787476], [0, 598.8446655273438, 18.05168914794922, 614.5253295898438, 29.339935302734375, 0.3550654649734497], [2, 486.518310546875, 35.936622619628906, 534.1556396484375, 55.636878967285156, 0.31326577067375183], [0, 586.294189453125, 19.744346618652344, 606.5517578125, 31.333045959472656, 0.30964556336402893], [2, 177.03457641601562, 225.0643310546875, 194.66574096679688, 260.09442138671875, 0.2642896771430969], [3, 290.907958984375, 241.8636474609375, 320.52490234375, 323.7642822265625, 0.2548462152481079]], "patched": [[1, 395.6764831542969, 64.73978424072266, 408.4598693847656, 83.22171783447266, 0.6758301854133606], [3, 42.37409210205078, 291.04901123046875, 76.76164245605469, 403.94830322265625, 0.655887246131897], [1, 378.1275634765625, 44.952213287353516, 395.6976318359375, 62.79513931274414, 0.6054081320762634], [2, 382.49456787109375, 582.5216064453125, 429.78143310546875, 639.6929931640625, 0.5798642039299011], [0, 0.07979106903076172, 299.3887634277344, 15.68970775604248, 329.3215637207031, 0.5628008842468262], [0, 265.76495361328125, 275.435546875, 283.37261962890625, 318.3709716796875, 0.5607786178588867], [0, 537.794921875, 21.69536590576172, 561.790771484375, 34.588905334472656, 0.5210138559341431], [3, 176.4239044189453, 264.0672607421875, 200.1272735595703, 368.4779052734375, 0.5205661058425903], [0, 551.7431640625, 26.369998931884766, 570.947998046875, 37.43796920776367, 0.5150115489959717], [0, 574.7628784179688, 22.864330291748047, 598.5675659179688, 35.12712860107422, 0.5091577768325806], [3, 111.08976745605469, 253.47213745117188, 144.8125457763672, 366.4895935058594, 0.48772770166397095], [1, 581.6192626953125, 125.047119140625, 610.2401123046875, 146.94107055664062, 0.4727764129638672], [0, 625.5996704101562, 14.269983291625977, 639.9978637695312, 26.19148826599121, 0.38470929861068726], [0, 606.811279296875, 16.49163818359375, 623.474853515625, 28.472572326660156, 0.3667651414871216], [0, 598.86376953125, 18.061294555664062, 614.518798828125, 29.32540512084961, 0.35283926129341125], [2, 486.5245361328125, 35.93896484375, 534.1689453125, 55.60198974609375, 0.3128383755683899], [0, 586.3157348632812, 19.751323699951172, 606.5487670898438, 31.322872161865234, 0.3063051998615265], [2, 177.04905700683594, 225.05642700195312, 194.6581268310547, 260.06829833984375, 0.2745194137096405], [3, 290.9707946777344, 241.6158905029297, 320.4989318847656, 323.76348876953125, 0.25525563955307007]]}