{"clean": [[1, 181.91702270507812, 420.29498291015625, 209.19015502929688, 450.26092529296875, 0.766452431678772], [0, 264.8311767578125, 551.142333984375, 286.4254150390625, 596.677490234375, 0.7061570882797241], [4, 128.35604858398438, 116.39849853515625, 136.49053955078125, 131.5670166015625, 0.6641464233398438], [0, 157.36549377441406, 208.25839233398438, 167.2005157470703, 229.89727783203125, 0.6306265592575073], [0, 101.42486572265625, 6.51477575302124, 109.76307678222656, 18.873273849487305, 0.6208077073097229], [1, 616.837158203125, 319.8030090332031, 639.96923828125, 343.3782043457031, 0.6186428070068359], [0, 455.11431884765625, 355.6248474121094, 479.64263916015625, 372.2020568847656, 0.5145291686058044], [0, 275.69940185546875, 121.26142120361328, 285.28680419921875, 138.70318603515625, 0.4366222620010376]], "patched": [[1, 181.94625854492188, 420.32586669921875, 209.15310668945312, 450.19097900390625, 0.7819067239761353], [4, 128.3530731201172, 116.39692687988281, 136.5010528564453, 131.58201599121094, 0.6627324819564819], [0, 157.37301635742188, 208.26629638671875, 167.19268798828125, 229.898681640625, 0.6608372926712036], [0, 101.42367553710938, 6.517017364501953, 109.76382446289062, 18.875707626342773, 0.6292052268981934], [1, 616.840576171875, 319.81903076171875, 639.969482421875, 343.33282470703125, 0.6259930729866028], [0, 455.13275146484375, 355.6142578125, 479.63922119140625, 372.214111328125, 0.5041078925132751], [0, 275.71063232421875, 121.2973403930664, 285.2850341796875, 138.71066284179688, 0.4372031092643738], [2, 250.81234741210938, 496.0933837890625, 266.9770812988281, 529.987548828125, 0.35302165150642395]]}