{"clean": [[0, 208.83624267578125, 520.731689453125, 227.4891357421875, 589.947509765625, 0.8235023021697998], [0, 188.8482666015625, 420.8180847167969, 206.55810546875, 477.2778015136719, 0.8192854523658752], [0, 132.69772338867188, 460.82867431640625, 150.52621459960938, 520.9614868164062, 0.6217634081840515]], "patched": [[0, 189.12460327148438, 420.91455078125, 205.36972045898438, 476.94091796875, 0.7413718700408936], [1, 208.93011474609375, 521.1445922851562, 227.40863037109375, 589.5429077148438, 0.5771979689598083], [0, 208.82044982910156, 520.810302734375, 227.23182678222656, 589.89892578125, 0.49307355284690857], [0, 132.80331420898438, 461.04620361328125, 149.56845092773438, 520.3775024414062, 0.38914939761161804], [1, 132.53599548339844, 460.917724609375, 149.82838439941406, 520.2015380859375, 0.339056134223938]]}