{"clean": [[0, 191.28353881835938, 347.34808349609375, 217.58529663085938, 364.59161376953125, 0.831646740436554], [0, 264.3712158203125, 428.96484375, 291.1402587890625, 445.76171875, 0.7916772961616516], [0, 255.02227783203125, 548.0945434570312, 270.2578125, 591.8056030273438, 0.7861036062240601], [0, 230.15736389160156, 86.45120239257812, 248.89051818847656, 98.42840576171875, 0.6721976399421692], [0, 219.41488647460938, 459.6202392578125, 232.84341430664062, 483.041015625, 0.5769697427749634], [0, 193.89044189453125, 0.18999958038330078, 203.5301513671875, 12.385347366333008, 0.49007925391197205], [1, 607.3408813476562, 306.44024658203125, 630.7514038085938, 331.32586669921875, 0.47012078762054443], [4, 41.803096771240234, 580.257080078125, 53.272281646728516, 594.170654296875, 0.3770979046821594], [0, 259.37982177734375, 181.5400390625, 274.87261962890625, 202.29241943359375, 0.3670721650123596], [4, 239.75103759765625, 263.68701171875, 245.69488525390625, 276.32476806640625, 0.2836993932723999]], "patched": [[0, 191.25881958007812, 347.31732177734375, 217.6234130859375, 364.62762451171875, 0.8324517607688904], [0, 264.34100341796875, 428.9339599609375, 291.42913818359375, 445.9434814453125, 0.7873916029930115], [0, 230.11683654785156, 86.37104034423828, 248.9208221435547, 98.46063995361328, 0.658510148525238], [0, 219.2158966064453, 459.9130554199219, 233.2558135986328, 483.1060485839844, 0.642034113407135], [0, 193.83145141601562, 0.18805694580078125, 203.55984497070312, 12.407135009765625, 0.46005943417549133], [1, 607.3770751953125, 306.60589599609375, 630.8970947265625, 331.40069580078125, 0.44363147020339966], [0, 259.37127685546875, 181.52243041992188, 274.88427734375, 202.30319213867188, 0.38853520154953003], [4, 41.735572814941406, 580.1307373046875, 53.328529357910156, 594.1488037109375, 0.3643849492073059], [1, 254.68521118164062, 548.0606689453125, 270.4023742675781, 591.5902099609375, 0.3435765206813812], [4, 239.71702575683594, 263.71075439453125, 245.7212371826172, 276.316650390625, 0.2522817552089691]]}