{"clean": [[0, 121.52244567871094, 248.3694610595703, 132.6210479736328, 276.83233642578125, 0.827050507068634], [0, 190.19113159179688, 220.68124389648438, 203.01205444335938, 251.28604125976562, 0.7988942265510559], [0, 101.467529296875, 41.77286148071289, 111.62525939941406, 62.28578567504883, 0.7956959009170532], [0, 162.1325225830078, 160.52084350585938, 173.7210235595703, 186.86724853515625, 0.7892557382583618], [0, 227.25100708007812, 594.228271484375, 239.51138305664062, 640.0, 0.751290500164032], [0, 176.323974609375, 221.6988525390625, 187.44412231445312, 250.4588623046875, 0.7379969358444214], [0, 191.93502807617188, 31.185081481933594, 202.26480102539062, 50.738555908203125, 0.7242958545684814], [0, 65.05397033691406, 60.882286071777344, 74.97227478027344, 80.0807113647461, 0.722244918346405], [0, 214.98251342773438, 367.67767333984375, 228.49581909179688, 404.51519775390625, 0.6824479103088379], [1, 106.04615783691406, 260.038818359375, 118.68006896972656, 292.22186279296875, 0.5878451466560364], [3, 127.93342590332031, 446.77276611328125, 142.2170867919922, 489.31134033203125, 0.5807230472564697], [1, 95.64659881591797, 56.07714080810547, 106.17565155029297, 78.41680145263672, 0.5589686036109924], [0, 186.165771484375, 57.66081237792969, 195.569580078125, 78.9288330078125, 0.556879460811615], [0, 199.07693481445312, 619.7825927734375, 212.78451538085938, 640.0, 0.48730823397636414], [0, 217.9403076171875, 0.025722980499267578, 230.05877685546875, 4.663064002990723, 0.47193431854248047], [0, 86.36387634277344, 153.10107421875, 97.84394836425781, 177.3905029296875, 0.4583768844604492], [3, 106.07569885253906, 260.12603759765625, 118.76506042480469, 292.29010009765625, 0.3656854033470154], [1, 86.35199737548828, 152.83462524414062, 97.76049041748047, 177.30166625976562, 0.3213975727558136]], "patched": [[0, 121.53511047363281, 248.3819580078125, 132.57919311523438, 276.83642578125, 0.8281894326210022], [2, 214.9073486328125, 367.70733642578125, 228.1292724609375, 404.51519775390625, 0.8052594661712646], [0, 101.49038696289062, 41.77359390258789, 111.61996459960938, 62.2837028503418, 0.7942835688591003], [0, 162.15887451171875, 160.61404418945312, 173.69677734375, 186.85153198242188, 0.7862229943275452], [0, 190.20498657226562, 220.68492126464844, 202.98745727539062, 251.26649475097656, 0.7436813116073608], [0, 191.94615173339844, 31.211145401000977, 202.2571563720703, 50.728248596191406, 0.7225891351699829], [0, 65.054443359375, 60.890289306640625, 74.97293090820312, 80.05989074707031, 0.7197200059890747], [2, 128.16323852539062, 446.8662109375, 142.45407104492188, 489.298828125, 0.7154845595359802], [0, 176.34597778320312, 221.71090698242188, 187.4300537109375, 250.43624877929688, 0.7008392214775085], [3, 106.10936737060547, 260.14288330078125, 118.75249481201172, 292.27215576171875, 0.5652181506156921], [1, 95.65833282470703, 56.07467269897461, 106.1659164428711, 78.41140747070312, 0.5607216954231262], [0, 186.19216918945312, 57.66546630859375, 195.55429077148438, 78.87355041503906, 0.5399150848388672], [0, 217.95111083984375, 0.026011943817138672, 230.00634765625, 4.6606597900390625, 0.4761942923069], [0, 86.37782287597656, 154.0349884033203, 97.88954162597656, 177.2504119873047, 0.43949607014656067], [1, 199.15151977539062, 619.8917236328125, 211.81982421875, 640.0, 0.4240654706954956], [1, 106.0794677734375, 260.03857421875, 118.65606689453125, 292.20721435546875, 0.4147982597351074], [0, 227.49134826660156, 594.284423828125, 239.5740203857422, 625.0347900390625, 0.33929046988487244], [1, 86.46986389160156, 152.85812377929688, 97.75044250488281, 177.30734252929688, 0.3288973867893219], [4, 292.657958984375, 450.54046630859375, 296.71795654296875, 458.96990966796875, 0.30481988191604614], [2, 226.8557891845703, 594.1677856445312, 240.4805145263672, 639.7929077148438, 0.29118612408638]]}