{"clean": [[0, 287.0588684082031, 123.19841766357422, 304.0591125488281, 157.51483154296875, 0.8182611465454102], [0, 602.590576171875, 271.4183349609375, 634.268798828125, 301.2479248046875, 0.8005874156951904], [0, 249.66844177246094, 571.166259765625, 265.6671142578125, 596.63037109375, 0.7058305740356445], [3, 200.917236328125, 231.77987670898438, 280.1917724609375, 305.6352233886719, 0.6934989094734192], [0, 526.9937133789062, 295.81829833984375, 559.7808227539062, 324.77239990234375, 0.6907163858413696], [0, 248.32827758789062, 593.3524780273438, 265.8663635253906, 634.7321166992188, 0.6891046762466431], [0, 255.92739868164062, 415.68634033203125, 271.2633972167969, 455.78131103515625, 0.6722480654716492], [0, 247.9153594970703, 571.797607421875, 266.49957275390625, 634.383544921875, 0.4474046528339386], [0, 125.92037963867188, 62.915496826171875, 153.73556518554688, 81.00326538085938, 0.31150612235069275]], "patched": [[0, 602.5970458984375, 271.3192138671875, 634.0694580078125, 301.13922119140625, 0.7974964380264282], [0, 527.212646484375, 296.3648681640625, 552.97265625, 324.9898681640625, 0.7081156373023987], [0, 250.0636749267578, 571.20703125, 265.43060302734375, 593.6297607421875, 0.6937599182128906], [3, 200.94924926757812, 232.04139709472656, 280.3684387207031, 306.774169921875, 0.6593933701515198], [0, 256.233642578125, 430.23748779296875, 270.6064453125, 455.77691650390625, 0.6138613224029541], [0, 248.78160095214844, 602.773681640625, 266.0958251953125, 634.6441650390625, 0.5088469386100769], [0, 526.9747314453125, 291.455078125, 559.4796142578125, 325.12109375, 0.4822123348712921], [0, 287.6168212890625, 137.77125549316406, 302.08837890625, 158.0240020751953, 0.4752340316772461]]}