{"clean": [[0, 3.0510711669921875, 235.22865295410156, 25.949535369873047, 255.23374938964844, 0.817934513092041], [0, 496.46417236328125, 36.85267639160156, 522.2593383789062, 58.94805908203125, 0.8169646263122559], [0, 587.6182250976562, 366.5749816894531, 617.0421752929688, 395.6483459472656, 0.8113247752189636], [0, 498.5262756347656, 325.513916015625, 525.9815673828125, 354.96588134765625, 0.7935113310813904], [0, 510.8548583984375, 77.4281005859375, 535.902587890625, 93.6820068359375, 0.7916489243507385], [0, 450.8558349609375, 48.74623107910156, 472.32373046875, 67.22527313232422, 0.7840884327888489], [0, 546.97802734375, 18.61493682861328, 563.3399658203125, 48.58984375, 0.7794514298439026], [0, 159.23526000976562, 268.7043151855469, 181.96359252929688, 289.5818786621094, 0.7675638198852539], [0, 473.4334716796875, 28.558813095092773, 497.93408203125, 48.704917907714844, 0.7636604309082031], [0, 278.5833435058594, 326.916259765625, 304.7054138183594, 350.7320556640625, 0.7366204857826233], [0, 578.5362548828125, 40.50361633300781, 592.9237060546875, 70.46844482421875, 0.726909339427948], [0, 524.2835693359375, 39.27211380004883, 548.0548095703125, 59.53739547729492, 0.7046371102333069], [0, 539.509765625, 80.32688903808594, 564.279296875, 99.22807312011719, 0.6949538588523865], [0, 554.915283203125, 0.0, 566.848388671875, 17.421405792236328, 0.654434859752655], [0, 351.69012451171875, 246.89625549316406, 374.83740234375, 269.3406982421875, 0.6172364354133606], [0, 427.96649169921875, 386.540771484375, 453.0745849609375, 411.42877197265625, 0.6105140447616577], [1, 544.4281616210938, 516.7638549804688, 576.0884399414062, 547.3604125976562, 0.6026386022567749], [0, 513.157470703125, 62.979942321777344, 537.19140625, 78.67235565185547, 0.5897669196128845], [0, 115.16459655761719, 222.39486694335938, 140.88978576660156, 242.96743774414062, 0.5297490358352661], [0, 581.0650634765625, 6.661014556884766, 592.9910888671875, 39.478370666503906, 0.4938119053840637], [0, 568.2220458984375, 70.09674072265625, 586.9508056640625, 87.77059936523438, 0.3911375403404236], [0, 597.726318359375, 620.5467529296875, 628.734619140625, 639.9583740234375, 0.3373088538646698]], "patched": [[0, 587.840087890625, 367.35723876953125, 615.641357421875, 387.42572021484375, 0.7136392593383789], [0, 279.75830078125, 326.90966796875, 298.166748046875, 344.838134765625, 0.6663080453872681], [0, 451.05767822265625, 48.980079650878906, 471.80615234375, 65.55287170410156, 0.6619117856025696], [1, 544.4609985351562, 516.7677001953125, 576.0070190429688, 547.5062255859375, 0.6280688643455505], [0, 3.441192626953125, 235.4788818359375, 25.475967407226562, 255.0009765625, 0.4751930236816406], [0, 569.0209350585938, 70.31578826904297, 586.5354614257812, 86.49315643310547, 0.4701637029647827], [0, 160.37841796875, 268.80865478515625, 181.83880615234375, 290.01318359375, 0.44684934616088867], [0, 555.54052734375, 0.0, 566.670166015625, 17.244327545166016, 0.4427115321159363], [1, 539.8041381835938, 81.08552551269531, 562.1942749023438, 95.50123596191406, 0.3640393316745758], [1, 3.5502357482910156, 235.594482421875, 25.507251739501953, 254.952392578125, 0.35973605513572693], [0, 578.5540771484375, 40.5169677734375, 592.4483642578125, 70.41484069824219, 0.33722028136253357], [0, 510.24407958984375, 78.6356430053711, 535.8438110351562, 92.6471939086914, 0.32416465878486633], [2, 96.25407409667969, 205.23855590820312, 140.6045684814453, 243.24160766601562, 0.31125059723854065], [1, 428.2244873046875, 386.73992919921875, 452.642822265625, 411.22540283203125, 0.3079160153865814]]}