{"clean": [[3, 116.58312225341797, 448.9433288574219, 245.39239501953125, 589.1865234375, 0.9071474075317383], [0, 187.24929809570312, 423.35321044921875, 228.73245239257812, 470.70074462890625, 0.8900930285453796], [4, 443.08758544921875, 221.70004272460938, 450.28778076171875, 232.68280029296875, 0.7352918386459351], [0, 604.2562866210938, 70.14273071289062, 612.3811645507812, 77.1075439453125, 0.7338981032371521], [2, 231.677978515625, 232.5437774658203, 296.6318359375, 292.71307373046875, 0.6251393556594849], [4, 431.57708740234375, 220.09388732910156, 438.89996337890625, 229.9131317138672, 0.6187680959701538], [0, 628.9905395507812, 45.96379852294922, 635.6221313476562, 51.198509216308594, 0.4767862558364868], [4, 352.434326171875, 240.106689453125, 363.00640869140625, 247.5341796875, 0.3972766697406769], [4, 527.6366577148438, 134.81317138671875, 533.2936401367188, 141.2960205078125, 0.3338315486907959]], "patched": [[3, 116.984619140625, 448.1932678222656, 244.50387573242188, 591.8402099609375, 0.8966675400733948], [4, 443.0823669433594, 221.64425659179688, 450.2862854003906, 232.68612670898438, 0.7360114455223083], [0, 604.260986328125, 70.14253234863281, 612.379150390625, 77.11045837402344, 0.7335399985313416], [1, 187.6982421875, 450.808349609375, 217.17523193359375, 469.7628173828125, 0.6959590911865234], [0, 196.4864959716797, 423.2857666015625, 228.5534210205078, 453.72637939453125, 0.625278651714325], [4, 431.58306884765625, 220.06712341308594, 438.9012451171875, 229.90843200683594, 0.6138633489608765], [2, 231.65719604492188, 232.5438232421875, 296.6210021972656, 292.7113037109375, 0.6070441007614136], [0, 628.990966796875, 45.96349334716797, 635.6160888671875, 51.19994354248047, 0.476938396692276], [1, 196.10153198242188, 440.2926025390625, 220.00918579101562, 454.3724365234375, 0.4164371192455292], [4, 352.44549560546875, 240.13494873046875, 362.989990234375, 247.5322265625, 0.3985756039619446], [4, 527.6383056640625, 134.80335998535156, 533.2879638671875, 141.29856872558594, 0.33499181270599365]]}