{"clean": [[0, 265.06182861328125, 43.47576904296875, 281.95855712890625, 72.39048767089844, 0.8507381081581116], [0, 246.29180908203125, 250.3450469970703, 276.00091552734375, 292.09954833984375, 0.8393071293830872], [0, 278.519775390625, 10.62322998046875, 296.1673583984375, 38.281272888183594, 0.8101536631584167], [0, 280.4386291503906, 55.333030700683594, 295.6354064941406, 81.81270599365234, 0.7080909609794617], [0, 284.8176574707031, 44.16175079345703, 299.1184387207031, 60.95972442626953, 0.4255037009716034], [0, 40.86067199707031, 146.36669921875, 78.4593505859375, 166.74282836914062, 0.41419464349746704], [1, 292.127197265625, 0.0, 308.263671875, 10.304582595825195, 0.33301159739494324], [1, 39.26777648925781, 146.27999877929688, 78.36370086669922, 168.50076293945312, 0.31835734844207764], [0, 292.115478515625, 0.10945606231689453, 307.869873046875, 10.3124418258667, 0.31639185547828674], [0, 293.156982421875, 27.299053192138672, 307.7314453125, 47.07918930053711, 0.25439146161079407]], "patched": [[0, 265.33984375, 58.48121643066406, 277.6981201171875, 72.55778503417969, 0.7559149265289307], [0, 246.30874633789062, 250.3751220703125, 267.6347961425781, 271.915771484375, 0.6917505860328674], [0, 281.05914306640625, 57.52944564819336, 294.23114013671875, 81.46945190429688, 0.6549388766288757], [1, 44.72966003417969, 146.55780029296875, 78.14286804199219, 166.67892456054688, 0.6132100820541382], [0, 285.9411926269531, 44.47608184814453, 298.1698303222656, 58.74803924560547, 0.6093589067459106], [1, 267.44207763671875, 43.08918762207031, 281.82867431640625, 62.8790283203125, 0.4314620792865753], [0, 292.5218505859375, 0.10493946075439453, 306.9385986328125, 10.264835357666016, 0.41501471400260925], [0, 281.22784423828125, 10.92882251739502, 295.84332275390625, 30.78439712524414, 0.38231202960014343], [1, 280.9088439941406, 11.007837295532227, 295.7563781738281, 31.72422218322754, 0.3321285545825958], [1, 49.868629455566406, 165.4113311767578, 69.76679229736328, 176.2589874267578, 0.30990687012672424], [0, 246.3914794921875, 250.18994140625, 271.39007568359375, 283.18218994140625, 0.30008506774902344], [0, 293.6799011230469, 30.530981063842773, 306.2525329589844, 46.244529724121094, 0.2726454734802246], [0, 49.858360290527344, 165.29574584960938, 69.88497161865234, 175.82382202148438, 0.25272223353385925]]}