{"clean": [[0, 293.9744873046875, 131.22640991210938, 327.834228515625, 159.01895141601562, 0.8084115982055664], [0, 293.7760009765625, 154.23968505859375, 327.464599609375, 182.42236328125, 0.8050405383110046], [0, 92.55387878417969, 32.1536865234375, 129.86903381347656, 59.03462219238281, 0.7860625386238098], [0, 61.31382751464844, 178.7678985595703, 98.31388854980469, 209.68763732910156, 0.7587504386901855], [0, 298.4224853515625, 0.0, 327.7374267578125, 9.217741012573242, 0.718010663986206], [0, 107.67144775390625, 0.0, 137.94253540039062, 13.361839294433594, 0.68887859582901], [0, 0.0, 535.270263671875, 28.383426666259766, 572.96875, 0.6409221291542053], [0, 287.7685546875, 250.86976623535156, 326.9903564453125, 280.6251220703125, 0.6163753867149353], [4, 20.254581451416016, 380.9625549316406, 38.5920524597168, 392.3968200683594, 0.5502418279647827], [4, 31.2459774017334, 366.1046142578125, 48.666709899902344, 378.82080078125, 0.5441411137580872], [4, 40.84647750854492, 323.24224853515625, 57.57307052612305, 334.49700927734375, 0.36207395792007446], [0, 381.38665771484375, 75.82035827636719, 409.51959228515625, 99.54463195800781, 0.3434554636478424], [0, 278.26800537109375, 475.59893798828125, 327.71112060546875, 498.25103759765625, 0.34267616271972656], [4, 299.24603271484375, 106.5950927734375, 315.36187744140625, 117.841796875, 0.3097597360610962], [0, 292.2694091796875, 82.84660339355469, 323.5928955078125, 108.40080261230469, 0.3075443208217621]], "patched": [[0, 294.1089172363281, 131.36532592773438, 327.4354553222656, 157.47158813476562, 0.7519583106040955], [0, 298.4071044921875, 0.0, 327.7626953125, 9.249086380004883, 0.721693217754364], [0, 107.6458740234375, 0.0, 137.68295288085938, 13.351411819458008, 0.7101120948791504], [0, 294.02069091796875, 156.80923461914062, 326.57989501953125, 178.39236450195312, 0.6784505248069763], [0, 92.57308959960938, 32.30731201171875, 127.64360046386719, 55.600547790527344, 0.6654860973358154], [0, 283.50701904296875, 463.43426513671875, 327.602294921875, 496.69549560546875, 0.6278085112571716], [4, 31.62195587158203, 366.176513671875, 48.674835205078125, 378.8233642578125, 0.5815151333808899], [4, 20.007835388183594, 380.946533203125, 38.13946533203125, 392.3968505859375, 0.5592270493507385], [0, 288.5237121582031, 251.11001586914062, 326.8572692871094, 278.0505065917969, 0.5233964323997498], [1, 61.415069580078125, 179.18344116210938, 97.79176330566406, 208.05545043945312, 0.5086544156074524], [4, 40.604881286621094, 323.319091796875, 57.66175079345703, 334.4903564453125, 0.4037780165672302], [1, 0.07777786254882812, 535.3085327148438, 27.849349975585938, 573.3478393554688, 0.3729391098022461], [0, 0.0, 535.458740234375, 28.25406265258789, 572.797119140625, 0.3601478934288025], [1, 282.7895812988281, 480.50439453125, 313.8500671386719, 498.4080810546875, 0.32309845089912415], [4, 299.35943603515625, 106.85678100585938, 315.18316650390625, 117.65765380859375, 0.30851495265960693], [4, 0.9118213653564453, 363.46148681640625, 18.897722244262695, 374.89678955078125, 0.25469347834587097]]}