{"clean": [[0, 69.25300598144531, 447.3802490234375, 143.50457763671875, 517.7149658203125, 0.9336131811141968], [0, 496.553466796875, 138.75274658203125, 536.0224609375, 173.98956298828125, 0.9070831537246704], [4, 135.98861694335938, 387.64288330078125, 155.58474731445312, 416.24261474609375, 0.8372756838798523], [4, 180.83865356445312, 356.7869873046875, 203.47079467773438, 379.31109619140625, 0.8321779370307922], [4, 222.90704345703125, 302.36041259765625, 238.26959228515625, 325.87762451171875, 0.808747410774231], [4, 151.39801025390625, 350.3909606933594, 165.408203125, 375.2500915527344, 0.8070919513702393], [4, 152.33993530273438, 381.20538330078125, 176.880859375, 400.990478515625, 0.795257031917572], [4, 141.84066772460938, 358.7237548828125, 156.17453002929688, 382.98797607421875, 0.7799889445304871], [4, 167.33465576171875, 339.9562072753906, 182.80120849609375, 363.5380554199219, 0.7723346948623657], [4, 176.3515167236328, 335.8848876953125, 190.9227752685547, 359.8929443359375, 0.7543515563011169], [4, 86.65029907226562, 433.19952392578125, 111.52606201171875, 448.38861083984375, 0.679790198802948], [4, 133.180419921875, 363.6220703125, 147.51608276367188, 388.729736328125, 0.6282891631126404], [4, 332.84527587890625, 255.14132690429688, 357.78717041015625, 276.1736145019531, 0.6068611741065979], [4, 29.10127830505371, 426.93267822265625, 44.80474090576172, 452.9127197265625, 0.48658427596092224]], "patched": [[0, 496.767578125, 138.78688049316406, 535.9930419921875, 170.7676239013672, 0.8345362544059753], [4, 136.06756591796875, 387.726806640625, 155.45266723632812, 416.1539306640625, 0.8333063125610352], [4, 180.86724853515625, 356.79937744140625, 203.43008422851562, 379.24737548828125, 0.8325681090354919], [4, 222.94259643554688, 302.7183532714844, 238.23117065429688, 325.8340148925781, 0.8160257339477539], [4, 151.47637939453125, 350.43450927734375, 165.40206909179688, 375.19439697265625, 0.806507408618927], [4, 167.51197814941406, 339.97406005859375, 182.7712860107422, 363.51324462890625, 0.7816566824913025], [4, 141.94435119628906, 358.82366943359375, 156.1676788330078, 382.88848876953125, 0.7779123783111572], [4, 153.40408325195312, 381.15240478515625, 176.82281494140625, 401.46466064453125, 0.7696591019630432], [4, 176.4182586669922, 336.2080993652344, 190.88856506347656, 359.8904724121094, 0.7621747255325317], [1, 87.95184326171875, 498.13958740234375, 124.896728515625, 518.6831665039062, 0.6965006589889526], [0, 69.46888732910156, 447.7781982421875, 143.0924530029297, 515.2249755859375, 0.6658257246017456], [4, 87.10203552246094, 433.8465270996094, 111.19000244140625, 448.2854919433594, 0.6382964253425598], [4, 133.70172119140625, 363.82635498046875, 147.47018432617188, 387.40411376953125, 0.6161090135574341], [4, 332.85882568359375, 255.020263671875, 357.87957763671875, 276.17572021484375, 0.5551693439483643]]}