{"clean": [[3, 257.849365234375, 39.94075393676758, 296.5391845703125, 155.94984436035156, 0.8682839274406433], [1, 186.83828735351562, 122.56725311279297, 212.45242309570312, 170.3936767578125, 0.8241506218910217], [0, 215.23968505859375, 54.54601287841797, 236.08746337890625, 94.65103912353516, 0.786133885383606], [1, 240.20877075195312, 98.67677307128906, 260.20916748046875, 143.5160369873047, 0.7855678200721741], [3, 357.92620849609375, 157.03460693359375, 390.17022705078125, 323.2885437011719, 0.7468255162239075], [3, 38.288028717041016, 216.1950225830078, 156.4124755859375, 375.47308349609375, 0.7075937390327454], [0, 399.36572265625, 65.76943969726562, 414.23486328125, 108.8062744140625, 0.6302647590637207], [1, 276.19134521484375, 0.0, 293.86798095703125, 20.10828971862793, 0.5782639980316162], [1, 405.18035888671875, 0.0, 423.69305419921875, 58.53694534301758, 0.527532696723938], [0, 404.6095886230469, 181.94708251953125, 423.4188537597656, 236.90908813476562, 0.5149087905883789], [1, 399.43988037109375, 65.68701171875, 414.15191650390625, 108.79107666015625, 0.5102943778038025], [3, 405.0555725097656, 0.03299713134765625, 427.1405334472656, 58.26481628417969, 0.5101975202560425], [0, 276.1912841796875, 0.0, 293.895751953125, 20.442873001098633, 0.43803322315216064], [0, 397.60498046875, 125.95272827148438, 411.2447509765625, 165.94613647460938, 0.43636074662208557], [1, 404.62628173828125, 182.03140258789062, 423.20654296875, 236.90682983398438, 0.3807380497455597], [1, 405.07257080078125, 25.28177261352539, 420.53076171875, 58.17293167114258, 0.32633936405181885], [3, 40.52389907836914, 215.88226318359375, 156.51800537109375, 321.59381103515625, 0.3250814974308014]], "patched": [[3, 257.99005126953125, 39.93052673339844, 296.00689697265625, 155.70822143554688, 0.8523440957069397], [3, 358.1484069824219, 157.02642822265625, 389.6642150878906, 323.26739501953125, 0.7299944758415222], [2, 399.386474609375, 65.6646728515625, 414.286865234375, 108.51925659179688, 0.722498893737793], [3, 38.03956604003906, 216.10972595214844, 156.3983154296875, 374.1226806640625, 0.7206133604049683], [1, 276.36932373046875, 0.0, 293.50347900390625, 20.10753631591797, 0.6730552315711975], [1, 240.25173950195312, 98.56338500976562, 260.3275451660156, 143.43589782714844, 0.642484724521637], [3, 186.76156616210938, 122.50892639160156, 212.30020141601562, 170.43397521972656, 0.6227971315383911], [0, 397.5994567871094, 143.86146545410156, 410.5095520019531, 165.81398010253906, 0.5844768285751343], [3, 405.45928955078125, 0.0, 426.28118896484375, 58.26441955566406, 0.5828671455383301], [1, 404.75616455078125, 181.87660217285156, 420.78118896484375, 237.19493103027344, 0.5041283369064331], [1, 397.57293701171875, 126.01821899414062, 410.3370361328125, 165.61996459960938, 0.46599888801574707], [1, 186.996337890625, 122.74079895019531, 212.51889038085938, 170.2375946044922, 0.4655933380126953], [1, 405.32342529296875, 0.0, 423.9393310546875, 58.511878967285156, 0.4444211423397064], [1, 405.01885986328125, 181.8477783203125, 419.1849365234375, 205.70965576171875, 0.332520991563797], [4, 120.78562927246094, 520.160888671875, 129.57699584960938, 534.795166015625, 0.28529077768325806]]}