{"clean": [[0, 274.3653564453125, 456.68927001953125, 287.120361328125, 493.753173828125, 0.7561353445053101], [0, 366.5445556640625, 404.2690124511719, 383.2110595703125, 453.1456604003906, 0.5791182518005371], [0, 333.7461242675781, 412.115478515625, 349.7859191894531, 461.6685791015625, 0.3787488341331482], [0, 472.15582275390625, 485.42291259765625, 494.98797607421875, 517.9717407226562, 0.33121564984321594], [0, 561.5420532226562, 367.74798583984375, 574.1193237304688, 387.646240234375, 0.309575617313385]], "patched": [[0, 274.57403564453125, 456.9246826171875, 286.76495361328125, 493.86627197265625, 0.7566235661506653], [0, 374.5098876953125, 579.9503173828125, 388.91827392578125, 609.2156982421875, 0.47350913286209106], [1, 367.75140380859375, 426.535888671875, 381.51519775390625, 453.400634765625, 0.4465986490249634], [0, 367.8114013671875, 426.5045471191406, 381.545166015625, 453.4035949707031, 0.4285891652107239], [0, 335.33599853515625, 412.2252197265625, 347.88336181640625, 462.8553466796875, 0.30485865473747253], [1, 373.99603271484375, 579.5310668945312, 388.96649169921875, 608.8527221679688, 0.27787861227989197]]}