{"clean": [[0, 314.7641906738281, 379.763427734375, 335.6037902832031, 417.7464599609375, 0.813420295715332], [0, 244.97459411621094, 356.5950012207031, 268.1678466796875, 398.0021057128906, 0.8061887621879578], [0, 283.4588623046875, 430.1331787109375, 305.80621337890625, 463.68865966796875, 0.7068639993667603], [0, 358.2956848144531, 257.52606201171875, 372.9132995605469, 275.93707275390625, 0.6829667091369629], [0, 309.27471923828125, 262.0116271972656, 323.3717041015625, 283.0381164550781, 0.5993273854255676], [1, 170.27093505859375, 522.44677734375, 216.96810913085938, 626.79833984375, 0.5680077075958252], [1, 252.89071655273438, 528.3048095703125, 289.3371276855469, 634.6451416015625, 0.5639962553977966], [0, 260.5496826171875, 274.99285888671875, 281.213134765625, 301.24957275390625, 0.5522723197937012], [0, 288.8050537109375, 370.97235107421875, 308.825439453125, 410.06317138671875, 0.5214912295341492], [0, 314.4033203125, 238.57522583007812, 326.23291015625, 254.95693969726562, 0.5150474309921265], [0, 248.7250213623047, 329.7103271484375, 272.44671630859375, 361.3193359375, 0.49967584013938904], [0, 238.94937133789062, 427.577880859375, 261.5020446777344, 453.8165283203125, 0.40902864933013916], [1, 288.6754150390625, 370.77984619140625, 308.843017578125, 409.85565185546875, 0.4084711968898773], [0, 316.30828857421875, 180.79586791992188, 323.5928955078125, 189.33920288085938, 0.36419472098350525], [0, 268.64447021484375, 262.2926025390625, 286.48785400390625, 283.704345703125, 0.3634287714958191], [2, 252.65548706054688, 528.5870361328125, 289.8664245605469, 635.5184326171875, 0.3577810227870941], [4, 337.93603515625, 421.2919921875, 345.92852783203125, 440.7264404296875, 0.33908993005752563], [0, 256.06158447265625, 292.7548522949219, 278.44622802734375, 320.0879211425781, 0.27556729316711426]], "patched": [[0, 283.72991943359375, 430.3924865722656, 305.75152587890625, 464.5568542480469, 0.7322699427604675], [1, 170.11138916015625, 515.718505859375, 218.531005859375, 627.874755859375, 0.6737235188484192], [1, 252.80136108398438, 528.276611328125, 289.5091857910156, 634.79150390625, 0.6384402513504028], [1, 315.2476806640625, 379.8988037109375, 335.42041015625, 417.1893310546875, 0.621512234210968], [0, 245.11114501953125, 358.24139404296875, 268.46929931640625, 400.26104736328125, 0.5312814116477966], [0, 314.39459228515625, 238.53013610839844, 326.34588623046875, 255.0843048095703, 0.461101770401001], [0, 264.3241882324219, 279.6583251953125, 281.1747741699219, 300.7845458984375, 0.44247177243232727], [0, 258.7677001953125, 299.3797302246094, 278.435791015625, 317.8959045410156, 0.4262303411960602], [0, 246.65199279785156, 329.5448303222656, 272.6510009765625, 362.6593933105469, 0.4145888686180115], [0, 315.0102233886719, 380.0892333984375, 335.3531188964844, 418.00054931640625, 0.40265151858329773], [0, 316.20513916015625, 180.1375732421875, 323.67120361328125, 189.34033203125, 0.3700425326824188], [0, 239.04031372070312, 427.635498046875, 261.5047912597656, 454.0303955078125, 0.3623508810997009], [4, 337.83203125, 420.93695068359375, 346.0966796875, 440.74774169921875, 0.34303954243659973], [2, 252.5433807373047, 528.5906372070312, 290.02117919921875, 635.6703491210938, 0.326634019613266], [1, 267.6968994140625, 263.484130859375, 285.099853515625, 287.7279052734375, 0.30534127354621887], [0, 290.0938720703125, 370.7982177734375, 307.8863525390625, 392.25189208984375, 0.278109610080719], [1, 289.1241455078125, 370.8680419921875, 308.196044921875, 409.39154052734375, 0.2764011025428772], [0, 289.23663330078125, 370.7468566894531, 308.28460693359375, 409.7580871582031, 0.2611960172653198]]}