{"clean": [[1, 381.520263671875, 369.4002685546875, 411.789794921875, 416.145263671875, 0.8515636324882507], [0, 453.5703430175781, 442.15863037109375, 486.2703552246094, 492.952880859375, 0.8311081528663635], [0, 180.01904296875, 221.06642150878906, 196.88043212890625, 246.0355682373047, 0.7993742823600769], [0, 248.51123046875, 459.638671875, 271.5523681640625, 511.6470947265625, 0.7656376361846924], [4, 19.71942138671875, 383.88592529296875, 42.846153259277344, 405.14410400390625, 0.7239359617233276], [0, 364.98150634765625, 269.24383544921875, 384.29937744140625, 294.76678466796875, 0.6775806546211243], [4, 54.02642822265625, 410.9141845703125, 67.83775329589844, 440.97998046875, 0.6478175520896912], [0, 260.462890625, 89.22511291503906, 266.72747802734375, 97.02546691894531, 0.588934063911438], [0, 284.0575866699219, 103.53083801269531, 291.9252624511719, 112.68186950683594, 0.5795284509658813], [0, 289.9483642578125, 159.40972900390625, 300.36962890625, 174.415283203125, 0.5618011951446533], [0, 50.223472595214844, 349.50469970703125, 79.47624969482422, 393.86968994140625, 0.5571557283401489], [0, 285.839111328125, 125.21027374267578, 294.458740234375, 136.237548828125, 0.5447227358818054], [4, 0.0, 414.4385986328125, 18.632429122924805, 435.3802490234375, 0.5049210786819458], [1, 259.9102783203125, 110.67678833007812, 266.81640625, 121.57676696777344, 0.46399232745170593], [4, 506.3140869140625, 539.081298828125, 528.6055908203125, 566.848388671875, 0.43950191140174866], [4, 382.155029296875, 337.45050048828125, 391.58203125, 355.76983642578125, 0.41652730107307434], [4, 299.0968017578125, 341.75323486328125, 305.9520263671875, 361.86212158203125, 0.3997798562049866], [0, 283.60845947265625, 115.66899108886719, 290.73919677734375, 122.99128723144531, 0.3411986529827118], [4, 362.79095458984375, 258.784423828125, 374.82879638671875, 270.9925537109375, 0.33138275146484375], [0, 263.0115966796875, 63.7608642578125, 267.3603515625, 69.38859558105469, 0.31150326132774353], [4, 315.8248291015625, 293.91845703125, 324.955810546875, 310.5052490234375, 0.2971535623073578], [0, 279.58111572265625, 87.0069580078125, 286.52349853515625, 96.5472412109375, 0.28980547189712524], [0, 283.99609375, 120.11871337890625, 292.9317626953125, 128.81076049804688, 0.27998417615890503], [4, 385.3395080566406, 593.8109130859375, 398.0077819824219, 633.6302490234375, 0.25189822912216187]], "patched": [[1, 381.50494384765625, 369.3971252441406, 411.79742431640625, 416.1322937011719, 0.85060715675354], [0, 180.04214477539062, 221.06161499023438, 196.88836669921875, 246.04830932617188, 0.7978344559669495], [0, 451.8402404785156, 439.09039306640625, 486.2665710449219, 492.83856201171875, 0.7928335070610046], [1, 248.95864868164062, 459.91546630859375, 271.3532409667969, 511.69232177734375, 0.7006058096885681], [0, 365.08831787109375, 269.25335693359375, 384.14385986328125, 291.22357177734375, 0.6887046098709106], [4, 19.744144439697266, 383.9244384765625, 42.83225631713867, 405.1500244140625, 0.6740996837615967], [4, 54.028465270996094, 410.86322021484375, 67.85587310791016, 440.96136474609375, 0.6421681642532349], [0, 260.46038818359375, 89.21553039550781, 266.73394775390625, 97.02839660644531, 0.5858302116394043], [0, 284.05438232421875, 103.52314758300781, 291.937744140625, 112.68470764160156, 0.5802991986274719], [0, 289.9473876953125, 159.3973388671875, 300.3585205078125, 174.41534423828125, 0.5586979389190674], [0, 285.83184814453125, 125.16768646240234, 294.47723388671875, 136.24014282226562, 0.5397002100944519], [4, 0.0, 414.01947021484375, 18.629833221435547, 435.04473876953125, 0.5198310613632202], [1, 259.910888671875, 110.66958618164062, 266.8184814453125, 121.57708740234375, 0.46157655119895935], [4, 506.3118896484375, 539.0549926757812, 528.6385498046875, 566.9347534179688, 0.4445067048072815], [4, 382.1527099609375, 337.367919921875, 391.58349609375, 355.76641845703125, 0.4144458472728729], [4, 299.1130676269531, 341.7372131347656, 305.9402160644531, 361.8673400878906, 0.3868887722492218], [0, 248.37396240234375, 459.72625732421875, 271.4073486328125, 511.61871337890625, 0.37922805547714233], [0, 283.60235595703125, 115.66224670410156, 290.75128173828125, 123.00990295410156, 0.3331485688686371], [0, 50.394989013671875, 371.504150390625, 71.05096435546875, 393.98846435546875, 0.3247843384742737], [0, 263.0079345703125, 63.74755096435547, 267.36474609375, 69.38968658447266, 0.3087989389896393], [4, 362.7449951171875, 258.378662109375, 374.6453857421875, 270.7161865234375, 0.3081677556037903], [4, 315.81158447265625, 293.81011962890625, 324.962646484375, 310.49224853515625, 0.29687049984931946], [0, 279.5721130371094, 87.0033187866211, 286.5468444824219, 96.5557632446289, 0.2963119149208069], [0, 283.98779296875, 120.09674072265625, 292.9000244140625, 128.81375122070312, 0.27292537689208984], [4, 385.33251953125, 593.1238403320312, 398.036865234375, 633.6476440429688, 0.2530115842819214]]}