{"clean": [[0, 428.9114990234375, 425.7908935546875, 541.1025390625, 514.5169677734375, 0.8842172622680664], [4, 494.4462585449219, 49.84796142578125, 503.8511657714844, 62.70442199707031, 0.40108010172843933]], "patched": [[0, 429.0108642578125, 425.4014892578125, 540.9697265625, 514.5519409179688, 0.49189135432243347], [2, 429.52020263671875, 425.3134765625, 541.1482543945312, 513.9786376953125, 0.4896494746208191], [4, 494.44573974609375, 49.83197784423828, 503.85272216796875, 62.70525360107422, 0.4029187858104706]]}