{"clean": [[0, 419.4255676269531, 348.6890869140625, 442.8278503417969, 368.2294921875, 0.8652371168136597], [0, 417.9313049316406, 372.7945556640625, 441.3497619628906, 393.70703125, 0.8005242347717285], [0, 408.8885498046875, 331.3484191894531, 429.576904296875, 349.5469055175781, 0.7288272976875305], [4, 537.3597412109375, 591.4722900390625, 542.3843994140625, 602.177978515625, 0.6335964798927307], [4, 522.8597412109375, 532.00146484375, 526.4110107421875, 538.17578125, 0.3303929269313812]], "patched": [[0, 419.3359375, 348.77191162109375, 443.0487060546875, 368.28887939453125, 0.8266575336456299], [0, 408.66278076171875, 331.0054931640625, 429.63983154296875, 349.603759765625, 0.7520312666893005], [0, 418.01416015625, 372.684814453125, 441.15625, 394.21240234375, 0.7251188158988953], [4, 537.342041015625, 591.4661254882812, 542.41015625, 602.2044067382812, 0.6341187953948975], [4, 522.840087890625, 531.979248046875, 526.440673828125, 538.2138671875, 0.34163764119148254]]}