{"clean": [[0, 304.9812927246094, 482.39556884765625, 328.8993225097656, 536.9702758789062, 0.8180564641952515], [0, 272.39892578125, 373.8357849121094, 291.64404296875, 415.8017883300781, 0.8175723552703857], [0, 267.6540832519531, 276.8428955078125, 280.8778991699219, 294.239013671875, 0.8171551823616028], [0, 326.9033508300781, 244.49560546875, 341.3550109863281, 263.8173828125, 0.8121795058250427], [0, 281.6588439941406, 216.69522094726562, 292.9938659667969, 230.25869750976562, 0.8097537159919739], [3, 289.5247497558594, 278.7106628417969, 307.5047302246094, 322.1224060058594, 0.785008430480957], [0, 227.56597900390625, 168.00552368164062, 237.53179931640625, 178.29263305664062, 0.7626211047172546], [0, 240.2046356201172, 138.05722045898438, 250.4849395751953, 147.23806762695312, 0.7580692768096924], [0, 153.25469970703125, 236.19480895996094, 164.04913330078125, 248.70399475097656, 0.7363478541374207], [0, 206.54971313476562, 153.96685791015625, 216.12997436523438, 163.29058837890625, 0.7222434282302856], [0, 187.43992614746094, 126.67589569091797, 196.49986267089844, 135.13958740234375, 0.7123351693153381], [0, 148.96206665039062, 113.72887420654297, 155.98617553710938, 121.1427993774414, 0.6808622479438782], [0, 299.15484619140625, 181.60903930664062, 311.78326416015625, 195.73629760742188, 0.6103389263153076], [0, 208.44277954101562, 127.55030822753906, 218.03134155273438, 136.30039978027344, 0.6099555492401123], [2, 412.7867431640625, 371.2725830078125, 441.75714111328125, 436.17340087890625, 0.6028434634208679], [3, 412.8968505859375, 371.06048583984375, 441.4912109375, 436.36328125, 0.31199851632118225]], "patched": [[0, 304.9960021972656, 482.27203369140625, 328.1739807128906, 536.7459106445312, 0.8202803134918213], [0, 272.3931579589844, 373.8363037109375, 291.6433410644531, 415.8111572265625, 0.8185120820999146], [0, 267.657958984375, 276.84259033203125, 280.876708984375, 294.2396240234375, 0.8168748021125793], [0, 326.905029296875, 244.49554443359375, 341.3509521484375, 263.8135681152344, 0.8127448558807373], [0, 281.6597900390625, 216.69424438476562, 292.99169921875, 230.25228881835938, 0.809899628162384], [3, 289.5281066894531, 278.72357177734375, 307.5033264160156, 322.11907958984375, 0.7843278646469116], [0, 227.56475830078125, 168.00379943847656, 237.53131103515625, 178.29148864746094, 0.762732982635498], [0, 240.20376586914062, 138.0543212890625, 250.48419189453125, 147.2369384765625, 0.7582650780677795], [0, 153.2545166015625, 236.19851684570312, 164.04681396484375, 248.70089721679688, 0.7373403310775757], [0, 206.5496368408203, 153.96531677246094, 216.13023376464844, 163.29161071777344, 0.7227771878242493], [0, 187.4394989013672, 126.67529296875, 196.4998016357422, 135.1396484375, 0.7127289772033691], [0, 148.9622802734375, 113.72879791259766, 155.98590087890625, 121.14276885986328, 0.6813318133354187], [2, 412.79425048828125, 371.2629089355469, 441.76019287109375, 436.1471862792969, 0.6154510974884033], [0, 299.1512451171875, 181.6051025390625, 311.7860107421875, 195.7386474609375, 0.6120945811271667], [0, 208.4480438232422, 127.55081939697266, 218.03126525878906, 136.29843139648438, 0.6115824580192566], [3, 412.90179443359375, 371.0483703613281, 441.49005126953125, 436.3470764160156, 0.30331963300704956]]}