{"clean": [[0, 145.63291931152344, 278.07220458984375, 182.66139221191406, 325.60870361328125, 0.8923246264457703], [0, 523.4855346679688, 9.831771850585938, 548.1477661132812, 50.656982421875, 0.8487920165061951], [0, 414.6904296875, 191.0521697998047, 446.5302734375, 242.1288604736328, 0.846994161605835], [0, 429.2187805175781, 359.96722412109375, 458.7730407714844, 428.17889404296875, 0.8453575372695923], [0, 593.2645263671875, 29.732696533203125, 618.8980712890625, 69.04296875, 0.839216947555542], [0, 585.3123779296875, 136.71481323242188, 608.6236572265625, 178.42178344726562, 0.8172858357429504], [1, 164.31002807617188, 169.78570556640625, 187.02481079101562, 230.8345947265625, 0.6336110234260559], [0, 374.88568115234375, 582.4002075195312, 406.94036865234375, 640.0, 0.6291100978851318], [0, 573.7823486328125, 256.0638427734375, 601.3482666015625, 313.71246337890625, 0.5809558629989624], [0, 494.7269287109375, 436.7254638671875, 524.5926513671875, 511.2252197265625, 0.5692266225814819], [0, 599.676513671875, 458.16070556640625, 635.1435546875, 545.0485229492188, 0.544073224067688], [0, 29.943374633789062, 0.05321502685546875, 54.06464385986328, 27.27800178527832, 0.495442658662796], [0, 29.7940673828125, 0.0, 65.42283630371094, 27.571136474609375, 0.4178270697593689], [3, 599.6959838867188, 456.480712890625, 638.5053100585938, 547.4984130859375, 0.2511870563030243]], "patched": [[0, 145.6687469482422, 278.02899169921875, 182.19908142089844, 325.72808837890625, 0.8609020709991455], [0, 593.2920532226562, 29.76806640625, 618.6235961914062, 68.94157409667969, 0.783345639705658], [0, 585.594970703125, 136.29237365722656, 608.3775634765625, 177.97019958496094, 0.749470055103302], [1, 165.0828399658203, 169.7425994873047, 187.0282440185547, 230.8040313720703, 0.6330785751342773], [0, 414.6822509765625, 190.89959716796875, 446.489501953125, 242.06106567382812, 0.5808205604553223], [2, 429.9114990234375, 359.6578369140625, 458.586669921875, 428.03076171875, 0.5047226548194885], [0, 599.808349609375, 458.06298828125, 635.293701171875, 545.1964111328125, 0.5003376007080078], [0, 371.2393798828125, 582.485107421875, 407.028076171875, 640.0, 0.4981625974178314], [0, 494.54205322265625, 436.5291748046875, 525.0249633789062, 511.36962890625, 0.3343753516674042], [0, 574.0181884765625, 255.93927001953125, 600.5634765625, 313.50830078125, 0.3045211732387543], [0, 523.4696044921875, 9.865707397460938, 548.2147216796875, 50.584808349609375, 0.28004974126815796]]}