{"clean": [[0, 311.5230712890625, 589.5346069335938, 330.578369140625, 627.5996704101562, 0.863949716091156], [0, 539.3145751953125, 619.75537109375, 569.2872314453125, 640.0, 0.7971248626708984], [0, 279.09613037109375, 582.5778198242188, 300.61041259765625, 622.4055786132812, 0.7820672392845154], [0, 355.20343017578125, 397.45501708984375, 360.55950927734375, 403.72064208984375, 0.6006338000297546], [0, 348.00311279296875, 394.65484619140625, 352.94903564453125, 401.18524169921875, 0.5249283909797668], [0, 351.6343994140625, 384.57757568359375, 355.6796875, 389.48992919921875, 0.4408143162727356], [0, 400.42474365234375, 373.10943603515625, 404.64630126953125, 377.83343505859375, 0.3523330092430115], [0, 342.1275634765625, 386.23748779296875, 346.2093505859375, 391.08624267578125, 0.3007950484752655], [2, 355.29669189453125, 388.42059326171875, 359.63385009765625, 395.23748779296875, 0.25917214155197144], [0, 353.3894348144531, 379.5655517578125, 357.3680725097656, 383.947265625, 0.2502850592136383]], "patched": [[0, 311.56689453125, 589.494384765625, 330.26953125, 627.565673828125, 0.8328315019607544], [0, 279.01214599609375, 582.780517578125, 300.60809326171875, 622.478759765625, 0.7641634941101074], [0, 355.2017517089844, 397.4530944824219, 360.5614929199219, 403.7226257324219, 0.6007028222084045], [0, 348.002197265625, 394.652099609375, 352.950927734375, 401.18701171875, 0.5255674719810486], [0, 351.63446044921875, 384.576171875, 355.68121337890625, 389.489990234375, 0.44075334072113037], [0, 400.426025390625, 373.1090087890625, 404.6456298828125, 377.83209228515625, 0.352796345949173], [0, 342.1257629394531, 386.23553466796875, 346.2109069824219, 391.08673095703125, 0.30115455389022827], [2, 355.29595947265625, 388.4197998046875, 359.63494873046875, 395.2410888671875, 0.2577512860298157]]}