{"clean": [[0, 295.194091796875, 169.95721435546875, 309.83203125, 203.135498046875, 0.8631104230880737], [0, 314.16522216796875, 57.96587371826172, 328.07025146484375, 85.6160659790039, 0.8365637063980103], [0, 354.9931335449219, 66.12905883789062, 367.7295837402344, 97.474853515625, 0.8321149349212646], [0, 250.0019073486328, 174.5889129638672, 268.99481201171875, 206.0144805908203, 0.8206714987754822], [0, 326.1324462890625, 130.4016571044922, 340.2552490234375, 169.09507751464844, 0.8135198354721069], [0, 254.6225128173828, 410.9118957519531, 272.49957275390625, 458.8350524902344, 0.8066997528076172], [0, 272.8795471191406, 296.84222412109375, 286.6256408691406, 328.95660400390625, 0.7965325713157654], [0, 333.8875732421875, 390.7672119140625, 351.1044921875, 439.7403564453125, 0.7899313569068909], [0, 232.20953369140625, 627.3477172851562, 249.45758056640625, 640.0, 0.7468913793563843], [4, 210.67958068847656, 279.2014465332031, 221.23731994628906, 297.4321594238281, 0.45445477962493896], [3, 0.37314605712890625, 465.45751953125, 78.9696273803711, 555.474365234375, 0.2938450574874878]], "patched": [[0, 295.27264404296875, 169.99069213867188, 309.81280517578125, 203.13967895507812, 0.8422650694847107], [0, 314.18023681640625, 57.9635009765625, 328.06280517578125, 85.61482238769531, 0.8348191976547241], [0, 355.0081787109375, 66.1568603515625, 367.7108154296875, 97.48403930664062, 0.8327370882034302], [0, 326.13970947265625, 130.41549682617188, 340.20513916015625, 169.1292724609375, 0.8115896582603455], [0, 333.96600341796875, 391.11505126953125, 350.99114990234375, 439.67205810546875, 0.7699001431465149], [0, 250.43109130859375, 174.71859741210938, 269.231689453125, 206.52096557617188, 0.7566866278648376], [0, 254.807861328125, 410.8475341796875, 272.25775146484375, 458.41357421875, 0.7526856660842896], [0, 232.2922821044922, 627.3623657226562, 249.4426727294922, 640.0, 0.7523024082183838], [0, 272.7760009765625, 292.87506103515625, 287.47802734375, 329.16644287109375, 0.7499226927757263], [0, 257.8177490234375, 410.8819885253906, 271.8402099609375, 437.7578430175781, 0.44202345609664917], [4, 210.60435485839844, 279.20025634765625, 221.28334045410156, 297.45819091796875, 0.4362165927886963], [3, 0.3675689697265625, 465.733642578125, 78.97146606445312, 555.8494873046875, 0.26150593161582947]]}