{"clean": [[0, 172.17080688476562, 223.81991577148438, 206.04000854492188, 280.4644775390625, 0.900635302066803], [0, 407.928466796875, 1.9682540893554688, 432.8770751953125, 50.144493103027344, 0.8698629140853882], [0, 291.350830078125, 320.2909240722656, 323.412841796875, 389.4510192871094, 0.8673604130744934], [0, 309.967041015625, 0.0, 335.8468017578125, 26.415613174438477, 0.8490611910820007], [0, 388.55670166015625, 303.123779296875, 410.6544189453125, 374.19873046875, 0.8402727246284485], [1, 205.4121551513672, 60.70037078857422, 234.20616149902344, 106.43412017822266, 0.79735267162323], [3, 307.21099853515625, 72.1201400756836, 396.58282470703125, 253.64968872070312, 0.7093702554702759], [0, 323.9693603515625, 326.120361328125, 352.936279296875, 395.16387939453125, 0.6615719795227051], [1, 398.9105224609375, 215.6387939453125, 429.6590576171875, 288.8267517089844, 0.5827814936637878], [3, 226.72607421875, 219.81753540039062, 286.53387451171875, 392.6012268066406, 0.46471306681632996], [4, 254.42752075195312, 393.4040832519531, 262.7594909667969, 413.5589294433594, 0.3861013650894165], [0, 411.74957275390625, 142.59173583984375, 454.13519287109375, 200.24179077148438, 0.35794374346733093], [3, 226.42454528808594, 231.56546020507812, 313.901123046875, 392.2884216308594, 0.30857741832733154]], "patched": [[0, 172.20529174804688, 223.86236572265625, 206.03335571289062, 280.5469970703125, 0.9027782082557678], [0, 407.78204345703125, 1.7750244140625, 433.02618408203125, 49.931861877441406, 0.8253198862075806], [0, 388.8988037109375, 303.11431884765625, 410.607177734375, 374.32073974609375, 0.8199269771575928], [1, 205.4097900390625, 60.71141815185547, 234.21014404296875, 106.45458221435547, 0.8110337257385254], [0, 310.1364440917969, 0.05970001220703125, 336.0238342285156, 26.1226806640625, 0.7834441661834717], [0, 291.3040771484375, 319.856689453125, 323.405029296875, 389.9058837890625, 0.7451202869415283], [3, 311.95233154296875, 72.425048828125, 396.56842041015625, 253.69854736328125, 0.7049833536148071], [1, 323.942138671875, 326.1311340332031, 353.423095703125, 395.2628479003906, 0.6541507244110107], [1, 398.60870361328125, 244.8220672607422, 418.07464599609375, 288.82672119140625, 0.6345915198326111], [3, 226.4176788330078, 235.27508544921875, 312.00836181640625, 392.22442626953125, 0.46003517508506775], [3, 226.69204711914062, 233.3997802734375, 286.2143859863281, 392.59075927734375, 0.459951788187027], [4, 254.4763641357422, 393.4536437988281, 262.71038818359375, 413.5315856933594, 0.41358518600463867], [1, 388.8201904296875, 303.3963623046875, 411.171875, 374.5906982421875, 0.37447497248649597], [0, 411.7886047363281, 140.82806396484375, 453.5903625488281, 200.168701171875, 0.25855544209480286]]}