{"clean": [[1, 290.84332275390625, 229.7101593017578, 297.51995849609375, 244.24461364746094, 0.8059300780296326], [0, 333.490966796875, 395.744873046875, 342.5450439453125, 416.3917236328125, 0.7999577522277832], [0, 302.1024169921875, 257.9694519042969, 310.1585693359375, 274.1501159667969, 0.7479544281959534], [1, 297.8580322265625, 216.49822998046875, 304.2589111328125, 228.85504150390625, 0.7230841517448425], [0, 301.1893615722656, 437.3163146972656, 310.2045593261719, 464.6622009277344, 0.7096778154373169], [0, 320.6768798828125, 331.25238037109375, 328.2730712890625, 348.61248779296875, 0.690211296081543], [0, 409.70806884765625, 429.7425842285156, 420.3214111328125, 458.5516052246094, 0.685330331325531], [0, 272.8703918457031, 160.9827880859375, 279.3958435058594, 171.38507080078125, 0.6428449153900146], [0, 286.1378173828125, 174.76856994628906, 293.109375, 186.6918487548828, 0.6231865286827087], [0, 273.6805419921875, 140.59567260742188, 280.3001708984375, 150.24966430664062, 0.6202973127365112], [1, 282.63824462890625, 199.5054168701172, 289.10662841796875, 211.36512756347656, 0.5876473188400269], [1, 318.05255126953125, 288.91156005859375, 325.42913818359375, 300.26287841796875, 0.5303113460540771], [0, 310.8222961425781, 379.10797119140625, 319.1705627441406, 398.5081787109375, 0.5147438049316406], [0, 374.19622802734375, 353.2496337890625, 383.170654296875, 373.0308837890625, 0.49595963954925537], [1, 260.803955078125, 126.76643371582031, 266.3017578125, 135.61744689941406, 0.41792672872543335], [1, 301.18341064453125, 437.38372802734375, 310.42144775390625, 464.60101318359375, 0.3638888895511627], [1, 310.7284240722656, 378.8492126464844, 319.2098083496094, 398.6248474121094, 0.35449931025505066], [1, 373.8514404296875, 351.62646484375, 383.4290771484375, 373.301513671875, 0.3435819447040558], [0, 253.77786254882812, 95.71682739257812, 259.1166687011719, 103.59341430664062, 0.31665387749671936], [0, 35.314918518066406, 314.059814453125, 49.793601989746094, 335.7384033203125, 0.2586488723754883]], "patched": [[1, 290.83953857421875, 229.71047973632812, 297.52337646484375, 244.25091552734375, 0.8052921891212463], [0, 333.4825439453125, 395.4962158203125, 342.490478515625, 416.4459228515625, 0.80033940076828], [0, 302.10302734375, 257.97210693359375, 310.1583251953125, 274.15472412109375, 0.7474287152290344], [1, 297.85565185546875, 216.4945526123047, 304.26080322265625, 228.8646697998047, 0.721081554889679], [0, 301.1895751953125, 437.3038024902344, 310.212158203125, 464.6620788574219, 0.7095826864242554], [0, 320.6825866699219, 331.2573547363281, 328.2680969238281, 348.6185607910156, 0.687630832195282], [0, 272.8647766113281, 160.97134399414062, 279.3986511230469, 171.39389038085938, 0.640148937702179], [0, 286.13470458984375, 174.7626495361328, 293.11309814453125, 186.7035675048828, 0.6236022114753723], [0, 273.6753845214844, 140.58648681640625, 280.3041687011719, 150.2581787109375, 0.6139429211616516], [1, 282.634521484375, 199.49887084960938, 289.110595703125, 211.37625122070312, 0.5801638960838318], [1, 318.0551452636719, 288.91143798828125, 325.4267883300781, 300.2796630859375, 0.5285735726356506], [0, 310.81842041015625, 379.1041259765625, 319.17083740234375, 398.5126953125, 0.5111765265464783], [0, 374.2132263183594, 353.45294189453125, 383.1680603027344, 373.02471923828125, 0.4884365200996399], [2, 409.4599609375, 429.5718078613281, 420.5164794921875, 458.6224060058594, 0.4871005415916443], [1, 260.7996826171875, 126.75747680664062, 266.3035888671875, 135.62582397460938, 0.40326938033103943], [1, 310.72564697265625, 378.8448486328125, 319.20965576171875, 398.6279296875, 0.3591196835041046], [1, 301.18524169921875, 437.37518310546875, 310.42425537109375, 464.60040283203125, 0.3555135428905487], [1, 373.8619384765625, 351.7218322753906, 383.4249267578125, 373.2972106933594, 0.3470161259174347], [0, 253.7725372314453, 95.6913070678711, 259.11773681640625, 103.59720611572266, 0.30335378646850586], [0, 35.312252044677734, 314.0522155761719, 49.82558822631836, 335.7563781738281, 0.26464343070983887]]}