{"clean": [[3, 428.77728271484375, 328.4144287109375, 486.50653076171875, 486.24609375, 0.8889390826225281], [0, 477.8367614746094, 498.65283203125, 508.2723083496094, 560.2073974609375, 0.8769084811210632], [0, 403.3797302246094, 432.2864990234375, 424.8866271972656, 491.928955078125, 0.8544055223464966], [0, 448.01190185546875, 599.953857421875, 470.94879150390625, 639.829833984375, 0.8540724515914917], [3, 542.020751953125, 553.4578857421875, 605.454833984375, 639.7113037109375, 0.8530483841896057], [0, 436.4724426269531, 473.2864990234375, 462.4240417480469, 534.556396484375, 0.8366311192512512], [0, 416.1922607421875, 511.1103515625, 441.933349609375, 575.0318603515625, 0.8300411701202393], [0, 198.6656494140625, 79.71505737304688, 211.12554931640625, 117.66043090820312, 0.7992377877235413], [1, 334.1943359375, 224.26296997070312, 350.921630859375, 282.6615295410156, 0.7919408679008484], [0, 227.0299835205078, 494.4326477050781, 245.53526306152344, 561.45166015625, 0.7538759708404541], [0, 261.67822265625, 310.1871337890625, 275.994384765625, 367.95654296875, 0.7327727675437927], [1, 272.14739990234375, 560.2091064453125, 290.36993408203125, 638.5986328125, 0.6922000050544739], [1, 273.17755126953125, 82.52413940429688, 287.23101806640625, 122.63311767578125, 0.6809617280960083], [1, 219.1015625, 51.48837661743164, 231.55206298828125, 88.1807861328125, 0.6794618964195251], [1, 516.694091796875, 564.3687744140625, 554.3804931640625, 628.9468994140625, 0.6280890107154846], [1, 204.14315795898438, 338.299560546875, 221.65444946289062, 398.5675048828125, 0.4501667618751526], [0, 271.798583984375, 560.2449951171875, 290.2078857421875, 638.3624267578125, 0.4343309998512268], [4, 295.7764892578125, 452.6995849609375, 305.330322265625, 489.58642578125, 0.4108443260192871], [0, 204.11143493652344, 338.03253173828125, 220.94541931152344, 398.41302490234375, 0.3989114761352539], [1, 463.6346435546875, 562.5010986328125, 495.133544921875, 632.8223876953125, 0.33281654119491577], [0, 415.1622619628906, 270.55120849609375, 435.0155944824219, 316.58209228515625, 0.2724183201789856]], "patched": [[3, 428.9534912109375, 328.47015380859375, 486.4981689453125, 486.21307373046875, 0.8901478052139282], [0, 477.87921142578125, 498.56353759765625, 508.39190673828125, 560.1764526367188, 0.8531635999679565], [0, 403.4329833984375, 432.2791748046875, 424.850341796875, 491.9320068359375, 0.8514717817306519], [3, 542.004638671875, 553.5848388671875, 605.3560791015625, 639.688720703125, 0.8399765491485596], [0, 198.64622497558594, 79.7105712890625, 211.0987091064453, 117.70208740234375, 0.8249937891960144], [1, 334.2386474609375, 224.26239013671875, 350.9002685546875, 282.6451110839844, 0.7938691973686218], [0, 227.11224365234375, 494.3853759765625, 245.42706298828125, 561.406982421875, 0.776782214641571], [0, 448.1366271972656, 599.9019165039062, 470.8509826660156, 639.8599243164062, 0.7257422804832458], [0, 416.1880187988281, 511.1253967285156, 441.8572692871094, 574.9046630859375, 0.7120872139930725], [0, 219.19137573242188, 51.57771682739258, 231.37155151367188, 88.45411682128906, 0.7038089632987976], [1, 272.173095703125, 560.2467041015625, 290.3504638671875, 638.5906982421875, 0.7037187218666077], [1, 273.2037353515625, 82.56353759765625, 287.259765625, 122.71359252929688, 0.6553518772125244], [0, 436.39599609375, 473.02154541015625, 462.4544677734375, 534.4371948242188, 0.6409157514572144], [1, 516.3505859375, 564.2002563476562, 554.313720703125, 628.5159301757812, 0.6125785708427429], [0, 204.19631958007812, 338.25494384765625, 221.42813110351562, 398.48272705078125, 0.589714765548706], [0, 261.69830322265625, 310.1900634765625, 275.94189453125, 367.8330078125, 0.5821289420127869], [0, 271.8387451171875, 560.25439453125, 290.16192626953125, 638.388671875, 0.43035468459129333], [0, 473.22686767578125, 588.7090454101562, 495.16229248046875, 632.8552856445312, 0.41537418961524963], [4, 295.7978210449219, 452.73602294921875, 305.2718811035156, 489.5841064453125, 0.3976114094257355], [0, 382.61822509765625, 345.0659484863281, 401.05126953125, 401.6914367675781, 0.3620744049549103], [2, 436.732177734375, 473.2388916015625, 462.8509521484375, 534.8304443359375, 0.26693567633628845], [1, 382.2618408203125, 631.711181640625, 402.2801513671875, 640.0, 0.26058730483055115]]}