{"clean": [[0, 84.48681640625, 237.15625, 101.47938537597656, 253.7987060546875, 0.8009901642799377], [0, 148.23748779296875, 295.6759033203125, 174.65283203125, 322.38330078125, 0.7880358695983887], [0, 118.58121490478516, 240.00656127929688, 137.57522583007812, 258.64178466796875, 0.7855522036552429], [0, 193.0972137451172, 224.77325439453125, 212.9504852294922, 245.93853759765625, 0.7741906642913818], [0, 67.12055969238281, 219.73709106445312, 82.69505310058594, 236.08090209960938, 0.7644725441932678], [0, 92.71338653564453, 174.40663146972656, 104.95162200927734, 186.7045135498047, 0.7215569615364075], [0, 58.99436950683594, 162.86074829101562, 70.92745971679688, 173.73745727539062, 0.7103456258773804], [0, 74.38330841064453, 159.32757568359375, 86.81266021728516, 172.00460815429688, 0.4739305078983307], [0, 169.58187866210938, 198.13192749023438, 193.60049438476562, 224.41635131835938, 0.3178400695323944], [0, 244.77139282226562, 182.30780029296875, 260.4676818847656, 196.02490234375, 0.2999178171157837]], "patched": [[0, 84.52001953125, 237.1741943359375, 101.46163940429688, 253.75445556640625, 0.801281213760376], [0, 118.62599182128906, 240.02133178710938, 137.55455017089844, 258.5644226074219, 0.7862369418144226], [0, 148.19964599609375, 294.408447265625, 174.60498046875, 321.1661376953125, 0.7807937860488892], [0, 67.14163208007812, 219.74127197265625, 82.67315673828125, 236.052490234375, 0.7639040350914001], [0, 193.25604248046875, 225.37033081054688, 213.11917114257812, 245.5809326171875, 0.7446771860122681], [0, 92.72470092773438, 174.40219116210938, 104.93955993652344, 186.69155883789062, 0.7221299409866333], [0, 58.95482635498047, 162.9019317626953, 70.87702178955078, 173.7227020263672, 0.7107791304588318], [0, 74.38304138183594, 159.31494140625, 86.80024719238281, 171.9931640625, 0.4728138744831085], [0, 169.6025848388672, 198.15419006347656, 193.54466247558594, 224.3912811279297, 0.3209579288959503], [0, 244.782958984375, 182.29541015625, 260.4522705078125, 195.99526977539062, 0.29102492332458496]]}