{"clean": [[0, 348.2747497558594, 157.37384033203125, 363.9834289550781, 184.15997314453125, 0.794076681137085], [0, 278.5849609375, 189.05264282226562, 288.750732421875, 218.52737426757812, 0.7887327075004578], [0, 267.745849609375, 79.3555908203125, 277.044921875, 102.35946655273438, 0.7695101499557495], [0, 279.6473083496094, 98.06538391113281, 288.9350891113281, 119.51913452148438, 0.744365930557251], [0, 281.78778076171875, 21.40576171875, 290.23040771484375, 41.99839782714844, 0.7268048524856567], [0, 264.1009521484375, 375.98468017578125, 276.20654296875, 415.07318115234375, 0.6741510033607483], [0, 240.9249267578125, 190.01416015625, 252.65350341796875, 219.69927978515625, 0.6286837458610535], [0, 497.53448486328125, 453.1993408203125, 525.5485229492188, 479.7376708984375, 0.5509727597236633], [0, 240.99166870117188, 200.07620239257812, 252.25302124023438, 219.73513793945312, 0.49119657278060913], [0, 353.36749267578125, 311.1487121582031, 363.0792236328125, 348.8855895996094, 0.44698819518089294], [4, 438.81121826171875, 442.65618896484375, 446.19122314453125, 460.41278076171875, 0.41395044326782227]], "patched": [[0, 348.27490234375, 157.37364196777344, 363.984375, 184.16038513183594, 0.7946258187294006], [0, 278.5818786621094, 189.05174255371094, 288.7548522949219, 218.5289764404297, 0.7888325452804565], [0, 267.7458801269531, 79.35301208496094, 277.0464172363281, 102.35966491699219, 0.7698822617530823], [0, 279.64599609375, 98.06306457519531, 288.934814453125, 119.52058410644531, 0.7449034452438354], [0, 281.78680419921875, 21.399826049804688, 290.23150634765625, 42.00139617919922, 0.7267910838127136], [0, 240.922607421875, 190.03028869628906, 252.6522216796875, 219.7013702392578, 0.628075122833252], [0, 497.52947998046875, 453.18975830078125, 525.5591430664062, 479.75030517578125, 0.5555468797683716], [0, 240.98890686035156, 200.08901977539062, 252.2532196044922, 219.73641967773438, 0.4938581883907318], [0, 353.3529052734375, 311.14776611328125, 363.091552734375, 348.8912353515625, 0.4411695599555969], [4, 438.8121337890625, 442.64666748046875, 446.197265625, 460.41497802734375, 0.4197392463684082], [0, 264.26055908203125, 375.55810546875, 276.12884521484375, 414.8310546875, 0.4059455394744873], [4, 264.0327453613281, 375.6885986328125, 276.1270446777344, 414.64044189453125, 0.28877440094947815]]}