{"clean": [[0, 223.19003295898438, 285.2716064453125, 234.9202880859375, 311.220458984375, 0.84471195936203], [2, 189.95233154296875, 496.216064453125, 212.6239013671875, 548.3468017578125, 0.8407986164093018], [0, 203.85269165039062, 228.80503845214844, 220.85006713867188, 248.6842803955078, 0.8356094360351562], [2, 264.8069763183594, 250.21957397460938, 292.4905090332031, 345.6976013183594, 0.810847818851471], [0, 129.00082397460938, 333.7935485839844, 158.29837036132812, 353.7790832519531, 0.7914071679115295], [3, 224.66201782226562, 543.401123046875, 260.9344787597656, 639.878662109375, 0.7745007872581482], [1, 285.52362060546875, 133.1070098876953, 308.43377685546875, 155.83885192871094, 0.7742461562156677], [0, 347.36785888671875, 50.0950927734375, 356.380615234375, 62.193992614746094, 0.7624524235725403], [1, 381.94024658203125, 262.62896728515625, 393.87762451171875, 299.31756591796875, 0.7498969435691833], [0, 419.1011962890625, 112.44024658203125, 430.423095703125, 128.15655517578125, 0.716969907283783], [1, 118.58927917480469, 453.83978271484375, 141.85350036621094, 502.92010498046875, 0.6979095935821533], [0, 168.7175750732422, 121.26533508300781, 188.8398895263672, 131.36412048339844, 0.6204803586006165], [1, 361.42071533203125, 373.59881591796875, 372.81195068359375, 401.74884033203125, 0.5993406772613525], [0, 160.96412658691406, 202.03680419921875, 185.22373962402344, 218.68756103515625, 0.5383545756340027], [0, 94.38253784179688, 334.2508544921875, 125.66943359375, 353.083984375, 0.4824162721633911], [1, 359.79278564453125, 383.96875, 373.56268310546875, 424.2069091796875, 0.48165878653526306], [1, 328.33343505859375, 52.259151458740234, 337.28021240234375, 63.52492904663086, 0.47688645124435425], [3, 118.46283721923828, 453.9801330566406, 141.72198486328125, 503.0256042480469, 0.3404845595359802], [0, 360.129150390625, 397.607666015625, 373.41888427734375, 424.27880859375, 0.2687724232673645]], "patched": [[0, 223.18844604492188, 285.27203369140625, 234.91900634765625, 311.21307373046875, 0.8445957899093628], [0, 203.85562133789062, 228.80661010742188, 220.85140991210938, 248.6737060546875, 0.8360817432403564], [2, 264.8087158203125, 250.2217559814453, 292.4898681640625, 345.69171142578125, 0.8109232187271118], [3, 224.62149047851562, 543.3660278320312, 260.9508056640625, 639.8799438476562, 0.7746261358261108], [1, 285.5251159667969, 133.11068725585938, 308.4333801269531, 155.83828735351562, 0.7741616368293762], [0, 347.3682861328125, 50.09734344482422, 356.3797607421875, 62.19390106201172, 0.762082040309906], [1, 381.9402160644531, 262.630126953125, 393.8785705566406, 299.3150634765625, 0.7495875358581543], [0, 419.1025390625, 112.4412841796875, 430.4241943359375, 128.15786743164062, 0.7167499661445618], [0, 128.25543212890625, 334.570556640625, 158.2904052734375, 354.157958984375, 0.6999440789222717], [1, 118.58929443359375, 453.84716796875, 141.85150146484375, 502.9219970703125, 0.6850199103355408], [0, 168.71783447265625, 121.2623291015625, 188.82965087890625, 131.3665008544922, 0.6223656535148621], [1, 361.4207458496094, 373.59869384765625, 372.8152160644531, 401.74847412109375, 0.604343056678772], [0, 161.40521240234375, 201.96728515625, 185.15225219726562, 218.56915283203125, 0.5484360456466675], [1, 190.29513549804688, 496.01690673828125, 212.48147583007812, 548.1362915039062, 0.5406641960144043], [2, 190.01104736328125, 496.35723876953125, 212.5499267578125, 548.3464965820312, 0.48655977845191956], [1, 359.79351806640625, 385.12225341796875, 373.55609130859375, 424.2008056640625, 0.480122834444046], [0, 93.94418334960938, 334.20526123046875, 125.67245483398438, 353.22906494140625, 0.47667497396469116], [1, 328.33209228515625, 52.259742736816406, 337.2801513671875, 63.52586364746094, 0.47620248794555664], [1, 360.6753234863281, 373.3859558105469, 373.0209655761719, 422.9217834472656, 0.4630841314792633], [3, 118.46484375, 453.9867858886719, 141.72012329101562, 503.0274353027344, 0.36768293380737305], [0, 360.1275634765625, 397.6126708984375, 373.421630859375, 424.2763671875, 0.269857794046402]]}