{"clean": [[0, 252.9598846435547, 2.431825637817383, 280.49249267578125, 61.630645751953125, 0.8007820844650269], [0, 299.35498046875, 606.5799560546875, 321.960693359375, 640.0, 0.7883683443069458], [3, 78.51155090332031, 0.0, 142.62124633789062, 82.01237487792969, 0.7659412622451782], [0, 227.76702880859375, 316.46044921875, 258.57354736328125, 382.1763916015625, 0.7586976289749146], [0, 367.44451904296875, 228.60137939453125, 384.89288330078125, 296.61273193359375, 0.7510504126548767], [0, 390.27166748046875, 365.128662109375, 416.66180419921875, 433.7379150390625, 0.7208269238471985], [0, 156.66622924804688, 444.57037353515625, 188.44613647460938, 515.1867065429688, 0.6877055764198303], [0, 97.665771484375, 586.672607421875, 130.7767333984375, 639.732666015625, 0.44030484557151794], [1, 367.41778564453125, 228.41162109375, 384.9830322265625, 296.49969482421875, 0.42902693152427673], [0, 39.388702392578125, 133.51638793945312, 72.88284301757812, 183.40093994140625, 0.3851684331893921], [4, 327.4715576171875, 401.5012512207031, 339.2156982421875, 431.4283142089844, 0.3744959831237793]], "patched": [[0, 299.58868408203125, 606.9617919921875, 321.81805419921875, 640.0, 0.76978999376297], [3, 367.58740234375, 228.2532958984375, 384.7117919921875, 296.33544921875, 0.7623916268348694], [3, 78.02066040039062, 0.0, 142.2818603515625, 82.14836883544922, 0.7121621370315552], [1, 40.38377380371094, 138.1285400390625, 62.41468048095703, 175.46142578125, 0.6059672236442566], [0, 390.1630554199219, 365.3607177734375, 411.9187927246094, 413.5574951171875, 0.5360215306282043], [0, 156.66690063476562, 447.3079833984375, 185.30557250976562, 496.34033203125, 0.5045144557952881], [0, 253.183349609375, 2.6543807983398438, 279.277587890625, 59.7464714050293, 0.48343074321746826], [0, 227.77890014648438, 316.70343017578125, 251.62161254882812, 368.976806640625, 0.4050764739513397], [3, 390.59356689453125, 365.2580871582031, 411.168212890625, 413.4238586425781, 0.3319970667362213], [0, 253.74508666992188, 6.169586181640625, 273.6248474121094, 45.550025939941406, 0.32016828656196594], [0, 368.83929443359375, 266.49407958984375, 384.35528564453125, 296.24578857421875, 0.3174222409725189], [0, 367.54132080078125, 228.6473388671875, 384.51470947265625, 296.2705078125, 0.2862849831581116]]}