{"clean": [[0, 381.3838195800781, 99.76765441894531, 392.0223083496094, 137.67239379882812, 0.7434580326080322], [0, 375.7970886230469, 242.85891723632812, 388.2588195800781, 285.3457336425781, 0.6075022220611572], [0, 379.9158935546875, 150.9176025390625, 391.00140380859375, 189.86270141601562, 0.538245677947998], [0, 559.4822998046875, 0.029490947723388672, 583.309814453125, 4.205497741699219, 0.34648168087005615], [0, 367.53729248046875, 468.1453857421875, 382.33575439453125, 524.1482543945312, 0.32625696063041687], [0, 613.38623046875, 0.014769554138183594, 626.43310546875, 8.274237632751465, 0.31106460094451904], [0, 373.4489440917969, 351.3824462890625, 385.6571960449219, 394.1212158203125, 0.3097858130931854], [0, 368.3240966796875, 492.01983642578125, 381.2138671875, 524.7197265625, 0.2922794818878174]], "patched": [[0, 381.4349365234375, 99.78012084960938, 392.0020751953125, 137.73602294921875, 0.7480500936508179], [0, 368.3939208984375, 497.4317626953125, 380.7147216796875, 524.9605712890625, 0.7192692756652832], [0, 310.15771484375, 380.4053955078125, 321.4620361328125, 403.6981201171875, 0.683843731880188], [0, 380.09674072265625, 150.97653198242188, 390.93963623046875, 189.894775390625, 0.5292677879333496], [0, 376.1991882324219, 243.83135986328125, 387.4814147949219, 285.05084228515625, 0.5148857831954956], [0, 376.3359680175781, 265.21160888671875, 387.3858947753906, 285.08953857421875, 0.39889365434646606], [1, 310.2705078125, 380.4988708496094, 321.271728515625, 403.3959655761719, 0.3730205297470093], [0, 559.4783935546875, 0.030186176300048828, 583.3270263671875, 4.204604148864746, 0.3339122533798218], [0, 373.5518493652344, 351.95074462890625, 385.1575012207031, 393.771484375, 0.3106336295604706], [0, 613.37646484375, 0.014738082885742188, 626.435302734375, 8.271324157714844, 0.3082926273345947], [0, 352.8134460449219, 29.17277717590332, 362.2224426269531, 61.99629211425781, 0.2889692485332489]]}