{"clean": [[0, 177.77655029296875, 579.6146240234375, 212.04257202148438, 639.7708740234375, 0.7770569324493408], [3, 73.246337890625, 234.27127075195312, 143.07427978515625, 302.4849548339844, 0.7197373509407043], [1, 0.36499786376953125, 581.8623046875, 47.06703186035156, 639.893798828125, 0.675223171710968], [0, 12.684520721435547, 220.96401977539062, 36.54395294189453, 245.84939575195312, 0.5785308480262756], [0, 101.43370056152344, 287.0268859863281, 144.87705993652344, 335.4660949707031, 0.5723893642425537], [0, 156.5157928466797, 21.09573745727539, 167.7891082763672, 40.686702728271484, 0.4745597243309021]], "patched": [[0, 178.95745849609375, 579.55078125, 211.75503540039062, 639.555419921875, 0.7544568181037903], [3, 73.22915649414062, 234.25364685058594, 143.14720153808594, 302.528564453125, 0.7322131395339966], [1, 0.35994720458984375, 581.865234375, 47.09263610839844, 639.8897705078125, 0.641356885433197], [0, 13.06277084350586, 220.6441650390625, 35.72209930419922, 245.06158447265625, 0.575717031955719], [0, 101.3572998046875, 287.01068115234375, 144.9757537841797, 335.56982421875, 0.5654186010360718], [0, 156.6720733642578, 21.738265991210938, 168.0324249267578, 40.8968620300293, 0.4674225449562073]]}