{"clean": [[0, 28.57648468017578, 314.0447082519531, 110.81473541259766, 379.7005310058594, 0.934272050857544], [0, 5.904182434082031, 367.9319763183594, 95.86504364013672, 440.7912292480469, 0.9116480350494385], [0, 229.874267578125, 314.39129638671875, 278.90673828125, 419.93951416015625, 0.9064717888832092], [0, 170.72955322265625, 320.04119873046875, 218.18072509765625, 417.91790771484375, 0.9056406617164612], [0, 200.85342407226562, 186.860595703125, 248.46185302734375, 280.5595703125, 0.8998667001724243], [0, 5.948265075683594, 202.58209228515625, 92.87796020507812, 257.80126953125, 0.8911550045013428], [0, 0.032283782958984375, 420.5809020996094, 51.94255065917969, 509.7585754394531, 0.8821613192558289], [0, 399.968017578125, 175.97222900390625, 459.9591064453125, 267.5146179199219, 0.8806179165840149], [0, 421.8331298828125, 269.53643798828125, 487.144287109375, 369.96014404296875, 0.8656651973724365], [0, 8.069816589355469, 156.8896484375, 87.81433868408203, 209.02099609375, 0.8602993488311768], [0, 31.652755737304688, 252.91094970703125, 116.3309326171875, 303.1785888671875, 0.8164458274841309], [0, 475.50274658203125, 218.76747131347656, 545.1044311523438, 305.544189453125, 0.7855255603790283], [0, 167.02743530273438, 87.95636749267578, 216.55831909179688, 170.1630859375, 0.5803669095039368], [0, 362.7408447265625, 95.04315948486328, 413.71514892578125, 176.603271484375, 0.4531540870666504]], "patched": [[0, 28.776355743408203, 314.08502197265625, 110.84663391113281, 378.93255615234375, 0.9017995595932007], [0, 230.5540771484375, 313.9873046875, 279.1704406738281, 420.0692138671875, 0.8924580812454224], [0, 170.895751953125, 319.8307189941406, 217.79998779296875, 417.6687927246094, 0.8774973750114441], [0, 6.006622314453125, 203.2979736328125, 92.80677032470703, 257.1622619628906, 0.8750540614128113], [0, 421.83087158203125, 269.3658447265625, 486.97454833984375, 369.4195556640625, 0.8713797330856323], [0, 6.21649169921875, 368.01885986328125, 95.909912109375, 441.29840087890625, 0.8228339552879333], [0, 7.6895294189453125, 156.73110961914062, 88.07293701171875, 209.57736206054688, 0.8216872215270996], [0, 201.14378356933594, 186.69451904296875, 248.35169982910156, 279.9193115234375, 0.7846603989601135], [1, 30.873458862304688, 253.239501953125, 116.17021179199219, 303.0718994140625, 0.7510542869567871], [0, 399.9882507324219, 175.96383666992188, 460.0935974121094, 266.8705139160156, 0.7504477500915527], [0, 475.271240234375, 218.79473876953125, 543.4234008789062, 305.71807861328125, 0.6615698933601379], [0, 0.03977203369140625, 419.224365234375, 52.02018737792969, 509.3594970703125, 0.6248053908348083], [0, 167.06253051757812, 91.49059295654297, 216.111083984375, 169.5062255859375, 0.5137813687324524], [1, 1.2726211547851562, 101.27949523925781, 90.27637481689453, 142.36753845214844, 0.49623486399650574], [0, 274.802001953125, 0.0, 310.17584228515625, 11.019431114196777, 0.295460045337677], [0, 0.0, 535.27001953125, 15.526471138000488, 611.334716796875, 0.25554564595222473], [1, 0.034481048583984375, 536.2625732421875, 15.542680740356445, 617.6903076171875, 0.2520097494125366]]}