{"clean": [[0, 445.60028076171875, 189.42788696289062, 459.66448974609375, 234.97555541992188, 0.7805043458938599], [0, 273.2943115234375, 421.8199462890625, 289.589599609375, 476.9246826171875, 0.7765629291534424], [1, 341.16748046875, 162.03366088867188, 353.3026123046875, 204.44570922851562, 0.7598134279251099], [0, 413.2666320800781, 220.67120361328125, 428.4201965332031, 267.04315185546875, 0.7482649683952332], [1, 407.81427001953125, 39.287498474121094, 421.70733642578125, 82.13700866699219, 0.7475579380989075], [0, 363.9632568359375, 291.64581298828125, 377.7762451171875, 340.13934326171875, 0.7350274920463562], [1, 395.0806884765625, 272.49627685546875, 409.2342529296875, 327.23858642578125, 0.7344492077827454], [0, 340.75274658203125, 435.3338623046875, 355.18182373046875, 492.741455078125, 0.7272281050682068], [1, 370.14208984375, 63.95233154296875, 383.587890625, 101.78395080566406, 0.7185760736465454], [0, 272.1863098144531, 175.76751708984375, 285.1437683105469, 213.27584838867188, 0.6897273063659668], [0, 474.06280517578125, 279.38616943359375, 489.01470947265625, 329.69915771484375, 0.6860944628715515], [0, 616.9197387695312, 255.36370849609375, 639.9331665039062, 282.0465087890625, 0.6736459732055664], [1, 484.9649963378906, 422.83258056640625, 501.9707946777344, 484.61358642578125, 0.5991919040679932], [0, 393.77117919921875, 105.76773071289062, 408.13848876953125, 146.79266357421875, 0.588656485080719], [1, 333.6317138671875, 3.4099655151367188, 346.951416015625, 34.385772705078125, 0.5727199912071228], [3, 524.458740234375, 512.1793212890625, 543.9400634765625, 580.2034912109375, 0.5482698678970337], [1, 524.75830078125, 512.3507080078125, 543.977294921875, 580.4842529296875, 0.47170642018318176], [1, 393.725830078125, 105.91316223144531, 408.149658203125, 146.9618682861328, 0.27973535656929016]], "patched": [[1, 333.8685607910156, 3.4739723205566406, 346.5909729003906, 33.915443420410156, 0.7395206689834595], [0, 364.0945739746094, 291.6544494628906, 377.5830383300781, 340.2922668457031, 0.7052218317985535], [1, 395.16357421875, 272.52728271484375, 409.1634521484375, 327.14569091796875, 0.6972418427467346], [1, 474.47833251953125, 279.7296142578125, 488.74395751953125, 329.7509765625, 0.685764729976654], [0, 273.3345947265625, 421.790771484375, 289.420166015625, 476.98828125, 0.6825053095817566], [0, 340.91668701171875, 435.34344482421875, 355.06048583984375, 492.75372314453125, 0.6623103022575378], [1, 370.32525634765625, 63.85179901123047, 382.64031982421875, 101.3586196899414, 0.6506279110908508], [1, 407.8502197265625, 39.284454345703125, 421.57666015625, 82.029052734375, 0.6442128419876099], [0, 395.4792785644531, 125.24629211425781, 407.9855651855469, 146.8312530517578, 0.6438698172569275], [3, 524.5901489257812, 512.2379150390625, 543.6388549804688, 580.1151123046875, 0.6233485341072083], [0, 413.4692687988281, 220.6488037109375, 427.9216003417969, 267.2960205078125, 0.5750975012779236], [0, 271.88726806640625, 174.36297607421875, 285.01654052734375, 213.27850341796875, 0.5175822973251343], [0, 616.992919921875, 255.64871215820312, 639.9384765625, 281.7257385253906, 0.49622756242752075], [1, 341.24456787109375, 161.89071655273438, 352.62335205078125, 204.22103881835938, 0.4688565135002136], [3, 407.7437744140625, 39.00737762451172, 421.540283203125, 81.97293853759766, 0.45081737637519836], [1, 485.08984375, 423.01806640625, 501.33612060546875, 484.596435546875, 0.39483019709587097], [0, 445.8275146484375, 189.47406005859375, 459.06103515625, 235.29388427734375, 0.3795972168445587], [1, 524.9234619140625, 512.4605712890625, 543.6104736328125, 580.3709716796875, 0.31962916254997253], [2, 526.11865234375, 218.30117797851562, 548.397216796875, 259.9910583496094, 0.30881646275520325], [2, 341.3094177246094, 162.00601196289062, 352.7937316894531, 204.54605102539062, 0.30387580394744873], [2, 484.976318359375, 423.0301208496094, 501.20501708984375, 484.6401062011719, 0.28847530484199524], [0, 394.199462890625, 105.64814758300781, 405.871826171875, 127.04045104980469, 0.257821261882782]]}