{"clean": [[3, 242.32815551757812, 21.30440330505371, 266.0658264160156, 76.12259674072266, 0.8834284543991089], [3, 311.2214660644531, 162.46888732910156, 343.3877868652344, 248.91188049316406, 0.8822759389877319], [0, 297.096435546875, 143.12112426757812, 307.0946044921875, 165.87747192382812, 0.8219422101974487], [3, 262.88311767578125, 97.46905517578125, 278.74493408203125, 167.0772705078125, 0.8176562190055847], [0, 298.13946533203125, 109.83514404296875, 309.84222412109375, 131.1727294921875, 0.8153709173202515], [0, 253.74267578125, 0.0, 264.00042724609375, 10.88143539428711, 0.7304269671440125], [0, 279.33172607421875, 59.889488220214844, 290.38653564453125, 78.44396209716797, 0.6067631244659424], [3, 235.47705078125, 396.82470703125, 262.2568664550781, 558.2725830078125, 0.476746529340744], [3, 272.0458068847656, 590.8983154296875, 288.8089904785156, 639.9722900390625, 0.4665534198284149], [1, 271.62457275390625, 591.0216674804688, 288.28363037109375, 640.0, 0.4065997302532196], [0, 235.63583374023438, 0.0, 245.7274169921875, 8.780180931091309, 0.3970034718513489]], "patched": [[3, 242.32870483398438, 21.297157287597656, 266.0725402832031, 76.1302261352539, 0.8833619356155396], [3, 311.21630859375, 162.46633911132812, 343.389892578125, 248.91220092773438, 0.8824424147605896], [0, 297.10162353515625, 143.12355041503906, 307.09124755859375, 165.8755340576172, 0.8225197196006775], [3, 262.88568115234375, 97.46385192871094, 278.74481201171875, 167.0841522216797, 0.8178759813308716], [0, 298.1347961425781, 109.81718444824219, 309.8438415527344, 131.1751251220703, 0.8157265782356262], [0, 253.73297119140625, 0.0, 264.007568359375, 10.88737964630127, 0.7307077646255493], [0, 279.3251037597656, 59.87586212158203, 290.3965759277344, 78.4522476196289, 0.6120445728302002], [3, 235.49905395507812, 396.82550048828125, 262.2356872558594, 558.2789306640625, 0.4835543632507324], [0, 235.6183319091797, 0.0, 245.73439025878906, 8.783262252807617, 0.39608263969421387]]}