{"clean": [[0, 426.4346923828125, 588.4178466796875, 441.85858154296875, 605.2952880859375, 0.7267937064170837], [0, 367.0501708984375, 612.2006225585938, 384.6949462890625, 632.0835571289062, 0.663536548614502], [0, 171.69357299804688, 479.2877197265625, 180.20123291015625, 499.27099609375, 0.597110390663147], [4, 147.52572631835938, 191.39552307128906, 152.52377319335938, 202.6373748779297, 0.5342174172401428], [0, 360.97998046875, 160.6706085205078, 369.5330810546875, 173.3296661376953, 0.49236416816711426], [4, 146.0291748046875, 161.5992431640625, 151.76571655273438, 173.55474853515625, 0.48236721754074097], [3, 82.60519409179688, 524.9619140625, 113.16796875, 578.6309814453125, 0.36288827657699585], [0, 366.2459716796875, 169.9599609375, 374.5098876953125, 185.5902099609375, 0.2759343981742859], [0, 163.6737823486328, 303.1003112792969, 171.8329620361328, 312.9206848144531, 0.2512170970439911]], "patched": [[0, 426.3719787597656, 588.353271484375, 441.9445495605469, 605.3055419921875, 0.732923686504364], [0, 366.99468994140625, 612.1732177734375, 384.79791259765625, 632.1014404296875, 0.6428580284118652], [4, 147.5167236328125, 191.39077758789062, 152.5289306640625, 202.63296508789062, 0.5324376821517944], [0, 171.67153930664062, 479.297119140625, 180.22695922851562, 499.245849609375, 0.5256863832473755], [0, 360.9759521484375, 160.6713104248047, 369.538330078125, 173.33192443847656, 0.4920235574245453], [4, 146.02291870117188, 161.60052490234375, 151.7718505859375, 173.55615234375, 0.47996529936790466], [0, 366.24365234375, 169.9639434814453, 374.513671875, 185.58741760253906, 0.2727726995944977], [0, 163.6690673828125, 303.090576171875, 171.84967041015625, 312.93035888671875, 0.2705792784690857], [3, 82.82772827148438, 525.46435546875, 109.18051147460938, 566.751708984375, 0.2696686387062073]]}