{"clean": [[0, 112.91981506347656, 477.56085205078125, 139.8373565673828, 520.964111328125, 0.8167119026184082], [0, 147.86575317382812, 466.7005615234375, 170.03775024414062, 499.871826171875, 0.8151649236679077], [0, 220.41851806640625, 227.69271850585938, 232.7293701171875, 243.63034057617188, 0.802054226398468], [0, 264.621337890625, 117.82650756835938, 271.08477783203125, 126.78366088867188, 0.7378241419792175], [0, 245.67767333984375, 106.77131652832031, 252.0179443359375, 115.50721740722656, 0.7171179056167603], [0, 236.39756774902344, 113.34644317626953, 243.16102600097656, 121.38994598388672, 0.7047954797744751], [3, 445.81964111328125, 450.9422607421875, 466.7108154296875, 492.010498046875, 0.6851192712783813], [0, 269.44439697265625, 92.57579040527344, 275.42987060546875, 99.47523498535156, 0.6102665662765503], [0, 272.37469482421875, 111.16663360595703, 278.56610107421875, 119.56786346435547, 0.5606833100318909], [0, 266.44580078125, 71.73725128173828, 271.41033935546875, 77.34278106689453, 0.5194375514984131], [0, 261.30194091796875, 73.47838592529297, 266.904052734375, 81.04138946533203, 0.40152508020401], [0, 321.724609375, 113.15565490722656, 327.8133544921875, 120.64595031738281, 0.38470929861068726], [0, 238.76634216308594, 90.19371032714844, 245.1492156982422, 98.51838684082031, 0.37191057205200195], [0, 366.926025390625, 175.1591796875, 374.128173828125, 184.68292236328125, 0.3700059652328491]], "patched": [[0, 220.44775390625, 227.71139526367188, 232.679931640625, 243.57705688476562, 0.8031787872314453], [0, 148.15036010742188, 468.1234130859375, 169.18637084960938, 499.940185546875, 0.7955185770988464], [0, 264.628662109375, 117.8153076171875, 271.08209228515625, 126.78448486328125, 0.7382021546363831], [0, 245.6752471923828, 106.76262664794922, 252.0207977294922, 115.5255355834961, 0.7200794219970703], [0, 236.40203857421875, 113.32395935058594, 243.16094970703125, 121.39060974121094, 0.7037560939788818], [3, 445.93609619140625, 450.9449462890625, 466.69000244140625, 492.0269775390625, 0.6970483660697937], [0, 113.14056396484375, 478.12042236328125, 139.28843688964844, 520.7550048828125, 0.6735594868659973], [0, 269.445068359375, 92.57035827636719, 275.4305419921875, 99.47981262207031, 0.6088854670524597], [0, 272.37738037109375, 111.15924835205078, 278.56219482421875, 119.57006072998047, 0.5660130381584167], [0, 266.44573974609375, 71.72381591796875, 271.41021728515625, 77.34500122070312, 0.5184305906295776], [0, 261.29962158203125, 73.46614074707031, 266.90472412109375, 81.04652404785156, 0.4006515443325043], [0, 321.723388671875, 113.14479064941406, 327.81878662109375, 120.65489196777344, 0.3852839767932892], [0, 366.93182373046875, 175.14576721191406, 374.12103271484375, 184.6780242919922, 0.37260565161705017], [0, 238.7655792236328, 90.16427612304688, 245.1564178466797, 98.52462768554688, 0.37107396125793457], [2, 390.28033447265625, 259.0238037109375, 405.019775390625, 282.2210693359375, 0.25555142760276794]]}