{"clean": [[0, 348.7397766113281, 299.7278137207031, 360.5864562988281, 330.9973449707031, 0.8207642436027527], [0, 326.93182373046875, 591.5104370117188, 346.98138427734375, 640.0, 0.7810437083244324], [0, 326.50946044921875, 65.43882751464844, 334.91876220703125, 84.02922058105469, 0.7752598524093628], [0, 288.155517578125, 63.550453186035156, 297.385498046875, 78.68814849853516, 0.7265353202819824], [0, 360.87286376953125, 45.62004852294922, 371.60552978515625, 62.50800323486328, 0.6890612840652466], [3, 319.63336181640625, 0.0, 330.6641845703125, 39.29612731933594, 0.6803231835365295], [0, 167.81488037109375, 479.2496337890625, 189.83673095703125, 535.7485961914062, 0.6478673219680786], [1, 168.05657958984375, 479.2918701171875, 189.78607177734375, 535.633056640625, 0.5659049153327942], [1, 341.6962585449219, 195.39813232421875, 352.0681457519531, 223.902099609375, 0.5409513115882874], [0, 341.6192626953125, 195.6554412841797, 352.13330078125, 224.1708221435547, 0.5267766714096069], [0, 635.350830078125, 228.54443359375, 640.0, 247.1541748046875, 0.3984288275241852], [3, 280.58636474609375, 26.61415672302246, 297.57977294921875, 63.767234802246094, 0.38225436210632324], [1, 327.9091796875, 591.4124755859375, 346.9119873046875, 639.9827880859375, 0.3468114137649536]], "patched": [[0, 327.0836181640625, 591.4617919921875, 346.567138671875, 640.0, 0.8387108445167542], [0, 348.74456787109375, 299.7304382324219, 360.58160400390625, 330.9798889160156, 0.8196555376052856], [0, 167.58131408691406, 479.21112060546875, 189.7820281982422, 535.7449340820312, 0.7793847322463989], [0, 326.50921630859375, 65.43892669677734, 334.91937255859375, 84.03276824951172, 0.7757753729820251], [0, 288.15545654296875, 63.547935485839844, 297.38739013671875, 78.69202423095703, 0.7264858484268188], [0, 360.87188720703125, 45.61785888671875, 371.60626220703125, 62.510009765625, 0.6899067759513855], [3, 319.6319580078125, 0.0, 330.6644287109375, 39.298194885253906, 0.6797268390655518], [1, 341.69757080078125, 195.39837646484375, 352.06732177734375, 223.89910888671875, 0.5491049289703369], [0, 341.62347412109375, 195.65805053710938, 352.12872314453125, 224.16708374023438, 0.5139729380607605], [0, 635.357177734375, 228.55740356445312, 640.0, 247.13833618164062, 0.40681755542755127], [3, 280.589111328125, 26.612733840942383, 297.581787109375, 63.76615905761719, 0.3784496784210205]]}