{"clean": [[3, 334.568603515625, 328.427734375, 358.7000732421875, 379.23291015625, 0.821303129196167], [0, 404.1173400878906, 531.622314453125, 426.3275451660156, 572.71044921875, 0.8032615184783936], [0, 410.3463134765625, 487.40924072265625, 430.03338623046875, 519.7290649414062, 0.7959903478622437], [0, 438.63922119140625, 615.034423828125, 469.30780029296875, 640.0, 0.7708492279052734], [0, 424.086669921875, 529.47705078125, 457.433349609375, 583.5732421875, 0.7515749931335449], [3, 356.34405517578125, 369.3959655761719, 399.64520263671875, 489.5363464355469, 0.6699528098106384], [3, 307.6710205078125, 256.5953674316406, 340.1962890625, 326.1257629394531, 0.665190577507019], [3, 588.1563720703125, 6.952347755432129, 628.86083984375, 33.601715087890625, 0.47958624362945557]], "patched": [[3, 334.595703125, 328.404052734375, 358.66986083984375, 379.38128662109375, 0.857756495475769], [0, 424.7039489746094, 529.5164794921875, 441.9308776855469, 558.6502685546875, 0.7933733463287354], [0, 438.6358947753906, 614.9876708984375, 468.5712585449219, 640.0, 0.6966161727905273], [3, 309.29620361328125, 256.78863525390625, 339.71685791015625, 326.66351318359375, 0.6768912672996521], [3, 356.58624267578125, 369.3122863769531, 399.841796875, 490.3157043457031, 0.6647490859031677], [0, 404.5963134765625, 531.919677734375, 426.29119873046875, 572.554931640625, 0.5816625952720642], [0, 411.2259216308594, 487.41546630859375, 430.0037536621094, 519.8920288085938, 0.5638117790222168], [0, 404.5417785644531, 532.1923217773438, 424.6908264160156, 560.0975952148438, 0.45892804861068726], [3, 588.1796875, 6.942776679992676, 628.949462890625, 34.2183952331543, 0.39105701446533203]]}