{"clean": [[0, 415.7369689941406, 416.57806396484375, 446.1507263183594, 453.40460205078125, 0.8971331715583801], [3, 351.35943603515625, 0.29261016845703125, 366.07012939453125, 67.69258880615234, 0.7968263030052185], [1, 249.46142578125, 208.76986694335938, 264.45391845703125, 256.0117492675781, 0.7938529849052429], [3, 497.211181640625, 441.67181396484375, 550.497802734375, 481.00848388671875, 0.7914480566978455], [0, 0.061763763427734375, 544.3929443359375, 31.344348907470703, 579.0809326171875, 0.7870296239852905], [0, 205.67819213867188, 195.75633239746094, 218.73178100585938, 232.77040100097656, 0.7604443430900574], [0, 278.34259033203125, 0.0, 288.30303955078125, 19.574670791625977, 0.7313114404678345], [1, 335.362548828125, 119.98503112792969, 344.9556884765625, 157.24952697753906, 0.7254346013069153], [1, 227.44207763671875, 533.353271484375, 249.58441162109375, 601.715576171875, 0.7214613556861877], [0, 353.43829345703125, 330.99346923828125, 369.44012451171875, 359.39215087890625, 0.6842102408409119], [1, 334.1588439941406, 19.256750106811523, 344.1961364746094, 57.79578399658203, 0.6437764763832092], [0, 253.94833374023438, 347.3345947265625, 268.9825744628906, 399.84014892578125, 0.6374465823173523], [3, 209.02232360839844, 466.18994140625, 230.8025665283203, 530.19677734375, 0.6290273070335388], [0, 340.0943298339844, 221.514404296875, 352.5537414550781, 263.0546875, 0.5541567802429199], [1, 253.6116485595703, 347.47711181640625, 268.99285888671875, 399.90863037109375, 0.5059061646461487], [1, 210.12936401367188, 466.329345703125, 230.90237426757812, 530.30859375, 0.41927334666252136], [1, 340.2311706542969, 221.49789428710938, 352.6556091308594, 263.2377624511719, 0.329657644033432], [0, 13.116842269897461, 419.767333984375, 27.678396224975586, 446.4697265625, 0.3145850598812103], [0, 0.018654346466064453, 363.24395751953125, 6.296424388885498, 394.22296142578125, 0.2681976854801178]], "patched": [[0, 415.65789794921875, 416.50604248046875, 446.13848876953125, 453.38104248046875, 0.8361628651618958], [3, 351.39599609375, 0.28783416748046875, 366.0567626953125, 67.69309997558594, 0.7975218892097473], [3, 497.2010498046875, 441.6588134765625, 550.501220703125, 481.0379638671875, 0.7969988584518433], [1, 249.4739990234375, 208.7724609375, 264.44927978515625, 256.0087890625, 0.7875673174858093], [0, 205.93585205078125, 195.7650146484375, 218.74041748046875, 232.95068359375, 0.7762211561203003], [0, 278.3536682128906, 0.0, 288.2899475097656, 19.577932357788086, 0.7283949255943298], [1, 335.3756103515625, 119.98497009277344, 344.9404296875, 157.2447967529297, 0.711463987827301], [1, 227.45535278320312, 533.3370361328125, 249.62490844726562, 601.7308349609375, 0.6854745149612427], [0, 353.48944091796875, 331.12646484375, 369.42254638671875, 359.4312744140625, 0.6569353342056274], [0, 0.14768600463867188, 544.1058349609375, 31.166656494140625, 578.5408935546875, 0.6569157838821411], [1, 334.16094970703125, 19.253097534179688, 344.1878662109375, 57.813079833984375, 0.639640748500824], [3, 209.05694580078125, 466.287109375, 230.816650390625, 529.685302734375, 0.603319525718689], [1, 0.2027587890625, 544.2935791015625, 31.30537986755371, 578.8763427734375, 0.5522935390472412], [1, 253.68846130371094, 347.497314453125, 268.9410400390625, 399.93438720703125, 0.4888441264629364], [1, 339.86602783203125, 221.45458984375, 352.169677734375, 263.07000732421875, 0.4804762601852417], [0, 254.22991943359375, 347.3546142578125, 268.97137451171875, 400.00238037109375, 0.4471181035041809], [1, 210.22998046875, 466.37335205078125, 230.894287109375, 530.303955078125, 0.37747734785079956], [0, 13.26983642578125, 420.4490966796875, 27.717113494873047, 446.4840087890625, 0.2839212715625763], [2, 209.74417114257812, 466.50811767578125, 230.85018920898438, 530.1931762695312, 0.274364173412323], [0, 205.9569854736328, 214.98019409179688, 216.8335723876953, 232.81948852539062, 0.255942702293396], [0, 339.79058837890625, 221.09133911132812, 352.55926513671875, 263.0951843261719, 0.25319764018058777]]}