{"clean": [[2, 199.32179260253906, 154.9461669921875, 248.4578399658203, 205.44525146484375, 0.7471195459365845], [3, 155.0848388671875, 271.44677734375, 210.566162109375, 330.943603515625, 0.636318564414978], [1, 138.687744140625, 251.10867309570312, 162.78530883789062, 281.5209045410156, 0.5451463460922241], [0, 297.3956298828125, 117.71822357177734, 316.309814453125, 149.44161987304688, 0.4891550540924072], [4, 86.80084228515625, 410.97576904296875, 95.22451782226562, 429.18914794921875, 0.464700847864151], [1, 350.66082763671875, 68.44021606445312, 373.46588134765625, 95.05500793457031, 0.39906901121139526], [0, 187.2841796875, 219.364501953125, 206.21905517578125, 242.25494384765625, 0.35406970977783203], [2, 207.6748046875, 183.30650329589844, 251.73052978515625, 224.69444274902344, 0.25211647152900696]], "patched": [[2, 199.3448486328125, 154.96829223632812, 248.3499755859375, 205.3194580078125, 0.6875970363616943], [3, 155.09210205078125, 271.47393798828125, 210.53369140625, 331.24871826171875, 0.6032446622848511], [1, 138.6168670654297, 251.12567138671875, 162.7788543701172, 281.35064697265625, 0.4998772442340851], [4, 86.82443237304688, 410.98638916015625, 95.21664428710938, 429.150146484375, 0.41451296210289], [1, 350.7056884765625, 68.713623046875, 372.9853515625, 95.00628662109375, 0.4042593538761139], [1, 187.0362548828125, 219.5283203125, 206.28570556640625, 242.52484130859375, 0.34929242730140686], [0, 187.29693603515625, 219.4091796875, 206.181640625, 242.19976806640625, 0.30826619267463684]]}