{"clean": [[0, 452.29986572265625, 344.3651428222656, 488.95050048828125, 387.4673767089844, 0.8758044242858887], [0, 445.08038330078125, 228.546875, 468.98699951171875, 245.406005859375, 0.8572208285331726], [0, 218.64697265625, 210.25025939941406, 232.12298583984375, 229.82240295410156, 0.8109704852104187], [0, 191.94924926757812, 162.74462890625, 204.47610473632812, 176.70162963867188, 0.788885772228241], [0, 289.7906494140625, 181.51864624023438, 308.0689697265625, 199.60598754882812, 0.6690137386322021], [0, 176.12364196777344, 68.55079650878906, 190.7624969482422, 75.41099548339844, 0.6353035569190979], [4, 492.90106201171875, 221.60061645507812, 500.3897705078125, 233.08139038085938, 0.5801675915718079], [4, 180.21224975585938, 295.4250793457031, 186.8052978515625, 313.4681091308594, 0.5722298622131348], [2, 528.5984497070312, 431.9632568359375, 554.7632446289062, 460.3980712890625, 0.48169076442718506], [0, 171.3245086669922, 64.25779724121094, 185.0467071533203, 71.50880432128906, 0.40792417526245117]], "patched": [[0, 452.29986572265625, 344.3651428222656, 488.95050048828125, 387.4673767089844, 0.8758044242858887], [0, 445.08038330078125, 228.546875, 468.98699951171875, 245.406005859375, 0.8572208285331726], [0, 218.64697265625, 210.25025939941406, 232.12298583984375, 229.82240295410156, 0.8109704852104187], [0, 191.94924926757812, 162.74462890625, 204.47610473632812, 176.70162963867188, 0.788885772228241], [0, 289.7906494140625, 181.51864624023438, 308.0689697265625, 199.60598754882812, 0.6690137386322021], [0, 176.12364196777344, 68.55079650878906, 190.7624969482422, 75.41099548339844, 0.6353035569190979], [4, 492.90106201171875, 221.60061645507812, 500.3897705078125, 233.08139038085938, 0.5801675915718079], [4, 180.21224975585938, 295.4250793457031, 186.8052978515625, 313.4681091308594, 0.5722298622131348], [2, 528.5984497070312, 431.9632568359375, 554.7632446289062, 460.3980712890625, 0.48169076442718506], [0, 171.3245086669922, 64.25779724121094, 185.0467071533203, 71.50880432128906, 0.40792417526245117]]}