{"clean": [[0, 518.7109375, 326.33538818359375, 542.387451171875, 366.78826904296875, 0.8659304976463318], [0, 160.66873168945312, 402.7813720703125, 191.89144897460938, 435.59423828125, 0.8584093451499939], [0, 531.0699462890625, 268.862548828125, 554.909423828125, 294.49462890625, 0.8338931202888489], [0, 364.5826721191406, 296.434814453125, 383.6692810058594, 337.819580078125, 0.8241197466850281], [0, 203.89395141601562, 354.8546142578125, 220.29925537109375, 399.40789794921875, 0.8111327290534973], [0, 464.19793701171875, 228.76495361328125, 483.28082275390625, 266.5799560546875, 0.8073604702949524], [0, 379.1990966796875, 290.3762512207031, 397.5751953125, 331.7414245605469, 0.7989401817321777], [0, 254.47885131835938, 338.925048828125, 272.8738708496094, 383.28369140625, 0.7824018001556396], [0, 272.615234375, 334.3899841308594, 288.6689453125, 377.4110412597656, 0.682304322719574], [0, 620.6472778320312, 251.31137084960938, 640.0, 276.5796813964844, 0.4907688498497009], [0, 468.5653076171875, 171.38771057128906, 495.314453125, 191.5415802001953, 0.47478556632995605], [1, 620.7391357421875, 250.5229949951172, 639.9952392578125, 276.33734130859375, 0.2724872827529907]], "patched": [[0, 518.7109375, 326.33538818359375, 542.387451171875, 366.78826904296875, 0.8659304976463318], [0, 160.66873168945312, 402.7813720703125, 191.89144897460938, 435.59423828125, 0.8584093451499939], [0, 531.0699462890625, 268.862548828125, 554.909423828125, 294.49462890625, 0.8338931202888489], [0, 364.5826721191406, 296.434814453125, 383.6692810058594, 337.819580078125, 0.8241197466850281], [0, 203.89395141601562, 354.8546142578125, 220.29925537109375, 399.40789794921875, 0.8111327290534973], [0, 464.19793701171875, 228.76495361328125, 483.28082275390625, 266.5799560546875, 0.8073604702949524], [0, 379.1990966796875, 290.3762512207031, 397.5751953125, 331.7414245605469, 0.7989401817321777], [0, 254.47885131835938, 338.925048828125, 272.8738708496094, 383.28369140625, 0.7824018001556396], [0, 272.615234375, 334.3899841308594, 288.6689453125, 377.4110412597656, 0.682304322719574], [0, 620.6472778320312, 251.31137084960938, 640.0, 276.5796813964844, 0.4907688498497009], [0, 468.5653076171875, 171.38771057128906, 495.314453125, 191.5415802001953, 0.47478556632995605], [1, 620.7391357421875, 250.5229949951172, 639.9952392578125, 276.33734130859375, 0.2724872827529907]]}