{"clean": [[0, 87.04159545898438, 242.32723999023438, 109.81307983398438, 286.7055969238281, 0.8212417364120483], [1, 184.49871826171875, 10.7879056930542, 202.58587646484375, 26.887165069580078, 0.7350486516952515], [1, 197.3909454345703, 25.251590728759766, 214.60289001464844, 42.639583587646484, 0.6885027885437012], [0, 0.0, 304.8636474609375, 21.94686508178711, 356.15869140625, 0.5942642092704773], [3, 96.63948059082031, 184.83773803710938, 151.17881774902344, 282.89678955078125, 0.39499431848526], [1, 409.836669921875, 46.82953643798828, 424.6885986328125, 60.95861053466797, 0.3468273878097534], [0, 522.51318359375, 453.75146484375, 547.0189208984375, 491.8558349609375, 0.29803377389907837], [3, 84.49960327148438, 163.10760498046875, 153.2369384765625, 283.15399169921875, 0.26637738943099976]], "patched": [[0, 87.04159545898438, 242.32723999023438, 109.81307983398438, 286.7055969238281, 0.8212417364120483], [1, 184.49871826171875, 10.7879056930542, 202.58587646484375, 26.887165069580078, 0.7350486516952515], [1, 197.3909454345703, 25.251590728759766, 214.60289001464844, 42.639583587646484, 0.6885027885437012], [0, 0.0, 304.8636474609375, 21.94686508178711, 356.15869140625, 0.5942642092704773], [3, 96.63948059082031, 184.83773803710938, 151.17881774902344, 282.89678955078125, 0.39499431848526], [1, 409.836669921875, 46.82953643798828, 424.6885986328125, 60.95861053466797, 0.3468273878097534], [0, 522.51318359375, 453.75146484375, 547.0189208984375, 491.8558349609375, 0.29803377389907837], [3, 84.49960327148438, 163.10760498046875, 153.2369384765625, 283.15399169921875, 0.26637738943099976]]}