{"clean": [[0, 486.94775390625, 249.80770874023438, 532.9046630859375, 270.4753723144531, 0.34378910064697266]], "patched": [[0, 488.51141357421875, 249.46905517578125, 532.8684692382812, 270.2645263671875, 0.4987606704235077]]}