{"clean": [[0, 463.3902587890625, 534.03125, 507.1063232421875, 613.877197265625, 0.8796186447143555], [0, 455.64471435546875, 366.056396484375, 489.77337646484375, 422.787353515625, 0.8600592613220215], [0, 400.2099609375, 532.0318603515625, 437.7025146484375, 612.8634033203125, 0.8600159287452698], [1, 439.77276611328125, 435.4770202636719, 470.78277587890625, 498.2272033691406, 0.8587466478347778], [1, 377.61737060546875, 399.51702880859375, 403.277099609375, 452.92095947265625, 0.8522700667381287], [0, 237.24053955078125, 251.3428497314453, 254.81719970703125, 282.75396728515625, 0.8301937580108643], [1, 74.18817138671875, 351.43646240234375, 111.4322509765625, 410.260009765625, 0.8022034764289856], [0, 303.11297607421875, 229.98519897460938, 315.73876953125, 252.75588989257812, 0.7948423027992249], [0, 359.2900390625, 314.38006591796875, 379.72857666015625, 351.3724365234375, 0.7803492546081543], [0, 260.22021484375, 263.51580810546875, 276.0352783203125, 296.24383544921875, 0.7275713682174683], [0, 251.74322509765625, 209.0162353515625, 266.62957763671875, 233.92526245117188, 0.7012497782707214], [1, 511.6910400390625, 405.28155517578125, 537.1805419921875, 468.54144287109375, 0.6087729334831238], [0, 341.2116394042969, 148.96136474609375, 351.8893127441406, 164.5810546875, 0.5772508978843689], [0, 290.8385925292969, 69.42820739746094, 296.5491027832031, 76.7364501953125, 0.5010353326797485], [4, 342.14312744140625, 220.61817932128906, 348.12774658203125, 234.98887634277344, 0.495265394449234], [1, 312.07354736328125, 106.10923767089844, 318.81488037109375, 116.29307556152344, 0.4506438970565796], [0, 333.23077392578125, 96.4724349975586, 340.7294921875, 106.53533172607422, 0.4197121560573578], [0, 278.7314147949219, 59.992401123046875, 285.0982360839844, 67.26565551757812, 0.32740646600723267], [0, 252.8898162841797, 146.53451538085938, 264.02996826171875, 160.95236206054688, 0.31630274653434753], [0, 313.4638671875, 63.44832229614258, 318.6243896484375, 70.34446716308594, 0.27773317694664], [0, 255.34176635742188, 138.1436767578125, 265.9314880371094, 151.770751953125, 0.2508522868156433]], "patched": [[1, 439.873046875, 435.34637451171875, 470.8052978515625, 498.34417724609375, 0.8571630120277405], [1, 377.6080322265625, 399.5224914550781, 403.301513671875, 452.9411926269531, 0.8558893799781799], [0, 455.650146484375, 366.03692626953125, 489.6083984375, 422.27215576171875, 0.8328714370727539], [0, 237.20993041992188, 251.32208251953125, 254.87881469726562, 283.0758056640625, 0.8190178275108337], [1, 74.13839721679688, 351.42718505859375, 111.45939636230469, 410.31707763671875, 0.7978695631027222], [0, 303.0750427246094, 229.98867797851562, 315.7608337402344, 252.736572265625, 0.7694306373596191], [0, 400.722412109375, 531.0477294921875, 438.0999755859375, 612.9310302734375, 0.7563217282295227], [0, 251.7099609375, 208.9981689453125, 266.669189453125, 233.95611572265625, 0.7040321826934814], [0, 359.3961181640625, 312.43798828125, 379.4781494140625, 351.24072265625, 0.6918432116508484], [0, 463.598876953125, 534.7718505859375, 507.0679931640625, 613.9205322265625, 0.6608560681343079], [1, 511.74774169921875, 405.34136962890625, 537.2041625976562, 468.60430908203125, 0.6224783658981323], [0, 341.19195556640625, 148.9428253173828, 351.96282958984375, 164.58323669433594, 0.5758980512619019], [0, 290.83673095703125, 69.41693115234375, 296.55242919921875, 76.73944091796875, 0.49675410985946655], [4, 342.1387634277344, 220.63279724121094, 348.1398010253906, 234.9965057373047, 0.49473872780799866], [1, 312.0618896484375, 106.08195495605469, 318.8272705078125, 116.30397033691406, 0.4580255448818207], [1, 260.27459716796875, 263.61492919921875, 275.98577880859375, 296.91107177734375, 0.4327125549316406], [0, 333.2180480957031, 96.31170654296875, 340.7673034667969, 106.53237915039062, 0.4180486798286438], [2, 260.17083740234375, 263.464599609375, 276.20684814453125, 297.08984375, 0.36411023139953613], [0, 278.7205810546875, 59.98389434814453, 285.10797119140625, 67.2713394165039, 0.3260819613933563], [0, 252.86001586914062, 146.45916748046875, 264.0969543457031, 160.96435546875, 0.32495439052581787], [0, 313.4603271484375, 63.44232177734375, 318.6312255859375, 70.35038757324219, 0.2804945409297943], [0, 255.27947998046875, 138.10353088378906, 265.95635986328125, 151.79811096191406, 0.2533755600452423]]}