{"clean": [[0, 412.62359619140625, 291.20343017578125, 467.19952392578125, 384.03765869140625, 0.8806434869766235], [0, 294.9609680175781, 288.93597412109375, 342.1078186035156, 385.07269287109375, 0.8762812614440918], [0, 329.159423828125, 220.47222900390625, 361.1405029296875, 282.52642822265625, 0.8678829669952393], [0, 228.16839599609375, 96.22048950195312, 256.1520690917969, 132.489501953125, 0.8606493473052979], [0, 153.51641845703125, 152.97508239746094, 192.54779052734375, 201.0916290283203, 0.8490176200866699], [0, 370.39666748046875, 80.68873596191406, 390.53717041015625, 110.87924194335938, 0.8001590967178345], [0, 365.0120849609375, 112.27890014648438, 385.578369140625, 146.63687133789062, 0.787162721157074], [0, 389.9665222167969, 163.37022399902344, 414.8036804199219, 209.89952087402344, 0.784893274307251], [0, 395.4755859375, 114.59156036376953, 417.44866943359375, 152.119384765625, 0.7347508072853088], [0, 404.25372314453125, 89.43907165527344, 424.65008544921875, 118.23234558105469, 0.7301240563392639], [0, 411.36822509765625, 35.099403381347656, 426.43048095703125, 55.88262939453125, 0.7274234294891357], [0, 249.59951782226562, 109.42839050292969, 279.0080871582031, 154.2770538330078, 0.7260951995849609], [0, 617.6797485351562, 18.47698211669922, 640.0, 36.37775421142578, 0.7215317487716675], [0, 630.4814453125, 77.01237487792969, 640.0, 108.35612487792969, 0.7201579213142395], [0, 553.310302734375, 96.21189880371094, 583.30517578125, 130.6438751220703, 0.7161936163902283], [0, 412.56304931640625, 16.54146957397461, 424.80560302734375, 32.841461181640625, 0.6924474239349365], [1, 406.8028564453125, 59.87355041503906, 424.8919677734375, 89.32363891601562, 0.5978475213050842], [0, 406.7784118652344, 60.399906158447266, 425.0939025878906, 88.75540161132812, 0.573693573474884], [0, 409.722900390625, 52.22492218017578, 424.2890625, 65.19973754882812, 0.5152781009674072], [0, 392.49725341796875, 22.237306594848633, 405.52642822265625, 42.186492919921875, 0.5115893483161926], [0, 587.626220703125, 503.0579528808594, 640.0, 636.3680419921875, 0.43842828273773193], [0, 619.7855224609375, 12.256230354309082, 640.0, 26.168315887451172, 0.3170480728149414], [4, 238.639892578125, 247.93118286132812, 261.0101623535156, 269.3907775878906, 0.31038951873779297], [0, 416.249267578125, 0.2179088592529297, 429.271728515625, 16.955495834350586, 0.3009222149848938]], "patched": [[0, 329.32611083984375, 220.57675170898438, 361.04937744140625, 282.3994140625, 0.8713446855545044], [0, 295.1324157714844, 289.0403747558594, 341.9090270996094, 388.9817810058594, 0.863645613193512], [0, 228.10098266601562, 95.04402160644531, 256.2980651855469, 131.97972106933594, 0.834998369216919], [0, 413.2147216796875, 295.575927734375, 467.011474609375, 383.8436279296875, 0.833550751209259], [0, 152.69827270507812, 151.11572265625, 192.87298583984375, 201.62139892578125, 0.7548301219940186], [0, 389.9958190917969, 164.88824462890625, 414.4739074707031, 209.488525390625, 0.7421259880065918], [0, 370.69830322265625, 81.22293090820312, 390.39190673828125, 109.070556640625, 0.7224390506744385], [0, 411.0590515136719, 34.89942932128906, 426.3626403808594, 59.15583038330078, 0.7169795632362366], [0, 617.7018432617188, 18.47957992553711, 640.0, 36.41310119628906, 0.7138256430625916], [0, 630.441650390625, 77.00978088378906, 640.0, 108.37104797363281, 0.7125160694122314], [0, 553.4044189453125, 96.20011901855469, 583.3187255859375, 130.74119567871094, 0.7027063965797424], [0, 249.19403076171875, 108.11131286621094, 278.99853515625, 154.6968536376953, 0.7022860050201416], [0, 412.58062744140625, 16.515403747558594, 424.78021240234375, 32.801979064941406, 0.6988719701766968], [0, 365.0802307128906, 111.89910888671875, 384.8613586425781, 145.20211791992188, 0.6872554421424866], [0, 404.445068359375, 91.51762390136719, 424.4915771484375, 118.55191040039062, 0.6134525537490845], [0, 392.6500244140625, 22.185943603515625, 405.538330078125, 41.712371826171875, 0.5625050663948059], [0, 396.4549865722656, 115.20221710205078, 417.2455139160156, 143.86663818359375, 0.5089867115020752], [0, 587.3187866210938, 502.7619323730469, 640.0, 636.4326171875, 0.48204705119132996], [0, 407.34033203125, 61.72715759277344, 424.831298828125, 86.55435180664062, 0.45904049277305603], [0, 416.298583984375, 0.1880817413330078, 429.2822265625, 16.802066802978516, 0.3373103439807892], [4, 238.63467407226562, 247.94212341308594, 260.9964904785156, 269.4776611328125, 0.3108891546726227], [0, 619.8951416015625, 12.32868766784668, 640.0, 26.076696395874023, 0.31073400378227234], [0, 405.47662353515625, 85.52255249023438, 423.71673583984375, 115.48373413085938, 0.30938488245010376], [0, 364.970947265625, 128.3100128173828, 383.09033203125, 147.21388244628906, 0.3002018332481384], [1, 415.849365234375, 291.190673828125, 451.5615234375, 307.3104248046875, 0.2936083674430847]]}