{"clean": [[0, 454.1917724609375, 74.04464721679688, 478.2305908203125, 105.75579833984375, 0.7851351499557495], [0, 212.2847900390625, 77.6026611328125, 234.0460205078125, 115.20468139648438, 0.7384569644927979], [0, 144.27093505859375, 118.69975280761719, 170.32470703125, 154.73667907714844, 0.5820627212524414], [0, 345.82196044921875, 581.0183715820312, 369.27020263671875, 633.4386596679688, 0.5311104655265808], [0, 221.21255493164062, 207.51959228515625, 246.41409301757812, 251.93048095703125, 0.5293274521827698], [0, 257.81658935546875, 465.181640625, 279.60162353515625, 501.20458984375, 0.5145696997642517]], "patched": [[0, 212.18092346191406, 77.44189453125, 234.1775665283203, 115.28726196289062, 0.6904805302619934], [0, 454.94305419921875, 74.79765319824219, 477.96649169921875, 104.75863647460938, 0.6149155497550964], [1, 261.2445983886719, 471.17144775390625, 274.3760070800781, 501.44873046875, 0.4879065155982971], [3, 346.45849609375, 581.1710205078125, 366.3880615234375, 632.0780029296875, 0.4461665153503418], [2, 454.8313293457031, 74.28054809570312, 477.7745666503906, 104.70559692382812, 0.3352154493331909], [0, 147.246826171875, 125.90719604492188, 170.3778076171875, 153.80511474609375, 0.3093114197254181], [1, 350.41607666015625, 621.4698486328125, 364.66888427734375, 633.2901611328125, 0.29415884613990784], [3, 221.54132080078125, 207.80242919921875, 243.922607421875, 256.3723449707031, 0.2843908965587616], [0, 221.27484130859375, 207.53689575195312, 244.64202880859375, 256.0859680175781, 0.2611612379550934]]}