{"clean": [[3, 437.76593017578125, 322.25311279296875, 466.04559326171875, 388.78863525390625, 0.8038573265075684], [0, 294.45916748046875, 42.07655334472656, 302.75103759765625, 53.870094299316406, 0.7949582934379578], [0, 357.775146484375, 369.5843505859375, 374.3153076171875, 409.62017822265625, 0.7752334475517273], [0, 446.268798828125, 527.512451171875, 462.51300048828125, 565.5655517578125, 0.7527992725372314], [0, 346.27789306640625, 468.09100341796875, 367.84979248046875, 529.24267578125, 0.7487576007843018], [0, 340.10125732421875, 121.96305847167969, 352.909423828125, 144.3299102783203, 0.6662304997444153], [3, 268.7309875488281, 302.9234313964844, 290.1805725097656, 389.5595397949219, 0.474714070558548], [0, 218.3385772705078, 357.38336181640625, 232.6011505126953, 382.07598876953125, 0.46561089158058167], [0, 494.469482421875, 36.12950897216797, 506.09368896484375, 47.19495391845703, 0.4455341696739197], [0, 422.75030517578125, 438.75408935546875, 440.1572265625, 479.64227294921875, 0.41139382123947144], [0, 484.55645751953125, 349.8297119140625, 503.31243896484375, 383.2491455078125, 0.3633139431476593], [0, 479.50970458984375, 53.47144317626953, 487.21368408203125, 66.8023681640625, 0.35247132182121277], [0, 506.91064453125, 39.11604309082031, 515.1129150390625, 50.793426513671875, 0.3460611402988434], [0, 598.8033447265625, 81.82939910888672, 609.8363037109375, 97.88289642333984, 0.31500673294067383], [0, 500.95147705078125, 54.476341247558594, 513.9708862304688, 71.94239044189453, 0.2998601794242859], [0, 486.86041259765625, 53.843788146972656, 494.58721923828125, 68.49716186523438, 0.28255021572113037], [0, 494.247802734375, 54.754547119140625, 502.8753662109375, 69.58411407470703, 0.2748350203037262], [0, 494.5703125, 53.96446228027344, 506.833740234375, 69.86404418945312, 0.2549546957015991]], "patched": [[3, 437.76806640625, 321.925048828125, 465.8790283203125, 388.81103515625, 0.8030576705932617], [0, 294.490234375, 42.0970344543457, 302.72119140625, 53.836368560791016, 0.7967426180839539], [0, 349.7684326171875, 491.4552001953125, 366.739013671875, 529.6242065429688, 0.6644909977912903], [0, 340.2435607910156, 121.98199462890625, 352.8186950683594, 144.302001953125, 0.6607658863067627], [0, 445.81585693359375, 512.2888793945312, 462.74627685546875, 566.4059448242188, 0.6525720953941345], [0, 446.2928466796875, 526.958984375, 462.4635009765625, 565.6192626953125, 0.58939129114151], [3, 268.83917236328125, 301.4798583984375, 290.05108642578125, 389.661376953125, 0.5002750158309937], [0, 218.309814453125, 357.3289794921875, 232.3150634765625, 381.939697265625, 0.4659121334552765], [0, 494.46221923828125, 36.11792755126953, 506.10308837890625, 47.20085144042969, 0.4530126750469208], [0, 358.97149658203125, 370.44488525390625, 374.39691162109375, 410.02325439453125, 0.39149489998817444], [0, 479.5028991699219, 53.373779296875, 487.2135314941406, 66.8087387084961, 0.3641117811203003], [0, 506.90704345703125, 39.109222412109375, 515.1177978515625, 50.800537109375, 0.35836678743362427], [0, 423.7933349609375, 444.6824645996094, 440.2869873046875, 479.7207336425781, 0.3393811583518982], [0, 598.8062744140625, 81.80110168457031, 609.8123779296875, 97.89268493652344, 0.32478058338165283], [0, 500.963623046875, 54.469879150390625, 513.9151611328125, 71.9302978515625, 0.3163852393627167], [0, 348.2540283203125, 463.20672607421875, 365.78125, 528.1810913085938, 0.3149339258670807], [0, 494.2470703125, 54.74098205566406, 502.8865966796875, 69.59414672851562, 0.2981761395931244], [0, 486.75537109375, 56.322540283203125, 494.4119873046875, 68.61968231201172, 0.2941112220287323], [0, 494.58587646484375, 53.976539611816406, 506.8126220703125, 69.87837982177734, 0.2662883400917053]]}