{"clean": [[0, 384.6400451660156, 453.76947021484375, 404.8334655761719, 512.1323852539062, 0.7593674659729004], [3, 229.0714111328125, 65.38560485839844, 257.68792724609375, 122.29454040527344, 0.7411604523658752]], "patched": [[3, 229.04901123046875, 65.35791015625, 257.60528564453125, 122.32463073730469, 0.7358031272888184], [0, 384.7745666503906, 453.78125, 404.8188171386719, 511.8336181640625, 0.6988528966903687]]}