{"clean": [[0, 537.5733642578125, 177.50885009765625, 568.4893798828125, 209.59085083007812, 0.8484580516815186], [0, 380.924560546875, 317.78045654296875, 393.33111572265625, 374.43487548828125, 0.7675274014472961], [0, 439.8180847167969, 272.7825927734375, 453.2934265136719, 329.309326171875, 0.7615786790847778], [0, 437.26483154296875, 155.18814086914062, 450.37738037109375, 211.87631225585938, 0.7337493300437927], [1, 522.5516357421875, 281.73797607421875, 571.7720947265625, 324.74700927734375, 0.731726884841919], [0, 412.89691162109375, 568.7410888671875, 430.58380126953125, 625.4879150390625, 0.6704148650169373], [3, 522.568115234375, 281.7052307128906, 571.96337890625, 324.8251647949219, 0.5075969696044922], [0, 360.85400390625, 541.026611328125, 378.1756591796875, 596.82958984375, 0.49554443359375], [0, 297.10931396484375, 6.108619689941406, 309.68048095703125, 59.329383850097656, 0.45309939980506897], [0, 330.838623046875, 65.91645812988281, 344.1571044921875, 120.39884948730469, 0.40083128213882446], [1, 331.08697509765625, 66.4248046875, 344.28106689453125, 120.01953125, 0.39900052547454834], [0, 358.25030517578125, 341.529541015625, 372.22088623046875, 396.1846923828125, 0.38974612951278687], [3, 296.85479736328125, 6.037860870361328, 309.33233642578125, 59.35234451293945, 0.29938358068466187]], "patched": [[3, 297.1650390625, 5.940164566040039, 309.4791259765625, 63.284385681152344, 0.7434282302856445], [3, 522.5986328125, 281.71484375, 571.9278564453125, 324.6304931640625, 0.724833607673645], [0, 537.5943603515625, 177.8465576171875, 568.3416748046875, 209.54638671875, 0.7168134450912476], [0, 381.501708984375, 317.990478515625, 393.2529296875, 374.1361083984375, 0.6660463213920593], [0, 437.4034423828125, 155.2047119140625, 450.3499755859375, 214.04779052734375, 0.6554689407348633], [3, 414.010498046875, 569.0086669921875, 430.5716552734375, 623.4600830078125, 0.619480311870575], [1, 439.0088195800781, 271.32958984375, 453.1824035644531, 329.3756103515625, 0.5312268137931824], [1, 380.87030029296875, 317.81610107421875, 393.57098388671875, 374.09771728515625, 0.5240647196769714], [1, 331.3194885253906, 66.42469787597656, 343.9013366699219, 122.5489501953125, 0.5222978591918945], [3, 436.8458557128906, 155.3861846923828, 450.1325988769531, 213.7472686767578, 0.49187514185905457], [3, 297.4167175292969, 20.260208129882812, 309.2710876464844, 61.82029724121094, 0.4408288896083832], [1, 522.5802001953125, 281.74517822265625, 571.7396240234375, 324.59942626953125, 0.43813371658325195], [3, 358.68072509765625, 339.18890380859375, 372.5555419921875, 395.82147216796875, 0.40249738097190857], [3, 361.17669677734375, 540.8824462890625, 378.64178466796875, 597.380859375, 0.32983869314193726], [0, 361.196533203125, 541.1190185546875, 378.0440673828125, 596.9287109375, 0.2800397574901581]]}