{"clean": [[0, 269.57965087890625, 294.88287353515625, 282.93145751953125, 331.98980712890625, 0.8180776834487915], [0, 280.7783203125, 174.20095825195312, 291.0579833984375, 205.19967651367188, 0.8154791593551636], [0, 297.1781005859375, 460.802001953125, 309.2086181640625, 505.512939453125, 0.8098997473716736], [0, 306.68292236328125, 175.44857788085938, 316.22686767578125, 207.76644897460938, 0.8090651035308838], [0, 290.5229187011719, 280.71661376953125, 300.8351135253906, 309.91949462890625, 0.7878111600875854], [0, 303.52044677734375, 305.8242492675781, 314.54193115234375, 345.2912902832031, 0.7680505514144897], [0, 262.019775390625, 469.29156494140625, 274.406005859375, 514.7339477539062, 0.7552502751350403], [0, 300.39068603515625, 0.0, 309.04522705078125, 13.676721572875977, 0.7536109685897827], [0, 280.49212646484375, 571.941650390625, 293.36480712890625, 627.1357421875, 0.7356171607971191], [0, 275.33587646484375, 21.84657859802246, 283.85980224609375, 45.30785369873047, 0.6327622532844543], [0, 258.4700927734375, 587.174560546875, 271.65301513671875, 639.666015625, 0.620410144329071], [0, 348.99029541015625, 106.0946044921875, 359.71246337890625, 141.31863403320312, 0.5867374539375305], [0, 186.2799835205078, 183.31065368652344, 214.93727111816406, 200.9024200439453, 0.5585774779319763], [0, 305.82720947265625, 71.96295166015625, 314.87188720703125, 99.28721618652344, 0.5503619313240051], [0, 379.8752746582031, 500.2908630371094, 394.6220397949219, 568.7467041015625, 0.43506932258605957], [4, 69.21519470214844, 581.346923828125, 80.17768859863281, 607.386962890625, 0.4284895658493042], [0, 411.4581298828125, 547.1954345703125, 438.5030517578125, 607.505859375, 0.404298335313797], [0, 366.0740661621094, 366.85052490234375, 380.0698547363281, 414.90826416015625, 0.3990194499492645], [1, 99.84629821777344, 282.164794921875, 125.53605651855469, 302.107421875, 0.33824998140335083], [0, 101.01373291015625, 260.99322509765625, 133.56967163085938, 281.35845947265625, 0.2991792857646942], [0, 397.887451171875, 344.05999755859375, 412.4583740234375, 392.60760498046875, 0.29810211062431335]], "patched": [[0, 269.69866943359375, 294.8829040527344, 282.9365234375, 331.9987487792969, 0.8191089630126953], [0, 280.78265380859375, 174.21197509765625, 291.01715087890625, 205.22235107421875, 0.8187274932861328], [0, 306.71624755859375, 175.4873046875, 316.20318603515625, 207.77960205078125, 0.8096823692321777], [0, 290.53765869140625, 280.73590087890625, 300.82440185546875, 309.95550537109375, 0.7886006832122803], [0, 303.55096435546875, 305.82501220703125, 314.50286865234375, 345.32196044921875, 0.767751932144165], [0, 300.4096984863281, 0.0, 309.0303649902344, 13.669657707214355, 0.7548345327377319], [0, 297.372802734375, 460.49017333984375, 309.1912841796875, 505.59637451171875, 0.7258032560348511], [0, 262.29901123046875, 469.46148681640625, 274.56988525390625, 515.2568359375, 0.694861650466919], [0, 280.7442626953125, 571.93994140625, 292.9615478515625, 627.017822265625, 0.6653200387954712], [0, 275.36102294921875, 21.875459671020508, 283.85260009765625, 45.33204650878906, 0.6462239027023315], [0, 49.065372467041016, 577.990966796875, 62.29909133911133, 597.94677734375, 0.5940930247306824], [0, 349.0935974121094, 106.10992431640625, 359.7031555175781, 141.3323211669922, 0.5890680551528931], [0, 305.90350341796875, 72.16956329345703, 314.94476318359375, 99.28791046142578, 0.5695894956588745], [0, 186.27828979492188, 183.31381225585938, 214.84164428710938, 200.88076782226562, 0.5574893951416016], [0, 379.9814147949219, 500.1844482421875, 394.2478332519531, 568.5606689453125, 0.5002336502075195], [0, 397.621337890625, 343.04998779296875, 411.86871337890625, 392.15216064453125, 0.4997059106826782], [0, 419.8211669921875, 545.923095703125, 437.5855712890625, 608.3250732421875, 0.4241761267185211], [0, 68.04777526855469, 580.07568359375, 80.17155456542969, 607.109130859375, 0.40760326385498047], [0, 365.56951904296875, 367.55718994140625, 378.25372314453125, 416.63592529296875, 0.399236798286438], [0, 258.9190368652344, 587.1790771484375, 271.5049133300781, 639.5484619140625, 0.3969579339027405], [1, 420.28955078125, 545.5784912109375, 435.840087890625, 606.1551513671875, 0.389003187417984], [1, 95.84034729003906, 584.9019775390625, 115.45890808105469, 616.8983154296875, 0.3234591782093048], [4, 68.6492919921875, 580.8353881835938, 80.08731079101562, 607.1029663085938, 0.3197309076786041], [0, 28.997573852539062, 573.0328369140625, 41.104270935058594, 598.6949462890625, 0.3119718134403229], [1, 99.86641693115234, 282.106689453125, 125.55176544189453, 302.055908203125, 0.3117579519748688], [0, 101.19619750976562, 260.96044921875, 133.560302734375, 281.37255859375, 0.29598620533943176], [0, 114.49383544921875, 600.3168334960938, 125.6038818359375, 624.7073364257812, 0.2855115234851837], [0, 95.64207458496094, 584.0548095703125, 115.55326843261719, 617.3450927734375, 0.25524646043777466]]}