{"clean": [[0, 242.57705688476562, 156.01785278320312, 258.158935546875, 183.02883911132812, 0.8525710701942444], [0, 489.2081298828125, 581.2957763671875, 515.3436889648438, 602.9508056640625, 0.8509464263916016], [0, 589.6846313476562, 539.3385009765625, 615.9214477539062, 562.1907958984375, 0.7731741070747375], [0, 241.65597534179688, 544.7769775390625, 266.7843322753906, 562.927734375, 0.7147427797317505], [0, 252.38775634765625, 74.54635620117188, 269.0108642578125, 98.6328125, 0.6638762950897217], [0, 339.7633056640625, 537.0966796875, 362.4949951171875, 551.777099609375, 0.6583630442619324], [3, 200.58056640625, 56.802520751953125, 213.5770263671875, 113.82260131835938, 0.6424523591995239], [3, 211.5701904296875, 487.8726806640625, 274.54754638671875, 528.6217041015625, 0.5949623584747314], [0, 503.31610107421875, 627.3011474609375, 531.2868041992188, 639.8963623046875, 0.5598976016044617], [1, 285.026611328125, 260.7691650390625, 304.653564453125, 285.1441650390625, 0.4782473146915436], [1, 145.46475219726562, 566.3452758789062, 170.88314819335938, 588.3209838867188, 0.4415857791900635], [2, 211.81985473632812, 487.75323486328125, 274.3898620605469, 528.9287719726562, 0.43659013509750366]], "patched": [[0, 242.58224487304688, 156.02133178710938, 258.1562805175781, 183.02713012695312, 0.8524843454360962], [0, 487.79864501953125, 581.0629272460938, 515.302978515625, 602.8637084960938, 0.8431331515312195], [0, 241.66961669921875, 544.7816162109375, 266.7845764160156, 562.9237060546875, 0.7137019634246826], [0, 252.38882446289062, 74.55162048339844, 269.0084533691406, 98.63059997558594, 0.6655576825141907], [0, 339.80126953125, 537.1563720703125, 362.4801025390625, 551.7711181640625, 0.6609259247779846], [3, 200.586181640625, 56.817989349365234, 213.56964111328125, 113.8199462890625, 0.6432000994682312], [3, 211.57839965820312, 487.88189697265625, 274.5420227050781, 528.6233520507812, 0.5939682126045227], [1, 285.03912353515625, 260.78387451171875, 304.64947509765625, 285.13702392578125, 0.4917049705982208], [0, 503.29791259765625, 627.271240234375, 531.4921264648438, 639.892578125, 0.4648153483867645], [1, 145.47079467773438, 566.35205078125, 170.87686157226562, 588.328369140625, 0.44628483057022095], [2, 211.8291015625, 487.76031494140625, 274.3875732421875, 528.9225463867188, 0.43926748633384705], [0, 589.4720458984375, 539.41552734375, 616.0892333984375, 561.82763671875, 0.3331553637981415]]}