{"clean": [[0, 361.380859375, 245.8806915283203, 395.6068115234375, 326.83465576171875, 0.9066778421401978], [0, 325.01043701171875, 375.072021484375, 364.16925048828125, 482.0982666015625, 0.9057663083076477], [0, 415.18878173828125, 181.74734497070312, 448.29364013671875, 239.74237060546875, 0.9043658375740051], [0, 167.87124633789062, 211.9312744140625, 235.38433837890625, 250.3243408203125, 0.902266800403595], [0, 166.88763427734375, 152.43692016601562, 227.080810546875, 186.07534790039062, 0.8880122900009155], [0, 323.857177734375, 163.25341796875, 351.3507080078125, 218.6917724609375, 0.8874971270561218], [0, 349.4275817871094, 100.82180786132812, 372.6628112792969, 143.92930603027344, 0.8861303329467773], [1, 250.70840454101562, 83.37033081054688, 276.1507263183594, 128.8104248046875, 0.876797616481781], [1, 216.29629516601562, 326.52813720703125, 255.87039184570312, 435.41473388671875, 0.8757184147834778], [0, 397.75189208984375, 64.5044174194336, 423.00677490234375, 103.25676727294922, 0.8756334781646729], [0, 321.8890380859375, 106.98866271972656, 345.7073974609375, 159.8475799560547, 0.8750742673873901], [1, 336.62054443359375, 519.5982666015625, 373.03515625, 639.5360107421875, 0.8679856061935425], [0, 322.288330078125, 60.463958740234375, 342.352783203125, 103.25962829589844, 0.8619135618209839], [0, 319.380126953125, 0.0, 336.5111083984375, 24.765968322753906, 0.8177971243858337], [0, 265.82818603515625, 0.0, 284.91546630859375, 22.48397445678711, 0.8089116811752319], [0, 341.9674377441406, 0.0955963134765625, 360.3091125488281, 29.547752380371094, 0.7981392741203308], [4, 186.1150360107422, 470.4891357421875, 206.9243621826172, 517.6744995117188, 0.7728747129440308], [0, 259.6800231933594, 23.23419189453125, 281.1611022949219, 56.73474884033203, 0.7591090798377991], [0, 342.8053283691406, 29.143537521362305, 363.0187072753906, 63.63917541503906, 0.7479026913642883], [4, 468.96929931640625, 322.70916748046875, 479.83905029296875, 358.14404296875, 0.5520262122154236], [4, 480.03509521484375, 323.19073486328125, 490.4681396484375, 357.39312744140625, 0.47040900588035583], [4, 480.84588623046875, 335.6336364746094, 490.37481689453125, 357.4693298339844, 0.276676207780838]], "patched": [[0, 361.4263916015625, 245.75643920898438, 395.4033203125, 328.4179992675781, 0.8912333250045776], [1, 250.79437255859375, 83.3499755859375, 276.171630859375, 128.81207275390625, 0.8819169402122498], [0, 164.7982177734375, 152.44387817382812, 227.06637573242188, 185.78985595703125, 0.8791720867156982], [0, 349.292236328125, 100.93527221679688, 372.384765625, 145.45587158203125, 0.8774044513702393], [1, 216.24447631835938, 326.3509521484375, 255.94076538085938, 435.5213623046875, 0.8739502429962158], [1, 336.63446044921875, 519.59716796875, 373.02520751953125, 639.52978515625, 0.8722978234291077], [0, 167.93191528320312, 211.90655517578125, 235.93246459960938, 249.78424072265625, 0.8631483316421509], [0, 397.820068359375, 64.40806579589844, 423.02020263671875, 105.36676025390625, 0.8625460267066956], [0, 415.24951171875, 181.57205200195312, 448.2354736328125, 241.59176635742188, 0.8478511571884155], [0, 321.81451416015625, 105.0379638671875, 345.55908203125, 158.34783935546875, 0.8409680128097534], [0, 265.7931213378906, 0.0, 284.9692077636719, 22.493581771850586, 0.8251437544822693], [0, 325.2740478515625, 375.4993896484375, 363.93951416015625, 482.34130859375, 0.8043873310089111], [0, 319.4573669433594, 0.034511566162109375, 336.3360290527344, 25.456920623779297, 0.8001031875610352], [0, 324.01263427734375, 163.10256958007812, 350.91302490234375, 219.01467895507812, 0.7820681929588318], [0, 341.5947265625, 0.3885917663574219, 360.22308349609375, 28.884014129638672, 0.7742825150489807], [4, 186.13333129882812, 470.5447998046875, 206.86831665039062, 517.646484375, 0.7687582969665527], [0, 322.0155029296875, 60.55554962158203, 342.4620361328125, 100.9515609741211, 0.715059757232666], [1, 343.0285339355469, 29.134689331054688, 363.0758361816406, 63.344818115234375, 0.5610581636428833], [1, 262.4395446777344, 22.852521896362305, 281.3304138183594, 57.36991882324219, 0.5469897985458374], [4, 469.18145751953125, 323.0844421386719, 479.55767822265625, 357.7607116699219, 0.5458791851997375], [1, 325.12750244140625, 375.6334228515625, 364.18560791015625, 482.4327392578125, 0.5286797881126404], [0, 261.9650573730469, 23.21747589111328, 281.1975402832031, 57.36700439453125, 0.49754637479782104], [4, 480.0159912109375, 322.6600341796875, 490.447509765625, 357.3917236328125, 0.4624411165714264], [0, 342.5706787109375, 28.941328048706055, 363.024658203125, 63.40570068359375, 0.3633154034614563], [4, 480.5419006347656, 331.52996826171875, 490.5997619628906, 357.44573974609375, 0.30929136276245117]]}