{"clean": [[0, 11.701248168945312, 32.97063446044922, 38.9246940612793, 60.218101501464844, 0.8343865871429443], [0, 225.78062438964844, 539.8416748046875, 249.00746154785156, 611.0299072265625, 0.8296651244163513], [0, 324.63507080078125, 196.05987548828125, 338.99371337890625, 232.26058959960938, 0.7947285771369934], [0, 342.20843505859375, 169.88160705566406, 359.34283447265625, 211.6395721435547, 0.7816060185432434], [0, 37.709529876708984, 17.84075164794922, 57.28904342651367, 35.844993591308594, 0.7614206671714783], [0, 320.63214111328125, 609.4349365234375, 340.42352294921875, 639.9747314453125, 0.7384589314460754], [0, 306.2193908691406, 172.7921905517578, 321.6869201660156, 208.93507385253906, 0.7245299220085144], [0, 336.59246826171875, 393.4976806640625, 355.64642333984375, 455.06256103515625, 0.5654797554016113], [0, 167.334228515625, 26.007158279418945, 184.5927734375, 57.661285400390625, 0.26588818430900574]], "patched": [[0, 226.5328826904297, 539.923095703125, 248.6288604736328, 606.815185546875, 0.8249315023422241], [0, 11.67764663696289, 32.25564956665039, 38.82413864135742, 60.22446060180664, 0.8223064541816711], [0, 342.55352783203125, 169.9578857421875, 358.98223876953125, 211.00048828125, 0.7878082990646362], [0, 324.906982421875, 196.36679077148438, 338.784423828125, 236.4427490234375, 0.7699945569038391], [0, 37.72834014892578, 17.87078857421875, 57.041297912597656, 35.688865661621094, 0.7407255172729492], [0, 306.38519287109375, 177.0008087158203, 321.35784912109375, 210.61326599121094, 0.7241071462631226], [0, 338.3740234375, 423.760498046875, 354.73681640625, 458.3519287109375, 0.6535036563873291], [0, 320.693359375, 599.1453857421875, 339.8482666015625, 639.9136962890625, 0.5633699893951416], [0, 167.24981689453125, 26.039424896240234, 184.56961059570312, 57.66537857055664, 0.25451910495758057]]}