{"clean": [[3, 268.60748291015625, 171.33050537109375, 292.14593505859375, 221.94891357421875, 0.8804754018783569], [3, 182.97872924804688, 389.35479736328125, 212.33950805664062, 475.22747802734375, 0.8489229083061218], [0, 259.85870361328125, 327.75787353515625, 270.81488037109375, 350.29193115234375, 0.8150574564933777], [0, 278.1697082519531, 242.6959228515625, 287.9613952636719, 261.4632568359375, 0.7994328737258911], [0, 345.1402587890625, 275.8882141113281, 355.4281005859375, 297.6113586425781, 0.7020612955093384], [0, 410.4659423828125, 0.4208669662475586, 420.634521484375, 13.547006607055664, 0.6940712928771973], [0, 297.38580322265625, 183.805419921875, 306.68829345703125, 199.40875244140625, 0.6816545724868774], [3, 621.61328125, 493.62554931640625, 633.035888671875, 526.0472412109375, 0.674538254737854], [0, 213.79254150390625, 437.15179443359375, 226.8743896484375, 463.13714599609375, 0.657508373260498], [3, 267.984375, 536.039306640625, 283.06671142578125, 576.1422119140625, 0.6522210836410522], [0, 311.86224365234375, 348.89007568359375, 323.21307373046875, 375.010009765625, 0.6203957200050354], [0, 300.0284423828125, 453.5982666015625, 312.90313720703125, 489.148681640625, 0.5834656357765198], [1, 213.8734130859375, 437.51727294921875, 226.84234619140625, 463.36865234375, 0.5255916714668274], [1, 333.3323059082031, 308.95855712890625, 344.2033996582031, 336.11077880859375, 0.5152649879455566], [0, 554.151611328125, 399.23468017578125, 567.1988525390625, 426.7353515625, 0.46202561259269714], [0, 328.62078857421875, 162.19931030273438, 337.44696044921875, 176.85104370117188, 0.30984362959861755]], "patched": [[3, 268.6106262207031, 171.30735778808594, 292.1490783691406, 221.95277404785156, 0.8798995614051819], [3, 182.98529052734375, 389.36834716796875, 212.3173828125, 475.22601318359375, 0.8472604751586914], [0, 259.8714294433594, 327.7716369628906, 270.8064270019531, 350.2862854003906, 0.8146243691444397], [0, 278.1776428222656, 242.69921875, 287.9563293457031, 261.46063232421875, 0.7994266748428345], [0, 410.46954345703125, 0.42078399658203125, 420.6343994140625, 13.5468111038208, 0.6953176259994507], [0, 345.229736328125, 276.00347900390625, 355.43798828125, 297.56011962890625, 0.691825807094574], [3, 268.02301025390625, 536.03955078125, 283.06634521484375, 576.118408203125, 0.6800174117088318], [0, 297.3901062011719, 183.81353759765625, 306.6785583496094, 199.409912109375, 0.677945613861084], [1, 213.9571990966797, 436.858154296875, 226.95433044433594, 462.977294921875, 0.6415425539016724], [0, 311.9023742675781, 348.90325927734375, 323.2016906738281, 375.00909423828125, 0.5872001647949219], [0, 213.8624267578125, 435.85296630859375, 226.99600219726562, 462.866943359375, 0.5491337180137634], [1, 333.3577880859375, 308.9649658203125, 344.19775390625, 336.08929443359375, 0.516775369644165], [3, 622.420166015625, 490.80902099609375, 632.8955078125, 525.8214721679688, 0.4930119514465332], [0, 554.3408203125, 399.41741943359375, 567.1767578125, 426.66021728515625, 0.4021238386631012], [1, 301.0235595703125, 455.746826171875, 312.0643310546875, 490.305419921875, 0.3588244318962097], [0, 328.6279296875, 162.21658325195312, 337.4368896484375, 176.84835815429688, 0.3094797432422638]]}