{"clean": [[0, 327.8586730957031, 102.88993835449219, 349.4903869628906, 125.68382263183594, 0.8144434094429016], [0, 34.79313659667969, 383.71649169921875, 64.56443786621094, 426.99334716796875, 0.8006157279014587], [0, 363.99957275390625, 114.54676818847656, 387.79132080078125, 138.4794464111328, 0.7865622639656067], [0, 235.0194091796875, 90.49595642089844, 255.23651123046875, 112.37773132324219, 0.7728714942932129], [0, 139.08673095703125, 12.773355484008789, 157.212158203125, 29.083677291870117, 0.7705939412117004], [0, 279.791015625, 44.999778747558594, 297.08428955078125, 62.62511444091797, 0.7161695957183838], [0, 528.32080078125, 301.2559814453125, 571.741943359375, 357.496337890625, 0.5735911726951599]], "patched": [[0, 365.1827087402344, 113.67803955078125, 387.7778625488281, 138.3455352783203, 0.810438334941864], [0, 328.9716491699219, 101.74403381347656, 349.6892395019531, 124.72097778320312, 0.7923955321311951], [0, 139.09799194335938, 12.766070365905762, 157.21322631835938, 29.008365631103516, 0.7734119892120361], [0, 235.13272094726562, 90.5274429321289, 255.1761474609375, 112.2951889038086, 0.7726099491119385], [0, 279.8247375488281, 45.083858489990234, 297.0640563964844, 62.54726791381836, 0.7258652448654175], [0, 34.88471221923828, 380.3155517578125, 64.37012481689453, 427.0006103515625, 0.6676567792892456], [0, 528.3359375, 301.2144775390625, 571.739013671875, 357.603271484375, 0.5820475220680237]]}