{"clean": [[0, 311.989013671875, 484.646240234375, 382.6983642578125, 574.8614501953125, 0.8806098103523254], [0, 267.4705810546875, 355.71636962890625, 320.94024658203125, 417.42486572265625, 0.8293521404266357], [0, 118.92251586914062, 13.493806838989258, 151.33697509765625, 53.427040100097656, 0.8230575919151306], [0, 22.09532928466797, 14.993995666503906, 51.29310607910156, 47.083229064941406, 0.8095844388008118], [0, 83.091552734375, 187.9480743408203, 124.71893310546875, 234.7078094482422, 0.7931811809539795], [0, 148.6947784423828, 182.25933837890625, 193.1565704345703, 227.72866821289062, 0.7861292362213135], [0, 115.89059448242188, 0.00159454345703125, 145.82382202148438, 16.788448333740234, 0.7333347201347351], [0, 0.2811851501464844, 618.638671875, 31.82152557373047, 640.0, 0.6347872614860535], [0, 0.0, 581.285888671875, 15.187337875366211, 638.14794921875, 0.5904079079627991], [4, 301.13409423828125, 252.65000915527344, 335.145263671875, 287.5963134765625, 0.37233030796051025]], "patched": [[0, 312.34869384765625, 484.7212829589844, 382.515625, 574.8140869140625, 0.8506020903587341], [0, 23.305591583251953, 16.00063705444336, 51.2353401184082, 45.73188018798828, 0.7983195185661316], [0, 83.65296936035156, 187.99041748046875, 124.25648498535156, 234.38897705078125, 0.7946415543556213], [0, 121.2352523803711, 14.443119049072266, 151.15029907226562, 52.86862564086914, 0.6956424713134766], [0, 267.91400146484375, 352.096435546875, 321.08575439453125, 417.9117431640625, 0.69440096616745], [0, 149.4392547607422, 181.85977172851562, 192.88880920410156, 222.25369262695312, 0.615175187587738], [0, 0.18757057189941406, 618.77197265625, 31.451805114746094, 639.9803466796875, 0.6098180413246155], [0, 121.82403564453125, 0.0, 145.26510620117188, 15.048425674438477, 0.5781022906303406], [0, 0.0, 581.232421875, 15.209506034851074, 638.08203125, 0.5517981648445129], [0, 300.9265441894531, 199.76284790039062, 329.0180969238281, 230.88308715820312, 0.37466222047805786], [0, 301.725830078125, 254.08865356445312, 334.7822265625, 287.1820983886719, 0.2995849549770355], [4, 301.77197265625, 253.22174072265625, 335.05755615234375, 287.16400146484375, 0.29542839527130127], [1, 165.69790649414062, 211.062744140625, 185.23178100585938, 230.7659912109375, 0.27007749676704407]]}