{"clean": [[0, 66.05650329589844, 104.86178588867188, 87.77711486816406, 140.8460693359375, 0.8953236937522888], [0, 115.25874328613281, 215.88299560546875, 140.40882873535156, 257.63250732421875, 0.8768908381462097], [0, 125.58577728271484, 175.62420654296875, 149.81649780273438, 214.97552490234375, 0.872728168964386], [0, 100.3377685546875, 239.4124298095703, 121.94381713867188, 275.51068115234375, 0.8201956152915955], [1, 381.4856262207031, 242.65786743164062, 402.9903869628906, 289.7099304199219, 0.8101797699928284], [1, 140.34921264648438, 98.606201171875, 156.40011596679688, 133.91738891601562, 0.8064882159233093], [1, 478.33258056640625, 89.60525512695312, 494.83917236328125, 135.1407928466797, 0.7238273620605469], [1, 471.0303039550781, 49.76792907714844, 486.6792907714844, 90.98008728027344, 0.7158709764480591], [1, 218.98892211914062, 415.8118896484375, 250.12741088867188, 467.9283447265625, 0.6042035818099976], [0, 218.9064483642578, 415.9892578125, 250.0346221923828, 468.21478271484375, 0.4278463125228882], [0, 178.20709228515625, 532.9920043945312, 208.24078369140625, 587.5877075195312, 0.3591819405555725]], "patched": [[0, 125.6545181274414, 175.96072387695312, 149.76571655273438, 214.97024536132812, 0.8860920071601868], [0, 115.528564453125, 216.46856689453125, 140.43238830566406, 257.81219482421875, 0.8801848888397217], [0, 66.00652313232422, 104.8885498046875, 87.4047622680664, 141.22610473632812, 0.8269094228744507], [1, 140.25912475585938, 96.61131286621094, 156.37109375, 133.8442840576172, 0.7755028605461121], [1, 381.53741455078125, 242.66754150390625, 402.78594970703125, 289.57598876953125, 0.7668548822402954], [1, 218.9463653564453, 415.7576904296875, 250.0414581298828, 470.73992919921875, 0.7623307704925537], [0, 100.39930725097656, 238.2416229248047, 121.94816589355469, 275.18096923828125, 0.6747555732727051], [1, 478.4097900390625, 89.41273498535156, 492.97320556640625, 135.07615661621094, 0.639354944229126], [3, 470.918701171875, 49.83829879760742, 483.8292236328125, 95.88063049316406, 0.5952165126800537], [1, 471.45257568359375, 49.294769287109375, 483.77935791015625, 95.84703063964844, 0.3979308605194092]]}