{"clean": [[0, 255.88018798828125, 329.85882568359375, 279.98956298828125, 363.56524658203125, 0.8532730937004089], [0, 311.5546875, 281.0492248535156, 331.9639892578125, 314.6136779785156, 0.8483524322509766], [3, 440.96685791015625, 357.4119873046875, 554.7141723632812, 524.5196533203125, 0.8257288336753845], [0, 505.12396240234375, 319.224365234375, 525.4224243164062, 350.30645751953125, 0.8221312761306763], [0, 367.2498779296875, 193.42303466796875, 382.9718017578125, 219.194580078125, 0.7977882623672485], [1, 241.10244750976562, 274.87921142578125, 264.91705322265625, 308.75250244140625, 0.7942986488342285], [0, 369.30572509765625, 145.83177185058594, 383.110595703125, 168.0746612548828, 0.7855340242385864], [0, 400.01055908203125, 41.44379425048828, 408.41741943359375, 52.65650177001953, 0.747073233127594], [0, 509.9806823730469, 353.9481506347656, 528.891357421875, 377.1106262207031, 0.6444873213768005], [4, 249.82553100585938, 452.82086181640625, 265.7141418457031, 481.6973876953125, 0.6139383316040039]], "patched": [[0, 505.49005126953125, 318.0611877441406, 525.3683471679688, 350.4257507324219, 0.8444231748580933], [0, 311.4632568359375, 277.370361328125, 331.1702880859375, 314.55303955078125, 0.8419556617736816], [3, 441.65283203125, 352.03521728515625, 555.4967041015625, 522.2528686523438, 0.8378583788871765], [0, 255.91448974609375, 326.798095703125, 279.77874755859375, 362.8677978515625, 0.8113770484924316], [0, 367.2554931640625, 193.4075469970703, 382.9698486328125, 219.2017059326172, 0.7987847924232483], [1, 241.19015502929688, 274.8987731933594, 264.896484375, 308.7217712402344, 0.7946885228157043], [0, 369.2965087890625, 145.81663513183594, 383.11767578125, 168.08604431152344, 0.7861112356185913], [0, 400.00372314453125, 41.430091857910156, 408.42657470703125, 52.662330627441406, 0.7478122711181641], [4, 249.84548950195312, 452.61572265625, 265.7219543457031, 481.6744384765625, 0.614736020565033], [0, 510.50830078125, 352.4699401855469, 528.9287109375, 378.2035217285156, 0.3124869763851166]]}