{"clean": [[0, 458.135009765625, 316.44482421875, 486.661865234375, 335.447021484375, 0.8085945248603821], [0, 598.3825073242188, 266.4461669921875, 630.2872924804688, 285.3575439453125, 0.7958146929740906], [0, 43.726806640625, 292.7985534667969, 70.25194549560547, 314.3586730957031, 0.7911149263381958], [0, 150.18865966796875, 300.93792724609375, 181.0546875, 326.37677001953125, 0.77812260389328], [0, 444.84783935546875, 219.3683319091797, 471.87017822265625, 235.2306671142578, 0.7423104643821716], [0, 434.8460693359375, 531.9281005859375, 470.8507080078125, 555.5611572265625, 0.6814674139022827], [0, 252.89895629882812, 297.54705810546875, 280.5326232910156, 319.34869384765625, 0.6654931902885437], [0, 443.7357177734375, 236.44894409179688, 468.742919921875, 251.22549438476562, 0.5550940632820129], [0, 356.2132873535156, 611.531494140625, 392.7889709472656, 639.921142578125, 0.5193051099777222], [0, 610.7822265625, 351.546875, 639.93212890625, 379.4010009765625, 0.3455938696861267]], "patched": [[0, 598.5565185546875, 266.4219970703125, 631.0391845703125, 285.0750732421875, 0.7905483245849609], [0, 458.0498352050781, 315.9499816894531, 487.8017272949219, 334.9480895996094, 0.7878865599632263], [0, 43.93219757080078, 293.164794921875, 71.3485336303711, 314.17877197265625, 0.76287841796875], [0, 252.98196411132812, 304.947509765625, 282.3461608886719, 319.6622314453125, 0.7157929539680481], [0, 150.31158447265625, 303.4489440917969, 181.0335693359375, 324.9684753417969, 0.6229763031005859], [0, 434.9227294921875, 532.0485229492188, 470.7000732421875, 555.2407836914062, 0.5935726761817932], [0, 444.71649169921875, 221.07882690429688, 471.8048095703125, 235.08645629882812, 0.5699597001075745], [0, 443.8714904785156, 238.154052734375, 467.7299499511719, 250.91021728515625, 0.5560136437416077], [0, 150.12109375, 310.0821838378906, 180.64736938476562, 326.4289245605469, 0.3590231239795685], [0, 610.97802734375, 352.46588134765625, 624.69091796875, 371.43365478515625, 0.3043544292449951]]}