{"clean": [[0, 223.93881225585938, 213.77667236328125, 286.6297302246094, 278.50823974609375, 0.866036057472229], [0, 521.1715087890625, 0.9633598327636719, 568.6414794921875, 42.115840911865234, 0.8533290028572083], [0, 59.08026123046875, 481.9031066894531, 150.47943115234375, 597.8759765625, 0.8475936651229858], [3, 511.53961181640625, 272.595947265625, 584.4918823242188, 338.2701416015625, 0.8446566462516785], [0, 148.8083953857422, 485.2930603027344, 223.7924041748047, 592.8211669921875, 0.8385848999023438], [0, 580.0899658203125, 77.27891540527344, 625.7327880859375, 123.42835998535156, 0.8129780888557434], [0, 345.609375, 485.6568908691406, 382.887451171875, 564.2991943359375, 0.7933529615402222], [0, 323.0006408691406, 0.0, 347.9227600097656, 20.200820922851562, 0.7348523139953613], [0, 151.38427734375, 207.59622192382812, 219.72357177734375, 273.7588195800781, 0.594845175743103], [2, 583.4380493164062, 487.16839599609375, 640.0, 583.7750854492188, 0.36185747385025024]], "patched": [[3, 511.6369323730469, 272.7186279296875, 584.423583984375, 338.21142578125, 0.8831778764724731], [0, 346.6336975097656, 485.129638671875, 382.6750183105469, 566.442626953125, 0.7406353950500488], [1, 169.09588623046875, 479.9073181152344, 200.5849609375, 498.5807189941406, 0.7199752330780029], [1, 172.29595947265625, 494.00360107421875, 203.6285400390625, 513.9298095703125, 0.7073928117752075], [1, 243.58782958984375, 209.01153564453125, 265.1095275878906, 221.441162109375, 0.6863277554512024], [1, 243.1630859375, 218.045166015625, 264.81060791015625, 231.2069091796875, 0.6540590524673462], [1, 87.73818969726562, 566.3639526367188, 121.87382507324219, 583.7230834960938, 0.6464452147483826], [0, 521.6256103515625, 13.610973358154297, 563.3973388671875, 41.85028076171875, 0.6283628940582275], [0, 323.18292236328125, 0.10814285278320312, 343.40399169921875, 20.25482940673828, 0.610274076461792], [1, 88.49504089355469, 580.6619262695312, 121.97784423828125, 600.7328491210938, 0.5780160427093506], [0, 581.382568359375, 77.19131469726562, 626.244384765625, 129.67091369628906, 0.5654124021530151], [0, 223.87493896484375, 220.96932983398438, 286.6732177734375, 278.007568359375, 0.517292857170105], [3, 149.23324584960938, 498.2239990234375, 222.81768798828125, 594.6669921875, 0.493359237909317], [1, 179.0288848876953, 210.01829528808594, 203.1434783935547, 227.05552673339844, 0.44437333941459656], [2, 583.4329833984375, 485.7270202636719, 640.0, 583.7548828125, 0.37329190969467163], [0, 521.8330078125, 0.5274581909179688, 564.031494140625, 41.162208557128906, 0.36031031608581543], [0, 535.9110107421875, 0.3474082946777344, 553.5853271484375, 17.955692291259766, 0.3543606400489807], [2, 580.5052490234375, 77.27012634277344, 626.048828125, 130.40982055664062, 0.32840782403945923]]}