{"clean": [[0, 235.5519256591797, 106.27367401123047, 289.30096435546875, 181.217529296875, 0.9200022220611572], [0, 598.9601440429688, 57.91691589355469, 639.8973999023438, 121.95011901855469, 0.9087560176849365], [0, 559.4580078125, 249.5349884033203, 605.16552734375, 333.65020751953125, 0.8774173259735107], [1, 160.30029296875, 256.60809326171875, 209.81689453125, 355.11724853515625, 0.8557213544845581], [0, 173.41384887695312, 27.24569320678711, 230.82205200195312, 105.60873413085938, 0.7807440757751465], [2, 62.06535339355469, 353.088134765625, 165.76986694335938, 544.37890625, 0.7261232137680054], [0, 0.0, 0.0, 12.010011672973633, 56.541168212890625, 0.691555917263031], [4, 534.934814453125, 375.75140380859375, 555.341796875, 411.41436767578125, 0.5859414935112], [2, 448.2003173828125, 0.0, 538.339111328125, 50.641910552978516, 0.4365958571434021], [2, 79.81131744384766, 442.51611328125, 202.72268676757812, 640.0, 0.38204193115234375]], "patched": [[0, 235.50665283203125, 106.24687194824219, 289.3441162109375, 180.3813934326172, 0.90895015001297], [0, 598.8829345703125, 57.863746643066406, 639.8441162109375, 122.46566009521484, 0.8979039192199707], [1, 160.2640380859375, 256.55963134765625, 209.849365234375, 355.20587158203125, 0.8526395559310913], [0, 559.3465576171875, 248.422607421875, 605.0948486328125, 333.89385986328125, 0.8172531723976135], [0, 173.09054565429688, 27.214950561523438, 230.85379028320312, 105.54902648925781, 0.744110107421875], [2, 62.058841705322266, 352.9488525390625, 165.74453735351562, 544.3927001953125, 0.7339279055595398], [0, 0.0, 0.0, 12.036880493164062, 56.557193756103516, 0.6902506351470947], [4, 534.925537109375, 375.74853515625, 555.334228515625, 411.4248046875, 0.6067560911178589], [2, 448.06964111328125, 0.0, 538.4423217773438, 50.582218170166016, 0.45533591508865356], [2, 79.62625122070312, 442.4963684082031, 203.30020141601562, 640.0, 0.4141949713230133], [1, 172.87510681152344, 27.293392181396484, 230.6560516357422, 105.57464599609375, 0.39178723096847534]]}