{"clean": [[0, 0.0, 278.12872314453125, 70.90068054199219, 354.84698486328125, 0.9239397644996643], [0, 0.0, 99.93965148925781, 55.20960998535156, 162.08116149902344, 0.8930132985115051], [0, 254.96041870117188, 93.18974304199219, 286.3947448730469, 152.6283721923828, 0.8807133436203003], [0, 27.048904418945312, 21.618637084960938, 61.63368225097656, 76.69648742675781, 0.8696267008781433], [0, 43.35685348510742, 0.0, 93.09989929199219, 26.00522232055664, 0.8684417605400085], [0, 145.78872680664062, 42.45851135253906, 172.34490966796875, 97.43411254882812, 0.8657304644584656], [0, 234.9814453125, 44.305755615234375, 271.685791015625, 95.06538391113281, 0.8188044428825378], [0, 222.59600830078125, 0.0, 260.79541015625, 28.189300537109375, 0.8053821325302124], [4, 141.78375244140625, 540.28369140625, 173.2061767578125, 593.2900390625, 0.6914328336715698], [4, 497.9452819824219, 542.5665283203125, 540.9169921875, 598.8472900390625, 0.4136267900466919], [4, 29.86004066467285, 74.13691711425781, 60.53540802001953, 101.59303283691406, 0.3907623291015625], [4, 602.5304565429688, 351.7598571777344, 622.4390258789062, 402.1765441894531, 0.3798066973686218], [4, 75.84954833984375, 224.88937377929688, 92.50360107421875, 263.2566223144531, 0.3746632933616638], [4, 14.87636947631836, 0.3572349548339844, 28.096416473388672, 26.285972595214844, 0.3402271866798401], [4, 586.437744140625, 293.63885498046875, 608.200927734375, 339.20953369140625, 0.31531786918640137], [4, 602.234130859375, 353.3298645019531, 617.399658203125, 400.5804138183594, 0.2800244688987732], [4, 620.09521484375, 353.7689514160156, 636.4678955078125, 384.1044616699219, 0.26384419202804565], [4, 610.55810546875, 352.69207763671875, 626.117919921875, 402.05352783203125, 0.2526244521141052]], "patched": [[0, 0.0, 277.9052734375, 70.83919525146484, 352.3751220703125, 0.922161877155304], [0, 0.0, 99.80718994140625, 55.134071350097656, 161.88424682617188, 0.893191397190094], [0, 145.79095458984375, 42.43522644042969, 172.4189453125, 98.46012878417969, 0.8681762218475342], [0, 26.928306579589844, 21.597396850585938, 61.840972900390625, 73.65324401855469, 0.8677393198013306], [0, 40.12059020996094, 0.0, 93.05093383789062, 26.102291107177734, 0.8574398756027222], [1, 235.409912109375, 39.6171875, 271.6170959472656, 94.6904296875, 0.8504399061203003], [0, 221.30126953125, 0.0, 259.34539794921875, 27.908931732177734, 0.7626530528068542], [1, 254.99227905273438, 92.36946105957031, 286.7388610839844, 152.5640106201172, 0.7452305555343628], [4, 141.7912139892578, 540.7229614257812, 173.2283477783203, 593.3193969726562, 0.6999408602714539], [4, 497.927001953125, 542.588134765625, 540.9395751953125, 598.8636474609375, 0.42097601294517517], [4, 75.83257293701172, 224.82485961914062, 92.55550384521484, 263.2586975097656, 0.37563756108283997], [4, 602.4981079101562, 351.67669677734375, 622.7903442382812, 401.95330810546875, 0.3717978298664093], [4, 586.4279174804688, 293.648681640625, 608.3447875976562, 339.2022705078125, 0.3073819577693939], [4, 14.882672309875488, 0.48070526123046875, 28.044727325439453, 26.38196563720703, 0.2895812690258026], [4, 620.01123046875, 353.6199645996094, 636.628173828125, 383.9524841308594, 0.267366498708725], [4, 602.211669921875, 353.4248046875, 617.54248046875, 400.39111328125, 0.2600373327732086]]}