{"clean": [[0, 250.7227783203125, 587.204833984375, 272.91064453125, 640.0, 0.8614054918289185], [3, 77.00312805175781, 31.918258666992188, 97.35514831542969, 94.19922637939453, 0.8272523283958435], [1, 257.9862060546875, 440.46026611328125, 273.505126953125, 496.13970947265625, 0.8199639320373535], [0, 67.72949981689453, 192.89239501953125, 81.13961029052734, 216.45263671875, 0.7980097532272339], [0, 227.01715087890625, 128.65892028808594, 238.29489135742188, 152.9114227294922, 0.7916021347045898], [0, 105.47169494628906, 117.43023681640625, 116.77973937988281, 139.1168212890625, 0.7521284818649292], [1, 240.1312255859375, 207.63162231445312, 253.7938232421875, 246.87661743164062, 0.7256338000297546], [3, 77.03129577636719, 32.386070251464844, 94.60246276855469, 73.32270812988281, 0.7107906937599182], [0, 70.6607666015625, 323.75469970703125, 87.88485717773438, 364.21710205078125, 0.7074704766273499], [0, 257.52264404296875, 440.6556396484375, 273.23773193359375, 496.1556396484375, 0.5635859966278076], [0, 148.368408203125, 27.49468231201172, 158.11672973632812, 45.79740905761719, 0.30639389157295227]], "patched": [[3, 77.00241088867188, 31.921293258666992, 97.32901000976562, 94.20323181152344, 0.8268470168113708], [0, 67.73523712158203, 192.88995361328125, 81.13895416259766, 216.46612548828125, 0.7986814379692078], [0, 250.70481872558594, 586.7825927734375, 272.6942138671875, 639.7371826171875, 0.7932281494140625], [0, 227.01806640625, 128.65643310546875, 238.29248046875, 152.9224853515625, 0.7929562926292419], [0, 105.47270202636719, 117.42720031738281, 116.77705383300781, 139.1262969970703, 0.7559466361999512], [1, 240.13504028320312, 207.63531494140625, 253.78854370117188, 246.87744140625, 0.7276168465614319], [3, 77.03092193603516, 32.384742736816406, 94.6019515991211, 73.29165649414062, 0.713559091091156], [1, 257.4763488769531, 440.51385498046875, 273.4796447753906, 498.52764892578125, 0.5395030975341797], [0, 257.5616455078125, 440.62939453125, 273.240234375, 498.6334228515625, 0.48758119344711304], [0, 70.96626281738281, 323.7293701171875, 87.87550354003906, 365.6475830078125, 0.38345131278038025], [0, 148.34747314453125, 27.476356506347656, 158.11480712890625, 45.797569274902344, 0.3151606023311615], [1, 70.68619537353516, 323.7240905761719, 87.97156524658203, 365.7141418457031, 0.2868863046169281]]}