{"clean": [[0, 471.0218505859375, 355.08843994140625, 496.82794189453125, 387.67266845703125, 0.8729226589202881], [0, 27.827783584594727, 305.0543212890625, 46.90876007080078, 327.75445556640625, 0.828533947467804], [0, 345.46673583984375, 165.92886352539062, 361.08538818359375, 183.03341674804688, 0.8219651579856873], [0, 424.8558044433594, 320.5365295410156, 447.0094909667969, 346.8164367675781, 0.7984426021575928], [0, 300.38616943359375, 116.08235168457031, 313.05291748046875, 130.28445434570312, 0.797063410282135], [0, 213.96151733398438, 4.457928657531738, 225.74618530273438, 15.28249454498291, 0.7834047079086304], [0, 235.9541015625, 50.05281066894531, 247.42236328125, 61.90702819824219, 0.7772767543792725], [0, 363.1273193359375, 129.37960815429688, 379.2821044921875, 146.38446044921875, 0.7679232954978943], [0, 318.21380615234375, 92.89495086669922, 331.82073974609375, 108.51107025146484, 0.7367905974388123], [0, 372.3487854003906, 156.9080352783203, 387.5832214355469, 175.09144592285156, 0.7233918905258179], [0, 216.85635375976562, 44.899017333984375, 228.44320678710938, 56.581146240234375, 0.7232977151870728], [0, 228.3587646484375, 216.07666015625, 241.69189453125, 235.89862060546875, 0.6998330950737], [0, 297.82806396484375, 133.29757690429688, 313.82012939453125, 150.90658569335938, 0.6995141506195068], [0, 533.908935546875, 617.36962890625, 560.02783203125, 640.0, 0.31144270300865173], [0, 191.17457580566406, 17.26108741760254, 202.60084533691406, 27.01224708557129, 0.31135454773902893], [0, 607.3842163085938, 158.96856689453125, 625.1332397460938, 169.251953125, 0.27464014291763306], [0, 188.26512145996094, 15.70973014831543, 202.4516143798828, 27.263586044311523, 0.2615276873111725]], "patched": [[0, 471.20611572265625, 355.1427001953125, 496.48150634765625, 387.9569091796875, 0.860832154750824], [0, 426.64825439453125, 320.76727294921875, 446.77081298828125, 346.71990966796875, 0.8328291177749634], [0, 27.838659286499023, 305.05322265625, 46.90015411376953, 327.745849609375, 0.8290067911148071], [0, 345.4764404296875, 165.92893981933594, 361.079345703125, 183.02928161621094, 0.8222822546958923], [0, 300.3968200683594, 116.08432006835938, 313.0485534667969, 130.28057861328125, 0.7974829077720642], [0, 213.9686279296875, 4.466526031494141, 225.7393798828125, 15.278940200805664, 0.7837674617767334], [0, 235.9659423828125, 50.056129455566406, 247.41522216796875, 61.90039825439453, 0.7779008150100708], [0, 363.13671875, 129.38357543945312, 379.2734375, 146.3790283203125, 0.76815265417099], [0, 318.2151794433594, 92.886474609375, 331.8120422363281, 108.5067138671875, 0.736709713935852], [0, 372.3546447753906, 156.91714477539062, 387.5726623535156, 175.08724975585938, 0.7239600419998169], [0, 216.8675994873047, 44.90547561645508, 228.4294891357422, 56.5725212097168, 0.7232847213745117], [0, 228.36569213867188, 216.07798767089844, 241.66131591796875, 235.8911895751953, 0.70050048828125], [0, 297.831787109375, 133.30181884765625, 313.8160400390625, 150.89947509765625, 0.7002456188201904], [0, 533.9434814453125, 617.3939208984375, 559.9674072265625, 640.0, 0.31595832109451294], [0, 191.18960571289062, 17.25301170349121, 202.58865356445312, 27.002744674682617, 0.31366249918937683], [0, 607.3861083984375, 158.96878051757812, 625.1256103515625, 169.24508666992188, 0.272128701210022], [0, 188.26803588867188, 15.707696914672852, 202.43405151367188, 27.25162696838379, 0.26315683126449585]]}