{"clean": [[1, 449.63580322265625, 405.83062744140625, 495.61834716796875, 457.86358642578125, 0.8896084427833557], [0, 167.76580810546875, 244.87020874023438, 194.62429809570312, 274.1319274902344, 0.8849231600761414], [0, 358.9086608886719, 340.67279052734375, 398.9657897949219, 379.5068359375, 0.8806143403053284], [0, 283.0158996582031, 281.21636962890625, 313.3591613769531, 314.0595703125, 0.8795018792152405], [0, 210.0123748779297, 224.41058349609375, 236.66236877441406, 253.407470703125, 0.878075122833252], [0, 314.63323974609375, 307.6709289550781, 345.60296630859375, 343.5224304199219, 0.8757275342941284], [0, 90.58709716796875, 132.64651489257812, 114.54046630859375, 155.19400024414062, 0.8710269331932068], [0, 183.11334228515625, 202.65869140625, 206.973388671875, 227.91748046875, 0.8689813613891602], [0, 149.78579711914062, 195.97421264648438, 173.89736938476562, 221.51199340820312, 0.8653573393821716], [1, 408.698974609375, 377.7856750488281, 443.469970703125, 413.9662780761719, 0.8450778126716614], [0, 34.32331085205078, 85.36761474609375, 54.742958068847656, 105.44015502929688, 0.8382540941238403], [0, 157.41944885253906, 182.61639404296875, 181.66053771972656, 206.201904296875, 0.8239943981170654], [0, 556.0634765625, 123.31099700927734, 587.47314453125, 141.25180053710938, 0.7826141715049744], [1, 63.45634460449219, 106.21273803710938, 81.35952758789062, 129.02752685546875, 0.7638899683952332], [1, 128.99337768554688, 154.190673828125, 148.48727416992188, 179.66616821289062, 0.7254270315170288], [4, 140.685546875, 87.71684265136719, 147.87127685546875, 99.77348327636719, 0.7099884152412415], [1, 18.140396118164062, 71.18050384521484, 36.950721740722656, 92.93888092041016, 0.7039501070976257], [4, 499.82763671875, 483.36993408203125, 516.718017578125, 502.15313720703125, 0.6027258634567261], [0, 91.95542907714844, 253.39988708496094, 119.52690124511719, 288.2633056640625, 0.3466018736362457], [4, 195.16891479492188, 182.28382873535156, 202.09103393554688, 193.45875549316406, 0.34143152832984924], [4, 264.60992431640625, 241.10609436035156, 271.55023193359375, 255.27479553222656, 0.3392512798309326], [4, 236.07296752929688, 177.51095581054688, 245.68844604492188, 186.45748901367188, 0.26897555589675903]], "patched": [[1, 449.6662292480469, 405.8999328613281, 495.9949645996094, 458.1020202636719, 0.887168288230896], [0, 358.8784484863281, 340.61279296875, 398.3381042480469, 378.4925537109375, 0.8730701208114624], [0, 90.67720031738281, 132.74114990234375, 114.33872985839844, 154.98623657226562, 0.8655593395233154], [0, 167.8410186767578, 244.90850830078125, 194.64356994628906, 273.78106689453125, 0.859401285648346], [0, 183.23277282714844, 202.4613037109375, 206.8105010986328, 227.9007568359375, 0.8527418375015259], [0, 314.93658447265625, 306.830078125, 345.46441650390625, 343.47589111328125, 0.8511489033699036], [0, 283.0965270996094, 281.3560485839844, 313.2946472167969, 312.6910705566406, 0.8465204834938049], [0, 210.10484313964844, 224.34518432617188, 236.4733123779297, 251.63784790039062, 0.8457159996032715], [0, 34.401214599609375, 85.45833587646484, 54.77409362792969, 104.57154083251953, 0.843712329864502], [1, 408.78582763671875, 377.86737060546875, 443.41925048828125, 414.0286865234375, 0.8314169049263], [0, 149.85267639160156, 198.18212890625, 173.61436462402344, 221.24169921875, 0.830604612827301], [0, 157.5545654296875, 182.91720581054688, 181.3682861328125, 204.7703857421875, 0.8034944534301758], [1, 63.48713684082031, 106.41888427734375, 81.28585815429688, 129.0179443359375, 0.7560820579528809], [0, 556.0825805664062, 123.20716857910156, 587.6969604492188, 140.15220642089844, 0.7239471077919006], [1, 18.188396453857422, 71.22256469726562, 36.85166549682617, 92.91818237304688, 0.7219082713127136], [4, 140.71827697753906, 87.69612121582031, 147.8689422607422, 99.78665161132812, 0.6975137591362], [1, 129.08694458007812, 154.3229522705078, 148.36770629882812, 179.73085021972656, 0.6393070816993713], [4, 499.83447265625, 483.3617858886719, 516.6748046875, 502.1007385253906, 0.6098369359970093], [0, 93.63499450683594, 254.20526123046875, 117.78681945800781, 286.8668212890625, 0.3939552307128906], [4, 195.04266357421875, 182.3804931640625, 202.03671264648438, 194.13507080078125, 0.31291165947914124], [4, 264.60791015625, 241.04115295410156, 271.5194091796875, 255.34336853027344, 0.3111247718334198]]}