{"clean": [[0, 106.35499572753906, 482.55322265625, 149.077880859375, 524.8812255859375, 0.908667266368866], [0, 148.01651000976562, 550.7567749023438, 189.29983520507812, 591.7450561523438, 0.9044469594955444], [0, 421.77093505859375, 415.2410888671875, 459.02581787109375, 450.557861328125, 0.9039350152015686], [0, 453.3561706542969, 378.1297302246094, 488.8774108886719, 410.4842834472656, 0.8810397982597351], [0, 498.2686767578125, 365.71905517578125, 535.7222900390625, 396.76507568359375, 0.8797355890274048], [0, 272.484130859375, 437.06982421875, 311.6024169921875, 475.0101318359375, 0.876799464225769], [0, 408.2764892578125, 391.72283935546875, 445.1689453125, 424.66534423828125, 0.8641883730888367], [0, 593.6944580078125, 334.93408203125, 630.9307861328125, 364.541748046875, 0.8613215088844299], [1, 198.03419494628906, 461.0147705078125, 230.62989807128906, 496.6104736328125, 0.8533658981323242], [2, 536.2263793945312, 348.94189453125, 574.4391479492188, 380.3782958984375, 0.7711849808692932], [0, 272.70770263671875, 53.874290466308594, 297.98614501953125, 70.77982330322266, 0.7407788038253784], [1, 352.51959228515625, 406.41558837890625, 382.36065673828125, 440.358642578125, 0.7193156480789185], [4, 260.33294677734375, 325.5923156738281, 267.68402099609375, 345.1910095214844, 0.7049486041069031], [0, 325.1480407714844, 366.8514404296875, 367.2538757324219, 394.3135986328125, 0.611472487449646], [4, 69.89300537109375, 410.32025146484375, 83.26451110839844, 423.23382568359375, 0.6020460724830627], [0, 631.6177978515625, 325.53570556640625, 639.94287109375, 352.95367431640625, 0.5913121104240417], [4, 455.5697021484375, 308.76824951171875, 471.2821044921875, 328.03411865234375, 0.5214990377426147], [0, 233.03945922851562, 0.019820451736450195, 257.1001892089844, 2.5941274166107178, 0.47947758436203003], [0, 359.60260009765625, 479.3125, 397.84320068359375, 519.8328247070312, 0.3246193826198578], [1, 271.9747009277344, 71.08406829833984, 294.9521179199219, 90.3512954711914, 0.2995917499065399], [1, 50.342559814453125, 500.09747314453125, 91.60935974121094, 543.7922973632812, 0.29635873436927795], [4, 186.19189453125, 449.76556396484375, 195.42645263671875, 471.02618408203125, 0.27964556217193604], [4, 623.289794921875, 235.2931671142578, 633.179443359375, 254.7688751220703, 0.2707477807998657]], "patched": [[0, 148.05111694335938, 550.8994140625, 189.14041137695312, 591.383056640625, 0.8599370718002319], [1, 198.09951782226562, 461.045654296875, 230.62625122070312, 496.63922119140625, 0.8437101244926453], [0, 273.6045227050781, 437.09246826171875, 311.5220642089844, 472.402587890625, 0.8225101232528687], [0, 106.25137329101562, 482.06085205078125, 148.94485473632812, 525.0491943359375, 0.8163777589797974], [0, 594.002685546875, 335.09759521484375, 630.8795166015625, 364.61407470703125, 0.748670756816864], [0, 272.7172546386719, 53.86891174316406, 297.9102478027344, 70.7507095336914, 0.7310992479324341], [2, 536.3052978515625, 348.955810546875, 574.415771484375, 380.3724365234375, 0.7257678508758545], [1, 352.5615234375, 406.4490966796875, 382.26837158203125, 440.35406494140625, 0.7109348773956299], [4, 260.257568359375, 325.532470703125, 267.689453125, 345.21649169921875, 0.6965526938438416], [0, 453.44586181640625, 377.7103271484375, 488.51531982421875, 410.49078369140625, 0.6624380350112915], [0, 407.98590087890625, 391.76446533203125, 445.26983642578125, 424.19549560546875, 0.6485682725906372], [0, 497.234375, 365.90557861328125, 535.609375, 396.45501708984375, 0.6073629856109619], [4, 455.5019836425781, 308.59368896484375, 471.2839050292969, 328.06097412109375, 0.604586124420166], [4, 69.87699890136719, 410.313232421875, 83.27069091796875, 423.2254638671875, 0.5868958234786987], [0, 631.6617431640625, 324.8868408203125, 639.9124755859375, 352.9085693359375, 0.5620748996734619], [0, 233.09701538085938, 0.020869016647338867, 257.0663757324219, 2.5797948837280273, 0.4722318649291992], [1, 497.0943603515625, 365.9742431640625, 535.4510498046875, 396.36962890625, 0.40089523792266846], [0, 467.7818908691406, 556.2979125976562, 502.6636657714844, 603.3569946289062, 0.3960396647453308], [4, 623.2640380859375, 235.34909057617188, 633.1461181640625, 254.77914428710938, 0.3301699459552765], [4, 186.16909790039062, 449.44378662109375, 195.46072387695312, 471.03729248046875, 0.3157344162464142], [1, 271.99871826171875, 71.08231353759766, 294.59796142578125, 90.35088348388672, 0.2883892059326172], [0, 422.18572998046875, 415.313720703125, 459.54901123046875, 450.630126953125, 0.28160360455513], [1, 454.28253173828125, 377.9210510253906, 489.05181884765625, 410.3937683105469, 0.2777363359928131], [1, 359.845947265625, 479.6182861328125, 397.73388671875, 519.429931640625, 0.2645052969455719]]}