{"clean": [[0, 425.80487060546875, 243.6707763671875, 464.71453857421875, 292.80810546875, 0.9213991761207581], [0, 332.4573974609375, 316.59039306640625, 374.410888671875, 367.28448486328125, 0.919492244720459], [0, 550.835205078125, 132.26849365234375, 586.5546875, 188.714599609375, 0.9131468534469604], [0, 365.62774658203125, 429.6427001953125, 410.40631103515625, 488.2607421875, 0.908453106880188], [0, 608.8956298828125, 36.37043762207031, 639.9581298828125, 87.44633483886719, 0.8972834944725037], [0, 531.0314331054688, 84.42500305175781, 562.8359985351562, 134.2132568359375, 0.8966361880302429], [0, 546.450927734375, 352.6564636230469, 587.866455078125, 427.8034973144531, 0.8951669931411743], [0, 459.97515869140625, 432.2659912109375, 499.79156494140625, 508.55914306640625, 0.8847456574440002], [0, 598.455322265625, 295.0765380859375, 639.56982421875, 353.6846923828125, 0.8746599555015564], [0, 384.0561828613281, 488.77410888671875, 422.1540222167969, 572.6726684570312, 0.8623546361923218], [0, 476.91650390625, 403.760009765625, 516.450927734375, 473.4805908203125, 0.8195616006851196], [0, 265.2823791503906, 612.4703369140625, 294.1025085449219, 640.0, 0.783160924911499], [0, 350.6474304199219, 497.140869140625, 392.7829895019531, 580.2642822265625, 0.7776495218276978], [4, 402.34283447265625, 382.2174987792969, 418.59796142578125, 398.8414001464844, 0.7775259613990784], [0, 593.8890380859375, 49.85728454589844, 627.6424560546875, 91.14491271972656, 0.7568621039390564], [4, 256.96826171875, 371.07342529296875, 267.091796875, 392.67864990234375, 0.6522719264030457], [4, 624.369140625, 145.16790771484375, 637.347412109375, 165.12939453125, 0.5134821534156799]], "patched": [[0, 609.6651611328125, 36.35089874267578, 639.9317626953125, 87.12594604492188, 0.8835082650184631], [1, 551.3736572265625, 131.3382568359375, 586.2451171875, 188.69146728515625, 0.8779051899909973], [0, 425.7160339355469, 242.83673095703125, 464.8711242675781, 292.95880126953125, 0.8550838828086853], [0, 530.9512329101562, 84.46760559082031, 562.8511352539062, 134.51165771484375, 0.854013204574585], [0, 384.1810607910156, 488.61004638671875, 421.4172058105469, 574.5996704101562, 0.808923065662384], [0, 332.63134765625, 313.8515625, 374.20849609375, 367.327392578125, 0.7944225668907166], [0, 265.24945068359375, 612.4776611328125, 294.119384765625, 640.0, 0.7614142894744873], [4, 402.30377197265625, 382.21759033203125, 418.62493896484375, 398.94219970703125, 0.7275503277778625], [0, 546.8238525390625, 352.0090026855469, 586.5784912109375, 417.2385559082031, 0.7210050225257874], [0, 460.076904296875, 432.41064453125, 500.3212890625, 509.10980224609375, 0.6616357564926147], [0, 350.7388916015625, 498.2493896484375, 384.68017578125, 564.224609375, 0.6334330439567566], [2, 598.9305419921875, 291.6684875488281, 639.6734619140625, 356.0506896972656, 0.5544867515563965], [2, 384.2701416015625, 488.6524963378906, 421.1019287109375, 574.8426513671875, 0.5399023294448853], [4, 256.9565734863281, 371.0124206542969, 267.0986022949219, 392.6899719238281, 0.5162953734397888], [0, 476.5992431640625, 403.4566650390625, 515.9930419921875, 474.1988525390625, 0.4652046859264374], [4, 624.3522338867188, 145.15664672851562, 637.3392944335938, 165.13314819335938, 0.42876118421554565], [2, 365.75982666015625, 429.34637451171875, 409.434814453125, 488.36431884765625, 0.3943929672241211], [2, 459.92803955078125, 431.6190185546875, 500.49127197265625, 510.02984619140625, 0.2951350510120392]]}