{"clean": [[0, 454.1917724609375, 74.04464721679688, 478.2305908203125, 105.75579833984375, 0.7851351499557495], [0, 212.2847900390625, 77.6026611328125, 234.0460205078125, 115.20468139648438, 0.7384569644927979], [0, 144.27093505859375, 118.69975280761719, 170.32470703125, 154.73667907714844, 0.5820627212524414], [0, 345.82196044921875, 581.0183715820312, 369.27020263671875, 633.4386596679688, 0.5311104655265808], [0, 221.21255493164062, 207.51959228515625, 246.41409301757812, 251.93048095703125, 0.5293274521827698], [0, 257.81658935546875, 465.181640625, 279.60162353515625, 501.20458984375, 0.5145696997642517]], "patched": [[0, 212.31356811523438, 77.62678527832031, 234.01870727539062, 115.12742614746094, 0.729080319404602], [0, 454.30126953125, 72.40802001953125, 478.0098876953125, 105.6671142578125, 0.6810476779937744], [0, 145.98703002929688, 117.29315948486328, 170.7025146484375, 155.00128173828125, 0.4038633406162262], [0, 222.85882568359375, 219.43280029296875, 246.54248046875, 251.29977416992188, 0.3604064881801605], [0, 345.3154602050781, 580.894287109375, 367.5926818847656, 633.618896484375, 0.3006512224674225]]}