{"clean": [[0, 323.2926940917969, 81.20069885253906, 334.7591857910156, 102.63636779785156, 0.8004969954490662], [0, 371.5096435546875, 85.97831726074219, 382.646484375, 107.00186157226562, 0.7801576852798462], [0, 290.8598937988281, 465.61383056640625, 302.9224548339844, 508.55267333984375, 0.7782526016235352], [0, 361.4419860839844, 59.974342346191406, 372.5039367675781, 80.2766342163086, 0.7704177498817444], [0, 307.8785400390625, 480.91400146484375, 319.5892333984375, 525.1846923828125, 0.752543568611145], [0, 334.36273193359375, 0.0, 344.80609130859375, 13.249140739440918, 0.7242062091827393], [0, 405.5416259765625, 134.19210815429688, 417.7730712890625, 167.47225952148438, 0.6257988214492798], [0, 259.327392578125, 482.93670654296875, 275.3658447265625, 535.51025390625, 0.5716464519500732], [3, 334.78863525390625, 538.6500244140625, 351.64666748046875, 604.9163818359375, 0.5708833336830139], [0, 273.63043212890625, 355.328369140625, 286.34344482421875, 390.8978271484375, 0.5701749920845032], [0, 159.71397399902344, 0.0, 171.6359100341797, 10.95905590057373, 0.5648764967918396], [0, 378.72613525390625, 132.08660888671875, 390.55780029296875, 167.94366455078125, 0.5151640176773071], [0, 383.5113525390625, 202.62857055664062, 398.995849609375, 242.66378784179688, 0.4472750723361969], [3, 292.1811828613281, 332.0252685546875, 311.3823547363281, 398.320068359375, 0.3795495927333832]], "patched": [[0, 323.289306640625, 81.19807434082031, 334.76220703125, 102.64486694335938, 0.8006023168563843], [0, 371.5099792480469, 86.000244140625, 382.6441345214844, 107.00347900390625, 0.7803811430931091], [0, 361.4440612792969, 59.98796081542969, 372.5019836425781, 80.27474975585938, 0.7703803181648254], [0, 290.6595153808594, 465.6916198730469, 302.7208557128906, 508.5981750488281, 0.7547697424888611], [0, 307.744384765625, 479.4989013671875, 319.85546875, 525.2247924804688, 0.7419428825378418], [0, 334.3605041503906, 0.0, 344.8120422363281, 13.253005981445312, 0.7235285639762878], [0, 405.5406188964844, 134.1938934326172, 417.7785949707031, 167.4836883544922, 0.6257144212722778], [3, 334.7664794921875, 538.5726928710938, 351.6942138671875, 604.9415893554688, 0.6165380477905273], [0, 159.71185302734375, 0.0, 171.64007568359375, 10.964807510375977, 0.5679397583007812], [0, 259.38958740234375, 482.914794921875, 275.4119873046875, 535.5367431640625, 0.5506998896598816], [0, 273.45538330078125, 362.26123046875, 285.0584716796875, 390.84918212890625, 0.5283084511756897], [0, 378.73175048828125, 132.0868682861328, 390.55621337890625, 167.95994567871094, 0.5130154490470886], [0, 383.5436706542969, 202.66815185546875, 398.9994812011719, 242.71087646484375, 0.4600471258163452], [3, 292.41552734375, 343.15313720703125, 310.8603515625, 398.46466064453125, 0.4135953187942505], [0, 273.66290283203125, 354.6199951171875, 286.40277099609375, 391.2501220703125, 0.31550443172454834]]}