{"clean": [[0, 542.7335205078125, 528.0579833984375, 578.7325439453125, 566.2911376953125, 0.8856732249259949], [0, 403.947998046875, 450.89141845703125, 427.22857666015625, 483.74285888671875, 0.8689490556716919], [0, 384.35150146484375, 327.2734680175781, 406.58428955078125, 352.1703186035156, 0.8469257950782776], [0, 406.1982421875, 376.7425537109375, 432.046875, 397.53912353515625, 0.8330510258674622], [0, 589.6611328125, 600.2222900390625, 610.365478515625, 639.9063720703125, 0.8242505192756653], [0, 599.5304565429688, 558.990234375, 621.7876586914062, 607.366943359375, 0.8236045241355896], [0, 419.42694091796875, 365.1727294921875, 446.29144287109375, 384.8870849609375, 0.7942286729812622], [0, 524.2939453125, 573.95947265625, 560.41943359375, 615.985107421875, 0.7884852886199951], [0, 364.03497314453125, 340.16943359375, 387.76092529296875, 363.114990234375, 0.7827455401420593], [0, 594.0643310546875, 350.545166015625, 609.1483154296875, 372.0205078125, 0.7464907169342041], [0, 357.13079833984375, 346.71942138671875, 381.3275146484375, 371.70941162109375, 0.7095127105712891], [0, 630.0771484375, 470.20538330078125, 640.0, 510.58966064453125, 0.692859947681427], [1, 622.6898193359375, 392.6941223144531, 639.5848388671875, 418.9009094238281, 0.6255943775177002], [0, 604.3510131835938, 445.66064453125, 623.0581665039062, 472.097412109375, 0.5833454728126526], [0, 621.88818359375, 298.0460205078125, 635.4549560546875, 318.8201904296875, 0.4861592650413513], [4, 626.24365234375, 520.5796508789062, 634.5205078125, 536.3054809570312, 0.47927042841911316], [0, 571.0716552734375, 382.26031494140625, 587.2484130859375, 405.968017578125, 0.428801953792572], [0, 345.9649658203125, 360.56439208984375, 372.548583984375, 381.45550537109375, 0.33043035864830017], [0, 634.561767578125, 298.91644287109375, 640.0, 322.85516357421875, 0.2857343256473541]], "patched": [[0, 543.067138671875, 527.2322998046875, 578.5054931640625, 566.4705810546875, 0.8803368806838989], [0, 404.080078125, 450.75933837890625, 427.12579345703125, 482.2117919921875, 0.8326637744903564], [0, 599.4296875, 558.9339599609375, 621.6458740234375, 607.4654541015625, 0.8245054483413696], [0, 384.388671875, 327.2734375, 405.793701171875, 349.246337890625, 0.8031461834907532], [0, 406.5562744140625, 376.6827392578125, 431.76763916015625, 396.64947509765625, 0.8018267750740051], [0, 419.38922119140625, 365.2074890136719, 447.39898681640625, 385.1518249511719, 0.7910230755805969], [0, 364.3582763671875, 340.478759765625, 387.615478515625, 363.04864501953125, 0.7622725367546082], [0, 594.0690307617188, 350.546875, 609.1281127929688, 372.020751953125, 0.7255250215530396], [0, 630.0817260742188, 470.14599609375, 640.0, 510.58221435546875, 0.6879990100860596], [0, 356.92041015625, 346.9833984375, 381.263916015625, 371.7459716796875, 0.6764700412750244], [1, 622.7100830078125, 392.7220458984375, 639.5743408203125, 418.94671630859375, 0.6210595965385437], [0, 604.287841796875, 445.6954345703125, 623.04443359375, 472.1483154296875, 0.5776500701904297], [0, 621.9989624023438, 298.2858581542969, 635.3687133789062, 318.8126525878906, 0.47638195753097534], [4, 626.1785888671875, 520.6605224609375, 634.4520263671875, 536.2691650390625, 0.44879189133644104], [0, 570.9481201171875, 380.5701599121094, 587.0845947265625, 406.0231628417969, 0.41416093707084656], [0, 521.5772705078125, 572.06787109375, 559.8739013671875, 612.159912109375, 0.3747752904891968], [0, 344.28497314453125, 360.7714538574219, 372.5057373046875, 381.5801696777344, 0.2965911626815796], [0, 634.5660400390625, 298.9467468261719, 640.0, 322.8898010253906, 0.2608024775981903]]}