{"clean": [[0, 369.31976318359375, 319.0091552734375, 435.29046630859375, 370.0123291015625, 0.9054054617881775], [0, 300.5127868652344, 348.8464050292969, 366.3440246582031, 402.4964294433594, 0.9015427231788635], [0, 562.0042724609375, 166.18734741210938, 599.9530029296875, 199.17208862304688, 0.6999025344848633], [4, 407.82708740234375, 482.28131103515625, 430.05194091796875, 524.6365356445312, 0.6918557286262512]], "patched": [[0, 368.317626953125, 319.46026611328125, 435.274169921875, 369.68182373046875, 0.8671035170555115], [0, 297.7671203613281, 348.9786376953125, 366.2990417480469, 402.367431640625, 0.8473294377326965], [0, 562.1290283203125, 167.42196655273438, 600.0064697265625, 199.15322875976562, 0.7020196914672852], [4, 407.8975830078125, 482.31011962890625, 430.0328369140625, 524.5170288085938, 0.6380214095115662]]}