{"clean": [[0, 58.42376708984375, 431.13720703125, 95.76699829101562, 471.62841796875, 0.8886622190475464], [0, 101.89390563964844, 498.131103515625, 131.2237548828125, 537.7803955078125, 0.8630203604698181], [0, 172.8922576904297, 160.54774475097656, 199.08335876464844, 176.34153747558594, 0.8579833507537842], [0, 176.61050415039062, 147.64634704589844, 201.47598266601562, 162.81300354003906, 0.829322338104248], [1, 155.7643585205078, 371.6224365234375, 180.7554168701172, 403.367431640625, 0.8104047179222107], [0, 273.2633056640625, 21.79627227783203, 282.24505615234375, 38.310890197753906, 0.7755767703056335], [0, 178.46646118164062, 136.12075805664062, 201.753662109375, 149.72171020507812, 0.7257217168807983], [0, 39.148658752441406, 485.20294189453125, 79.46774291992188, 512.2179565429688, 0.7108755111694336], [0, 322.0773620605469, 330.3769836425781, 358.0841979980469, 348.0489196777344, 0.6913701891899109], [0, 237.79248046875, 609.3657836914062, 287.53887939453125, 640.0, 0.6630597710609436], [0, 180.46273803710938, 129.2457275390625, 198.68673706054688, 138.965576171875, 0.6588238477706909], [4, 281.37469482421875, 123.09495544433594, 285.402099609375, 134.86866760253906, 0.6062327027320862], [4, 248.15618896484375, 463.8643798828125, 259.73358154296875, 484.6141357421875, 0.5765143036842346], [4, 209.7314453125, 396.1932678222656, 221.26040649414062, 409.7120666503906, 0.5180552005767822], [4, 38.8784294128418, 474.3511962890625, 56.22605514526367, 486.32012939453125, 0.5056717395782471], [1, 119.09568786621094, 468.05133056640625, 151.2192840576172, 509.54095458984375, 0.4285806715488434], [4, 272.0645446777344, 115.71308898925781, 276.3836364746094, 129.47776794433594, 0.3720196783542633], [0, 119.18189239501953, 468.0335693359375, 151.03204345703125, 509.4642333984375, 0.34976381063461304], [4, 284.0135803222656, 145.7494659423828, 288.7289733886719, 157.22959899902344, 0.3091040551662445], [4, 213.13168334960938, 332.35992431640625, 222.00723266601562, 348.57525634765625, 0.3077376186847687], [0, 181.5146484375, 117.44491577148438, 205.71389770507812, 127.81570434570312, 0.3032466769218445], [4, 292.77978515625, 42.90721893310547, 297.3470458984375, 53.438377380371094, 0.2996150851249695], [4, 198.24539184570312, 431.51312255859375, 205.38723754882812, 452.11297607421875, 0.2702709138393402]], "patched": [[0, 58.75083923339844, 429.10284423828125, 95.64761352539062, 471.62078857421875, 0.8731681704521179], [0, 172.90701293945312, 160.56808471679688, 199.07806396484375, 176.34078979492188, 0.8574605584144592], [0, 176.64581298828125, 147.77035522460938, 201.44921875, 162.81448364257812, 0.8194472193717957], [1, 155.76345825195312, 371.63519287109375, 180.76596069335938, 403.362060546875, 0.8004565238952637], [0, 273.283935546875, 21.802013397216797, 282.23797607421875, 38.309791564941406, 0.7762718796730042], [0, 177.74530029296875, 137.949951171875, 201.74169921875, 150.00494384765625, 0.7592747807502747], [0, 101.97892761230469, 497.4671630859375, 130.67434692382812, 539.3558349609375, 0.7331514954566956], [0, 179.214599609375, 129.2254638671875, 198.6219482421875, 138.966552734375, 0.6660565733909607], [4, 281.38092041015625, 123.11851501464844, 285.396484375, 134.8733673095703, 0.6050564646720886], [4, 248.13949584960938, 463.8699035644531, 259.76263427734375, 484.6271057128906, 0.5685552358627319], [1, 119.24042510986328, 468.2769470214844, 151.1309814453125, 509.5730895996094, 0.5623995661735535], [4, 209.73199462890625, 396.20526123046875, 221.22479248046875, 409.70574951171875, 0.5135310292243958], [4, 39.03789520263672, 474.5032958984375, 56.05009460449219, 486.21258544921875, 0.4747883379459381], [0, 177.8533172607422, 135.11248779296875, 200.3363494873047, 144.19464111328125, 0.4227466881275177], [4, 272.07232666015625, 115.73670959472656, 276.37103271484375, 129.47752380371094, 0.36628231406211853], [4, 284.0245666503906, 145.7734375, 288.7078552246094, 157.21890258789062, 0.31474095582962036], [0, 181.26803588867188, 117.31205749511719, 205.73641967773438, 127.79557800292969, 0.30829495191574097], [4, 292.7864685058594, 42.916168212890625, 297.3401184082031, 53.44036865234375, 0.3050205707550049], [4, 213.12332153320312, 332.37359619140625, 222.00680541992188, 348.61737060546875, 0.29176732897758484], [4, 198.26239013671875, 431.61053466796875, 205.3756103515625, 452.10626220703125, 0.2607685327529907]]}