{"clean": [[0, 361.380859375, 245.8806915283203, 395.6068115234375, 326.83465576171875, 0.9066778421401978], [0, 325.01043701171875, 375.072021484375, 364.16925048828125, 482.0982666015625, 0.9057663083076477], [0, 415.18878173828125, 181.74734497070312, 448.29364013671875, 239.74237060546875, 0.9043658375740051], [0, 167.87124633789062, 211.9312744140625, 235.38433837890625, 250.3243408203125, 0.902266800403595], [0, 166.88763427734375, 152.43692016601562, 227.080810546875, 186.07534790039062, 0.8880122900009155], [0, 323.857177734375, 163.25341796875, 351.3507080078125, 218.6917724609375, 0.8874971270561218], [0, 349.4275817871094, 100.82180786132812, 372.6628112792969, 143.92930603027344, 0.8861303329467773], [1, 250.70840454101562, 83.37033081054688, 276.1507263183594, 128.8104248046875, 0.876797616481781], [1, 216.29629516601562, 326.52813720703125, 255.87039184570312, 435.41473388671875, 0.8757184147834778], [0, 397.75189208984375, 64.5044174194336, 423.00677490234375, 103.25676727294922, 0.8756334781646729], [0, 321.8890380859375, 106.98866271972656, 345.7073974609375, 159.8475799560547, 0.8750742673873901], [1, 336.62054443359375, 519.5982666015625, 373.03515625, 639.5360107421875, 0.8679856061935425], [0, 322.288330078125, 60.463958740234375, 342.352783203125, 103.25962829589844, 0.8619135618209839], [0, 319.380126953125, 0.0, 336.5111083984375, 24.765968322753906, 0.8177971243858337], [0, 265.82818603515625, 0.0, 284.91546630859375, 22.48397445678711, 0.8089116811752319], [0, 341.9674377441406, 0.0955963134765625, 360.3091125488281, 29.547752380371094, 0.7981392741203308], [4, 186.1150360107422, 470.4891357421875, 206.9243621826172, 517.6744995117188, 0.7728747129440308], [0, 259.6800231933594, 23.23419189453125, 281.1611022949219, 56.73474884033203, 0.7591090798377991], [0, 342.8053283691406, 29.143537521362305, 363.0187072753906, 63.63917541503906, 0.7479026913642883], [4, 468.96929931640625, 322.70916748046875, 479.83905029296875, 358.14404296875, 0.5520262122154236], [4, 480.03509521484375, 323.19073486328125, 490.4681396484375, 357.39312744140625, 0.47040900588035583], [4, 480.84588623046875, 335.6336364746094, 490.37481689453125, 357.4693298339844, 0.276676207780838]], "patched": [[0, 324.9339599609375, 375.08526611328125, 364.172607421875, 485.48211669921875, 0.8927360773086548], [0, 361.31915283203125, 245.69882202148438, 395.37713623046875, 329.4393615722656, 0.8898088335990906], [1, 336.59002685546875, 519.5333251953125, 373.06414794921875, 639.553955078125, 0.8781317472457886], [0, 165.451171875, 152.54074096679688, 227.0382080078125, 185.95724487304688, 0.8770763278007507], [1, 216.19369506835938, 326.465087890625, 255.99880981445312, 435.6119384765625, 0.8758362531661987], [1, 250.5580291748047, 83.36659240722656, 276.22113037109375, 128.84109497070312, 0.8737857341766357], [0, 323.79571533203125, 163.1815185546875, 351.40594482421875, 222.09259033203125, 0.831865668296814], [0, 265.570556640625, 0.03470420837402344, 284.85821533203125, 22.47566032409668, 0.817581057548523], [0, 342.29815673828125, 0.31810760498046875, 360.1885986328125, 29.439693450927734, 0.8018041253089905], [0, 170.9037322998047, 211.927001953125, 235.46778869628906, 248.7681884765625, 0.7865078449249268], [1, 398.38330078125, 61.53376388549805, 423.10870361328125, 103.55796813964844, 0.7660053968429565], [4, 186.12689208984375, 470.50445556640625, 206.91488647460938, 517.7265014648438, 0.7643714547157288], [1, 321.72308349609375, 104.701416015625, 345.52374267578125, 159.98016357421875, 0.7587753534317017], [0, 415.2451477050781, 181.55673217773438, 448.1960144042969, 241.13311767578125, 0.7487531304359436], [0, 319.4661865234375, 0.06310462951660156, 336.24072265625, 24.488405227661133, 0.7423285245895386], [2, 342.85498046875, 29.1234130859375, 362.9696044921875, 63.747650146484375, 0.7105690836906433], [0, 259.15557861328125, 21.209632873535156, 281.07763671875, 56.59175109863281, 0.695359468460083], [0, 322.24560546875, 60.62790298461914, 342.317138671875, 99.0269775390625, 0.6836945414543152], [1, 349.9040222167969, 99.12774658203125, 372.7463073730469, 144.03982543945312, 0.6540088653564453], [4, 469.15875244140625, 323.03533935546875, 479.597900390625, 357.77728271484375, 0.5691813826560974], [0, 322.0980224609375, 104.05777740478516, 345.54296875, 159.85556030273438, 0.5609074234962463], [4, 480.01513671875, 322.7209777832031, 490.49658203125, 357.3964538574219, 0.4714179039001465], [0, 350.18328857421875, 99.27166748046875, 372.97406005859375, 144.0565185546875, 0.45313093066215515]]}