{"clean": [[3, 417.49603271484375, 401.39752197265625, 506.13934326171875, 533.3716430664062, 0.8537780046463013], [0, 364.9984130859375, 511.38372802734375, 406.6795654296875, 570.4133911132812, 0.8460387587547302], [0, 275.7395935058594, 254.9651336669922, 304.2637634277344, 289.84722900390625, 0.8432844281196594], [0, 219.960205078125, 188.19789123535156, 246.69577026367188, 218.8292999267578, 0.8301221132278442], [0, 199.2567138671875, 136.4319610595703, 223.989990234375, 162.9604034423828, 0.809055507183075], [0, 30.720382690429688, 11.185455322265625, 49.45470428466797, 29.895923614501953, 0.8044503331184387], [0, 91.70712280273438, 68.76627349853516, 113.65093994140625, 91.07930755615234, 0.7650600075721741], [0, 0.02546548843383789, 62.901554107666016, 6.936760902404785, 96.7093505859375, 0.58409583568573], [2, 43.885276794433594, 86.91275024414062, 77.8897705078125, 129.50506591796875, 0.5734875202178955], [3, 274.2696533203125, 203.4235382080078, 311.8934326171875, 254.06983947753906, 0.509183943271637], [0, 458.9300842285156, 48.4228515625, 476.6038513183594, 65.79420471191406, 0.4473492503166199], [1, 274.4256591796875, 203.1654052734375, 311.51739501953125, 254.443359375, 0.42771393060684204]], "patched": [[3, 417.4932861328125, 401.410400390625, 506.21246337890625, 533.2689208984375, 0.8409421443939209], [0, 364.57244873046875, 510.8222351074219, 406.51678466796875, 570.68994140625, 0.8291831016540527], [0, 276.3714904785156, 251.52792358398438, 304.7676086425781, 290.1177673339844, 0.8288460373878479], [0, 30.74248504638672, 11.178155899047852, 49.225120544433594, 29.871824264526367, 0.8032689094543457], [0, 199.0072479248047, 134.78707885742188, 223.9094696044922, 163.07290649414062, 0.7822914123535156], [0, 219.2942352294922, 187.26144409179688, 246.21556091308594, 218.94546508789062, 0.7744479775428772], [0, 91.57904052734375, 68.61116790771484, 113.68927001953125, 91.1440658569336, 0.7593365907669067], [0, 0.025051116943359375, 62.73509216308594, 6.96884822845459, 96.79861450195312, 0.5794498324394226], [2, 43.831573486328125, 86.88883972167969, 77.921630859375, 129.56617736816406, 0.5457700490951538], [3, 274.2469482421875, 203.28985595703125, 311.8336181640625, 253.82867431640625, 0.47248563170433044], [0, 458.9027099609375, 48.389320373535156, 476.68792724609375, 65.81205749511719, 0.4709133803844452], [1, 274.442138671875, 202.97254943847656, 311.5157470703125, 254.1185760498047, 0.46832117438316345]]}