{"clean": [[0, 237.98321533203125, 339.6805114746094, 251.3472900390625, 376.5859069824219, 0.8367862105369568], [3, 269.76617431640625, 49.70219421386719, 290.12103271484375, 123.24166870117188, 0.8292329907417297], [3, 258.0634765625, 304.340087890625, 276.3927001953125, 362.9071044921875, 0.8264170289039612], [0, 281.337646484375, 261.4532470703125, 294.04986572265625, 292.804931640625, 0.8013736009597778], [0, 250.437255859375, 31.51734733581543, 261.864013671875, 52.65203857421875, 0.7809860110282898], [0, 266.99078369140625, 144.56063842773438, 277.7958984375, 172.68881225585938, 0.7677121758460999], [0, 386.17822265625, 45.50799560546875, 396.0997314453125, 70.45272064208984, 0.7428305745124817], [0, 316.83502197265625, 63.31867980957031, 327.28729248046875, 90.18878173828125, 0.7362188100814819], [0, 378.8681640625, 114.30851745605469, 389.099609375, 142.07777404785156, 0.7108447551727295], [0, 287.57928466796875, 109.42304992675781, 298.19073486328125, 133.64401245117188, 0.707876443862915], [0, 359.81353759765625, 247.83018493652344, 373.78143310546875, 282.546875, 0.6981047987937927], [0, 294.143798828125, 162.1272430419922, 304.987060546875, 190.96055603027344, 0.6739327311515808], [0, 258.98681640625, 208.484130859375, 270.67236328125, 237.908447265625, 0.623120903968811], [0, 326.58154296875, 167.91015625, 337.369873046875, 193.58889770507812, 0.622443437576294], [0, 351.21429443359375, 18.519611358642578, 363.53363037109375, 44.93924331665039, 0.621354877948761], [0, 306.72894287109375, 386.1612854003906, 319.10601806640625, 432.0274963378906, 0.6018017530441284], [0, 194.8982696533203, 458.90057373046875, 211.03773498535156, 502.49456787109375, 0.588308572769165], [0, 347.31414794921875, 387.933349609375, 361.10028076171875, 432.8966064453125, 0.548872709274292], [0, 210.84335327148438, 561.9172973632812, 223.93045043945312, 585.0650024414062, 0.4209256172180176], [0, 337.5179748535156, 58.51439666748047, 347.8885803222656, 83.87552642822266, 0.37535756826400757]], "patched": [[3, 269.7720031738281, 49.69551086425781, 290.0674133300781, 123.2418212890625, 0.8320954442024231], [3, 258.1473693847656, 304.21246337890625, 276.1846618652344, 362.88934326171875, 0.8318377733230591], [0, 281.4085693359375, 261.5203552246094, 293.88739013671875, 292.7904357910156, 0.7896293997764587], [0, 250.43739318847656, 31.520870208740234, 261.8719482421875, 52.66355514526367, 0.7795577645301819], [0, 267.011474609375, 144.6449737548828, 277.7578125, 172.69813537597656, 0.7635490298271179], [0, 347.88641357421875, 386.46533203125, 360.14984130859375, 432.96368408203125, 0.751689076423645], [0, 386.1710510253906, 45.516441345214844, 396.1116638183594, 70.46334075927734, 0.7421249151229858], [0, 237.56228637695312, 339.13348388671875, 250.55059814453125, 376.58172607421875, 0.7418994307518005], [0, 316.85113525390625, 63.347412109375, 327.26165771484375, 90.19017028808594, 0.7272629141807556], [0, 378.8746337890625, 114.31785583496094, 389.0972900390625, 142.0840606689453, 0.7105651497840881], [0, 287.5791931152344, 109.5023193359375, 298.1698303222656, 133.6434783935547, 0.7038926482200623], [0, 359.85931396484375, 247.89791870117188, 373.69940185546875, 282.4966125488281, 0.7015960812568665], [0, 294.16424560546875, 162.15966796875, 304.88433837890625, 190.9534912109375, 0.666115939617157], [0, 326.1256103515625, 368.03582763671875, 337.0330810546875, 390.68072509765625, 0.6501280665397644], [0, 326.6031799316406, 168.00375366210938, 337.3496398925781, 193.58291625976562, 0.6292198300361633], [0, 351.2425842285156, 18.52713394165039, 363.5339660644531, 44.94068908691406, 0.6205241680145264], [0, 259.0100402832031, 208.6814727783203, 270.5173645019531, 237.90171813964844, 0.5984926819801331], [0, 195.60769653320312, 458.9679260253906, 210.86251831054688, 502.4956970214844, 0.5365247130393982], [0, 307.371826171875, 412.12872314453125, 318.70947265625, 432.74896240234375, 0.44873639941215515], [0, 210.9031982421875, 562.011962890625, 223.8685302734375, 584.823486328125, 0.3939608335494995], [0, 337.52105712890625, 58.58314514160156, 347.87677001953125, 83.88185119628906, 0.37031832337379456], [0, 307.15362548828125, 392.4069519042969, 318.89410400390625, 433.0282897949219, 0.33857274055480957]]}