{"clean": [[2, 13.910362243652344, 229.35194396972656, 80.82299041748047, 392.5245361328125, 0.8914793729782104], [0, 541.9996337890625, 318.93505859375, 578.7723388671875, 365.22161865234375, 0.8830358386039734], [0, 507.49603271484375, 241.09725952148438, 535.1622924804688, 271.7415466308594, 0.8331519365310669], [2, 369.1525573730469, 145.01028442382812, 485.7538146972656, 232.05227661132812, 0.8237765431404114], [2, 419.78045654296875, 92.39642333984375, 498.12872314453125, 125.85391235351562, 0.8236956000328064], [0, 76.46749877929688, 134.35443115234375, 102.56912231445312, 153.90115356445312, 0.7785362601280212], [2, 194.6864013671875, 114.93439483642578, 245.49209594726562, 150.02178955078125, 0.7282590270042419], [0, 410.17303466796875, 140.75453186035156, 423.39263916015625, 152.05628967285156, 0.5960266590118408], [0, 432.5863037109375, 151.80654907226562, 454.8148193359375, 165.97921752929688, 0.5915406346321106], [1, 109.73872375488281, 116.00608825683594, 135.77584838867188, 132.4219512939453, 0.5798718929290771], [1, 405.4854736328125, 118.61233520507812, 415.318115234375, 132.62921142578125, 0.5223468542098999], [0, 338.9132080078125, 135.08155822753906, 357.2120361328125, 153.3896942138672, 0.5180954933166504], [1, 226.0904541015625, 91.17431640625, 245.42791748046875, 113.26565551757812, 0.409527450799942], [1, 128.45608520507812, 103.14470672607422, 144.89810180664062, 117.78360748291016, 0.40944433212280273], [3, 470.6476135253906, 83.89241790771484, 508.9394836425781, 102.12712860107422, 0.39546439051628113], [0, 262.84185791015625, 86.45172119140625, 277.13140869140625, 98.90414428710938, 0.3763347864151001], [0, 405.7984619140625, 59.71337890625, 411.235107421875, 64.89372253417969, 0.3285980224609375], [0, 416.5997314453125, 57.001800537109375, 422.177978515625, 61.90147399902344, 0.30964720249176025], [4, 406.95013427734375, 109.16680908203125, 411.04412841796875, 117.43319702148438, 0.27433133125305176], [3, 226.9417266845703, 91.05022430419922, 245.37672424316406, 113.24536895751953, 0.2612017095088959]], "patched": [[2, 13.813255310058594, 229.34811401367188, 80.8464126586914, 392.8002624511719, 0.8912566900253296], [2, 419.72021484375, 92.23442077636719, 498.220703125, 125.91067504882812, 0.8222917318344116], [2, 369.18121337890625, 144.9395751953125, 486.26519775390625, 232.21044921875, 0.7936471700668335], [2, 194.59210205078125, 114.80149841308594, 245.55447387695312, 149.98634338378906, 0.7248183488845825], [1, 110.27206420898438, 115.80349731445312, 135.51998901367188, 132.4736328125, 0.6014493107795715], [0, 541.9129638671875, 319.19268798828125, 573.8812255859375, 347.68438720703125, 0.5675053596496582], [0, 507.431884765625, 241.05128479003906, 535.1143798828125, 271.674560546875, 0.5468333959579468], [0, 410.0726318359375, 140.61175537109375, 423.4852294921875, 152.30987548828125, 0.5229601263999939], [1, 405.4512939453125, 118.54624938964844, 415.3057861328125, 132.69334411621094, 0.4804379343986511], [0, 338.860107421875, 135.03213500976562, 357.270263671875, 153.47671508789062, 0.44727352261543274], [1, 226.40731811523438, 91.11465454101562, 245.50106811523438, 113.293212890625, 0.40713682770729065], [0, 262.79718017578125, 86.39065551757812, 277.048828125, 98.92326354980469, 0.378822922706604], [3, 470.58636474609375, 83.8162841796875, 508.99053955078125, 102.15194702148438, 0.3661124110221863], [1, 76.8458251953125, 134.4761962890625, 102.576416015625, 154.20458984375, 0.3512113094329834], [0, 405.8023681640625, 59.694862365722656, 411.259765625, 64.91838836669922, 0.3252839744091034], [2, 339.0002136230469, 135.18038940429688, 357.1795959472656, 153.50921630859375, 0.32077088952064514], [0, 416.58966064453125, 57.000038146972656, 422.1561279296875, 61.91181182861328, 0.3040570318698883], [1, 128.34542846679688, 103.11161804199219, 144.85394287109375, 117.82411193847656, 0.3034149408340454], [4, 406.92449951171875, 109.1077651977539, 411.06182861328125, 117.48206329345703, 0.2892850339412689], [0, 76.76165008544922, 134.43174743652344, 102.54329681396484, 154.0846710205078, 0.2751863896846771]]}