{"clean": [[0, 351.979736328125, 418.035400390625, 371.7291259765625, 449.891845703125, 0.672494113445282]], "patched": [[0, 351.8218994140625, 415.8248291015625, 368.4237060546875, 449.192626953125, 0.6773654222488403]]}