{"clean": [[1, 411.4925231933594, 460.00115966796875, 434.1347961425781, 523.0158081054688, 0.8634088039398193], [0, 216.9705810546875, 524.127197265625, 252.84637451171875, 574.296142578125, 0.8404416441917419], [0, 299.69476318359375, 282.8798828125, 332.81024169921875, 302.360595703125, 0.8184881210327148], [0, 302.1684265136719, 347.706787109375, 338.3804016113281, 367.2154541015625, 0.8061671853065491], [0, 297.48248291015625, 225.63534545898438, 329.17022705078125, 243.56094360351562, 0.7980236411094666], [0, 298.47686767578125, 329.1551513671875, 335.71417236328125, 350.5517578125, 0.7965940237045288], [0, 357.4217529296875, 74.39559173583984, 366.0618896484375, 89.0525894165039, 0.792568564414978], [0, 293.8614501953125, 197.07960510253906, 319.475830078125, 211.27671813964844, 0.7924328446388245], [0, 370.3661804199219, 115.12635803222656, 379.0633850097656, 129.04080200195312, 0.7846339344978333], [0, 292.25396728515625, 183.55853271484375, 318.05584716796875, 196.6065673828125, 0.7792150974273682], [3, 319.07550048828125, 66.21327209472656, 333.43682861328125, 99.85987854003906, 0.7770010828971863], [1, 377.1325378417969, 515.382080078125, 397.4069519042969, 575.680908203125, 0.7699093818664551], [0, 365.35052490234375, 101.76301574707031, 374.0067138671875, 115.029296875, 0.7496834993362427], [0, 290.56451416015625, 168.57321166992188, 315.31707763671875, 180.60275268554688, 0.7324466109275818], [1, 301.48681640625, 379.13482666015625, 339.32177734375, 402.56500244140625, 0.6921199560165405], [1, 303.7706298828125, 268.25103759765625, 332.43048095703125, 286.21514892578125, 0.6830861568450928], [0, 291.2538146972656, 151.8473358154297, 313.7533264160156, 163.10154724121094, 0.6579340696334839], [0, 335.733642578125, 169.15341186523438, 347.5318603515625, 191.42581176757812, 0.545094907283783], [0, 301.045654296875, 557.5350341796875, 353.3017578125, 586.9400634765625, 0.48802459239959717], [0, 355.9959716796875, 338.7478942871094, 371.84527587890625, 366.8542175292969, 0.47390908002853394], [2, 301.3480224609375, 7.017963409423828, 313.2513427734375, 41.19417190551758, 0.4305713474750519], [0, 351.30157470703125, 290.70867919921875, 364.38909912109375, 314.83026123046875, 0.3699159324169159], [0, 293.1947326660156, 2.420167922973633, 300.0462341308594, 15.5860595703125, 0.32289376854896545], [2, 482.83343505859375, 556.8729248046875, 527.9352416992188, 639.8883056640625, 0.27874237298965454]], "patched": [[0, 357.4063415527344, 74.36673736572266, 366.0681457519531, 89.07476043701172, 0.7910180687904358], [3, 319.13165283203125, 66.20854187011719, 333.455078125, 99.91209411621094, 0.7844372987747192], [0, 370.35931396484375, 115.11734008789062, 379.053466796875, 129.0626220703125, 0.7841408848762512], [0, 293.8404846191406, 197.28836059570312, 318.8805236816406, 211.28103637695312, 0.7804123759269714], [0, 292.24969482421875, 183.62835693359375, 317.33526611328125, 196.57318115234375, 0.7730735540390015], [1, 411.7127685546875, 460.18408203125, 434.3033447265625, 522.8485717773438, 0.7570784687995911], [0, 365.3450622558594, 101.72483825683594, 373.9823303222656, 115.03782653808594, 0.7511604428291321], [0, 377.6983642578125, 515.27099609375, 395.2596435546875, 547.96630859375, 0.7318790555000305], [0, 290.55023193359375, 168.84237670898438, 314.6484375, 180.59347534179688, 0.7031196355819702], [1, 303.707763671875, 268.28094482421875, 332.0245361328125, 285.82354736328125, 0.6936598420143127], [0, 297.4705810546875, 225.23486328125, 327.6363525390625, 243.528564453125, 0.68245530128479], [0, 377.3311767578125, 538.6151123046875, 397.117919921875, 576.08203125, 0.661241352558136], [0, 291.1783447265625, 151.91705322265625, 313.09759521484375, 163.16256713867188, 0.6503546833992004], [1, 217.06675720214844, 549.9420776367188, 246.06556701660156, 573.9984741210938, 0.646783173084259], [1, 301.1366271972656, 566.6327514648438, 333.2112731933594, 587.8204956054688, 0.6203505396842957], [1, 222.29171752929688, 538.107421875, 244.91110229492188, 548.9923095703125, 0.6172884702682495], [0, 299.999267578125, 283.04949951171875, 330.23699951171875, 301.86798095703125, 0.599563479423523], [0, 298.3323974609375, 332.914794921875, 330.974853515625, 350.6253662109375, 0.5979112982749939], [1, 302.4698486328125, 353.2033386230469, 331.7017822265625, 367.3475036621094, 0.568159818649292], [0, 336.37432861328125, 169.35098266601562, 347.4915771484375, 191.2705078125, 0.4896419048309326], [0, 358.02801513671875, 340.62939453125, 371.94427490234375, 366.86956787109375, 0.48615825176239014], [0, 352.2413330078125, 292.63201904296875, 364.2840576171875, 314.81707763671875, 0.47950324416160583], [0, 303.19476318359375, 347.10272216796875, 333.47076416015625, 358.5362548828125, 0.47062161564826965], [2, 301.39141845703125, 7.015239715576172, 313.26275634765625, 41.26051330566406, 0.41820815205574036], [1, 301.72650146484375, 382.82476806640625, 330.44281005859375, 402.679931640625, 0.39378413558006287], [1, 301.8748474121094, 388.62860107421875, 329.1730651855469, 402.54388427734375, 0.39368659257888794], [0, 298.6029052734375, 329.0567626953125, 330.86798095703125, 347.97503662109375, 0.3598611354827881], [1, 218.53506469726562, 544.324951171875, 244.17111206054688, 555.8309326171875, 0.35103553533554077], [1, 306.2018127441406, 379.40838623046875, 332.5423278808594, 392.83734130859375, 0.34442752599716187], [0, 293.1838073730469, 2.3403592109680176, 300.0785217285156, 15.613670349121094, 0.34422242641448975], [0, 217.7784423828125, 549.6785278320312, 246.3946533203125, 573.4174194335938, 0.32921141386032104], [0, 302.2260437011719, 352.117431640625, 333.0223693847656, 367.4720458984375, 0.32596996426582336], [1, 301.95648193359375, 379.59979248046875, 333.81817626953125, 400.49725341796875, 0.30629852414131165], [2, 482.68994140625, 556.7733154296875, 528.873291015625, 639.8724365234375, 0.27670741081237793], [0, 302.23553466796875, 558.570068359375, 340.11383056640625, 575.971923828125, 0.2649107575416565], [0, 301.6527099609375, 387.88592529296875, 330.185546875, 402.61639404296875, 0.25625765323638916], [1, 299.828125, 284.810546875, 329.6815185546875, 302.145263671875, 0.2543851137161255]]}