{"clean": [[0, 357.01324462890625, 78.34703063964844, 375.3243408203125, 138.35194396972656, 0.7904651761054993], [1, 356.95318603515625, 78.45857238769531, 375.30743408203125, 138.52438354492188, 0.3408907949924469]], "patched": [[0, 356.558349609375, 78.5865478515625, 372.9462890625, 110.86676025390625, 0.5291625261306763], [0, 287.85699462890625, 44.16410827636719, 304.73956298828125, 77.48954772949219, 0.495362788438797], [0, 357.65081787109375, 105.68397521972656, 374.39434814453125, 138.57456970214844, 0.44067832827568054], [0, 356.445556640625, 78.64889526367188, 373.1009521484375, 127.13726806640625, 0.4288744628429413], [0, 287.08056640625, 21.614784240722656, 304.79327392578125, 55.95758819580078, 0.34690937399864197]]}