{"clean": [[0, 384.6400451660156, 453.76947021484375, 404.8334655761719, 512.1323852539062, 0.7593674659729004], [3, 229.0714111328125, 65.38560485839844, 257.68792724609375, 122.29454040527344, 0.7411604523658752]], "patched": [[3, 229.04840087890625, 65.34354400634766, 257.28778076171875, 122.3171157836914, 0.7559001445770264], [2, 385.0587158203125, 453.69830322265625, 404.6480712890625, 511.81341552734375, 0.6168627738952637]]}