{"clean": [[3, 132.62405395507812, 154.469970703125, 150.73855590820312, 186.94320678710938, 0.8623180985450745], [1, 338.8751220703125, 378.9183349609375, 374.5340576171875, 401.5189208984375, 0.7223588824272156], [0, 313.5594482421875, 205.00201416015625, 331.919921875, 216.7723388671875, 0.5887414813041687], [1, 349.04266357421875, 399.13568115234375, 381.04656982421875, 424.37188720703125, 0.5744283199310303], [0, 306.75830078125, 97.22537994384766, 320.5316162109375, 104.18889617919922, 0.5629457831382751], [0, 262.4581298828125, 30.322132110595703, 269.7955322265625, 35.49819564819336, 0.5026776790618896], [0, 305.9705505371094, 115.7679443359375, 319.9474792480469, 125.5101318359375, 0.4608548879623413], [0, 349.1430969238281, 399.331298828125, 380.9873962402344, 424.4466552734375, 0.4090454578399658], [0, 308.1722717285156, 92.03841400146484, 320.3723449707031, 98.76091766357422, 0.3328489363193512], [0, 178.5297393798828, 89.33146667480469, 184.94773864746094, 95.95109558105469, 0.2680221498012543]], "patched": [[3, 132.6778564453125, 154.43072509765625, 150.7508544921875, 186.98583984375, 0.8609098792076111], [1, 350.08233642578125, 407.17626953125, 380.9892578125, 424.2498779296875, 0.6582705974578857], [0, 313.99359130859375, 205.22064208984375, 331.85943603515625, 216.73602294921875, 0.6075399518013], [0, 307.08416748046875, 97.27851867675781, 320.443115234375, 104.21739196777344, 0.598824143409729], [1, 348.01593017578125, 386.7108154296875, 374.39837646484375, 401.00335693359375, 0.5828314423561096], [1, 353.0863037109375, 399.2996520996094, 377.5745849609375, 412.6903991699219, 0.5585981607437134], [0, 262.43896484375, 30.255722045898438, 269.782958984375, 35.52232360839844, 0.5464751124382019], [1, 340.6469421386719, 379.2921447753906, 370.6074523925781, 393.3072814941406, 0.4519708454608917], [0, 309.6488037109375, 169.06968688964844, 324.8212890625, 178.2123260498047, 0.3690657615661621], [0, 306.70599365234375, 117.18363189697266, 319.95208740234375, 125.59810638427734, 0.35437294840812683], [0, 308.17608642578125, 92.14092254638672, 320.39764404296875, 98.70403289794922, 0.351596474647522], [0, 178.56539916992188, 89.43384552001953, 184.96224975585938, 95.97046661376953, 0.3026758134365082]]}