{"clean": [[0, 283.1076354980469, 0.17271995544433594, 292.8991394042969, 14.511493682861328, 0.7845944762229919], [0, 311.76617431640625, 70.3079833984375, 322.15838623046875, 89.67660522460938, 0.7676725387573242], [0, 357.33477783203125, 574.8905029296875, 380.88604736328125, 639.6832275390625, 0.760066568851471], [3, 322.1292724609375, 221.31674194335938, 341.5894775390625, 283.3910217285156, 0.7576937079429626], [0, 379.7294921875, 268.80841064453125, 394.9925537109375, 306.90869140625, 0.6776922941207886], [0, 400.6157531738281, 415.47308349609375, 419.9527893066406, 470.998291015625, 0.6448151469230652], [0, 357.71221923828125, 574.9649658203125, 377.98223876953125, 611.2464599609375, 0.5570076107978821], [3, 313.94677734375, 368.120361328125, 344.5103759765625, 518.270751953125, 0.47629669308662415], [2, 314.9036865234375, 366.77435302734375, 344.86456298828125, 518.2325439453125, 0.46001988649368286], [0, 380.28985595703125, 282.52313232421875, 394.89630126953125, 306.8787841796875, 0.2576860785484314]], "patched": [[0, 283.19970703125, 0.18442535400390625, 292.8587646484375, 14.489236831665039, 0.7837643623352051], [0, 311.9482116699219, 70.41251373291016, 322.0924377441406, 89.67302703857422, 0.7696704864501953], [0, 357.7735595703125, 574.53125, 378.647705078125, 615.0523681640625, 0.7584218382835388], [3, 322.25079345703125, 221.45654296875, 341.17828369140625, 283.2789611816406, 0.575646162033081], [2, 315.31365966796875, 366.9508056640625, 344.40777587890625, 518.18994140625, 0.5184345245361328], [0, 379.47369384765625, 282.716796875, 394.90545654296875, 306.66876220703125, 0.46931931376457214], [2, 322.0733337402344, 221.43222045898438, 341.1274719238281, 283.236572265625, 0.4591578245162964], [0, 363.5828552246094, 622.5565185546875, 381.2958679199219, 639.8973388671875, 0.44518423080444336], [3, 313.771484375, 368.65277099609375, 342.94970703125, 519.12060546875, 0.4337935745716095], [3, 399.89111328125, 414.93731689453125, 419.630126953125, 470.61578369140625, 0.4051809310913086], [0, 379.1422119140625, 268.8504638671875, 394.903076171875, 306.7288818359375, 0.37398096919059753], [0, 363.02276611328125, 611.7978515625, 380.80364990234375, 639.77490234375, 0.3684260845184326]]}