{"clean": [[0, 322.92889404296875, 390.4474792480469, 336.34771728515625, 424.8485412597656, 0.8685500025749207], [0, 304.85296630859375, 362.9552001953125, 318.00238037109375, 394.56744384765625, 0.8495457768440247], [0, 276.27301025390625, 578.8043823242188, 295.39801025390625, 635.4407348632812, 0.6934661865234375], [3, 239.20816040039062, 186.921875, 256.18914794921875, 240.88299560546875, 0.583396315574646], [1, 273.8699645996094, 351.1507873535156, 286.2307434082031, 381.8689880371094, 0.5395189523696899], [3, 596.57373046875, 244.98043823242188, 627.62255859375, 312.9286804199219, 0.4935900866985321], [0, 273.97125244140625, 351.1368408203125, 286.26873779296875, 381.4112548828125, 0.4029126763343811]], "patched": [[0, 304.8270263671875, 362.9412841796875, 317.9967041015625, 394.53594970703125, 0.8512786626815796], [0, 322.7833251953125, 390.5062561035156, 336.32293701171875, 425.1438293457031, 0.7189360857009888], [2, 276.18914794921875, 578.768798828125, 295.41448974609375, 635.111328125, 0.5962346792221069], [1, 273.95770263671875, 351.13165283203125, 286.37542724609375, 381.69476318359375, 0.586640477180481], [3, 239.23049926757812, 186.91932678222656, 256.1160583496094, 240.84632873535156, 0.5802627801895142], [3, 596.674072265625, 244.93441772460938, 627.73193359375, 313.0007629394531, 0.4764251410961151], [1, 275.502197265625, 578.371337890625, 295.18011474609375, 635.262451171875, 0.3213799297809601]]}