{"clean": [[0, 352.98291015625, 332.70758056640625, 371.4984130859375, 361.001953125, 0.8767547607421875], [0, 367.20428466796875, 299.92510986328125, 384.81695556640625, 329.70489501953125, 0.844409167766571], [0, 334.6851806640625, 215.32508850097656, 349.75244140625, 240.36497497558594, 0.8015398979187012], [0, 430.84820556640625, 584.888916015625, 444.69677734375, 639.39599609375, 0.7867452502250671], [0, 195.78900146484375, 81.17188262939453, 204.40167236328125, 96.7037124633789, 0.7825409173965454], [0, 234.02392578125, 84.99305725097656, 243.31201171875, 103.16969299316406, 0.737583339214325], [0, 292.95684814453125, 203.08181762695312, 307.33453369140625, 227.00277709960938, 0.7137280702590942], [1, 253.11489868164062, 67.75889587402344, 262.1308898925781, 84.94540405273438, 0.6725241541862488], [1, 414.88726806640625, 342.527587890625, 437.05633544921875, 374.34033203125, 0.6112045049667358], [1, 238.1089324951172, 8.426105499267578, 246.0061492919922, 22.785430908203125, 0.583843469619751], [0, 270.6338806152344, 129.37518310546875, 281.8956604003906, 141.85711669921875, 0.5092848539352417], [0, 438.5721740722656, 440.5423583984375, 462.1773376464844, 472.959716796875, 0.4907420873641968], [3, 240.00660705566406, 63.35942077636719, 248.93199157714844, 84.93417358398438, 0.4756160080432892], [0, 414.94586181640625, 342.6378173828125, 437.03118896484375, 374.265869140625, 0.4744599759578705], [0, 224.42410278320312, 0.004279136657714844, 231.59298706054688, 11.050824165344238, 0.4445074796676636]], "patched": [[0, 195.81564331054688, 81.25534057617188, 204.38827514648438, 96.66790771484375, 0.7828008532524109], [0, 234.31182861328125, 85.14531707763672, 243.15069580078125, 103.07862091064453, 0.7101499438285828], [1, 253.1480712890625, 67.80758666992188, 262.09814453125, 84.92636108398438, 0.7057014107704163], [1, 238.14300537109375, 8.440496444702148, 245.9842529296875, 22.772546768188477, 0.6551352143287659], [3, 240.0745849609375, 63.356727600097656, 249.00390625, 85.04438018798828, 0.6033979058265686], [0, 270.65283203125, 129.3971710205078, 281.66552734375, 141.2743682861328, 0.5666987299919128], [0, 352.76690673828125, 332.37310791015625, 371.19793701171875, 361.17205810546875, 0.5546062588691711], [0, 429.8480224609375, 584.9659423828125, 445.4732666015625, 639.3526611328125, 0.5127602815628052], [2, 430.20050048828125, 585.24560546875, 445.49969482421875, 639.366943359375, 0.48462194204330444], [0, 367.23431396484375, 300.06427001953125, 382.26031494140625, 316.712890625, 0.45350632071495056], [2, 367.1264343261719, 299.9444885253906, 384.7482604980469, 329.6898498535156, 0.4208848178386688], [2, 352.97802734375, 332.549072265625, 371.4599609375, 361.155029296875, 0.41936787962913513], [0, 224.4501953125, 0.003376007080078125, 231.57839965820312, 11.03257942199707, 0.4126991927623749], [0, 369.89801025390625, 313.5815734863281, 384.576171875, 329.5541076660156, 0.29663634300231934], [0, 340.8499755859375, 230.30227661132812, 349.7540283203125, 240.40969848632812, 0.26072606444358826], [1, 414.81060791015625, 342.70574951171875, 436.85723876953125, 373.8050537109375, 0.2563154697418213], [2, 415.47216796875, 342.7012939453125, 437.037841796875, 374.240966796875, 0.25625449419021606]]}