{"clean": [[0, 342.31048583984375, 17.65615463256836, 359.79412841796875, 61.267765045166016, 0.8383572697639465], [0, 267.13616943359375, 80.13809204101562, 301.67608642578125, 104.17120361328125, 0.830168604850769], [0, 156.91453552246094, 556.8372802734375, 200.0772247314453, 596.8875732421875, 0.8246217370033264], [4, 280.34765625, 449.1770324707031, 293.064208984375, 474.3118591308594, 0.6581109166145325], [4, 110.77333068847656, 601.9822387695312, 123.82553100585938, 632.6819458007812, 0.6189054846763611], [0, 166.8204803466797, 504.95880126953125, 221.8650360107422, 541.7838745117188, 0.6177825331687927], [3, 302.947509765625, 193.1104736328125, 339.22216796875, 301.8444519042969, 0.2871268093585968], [4, 370.04083251953125, 594.152099609375, 380.2301025390625, 620.893798828125, 0.2746044397354126]], "patched": [[0, 343.4866943359375, 37.179405212402344, 359.11083984375, 61.427040100097656, 0.8137903809547424], [0, 346.54730224609375, 17.609024047851562, 359.33746337890625, 39.42845153808594, 0.7667896151542664], [1, 206.3246612548828, 402.8479309082031, 232.4095001220703, 418.9617614746094, 0.7496949434280396], [1, 267.21063232421875, 83.4619369506836, 298.38592529296875, 103.45775604248047, 0.6250278353691101], [0, 267.43243408203125, 80.59810638427734, 298.15087890625, 101.8815689086914, 0.5693935751914978], [1, 167.1907958984375, 521.544677734375, 200.21240234375, 540.1141357421875, 0.5500195026397705], [0, 194.79437255859375, 388.6346435546875, 229.61761474609375, 409.446044921875, 0.5455566048622131], [1, 158.47113037109375, 559.7767333984375, 193.720703125, 579.8663330078125, 0.45296645164489746], [1, 158.45022583007812, 571.4313354492188, 199.5267333984375, 594.0482788085938, 0.4428781270980835], [0, 157.57696533203125, 557.7734375, 195.494384765625, 581.824462890625, 0.43399491906166077], [4, 110.90850830078125, 601.6444091796875, 123.74151611328125, 632.6390380859375, 0.40995174646377563], [0, 167.80364990234375, 505.17181396484375, 201.89813232421875, 527.7107543945312, 0.40071800351142883], [0, 167.36392211914062, 521.4152221679688, 200.64138793945312, 540.5905151367188, 0.37999483942985535], [3, 303.53521728515625, 193.36419677734375, 338.62872314453125, 302.0023193359375, 0.3594669997692108], [4, 281.29241943359375, 453.621337890625, 293.09234619140625, 474.31536865234375, 0.3299974501132965], [1, 159.51861572265625, 579.17822265625, 196.0970458984375, 593.52001953125, 0.32913604378700256], [2, 420.36749267578125, 62.61279296875, 445.35125732421875, 145.83631896972656, 0.2933109700679779]]}