{"clean": [[0, 51.642242431640625, 279.906982421875, 74.96102905273438, 317.9683837890625, 0.8741846084594727], [0, 201.40313720703125, 47.69596862792969, 220.396240234375, 81.1453857421875, 0.864639163017273], [0, 217.80125427246094, 100.53970336914062, 238.5469207763672, 135.57940673828125, 0.8629613518714905], [0, 160.69573974609375, 195.21255493164062, 182.174072265625, 231.6273193359375, 0.8537857532501221], [0, 118.80487060546875, 108.11891174316406, 130.370361328125, 145.04368591308594, 0.8168604373931885], [0, 469.3370361328125, 304.50616455078125, 492.23736572265625, 338.47125244140625, 0.811410129070282], [0, 496.81488037109375, 275.24212646484375, 516.1101684570312, 304.78350830078125, 0.8000515699386597], [1, 153.55319213867188, 117.53645324707031, 174.11776733398438, 152.4858856201172, 0.7797743082046509], [1, 149.2928009033203, 262.194091796875, 171.5070037841797, 297.1722412109375, 0.7621420621871948], [2, 90.72372436523438, 211.3447265625, 125.65116882324219, 273.0949401855469, 0.6655612587928772], [0, 227.56951904296875, 129.1475830078125, 246.662109375, 162.91461181640625, 0.6488493084907532], [2, 530.0069580078125, 264.7037048339844, 555.4368896484375, 302.8163146972656, 0.6459679007530212], [0, 86.24609375, 208.32786560058594, 109.97711181640625, 247.07643127441406, 0.5226304531097412], [3, 529.9271240234375, 264.505615234375, 555.6243896484375, 302.81512451171875, 0.5111725926399231], [2, 238.77285766601562, 264.1236572265625, 269.6152648925781, 321.195556640625, 0.46980494260787964], [3, 238.51101684570312, 263.9776306152344, 269.5904235839844, 320.7876281738281, 0.3762279152870178], [1, 86.00944519042969, 208.01547241210938, 110.13215637207031, 247.43374633789062, 0.2846831977367401]], "patched": [[0, 118.60755920410156, 107.98417663574219, 130.41983032226562, 145.1861114501953, 0.7447986602783203], [2, 238.6776123046875, 264.1453857421875, 269.64434814453125, 321.21337890625, 0.5981416702270508], [2, 529.935546875, 264.5301513671875, 555.5078125, 302.6297607421875, 0.5826559066772461], [1, 496.739013671875, 275.3299560546875, 516.13818359375, 304.85546875, 0.4898863434791565], [2, 2.4943084716796875, 206.25289916992188, 127.86180114746094, 316.7590026855469, 0.3756442964076996], [2, 86.13310241699219, 207.83041381835938, 110.95680236816406, 247.40316772460938, 0.2918512523174286], [1, 227.70211791992188, 128.77569580078125, 246.57217407226562, 163.0885009765625, 0.28131553530693054]]}