{"clean": [[2, 65.36764526367188, 113.00247192382812, 84.34626770019531, 164.51605224609375, 0.8237613439559937], [2, 461.6295166015625, 242.76177978515625, 494.59228515625, 310.0694580078125, 0.7873172163963318], [0, 483.04559326171875, 312.5224609375, 504.69805908203125, 360.403076171875, 0.7854185700416565], [0, 34.63017272949219, 419.8972473144531, 67.80445861816406, 480.0359802246094, 0.7751937508583069], [2, 470.924072265625, 141.39691162109375, 503.91497802734375, 207.95123291015625, 0.7304284572601318], [3, 54.056453704833984, 338.1309509277344, 94.29580688476562, 420.1214294433594, 0.6902493834495544], [3, 430.16229248046875, 34.710899353027344, 445.62933349609375, 71.08024597167969, 0.6723333597183228], [2, 87.96516418457031, 116.37723541259766, 105.72047424316406, 160.75186157226562, 0.6527507305145264], [0, 2.7622528076171875, 163.68603515625, 33.03691101074219, 183.98892211914062, 0.51920086145401], [0, 518.7716064453125, 283.78570556640625, 544.324462890625, 333.92510986328125, 0.5145065784454346], [2, 506.04510498046875, 252.10028076171875, 528.6432495117188, 289.98370361328125, 0.4849948585033417], [1, 518.6748657226562, 283.79705810546875, 544.3466186523438, 334.307373046875, 0.39622774720191956], [0, 424.141357421875, 95.97857666015625, 436.1177978515625, 115.42922973632812, 0.34898871183395386], [1, 424.217529296875, 95.94597625732422, 436.1444091796875, 115.53148651123047, 0.3290049433708191], [1, 506.2564697265625, 252.43630981445312, 528.49560546875, 291.1100158691406, 0.25431784987449646]], "patched": [[2, 65.40614318847656, 113.01603698730469, 84.41175842285156, 164.60646057128906, 0.8260771036148071], [3, 53.85914611816406, 337.9501953125, 93.23915100097656, 420.0052490234375, 0.8114746809005737], [2, 461.64801025390625, 242.76971435546875, 494.69366455078125, 310.1123046875, 0.7662036418914795], [3, 430.22015380859375, 34.70587158203125, 445.59521484375, 71.10779571533203, 0.761269748210907], [2, 470.8558349609375, 141.35726928710938, 503.8095703125, 207.99264526367188, 0.7436326146125793], [2, 87.90625, 116.26760864257812, 105.89071655273438, 161.22830200195312, 0.7047192454338074], [1, 39.441131591796875, 451.2303771972656, 64.30824279785156, 464.4187927246094, 0.614913284778595], [1, 41.00439453125, 419.785888671875, 66.982177734375, 448.914794921875, 0.604422390460968], [1, 519.4158935546875, 284.018310546875, 538.635498046875, 311.760009765625, 0.5673868060112], [1, 114.47732543945312, 423.6668395996094, 136.54916381835938, 436.5659484863281, 0.5427191257476807], [1, 119.0333251953125, 393.02838134765625, 140.8631591796875, 404.96368408203125, 0.5379111766815186], [0, 2.6796159744262695, 165.3297882080078, 32.871150970458984, 183.5752716064453, 0.47740116715431213], [1, 482.988525390625, 312.4310302734375, 500.840576171875, 339.9093017578125, 0.4655047059059143], [1, 39.22365188598633, 444.1446838378906, 62.9659538269043, 456.2724914550781, 0.4562649428844452], [1, 424.27056884765625, 95.98672485351562, 436.15704345703125, 115.49440002441406, 0.44453346729278564], [1, 482.5199279785156, 312.5226135253906, 503.6795349121094, 359.9326477050781, 0.44414541125297546], [1, 40.532318115234375, 438.14312744140625, 64.278076171875, 449.19183349609375, 0.3953183591365814], [1, 101.68891906738281, 510.07525634765625, 128.66270446777344, 525.4291381835938, 0.3950699269771576], [1, 120.57068634033203, 383.44927978515625, 139.2672119140625, 393.51580810546875, 0.3934435248374939], [1, 117.09573364257812, 412.432373046875, 140.19525146484375, 426.3968505859375, 0.36414211988449097], [0, 116.56736755371094, 412.17266845703125, 141.0099334716797, 425.95880126953125, 0.332147479057312], [1, 520.4647216796875, 302.81427001953125, 542.5311279296875, 333.77276611328125, 0.32530826330184937], [0, 424.2733154296875, 96.176025390625, 436.11199951171875, 115.4508056640625, 0.32039982080459595], [1, 483.5625, 335.56658935546875, 503.9306640625, 359.8243408203125, 0.27119532227516174], [1, 86.85894775390625, 322.08538818359375, 104.75033569335938, 331.81854248046875, 0.25650694966316223], [1, 88.24955749511719, 317.0961608886719, 107.92413330078125, 327.1836242675781, 0.25095903873443604]]}