{"clean": [[0, 103.36355590820312, 404.9773254394531, 121.88136291503906, 440.1219787597656, 0.8418056964874268], [0, 462.66705322265625, 354.309326171875, 475.30303955078125, 377.787353515625, 0.8194551467895508], [0, 427.63751220703125, 249.19525146484375, 439.37042236328125, 272.1058349609375, 0.8124729990959167], [0, 446.9142761230469, 214.49356079101562, 458.9106750488281, 239.90664672851562, 0.8115527033805847], [0, 195.65089416503906, 509.2710266113281, 225.5259246826172, 533.878662109375, 0.8077300786972046], [0, 472.61474609375, 517.484619140625, 489.55908203125, 569.7286376953125, 0.7971518039703369], [0, 463.46868896484375, 337.3973388671875, 474.0721435546875, 355.4017333984375, 0.7863793969154358], [0, 152.75860595703125, 482.2176513671875, 182.48440551757812, 518.9520263671875, 0.7784644961357117], [0, 446.5433349609375, 92.26971435546875, 466.8013916015625, 104.16348266601562, 0.743247926235199], [0, 559.181884765625, 257.6357421875, 575.57666015625, 279.1102294921875, 0.6625871658325195], [4, 412.74884033203125, 551.4775390625, 418.64300537109375, 562.4267578125, 0.41195547580718994], [0, 116.55580139160156, 249.28976440429688, 133.5149688720703, 273.8412170410156, 0.2769809067249298]], "patched": [[0, 462.71356201171875, 354.38262939453125, 475.28582763671875, 377.77252197265625, 0.8185834884643555], [0, 427.6959228515625, 249.43231201171875, 439.3282470703125, 272.083251953125, 0.8161327242851257], [0, 446.9213562011719, 214.49832153320312, 458.8823547363281, 239.89938354492188, 0.8098307251930237], [0, 463.5022277832031, 337.41729736328125, 473.9512634277344, 355.35711669921875, 0.8047221302986145], [3, 472.6428527832031, 517.5460205078125, 489.4181213378906, 569.3023681640625, 0.7557772994041443], [0, 152.60476684570312, 482.20147705078125, 182.39395141601562, 519.2208251953125, 0.7517035007476807], [0, 446.5313720703125, 92.2557373046875, 466.8038330078125, 104.19662475585938, 0.7404460310935974], [0, 473.31256103515625, 538.2271118164062, 488.883544921875, 569.7869262695312, 0.6717410087585449], [0, 559.1719970703125, 257.7194519042969, 575.5894775390625, 279.0945129394531, 0.6685935854911804], [4, 412.6451416015625, 551.5368041992188, 418.720458984375, 562.4168090820312, 0.5398577451705933], [0, 195.85528564453125, 508.4354248046875, 225.3172607421875, 533.60302734375, 0.47929972410202026], [0, 103.27020263671875, 404.6620788574219, 121.92596435546875, 440.1557922363281, 0.4630400836467743]]}