{"clean": [[0, 507.2504577636719, 500.94464111328125, 560.63818359375, 561.9070434570312, 0.9134088158607483], [0, 296.297607421875, 272.18182373046875, 321.9146728515625, 306.12322998046875, 0.8729438185691833], [0, 518.0269775390625, 125.13990783691406, 532.0887451171875, 136.1479949951172, 0.781982958316803], [0, 216.47845458984375, 73.47528076171875, 225.74932861328125, 79.93408203125, 0.6616814136505127], [0, 111.06097412109375, 83.5539779663086, 120.60366821289062, 91.09667205810547, 0.6362186670303345], [0, 474.12725830078125, 495.7706298828125, 521.7113647460938, 557.51318359375, 0.6070367693901062], [1, 474.21148681640625, 495.57647705078125, 521.685791015625, 557.6946411132812, 0.5438610315322876], [3, 556.1307373046875, 602.1476440429688, 638.3350830078125, 639.8408813476562, 0.5134661793708801], [4, 229.1314697265625, 327.2341613769531, 238.74191284179688, 341.5472106933594, 0.45469701290130615], [4, 287.8925476074219, 241.33456420898438, 295.2060241699219, 253.06369018554688, 0.26364827156066895]], "patched": [[0, 296.30303955078125, 272.1805419921875, 321.91485595703125, 306.07470703125, 0.855892539024353], [0, 518.028076171875, 125.1415023803711, 532.08642578125, 136.15029907226562, 0.781240701675415], [1, 474.42791748046875, 495.85760498046875, 512.7412719726562, 529.8816528320312, 0.7560272216796875], [0, 507.33636474609375, 501.1932373046875, 545.9899291992188, 531.7178955078125, 0.7128545045852661], [0, 216.47210693359375, 73.46830749511719, 225.75323486328125, 79.94151306152344, 0.6611259579658508], [0, 111.05685424804688, 83.53726196289062, 120.6083984375, 91.103759765625, 0.6361911296844482], [1, 481.5015869140625, 517.6751708984375, 522.0831298828125, 557.5360107421875, 0.5461440682411194], [4, 229.16775512695312, 327.2379150390625, 238.74172973632812, 341.5084228515625, 0.44290873408317566], [3, 556.0848388671875, 602.1295776367188, 638.1158447265625, 639.8394165039062, 0.43956831097602844], [1, 517.2615356445312, 524.016357421875, 544.6432495117188, 541.329345703125, 0.41420978307724], [1, 522.1473388671875, 530.4794921875, 560.02685546875, 561.8900146484375, 0.397396445274353], [0, 520.86474609375, 529.5162963867188, 559.876220703125, 562.1951293945312, 0.38059526681900024], [0, 481.210205078125, 519.2587890625, 522.5047607421875, 557.237548828125, 0.34882089495658875]]}