{"clean": [[0, 435.98907470703125, 387.66424560546875, 464.01361083984375, 464.98565673828125, 0.8881494402885437], [0, 315.5618896484375, 126.18879699707031, 356.11102294921875, 174.75331115722656, 0.8450230360031128], [0, 483.199462890625, 45.6766357421875, 511.5113525390625, 86.4202880859375, 0.7988519072532654], [0, 395.2862243652344, 53.94291687011719, 422.8953552246094, 94.32304382324219, 0.7723028063774109], [3, 71.65425109863281, 529.8512573242188, 196.77378845214844, 640.0, 0.7549444437026978], [0, 202.9512176513672, 519.5074462890625, 255.20787048339844, 576.4886474609375, 0.7546911239624023], [1, 215.94235229492188, 215.53140258789062, 262.48345947265625, 281.2397766113281, 0.7078247666358948], [0, 473.68524169921875, 363.46026611328125, 499.70782470703125, 439.78045654296875, 0.6751551628112793], [0, 432.0263671875, 219.35369873046875, 451.9171142578125, 285.58758544921875, 0.6146112084388733], [0, 431.6756591796875, 243.94857788085938, 449.567626953125, 285.5201110839844, 0.51823490858078]], "patched": [[2, 395.48016357421875, 53.79246139526367, 422.96441650390625, 94.16181945800781, 0.7079174518585205], [3, 71.53694915771484, 539.114990234375, 196.66165161132812, 640.0, 0.6945005655288696], [1, 203.44888305664062, 521.046875, 254.84457397460938, 576.060791015625, 0.6316503286361694], [1, 483.13726806640625, 68.78294372558594, 505.02069091796875, 81.08711242675781, 0.6217327117919922], [0, 436.0829162597656, 387.30609130859375, 461.3944396972656, 427.60369873046875, 0.6057050824165344], [1, 216.1864013671875, 215.3931884765625, 262.77020263671875, 280.9647521972656, 0.5847294330596924], [0, 477.0255432128906, 398.7475891113281, 499.2106018066406, 439.7487487792969, 0.5616961717605591], [1, 474.92327880859375, 399.3310852050781, 499.26812744140625, 439.3968811035156, 0.5230345726013184], [1, 483.1976318359375, 74.57901000976562, 509.635986328125, 89.80267333984375, 0.4870220422744751], [0, 432.019287109375, 250.15196228027344, 449.4569091796875, 285.8021240234375, 0.47245901823043823], [3, 216.11080932617188, 215.71041870117188, 262.8617248535156, 281.3738708496094, 0.41934627294540405], [1, 436.199462890625, 388.07080078125, 463.4307861328125, 465.2919921875, 0.4191083610057831], [1, 316.5833740234375, 150.8462677001953, 348.102783203125, 167.72679138183594, 0.41365453600883484], [1, 484.6082763671875, 61.102535247802734, 507.83251953125, 73.22100830078125, 0.3352811336517334], [1, 395.50616455078125, 54.09248352050781, 422.87469482421875, 94.75482177734375, 0.2834273874759674], [0, 435.9909362792969, 387.53240966796875, 462.8321838378906, 465.86309814453125, 0.2626619040966034]]}