{"clean": [[0, 193.2116241455078, 567.7212524414062, 208.7112274169922, 618.1819458007812, 0.8188755512237549], [3, 236.30892944335938, 148.7002716064453, 257.45367431640625, 222.4838104248047, 0.8154885172843933], [0, 260.5215148925781, 147.219482421875, 270.7491760253906, 170.6475830078125, 0.7797967791557312], [0, 259.85247802734375, 55.40404510498047, 269.12957763671875, 74.9934310913086, 0.7634537816047668], [0, 281.22137451171875, 185.48788452148438, 291.123046875, 211.02090454101562, 0.7539011240005493], [0, 242.55023193359375, 453.7957763671875, 253.96942138671875, 481.267333984375, 0.7280064225196838], [0, 269.50140380859375, 2.6025047302246094, 277.19927978515625, 19.585041046142578, 0.7011414766311646], [0, 236.77346801757812, 568.5427856445312, 248.52218627929688, 601.5563354492188, 0.7003997564315796], [0, 210.73208618164062, 606.266357421875, 226.31820678710938, 639.98681640625, 0.6985178589820862], [0, 287.29791259765625, 38.57110595703125, 295.63165283203125, 58.529541015625, 0.6568202376365662], [0, 277.3127136230469, 129.59603881835938, 288.0450134277344, 154.20870971679688, 0.6078241467475891], [0, 353.99951171875, 35.77357482910156, 363.5511474609375, 65.66301727294922, 0.5314642190933228], [0, 287.37457275390625, 44.682960510253906, 295.18511962890625, 58.71632385253906, 0.3331715166568756], [0, 237.40435791015625, 553.083740234375, 248.6318359375, 570.53564453125, 0.3074754774570465]], "patched": [[3, 236.34722900390625, 148.70794677734375, 257.33099365234375, 222.49859619140625, 0.8175240159034729], [0, 236.4157257080078, 571.973876953125, 248.5087127685547, 601.7158203125, 0.7886852622032166], [0, 260.5318908691406, 147.22598266601562, 270.7406921386719, 170.64987182617188, 0.7722253203392029], [0, 259.8668518066406, 55.41692352294922, 269.0940856933594, 74.99163055419922, 0.7623916268348694], [0, 193.3181610107422, 590.215087890625, 206.73948669433594, 618.293701171875, 0.7529568672180176], [0, 281.24139404296875, 185.54571533203125, 291.08746337890625, 211.02069091796875, 0.748312771320343], [0, 194.40371704101562, 567.8828125, 207.99813842773438, 596.07421875, 0.7472856044769287], [0, 242.70448303222656, 453.9591064453125, 253.78724670410156, 481.262451171875, 0.7018016576766968], [0, 269.51300048828125, 2.6074981689453125, 277.18560791015625, 19.573766708374023, 0.7009551525115967], [0, 287.314697265625, 38.60496520996094, 295.60882568359375, 58.525672912597656, 0.6540629863739014], [0, 277.33251953125, 129.61361694335938, 288.00341796875, 154.20846557617188, 0.5759857296943665], [0, 354.03045654296875, 35.949798583984375, 363.495361328125, 65.66104888916016, 0.5237774848937988], [0, 210.85025024414062, 606.318359375, 225.84213256835938, 639.976806640625, 0.5175297856330872], [3, 210.71072387695312, 606.579833984375, 225.88912963867188, 639.943603515625, 0.41689252853393555], [0, 287.3930969238281, 44.70758056640625, 295.1639709472656, 58.712791442871094, 0.3301200866699219], [0, 237.1605224609375, 553.0178833007812, 248.65972900390625, 574.2288208007812, 0.321408748626709], [0, 277.259521484375, 136.89947509765625, 286.99713134765625, 154.0924072265625, 0.2970564365386963], [1, 242.85244750976562, 453.9835205078125, 253.62850952148438, 481.245361328125, 0.2545846998691559]]}