{"clean": [[0, 243.75515747070312, 287.2135314941406, 257.736328125, 304.1690368652344, 0.8119115233421326], [0, 314.9960021972656, 323.69598388671875, 332.1897888183594, 347.93499755859375, 0.7998158931732178], [0, 196.5807647705078, 252.76101684570312, 207.2092742919922, 264.5219421386719, 0.7848135828971863], [0, 212.6383514404297, 291.5906677246094, 227.52989196777344, 312.1711730957031, 0.7809913754463196], [0, 256.50518798828125, 507.99163818359375, 278.65740966796875, 550.0971069335938, 0.7709776163101196], [0, 271.62005615234375, 276.87860107421875, 284.91436767578125, 294.1217041015625, 0.7695683240890503], [0, 203.06719970703125, 222.22372436523438, 213.22512817382812, 233.97305297851562, 0.7540276646614075], [0, 131.96524047851562, 183.17620849609375, 140.22494506835938, 191.29388427734375, 0.6823685169219971], [0, 127.91539001464844, 161.1093292236328, 134.8232879638672, 167.9891815185547, 0.6496999859809875], [0, 144.73355102539062, 185.98861694335938, 153.79562377929688, 194.69039916992188, 0.6402954459190369], [0, 138.62852478027344, 250.00173950195312, 147.07398986816406, 260.7625427246094, 0.6226531863212585], [0, 118.68045806884766, 142.87982177734375, 124.39322662353516, 148.74801635742188, 0.506674587726593], [3, 213.69442749023438, 245.33853149414062, 228.25723266601562, 270.8467102050781, 0.4842381179332733], [0, 172.20948791503906, 180.1204833984375, 181.1805877685547, 189.00274658203125, 0.4769628047943115], [0, 113.32363891601562, 153.9661407470703, 119.68803405761719, 160.93873596191406, 0.39694514870643616]], "patched": [[0, 243.77487182617188, 287.22418212890625, 257.7260437011719, 304.15447998046875, 0.8123218417167664], [0, 315.00970458984375, 323.7103271484375, 332.18316650390625, 347.941650390625, 0.7995662689208984], [0, 257.76788330078125, 506.2186279296875, 278.4874267578125, 549.8681640625, 0.7874559164047241], [0, 196.57772827148438, 252.75390625, 207.20980834960938, 264.52471923828125, 0.7846916317939758], [0, 212.6402130126953, 291.59954833984375, 227.5249786376953, 312.17181396484375, 0.7816110849380493], [0, 271.60736083984375, 276.86627197265625, 284.91412353515625, 294.1263427734375, 0.7703527808189392], [0, 203.06234741210938, 222.21377563476562, 213.22726440429688, 233.99520874023438, 0.7554564476013184], [0, 131.95350646972656, 183.1653289794922, 140.2324981689453, 191.30006408691406, 0.6827262043952942], [0, 127.9073486328125, 161.10165405273438, 134.83123779296875, 167.99679565429688, 0.650232195854187], [0, 144.72117614746094, 185.97824096679688, 153.80421447753906, 194.69845581054688, 0.6424903273582458], [0, 138.62368774414062, 249.99484252929688, 147.07632446289062, 260.7698059082031, 0.6152527928352356], [0, 118.675537109375, 142.87429809570312, 124.40066528320312, 148.75405883789062, 0.5049509406089783], [3, 213.68338012695312, 245.3355712890625, 228.25949096679688, 270.850830078125, 0.49181655049324036], [0, 172.20352172851562, 180.1084442138672, 181.18777465820312, 189.0087432861328, 0.4717049300670624], [0, 113.31626892089844, 153.95135498046875, 119.69343566894531, 160.94354248046875, 0.3984778821468353]]}