{"clean": [[1, 317.9548034667969, 393.236328125, 329.2907409667969, 431.6375732421875, 0.7993220686912537], [3, 336.4780578613281, 137.566650390625, 347.7727355957031, 169.11566162109375, 0.7837111949920654], [1, 153.36734008789062, 386.50341796875, 178.46798706054688, 412.7412109375, 0.7282058000564575], [3, 136.25308227539062, 170.56591796875, 164.17657470703125, 190.91326904296875, 0.7228100895881653], [3, 126.08357238769531, 183.68386840820312, 187.1321563720703, 220.30117797851562, 0.6894122362136841], [3, 124.81192016601562, 203.85147094726562, 187.34463500976562, 240.54867553710938, 0.6612793803215027], [0, 365.7890625, 4.314552307128906, 374.7578125, 25.31937026977539, 0.6248836517333984], [0, 349.1378173828125, 30.684566497802734, 358.0401611328125, 53.388126373291016, 0.6017189025878906], [1, 349.0740966796875, 30.45977783203125, 358.3726806640625, 53.583702087402344, 0.5985251069068909], [0, 86.48555755615234, 231.10498046875, 112.44190216064453, 244.39169311523438, 0.5714981555938721], [1, 49.70133972167969, 200.2884979248047, 64.93525695800781, 217.77989196777344, 0.47264403104782104], [0, 236.2083282470703, 558.8477783203125, 248.97276306152344, 611.1385498046875, 0.4635912775993347], [1, 147.7027587890625, 326.9171447753906, 171.97308349609375, 346.1211242675781, 0.446723610162735], [3, 67.19802856445312, 195.0584716796875, 125.02716064453125, 234.30453491210938, 0.44178929924964905], [1, 552.3751220703125, 46.53433609008789, 578.2769775390625, 60.71402359008789, 0.38098517060279846], [0, 49.56572723388672, 200.34658813476562, 64.0386962890625, 217.87252807617188, 0.3384714126586914]], "patched": [[3, 336.49365234375, 137.56781005859375, 347.7645263671875, 169.11709594726562, 0.7834372520446777], [1, 235.83595275878906, 558.9072875976562, 248.5323944091797, 587.0131225585938, 0.729957640171051], [3, 136.247314453125, 170.57809448242188, 164.1812744140625, 191.02484130859375, 0.7245635986328125], [0, 236.37136840820312, 583.6627197265625, 249.27865600585938, 610.7591552734375, 0.6956993937492371], [3, 126.04364776611328, 183.6884765625, 187.21990966796875, 221.55108642578125, 0.6745246648788452], [3, 124.82967376708984, 203.821533203125, 187.39041137695312, 240.91171264648438, 0.6611791253089905], [0, 365.80096435546875, 4.283729553222656, 374.75958251953125, 25.325672149658203, 0.6335862874984741], [0, 318.1854248046875, 392.98236083984375, 329.451171875, 412.24957275390625, 0.6272729635238647], [1, 349.09783935546875, 30.47452163696289, 358.35943603515625, 53.584720611572266, 0.6009117364883423], [0, 349.1559753417969, 30.70069122314453, 358.0245666503906, 53.387969970703125, 0.5941916704177856], [0, 50.26762390136719, 200.47433471679688, 64.78213500976562, 216.09475708007812, 0.5747811794281006], [1, 318.305908203125, 410.1205749511719, 329.179931640625, 431.6244812011719, 0.5507208704948425], [0, 86.50765991210938, 231.1082763671875, 112.36344909667969, 244.36566162109375, 0.5091070532798767], [3, 66.81573486328125, 194.08407592773438, 125.34666442871094, 234.40139770507812, 0.44871819019317627], [1, 153.64675903320312, 386.8519287109375, 178.23257446289062, 412.54473876953125, 0.4149259328842163], [1, 552.3763427734375, 46.542274475097656, 578.1151123046875, 60.7132568359375, 0.3795245885848999]]}