{"clean": [[0, 199.5665283203125, 114.01094055175781, 210.80169677734375, 137.83143615722656, 0.7917129993438721], [0, 390.02655029296875, 9.87209701538086, 400.84454345703125, 33.44664764404297, 0.7703254222869873], [0, 424.2127685546875, 47.87030792236328, 433.69256591796875, 69.51731872558594, 0.7522523999214172], [0, 417.31817626953125, 436.27789306640625, 430.93548583984375, 480.20526123046875, 0.6867632865905762], [0, 404.5818176269531, 183.464111328125, 415.5400085449219, 213.04254150390625, 0.6771537661552429], [0, 311.409912109375, 80.71697998046875, 320.430419921875, 101.32041931152344, 0.6016769409179688], [0, 303.13067626953125, 29.633502960205078, 311.80438232421875, 50.32826614379883, 0.5652066469192505], [0, 375.84136962890625, 155.0526123046875, 387.04888916015625, 185.84124755859375, 0.542599618434906], [0, 385.148193359375, 349.8873291015625, 398.0384521484375, 388.1480712890625, 0.35398608446121216], [0, 463.85504150390625, 222.79867553710938, 475.78094482421875, 254.46112060546875, 0.31834402680397034], [0, 427.709716796875, 362.7279052734375, 447.78955078125, 415.226318359375, 0.25402262806892395]], "patched": [[0, 199.5787353515625, 114.03033447265625, 210.78924560546875, 137.83660888671875, 0.7937591671943665], [0, 390.0710144042969, 9.892074584960938, 400.8146057128906, 33.430728912353516, 0.7708295583724976], [0, 424.24090576171875, 47.88935089111328, 433.66326904296875, 69.50389862060547, 0.753093421459198], [0, 404.6274108886719, 183.46792602539062, 415.5028991699219, 213.04275512695312, 0.6801650524139404], [0, 311.46514892578125, 80.77780151367188, 320.38323974609375, 101.30535888671875, 0.6020196676254272], [0, 303.158935546875, 29.639495849609375, 311.77264404296875, 50.32078552246094, 0.5666760206222534], [0, 375.9164123535156, 155.09979248046875, 386.9580383300781, 185.8426513671875, 0.5400394797325134], [1, 417.9136962890625, 436.2611389160156, 429.721435546875, 464.3188781738281, 0.40849748253822327], [0, 419.92578125, 465.2405090332031, 429.8837890625, 480.3957214355469, 0.313404381275177], [0, 463.883544921875, 223.19329833984375, 475.76123046875, 254.4453125, 0.3081448972225189], [0, 385.22833251953125, 349.88848876953125, 397.99957275390625, 388.1588134765625, 0.29448774456977844], [2, 417.6954345703125, 436.38134765625, 429.7906494140625, 465.83465576171875, 0.27598345279693604]]}