{"clean": [[0, 243.35427856445312, 425.54998779296875, 257.3201599121094, 469.29742431640625, 0.847529411315918], [0, 276.70703125, 235.4422607421875, 288.05859375, 261.679443359375, 0.8312175869941711], [0, 267.2371520996094, 485.1256103515625, 282.7882385253906, 537.1514892578125, 0.826819658279419], [3, 213.380615234375, 341.7681884765625, 238.11456298828125, 458.2392578125, 0.8183444142341614], [0, 245.41677856445312, 204.5537109375, 255.66116333007812, 227.469482421875, 0.8178234100341797], [0, 235.54092407226562, 118.5830078125, 244.24227905273438, 135.20309448242188, 0.791354238986969], [0, 227.73904418945312, 80.42967224121094, 235.87100219726562, 95.84881591796875, 0.7782440185546875], [3, 221.94216918945312, 138.0362548828125, 238.19558715820312, 208.8128662109375, 0.7642863392829895], [0, 322.0533447265625, 80.85077667236328, 333.19427490234375, 96.80638885498047, 0.6855182647705078], [4, 269.85345458984375, 366.3402099609375, 275.86077880859375, 384.54376220703125, 0.6122372150421143]], "patched": [[0, 276.72186279296875, 235.45730590820312, 288.03985595703125, 261.6699523925781, 0.8312872648239136], [3, 213.36563110351562, 341.73907470703125, 238.11074829101562, 458.32354736328125, 0.8194251656532288], [0, 245.42514038085938, 204.56161499023438, 255.64968872070312, 227.44589233398438, 0.8175720572471619], [0, 235.54721069335938, 118.58697509765625, 244.23947143554688, 135.2006378173828, 0.790514349937439], [0, 227.74411010742188, 80.43389892578125, 235.86923217773438, 95.85154724121094, 0.7785289883613586], [3, 221.95806884765625, 138.041259765625, 238.192138671875, 208.8095703125, 0.7640939354896545], [0, 266.2222900390625, 485.55926513671875, 282.8358154296875, 538.1713256835938, 0.7354228496551514], [0, 322.05633544921875, 80.85871887207031, 333.1900634765625, 96.806640625, 0.6867616176605225], [1, 265.992431640625, 485.27838134765625, 283.2529296875, 537.1356811523438, 0.6807907223701477], [1, 242.87759399414062, 425.6143798828125, 258.1433410644531, 469.5897216796875, 0.6795106530189514], [4, 269.8622131347656, 366.36065673828125, 275.8441467285156, 384.527587890625, 0.601225733757019], [0, 243.291015625, 426.25238037109375, 257.79083251953125, 469.32293701171875, 0.4614572525024414]]}