{"clean": [[0, 222.85458374023438, 203.22625732421875, 258.3221740722656, 261.12158203125, 0.8475931882858276], [0, 314.7843322753906, 207.3646240234375, 358.5220031738281, 240.06036376953125, 0.7643812894821167], [0, 142.92947387695312, 413.9364929199219, 179.96084594726562, 483.1408996582031, 0.7079148888587952], [0, 185.4124755859375, 508.45172119140625, 224.75979614257812, 588.5166625976562, 0.49301356077194214]], "patched": [[1, 118.11405181884766, 72.43086242675781, 150.69833374023438, 94.45674133300781, 0.7379069328308105], [1, 143.26251220703125, 421.7762756347656, 174.75390625, 441.0716247558594, 0.6670742034912109], [1, 117.40689086914062, 504.523193359375, 147.80010986328125, 523.462158203125, 0.6481721997261047], [1, 115.59312438964844, 60.1920280456543, 148.92481994628906, 79.51078796386719, 0.5858328342437744], [3, 185.87338256835938, 508.4293212890625, 224.67019653320312, 588.297607421875, 0.5799843072891235], [1, 223.54495239257812, 209.45742797851562, 250.86734008789062, 225.20565795898438, 0.5202195048332214], [1, 185.6060791015625, 508.403564453125, 224.40814208984375, 588.2635498046875, 0.4923761188983917], [0, 232.45571899414062, 225.11062622070312, 257.8807373046875, 261.0618591308594, 0.34290313720703125]]}