{"clean": [[0, 382.0406494140625, 513.731689453125, 404.052490234375, 558.768310546875, 0.8582273721694946], [0, 190.77273559570312, 237.09486389160156, 217.54074096679688, 255.83396911621094, 0.8443149328231812], [0, 171.02012634277344, 178.8084716796875, 189.91871643066406, 192.2069091796875, 0.8341951370239258], [0, 403.709228515625, 276.1473083496094, 417.7681884765625, 301.8324279785156, 0.7884050607681274], [0, 388.4022216796875, 426.3631591796875, 411.6822509765625, 477.34521484375, 0.7000280618667603], [1, 388.49053955078125, 426.69171142578125, 411.750244140625, 477.52825927734375, 0.46145913004875183], [4, 68.3565673828125, 204.169921875, 74.93539428710938, 214.42047119140625, 0.2983839511871338]], "patched": [[0, 381.964599609375, 513.8272705078125, 403.874755859375, 558.2576904296875, 0.8444153666496277], [0, 171.02459716796875, 178.83328247070312, 189.9107666015625, 192.20053100585938, 0.8359789252281189], [0, 403.71502685546875, 276.1549072265625, 417.75274658203125, 301.82080078125, 0.7851131558418274], [1, 388.5677490234375, 426.67425537109375, 411.65692138671875, 477.55218505859375, 0.7788476347923279], [0, 190.8465576171875, 238.26832580566406, 217.87664794921875, 255.13059997558594, 0.7241703867912292], [4, 68.365478515625, 204.21969604492188, 74.927734375, 214.3748779296875, 0.30343663692474365]]}