{"clean": [[0, 3.64483642578125, 392.55792236328125, 25.637767791748047, 441.32403564453125, 0.8593376874923706], [1, 355.580322265625, 323.38134765625, 372.753662109375, 364.031005859375, 0.857162356376648], [0, 378.625732421875, 131.53598022460938, 394.88720703125, 169.12246704101562, 0.8558353781700134], [0, 406.12225341796875, 127.72714233398438, 423.31243896484375, 163.05624389648438, 0.8545366525650024], [0, 514.6495971679688, 126.33305358886719, 533.1492309570312, 157.73768615722656, 0.840298056602478], [0, 409.9334716796875, 306.2507019042969, 430.23358154296875, 359.7721252441406, 0.8350209593772888], [0, 545.0013427734375, 120.6690673828125, 561.8045654296875, 156.9490966796875, 0.8308344483375549], [0, 439.72601318359375, 408.7256164550781, 465.12237548828125, 469.4842224121094, 0.8295295834541321], [0, 463.5683288574219, 293.2333984375, 485.8408508300781, 340.65625, 0.814115583896637], [0, 347.54364013671875, 292.84393310546875, 379.31951904296875, 318.60650634765625, 0.8082067966461182], [0, 422.2093505859375, 128.3790283203125, 438.55560302734375, 161.172119140625, 0.7924769520759583], [0, 464.0040283203125, 121.72348022460938, 482.67083740234375, 156.15518188476562, 0.7874447703361511], [1, 390.80340576171875, 315.9515686035156, 411.55535888671875, 362.0849914550781, 0.7434751391410828], [0, 363.3565368652344, 133.1556396484375, 378.7417297363281, 168.82687377929688, 0.7076977491378784], [1, 231.16275024414062, 297.535888671875, 262.0058898925781, 316.4281005859375, 0.6950520873069763], [0, 182.11224365234375, 258.496826171875, 213.024658203125, 280.671875, 0.5753109455108643], [0, 277.133544921875, 0.25948524475097656, 288.18017578125, 20.66583824157715, 0.509725034236908], [4, 398.0595703125, 201.11170959472656, 403.71661376953125, 212.83961486816406, 0.45171689987182617], [0, 234.86578369140625, 248.81387329101562, 265.7699279785156, 273.2721862792969, 0.31611746549606323], [0, 508.2734375, 630.4395141601562, 532.42529296875, 640.0, 0.30641260743141174]], "patched": [[1, 355.589111328125, 323.40521240234375, 372.77001953125, 363.97772216796875, 0.8569531440734863], [0, 378.67205810546875, 131.45166015625, 394.67608642578125, 168.5321044921875, 0.8302918672561646], [0, 406.87744140625, 126.80196380615234, 423.28314208984375, 163.01181030273438, 0.811080813407898], [0, 1.5486164093017578, 390.87835693359375, 25.643016815185547, 441.1373291015625, 0.8056315779685974], [0, 544.7784423828125, 119.17034912109375, 562.087158203125, 156.7161865234375, 0.791943371295929], [1, 391.0654296875, 316.00592041015625, 410.170166015625, 350.16290283203125, 0.7376658320426941], [0, 423.5894775390625, 131.8868865966797, 438.76153564453125, 160.89735412597656, 0.7153337001800537], [0, 464.860107421875, 293.2159423828125, 485.67376708984375, 340.6029052734375, 0.6352285146713257], [2, 1.2474288940429688, 391.2130126953125, 25.46944808959961, 440.90618896484375, 0.6279829740524292], [1, 440.8755187988281, 420.63092041015625, 464.8797302246094, 469.72625732421875, 0.6226697564125061], [0, 466.7288818359375, 128.01824951171875, 482.4034423828125, 156.24261474609375, 0.591941237449646], [2, 363.3775634765625, 130.78085327148438, 377.72894287109375, 168.51010131835938, 0.5468265414237976], [0, 410.13018798828125, 306.3125, 429.01580810546875, 359.677734375, 0.5424867272377014], [1, 347.37481689453125, 294.99462890625, 380.06005859375, 318.6883544921875, 0.5416373014450073], [1, 180.53048706054688, 259.3326110839844, 212.83984375, 279.6727600097656, 0.5217560529708862], [0, 277.21661376953125, 0.5525169372558594, 288.09442138671875, 20.577682495117188, 0.49276259541511536], [0, 180.28366088867188, 258.96966552734375, 212.99429321289062, 279.58856201171875, 0.48613446950912476], [4, 397.9869689941406, 201.01434326171875, 403.7214660644531, 212.8604736328125, 0.4513782262802124], [0, 457.0930480957031, 130.498046875, 469.0059509277344, 153.0152587890625, 0.34824565052986145], [2, 464.720947265625, 293.062744140625, 485.4315185546875, 340.58514404296875, 0.3044053316116333], [0, 508.30706787109375, 630.473876953125, 532.0623168945312, 640.0, 0.2979174554347992]]}