{"clean": [[0, 384.6400451660156, 453.76947021484375, 404.8334655761719, 512.1323852539062, 0.7593674659729004], [3, 229.0714111328125, 65.38560485839844, 257.68792724609375, 122.29454040527344, 0.7411604523658752]], "patched": [[3, 229.04660034179688, 65.35034942626953, 257.6468811035156, 122.33548736572266, 0.7283999919891357], [0, 384.7476806640625, 453.7674865722656, 404.8865966796875, 511.7456970214844, 0.5527224540710449]]}