{"clean": [[0, 237.98321533203125, 339.6805114746094, 251.3472900390625, 376.5859069824219, 0.8367862105369568], [3, 269.76617431640625, 49.70219421386719, 290.12103271484375, 123.24166870117188, 0.8292329907417297], [3, 258.0634765625, 304.340087890625, 276.3927001953125, 362.9071044921875, 0.8264170289039612], [0, 281.337646484375, 261.4532470703125, 294.04986572265625, 292.804931640625, 0.8013736009597778], [0, 250.437255859375, 31.51734733581543, 261.864013671875, 52.65203857421875, 0.7809860110282898], [0, 266.99078369140625, 144.56063842773438, 277.7958984375, 172.68881225585938, 0.7677121758460999], [0, 386.17822265625, 45.50799560546875, 396.0997314453125, 70.45272064208984, 0.7428305745124817], [0, 316.83502197265625, 63.31867980957031, 327.28729248046875, 90.18878173828125, 0.7362188100814819], [0, 378.8681640625, 114.30851745605469, 389.099609375, 142.07777404785156, 0.7108447551727295], [0, 287.57928466796875, 109.42304992675781, 298.19073486328125, 133.64401245117188, 0.707876443862915], [0, 359.81353759765625, 247.83018493652344, 373.78143310546875, 282.546875, 0.6981047987937927], [0, 294.143798828125, 162.1272430419922, 304.987060546875, 190.96055603027344, 0.6739327311515808], [0, 258.98681640625, 208.484130859375, 270.67236328125, 237.908447265625, 0.623120903968811], [0, 326.58154296875, 167.91015625, 337.369873046875, 193.58889770507812, 0.622443437576294], [0, 351.21429443359375, 18.519611358642578, 363.53363037109375, 44.93924331665039, 0.621354877948761], [0, 306.72894287109375, 386.1612854003906, 319.10601806640625, 432.0274963378906, 0.6018017530441284], [0, 194.8982696533203, 458.90057373046875, 211.03773498535156, 502.49456787109375, 0.588308572769165], [0, 347.31414794921875, 387.933349609375, 361.10028076171875, 432.8966064453125, 0.548872709274292], [0, 210.84335327148438, 561.9172973632812, 223.93045043945312, 585.0650024414062, 0.4209256172180176], [0, 337.5179748535156, 58.51439666748047, 347.8885803222656, 83.87552642822266, 0.37535756826400757]], "patched": [[3, 258.197021484375, 304.2578430175781, 276.11798095703125, 362.8912048339844, 0.8492885231971741], [3, 269.78839111328125, 49.661834716796875, 290.00042724609375, 123.24678039550781, 0.838161289691925], [0, 250.42840576171875, 31.51496696472168, 261.8760986328125, 52.68986511230469, 0.7800049781799316], [0, 281.47442626953125, 261.56878662109375, 293.6917724609375, 292.78631591796875, 0.7582305073738098], [0, 267.0254821777344, 144.8400421142578, 277.7240905761719, 172.71604919433594, 0.7572243809700012], [0, 386.14849853515625, 45.504310607910156, 396.13861083984375, 70.49349212646484, 0.7447109222412109], [0, 316.85101318359375, 63.35563659667969, 327.248046875, 90.20797729492188, 0.7211224436759949], [0, 359.90606689453125, 247.94381713867188, 373.70330810546875, 282.4523620605469, 0.7138669490814209], [0, 378.8638000488281, 114.3099594116211, 389.1141052246094, 142.12594604492188, 0.7135791778564453], [0, 287.56671142578125, 109.59492492675781, 298.150390625, 133.65196228027344, 0.6995415091514587], [0, 348.05670166015625, 412.4807434082031, 359.76397705078125, 434.4025573730469, 0.6813337206840515], [0, 294.17889404296875, 162.20570373535156, 304.79461669921875, 190.9502410888672, 0.6498260498046875], [0, 326.62188720703125, 168.12808227539062, 337.33831787109375, 193.58920288085938, 0.6408463716506958], [0, 351.28521728515625, 18.488689422607422, 363.54779052734375, 44.95805740356445, 0.611212968826294], [0, 259.0323486328125, 212.23924255371094, 268.85443115234375, 237.9062042236328, 0.5727498531341553], [3, 251.43492126464844, 521.8902587890625, 267.045166015625, 566.4403076171875, 0.5178148746490479], [0, 237.17178344726562, 339.52520751953125, 251.07522583007812, 376.61907958984375, 0.5111566185951233], [0, 209.87435913085938, 562.2962646484375, 222.64639282226562, 584.286865234375, 0.40042844414711], [2, 195.99456787109375, 458.72283935546875, 210.88189697265625, 502.72314453125, 0.39197149872779846], [1, 236.88980102539062, 339.5177307128906, 251.22531127929688, 376.3028869628906, 0.37142589688301086], [0, 337.5067443847656, 58.673072814941406, 347.8702697753906, 83.9059829711914, 0.3687427341938019], [3, 195.92364501953125, 459.0714416503906, 210.91455078125, 502.4244689941406, 0.31168264150619507], [3, 306.0974426269531, 386.21728515625, 319.3427429199219, 432.84832763671875, 0.2954927086830139], [0, 195.04299926757812, 28.52918243408203, 204.8682861328125, 43.614601135253906, 0.25365379452705383]]}