{"clean": [[3, 286.3492736816406, 126.55241394042969, 304.4084777832031, 173.13136291503906, 0.8518465161323547], [3, 346.17633056640625, 473.58404541015625, 363.26971435546875, 559.8842163085938, 0.8337453007698059], [0, 344.6900329589844, 205.10986328125, 356.9482116699219, 225.25909423828125, 0.812487006187439], [0, 184.49697875976562, 246.100341796875, 208.96951293945312, 263.3952331542969, 0.8120948076248169], [0, 328.8406982421875, 203.29379272460938, 338.88623046875, 223.37301635742188, 0.7918608784675598], [3, 317.490966796875, 125.80574798583984, 330.7552490234375, 155.68411254882812, 0.7895373106002808], [0, 303.09637451171875, 254.502685546875, 326.97125244140625, 271.150634765625, 0.774392306804657], [0, 202.53433227539062, 540.662109375, 222.33328247070312, 591.443115234375, 0.7593839764595032], [0, 357.56610107421875, 236.41354370117188, 373.90972900390625, 256.8726806640625, 0.7153167724609375], [0, 289.6131286621094, 64.55961608886719, 298.4932556152344, 76.59315490722656, 0.6980141401290894], [1, 353.1165771484375, 155.58058166503906, 366.4102783203125, 175.33656311035156, 0.622241199016571], [0, 138.6452178955078, 225.8718719482422, 159.6438446044922, 241.06529235839844, 0.5563928484916687], [1, 301.75128173828125, 87.597412109375, 309.46051025390625, 102.37103271484375, 0.5132906436920166], [0, 520.820556640625, 295.49603271484375, 550.26171875, 315.82525634765625, 0.4526328146457672], [0, 195.82054138183594, 24.15243911743164, 208.03733825683594, 32.45370864868164, 0.4519273638725281], [2, 331.39495849609375, 112.04995727539062, 344.74835205078125, 138.69943237304688, 0.3910227417945862], [3, 181.23513793945312, 626.0389404296875, 209.10516357421875, 639.97021484375, 0.3444440960884094], [1, 226.32681274414062, 429.6121826171875, 255.99176025390625, 464.035888671875, 0.33448126912117004], [0, 166.44586181640625, 26.340736389160156, 178.32965087890625, 33.47283935546875, 0.28519412875175476], [0, 180.71128845214844, 626.214599609375, 209.22032165527344, 639.936279296875, 0.27198299765586853], [0, 266.07440185546875, 553.234619140625, 282.96685791015625, 596.14892578125, 0.2652184069156647], [0, 388.0496520996094, 201.45828247070312, 407.9899597167969, 213.4324951171875, 0.2651214003562927], [1, 180.50613403320312, 626.33935546875, 209.06600952148438, 640.0, 0.26139572262763977]], "patched": [[3, 286.348388671875, 126.55216979980469, 304.41119384765625, 173.1319122314453, 0.851944088935852], [3, 346.17919921875, 473.57745361328125, 363.27099609375, 559.8754272460938, 0.8340393304824829], [0, 344.689697265625, 205.11233520507812, 356.9473876953125, 225.26211547851562, 0.8123645782470703], [0, 184.49557495117188, 246.10226440429688, 208.97164916992188, 263.3990173339844, 0.8110105395317078], [0, 328.8389587402344, 203.29493713378906, 338.8876647949219, 223.3763885498047, 0.7917622923851013], [3, 317.4906921386719, 125.80690002441406, 330.7543029785156, 155.68385314941406, 0.7892435193061829], [0, 303.0950927734375, 254.50314331054688, 326.9737548828125, 271.1541442871094, 0.7724171876907349], [0, 357.56463623046875, 236.41799926757812, 373.88861083984375, 256.8453063964844, 0.7141423225402832], [0, 289.6114807128906, 64.56024169921875, 298.4936828613281, 76.59400939941406, 0.6973968744277954], [1, 203.00827026367188, 540.842529296875, 222.57522583007812, 592.225830078125, 0.6617290377616882], [0, 202.45883178710938, 540.62841796875, 222.00039672851562, 591.9500732421875, 0.6256205439567566], [1, 353.11376953125, 155.58021545410156, 366.4107666015625, 175.33705139160156, 0.6222995519638062], [1, 520.8407592773438, 295.88055419921875, 551.2439575195312, 316.11822509765625, 0.5876219272613525], [0, 138.64537048339844, 225.8666229248047, 159.6427459716797, 241.0667266845703, 0.553757905960083], [1, 301.7520751953125, 87.61030578613281, 309.4609375, 102.37034606933594, 0.5119410753250122], [0, 195.8190155029297, 24.14929962158203, 208.03770446777344, 32.45519256591797, 0.45289650559425354], [3, 181.25930786132812, 626.0910034179688, 209.0660400390625, 639.9671020507812, 0.43978819251060486], [2, 331.3920593261719, 112.0509033203125, 344.7485656738281, 138.70008850097656, 0.38940706849098206], [1, 225.97409057617188, 429.55963134765625, 256.08984375, 464.27398681640625, 0.31579357385635376], [0, 166.4449462890625, 26.340919494628906, 178.33328247070312, 33.48316955566406, 0.2841706871986389], [0, 520.6815185546875, 295.3490905761719, 551.1715087890625, 316.1649475097656, 0.26828426122665405], [0, 388.0483093261719, 201.46035766601562, 408.0324401855469, 213.4376220703125, 0.2658291757106781]]}