{"clean": [[0, 449.1883239746094, 356.0137939453125, 477.9549255371094, 388.27484130859375, 0.8439167141914368], [2, 303.99127197265625, 220.58230590820312, 338.31951904296875, 267.53887939453125, 0.8303138613700867], [0, 338.8174133300781, 552.565673828125, 374.5565490722656, 605.935302734375, 0.8067201972007751], [0, 415.7799377441406, 417.0108642578125, 447.4888610839844, 458.1912841796875, 0.8061233162879944], [0, 441.51519775390625, 373.02978515625, 470.94061279296875, 406.43817138671875, 0.7467902302742004], [2, 416.295654296875, 180.4321746826172, 438.411865234375, 213.8652801513672, 0.7444713711738586], [2, 310.45050048828125, 263.24749755859375, 375.35345458984375, 345.12310791015625, 0.717297375202179], [1, 583.1962890625, 19.074600219726562, 595.607666015625, 31.78907012939453, 0.607882559299469], [0, 609.6753540039062, 41.349334716796875, 624.8219604492188, 59.863067626953125, 0.469926118850708], [2, 230.5303955078125, 181.2626953125, 271.78033447265625, 229.03759765625, 0.4619395434856415], [0, 361.672119140625, 503.5447692871094, 397.5086669921875, 552.8421630859375, 0.43656715750694275], [0, 490.3594055175781, 21.949203491210938, 499.4307556152344, 32.19154739379883, 0.357814759016037], [1, 570.676025390625, 66.47435760498047, 582.731201171875, 82.5152816772461, 0.31839844584465027], [0, 436.1414794921875, 65.84953308105469, 455.41217041015625, 83.84599304199219, 0.2894993722438812]], "patched": [[2, 303.9729919433594, 220.54257202148438, 338.3508605957031, 267.5648498535156, 0.8295613527297974], [2, 416.29449462890625, 180.35218811035156, 438.41156005859375, 213.8831024169922, 0.7396469116210938], [2, 310.39410400390625, 263.2259521484375, 375.14154052734375, 345.14013671875, 0.7014665007591248], [1, 340.3699645996094, 552.6378173828125, 367.4942321777344, 570.0308837890625, 0.66754549741745], [1, 583.1455078125, 19.033538818359375, 595.640869140625, 31.851036071777344, 0.6043474078178406], [0, 343.49310302734375, 565.77294921875, 374.57012939453125, 605.447509765625, 0.5512351989746094], [0, 609.6451416015625, 41.30955505371094, 624.87255859375, 59.87660217285156, 0.47904014587402344], [0, 448.02734375, 356.2803955078125, 476.90234375, 380.6845703125, 0.4618070721626282], [2, 230.512939453125, 181.24270629882812, 271.80645751953125, 229.09915161132812, 0.4305289089679718], [1, 445.43310546875, 376.235595703125, 473.080078125, 391.1534423828125, 0.35789862275123596], [0, 490.3316650390625, 21.91360092163086, 499.4482421875, 32.22933578491211, 0.32277828454971313], [1, 570.6405639648438, 66.43965148925781, 582.7714233398438, 82.54696655273438, 0.26611778140068054]]}