{"clean": [[0, 218.915283203125, 378.52105712890625, 244.21563720703125, 400.03619384765625, 0.8641276359558105], [0, 134.68617248535156, 485.60113525390625, 161.2036590576172, 511.30316162109375, 0.8403180241584778], [0, 136.148193359375, 396.37078857421875, 161.791748046875, 415.95916748046875, 0.8398807644844055], [0, 528.7352294921875, 332.89703369140625, 555.0706787109375, 353.12890625, 0.7977050542831421], [0, 324.15728759765625, 284.6891174316406, 346.84417724609375, 298.8797912597656, 0.7970482110977173], [0, 296.44158935546875, 450.7358703613281, 320.58526611328125, 469.5421447753906, 0.6733987331390381], [0, 190.40560913085938, 210.55584716796875, 201.23147583007812, 248.125244140625, 0.6643001437187195], [0, 328.15692138671875, 550.4656372070312, 350.63507080078125, 568.1497192382812, 0.624478280544281], [0, 493.56005859375, 447.8216857910156, 518.5054931640625, 467.3321838378906, 0.601138710975647], [1, 245.17901611328125, 74.48445129394531, 265.3342590332031, 101.53533935546875, 0.5933812260627747], [0, 295.59906005859375, 368.0062255859375, 320.25640869140625, 383.18701171875, 0.5567349791526794], [1, 393.891845703125, 440.14227294921875, 420.9857177734375, 455.47869873046875, 0.5138028264045715], [0, 552.1828002929688, 534.0545654296875, 572.7411499023438, 555.1153564453125, 0.5068856477737427], [0, 422.60626220703125, 372.5201416015625, 448.27166748046875, 390.1497802734375, 0.41523298621177673], [0, 57.6151237487793, 563.5516357421875, 86.73509216308594, 592.2110595703125, 0.347153902053833], [1, 57.87717819213867, 563.5967407226562, 86.88987731933594, 592.1026000976562, 0.32044726610183716], [1, 190.36660766601562, 210.78594970703125, 201.25680541992188, 248.14306640625, 0.31898993253707886], [1, 432.23455810546875, 310.09722900390625, 455.97381591796875, 327.32989501953125, 0.2904827296733856]], "patched": [[0, 218.8270721435547, 378.5365295410156, 244.5565643310547, 399.9490661621094, 0.8056362271308899], [0, 324.441650390625, 287.97955322265625, 347.48291015625, 298.80926513671875, 0.7547236680984497], [0, 134.25848388671875, 396.52374267578125, 161.79315185546875, 414.434814453125, 0.7491583824157715], [0, 493.7392578125, 447.958251953125, 519.3728637695312, 463.95697021484375, 0.7276428937911987], [0, 296.5071716308594, 450.77691650390625, 320.5498352050781, 469.50006103515625, 0.650806725025177], [0, 328.13165283203125, 550.681396484375, 350.49957275390625, 568.1533203125, 0.6183481812477112], [1, 245.34066772460938, 74.54185485839844, 265.3059387207031, 101.47578430175781, 0.6090298295021057], [1, 190.36697387695312, 208.71337890625, 201.26016235351562, 248.1441650390625, 0.5873485207557678], [1, 134.5167236328125, 485.6820373535156, 162.865234375, 511.1960144042969, 0.5051851868629456], [0, 295.68768310546875, 368.28253173828125, 320.20916748046875, 383.14910888671875, 0.47406870126724243], [1, 393.91339111328125, 440.26953125, 420.95867919921875, 455.4388427734375, 0.473315566778183], [0, 324.38720703125, 284.00152587890625, 347.1942138671875, 293.24041748046875, 0.39892861247062683], [0, 324.2547302246094, 284.2623291015625, 347.7704162597656, 297.6297607421875, 0.39312300086021423], [0, 134.9215087890625, 485.5968017578125, 162.87762451171875, 511.332763671875, 0.3843619227409363], [1, 552.23046875, 534.4906005859375, 580.608642578125, 553.9844970703125, 0.375047504901886], [0, 422.66119384765625, 372.631103515625, 448.21893310546875, 390.1209716796875, 0.35885995626449585], [0, 528.8907470703125, 332.8369140625, 548.080810546875, 353.868408203125, 0.3509175777435303], [0, 552.2852172851562, 534.1986083984375, 582.0285034179688, 554.18505859375, 0.34615665674209595], [1, 58.1164436340332, 563.650146484375, 86.87016296386719, 592.039794921875, 0.3316340446472168], [0, 57.886661529541016, 563.62255859375, 86.72323608398438, 592.123291015625, 0.32571887969970703], [1, 432.28851318359375, 310.18634033203125, 455.93231201171875, 327.30316162109375, 0.3084540069103241]]}