{"clean": [[0, 277.4857177734375, 241.66561889648438, 292.7723388671875, 275.2795104980469, 0.8491067886352539], [0, 368.210693359375, 590.2589111328125, 395.1475830078125, 640.0, 0.8303335309028625], [0, 151.63278198242188, 105.24728393554688, 162.75543212890625, 127.92236328125, 0.8242212533950806], [0, 307.7001953125, 596.491943359375, 332.49609375, 639.956787109375, 0.8154881596565247], [3, 241.90957641601562, 99.78666687011719, 259.87847900390625, 174.6252899169922, 0.8088318109512329], [1, 252.03367614746094, 321.55010986328125, 269.8251953125, 367.95867919921875, 0.8079685568809509], [0, 322.9335632324219, 444.6607666015625, 346.9369201660156, 502.0911865234375, 0.7881901860237122], [1, 122.01522827148438, 197.5388946533203, 134.02835083007812, 220.6707000732422, 0.7563064098358154], [0, 175.8954315185547, 0.012436866760253906, 185.4346160888672, 7.2051777839660645, 0.7304279208183289], [1, 322.68756103515625, 444.32818603515625, 346.6741943359375, 502.34234619140625, 0.709754228591919], [0, 188.63607788085938, 79.30264282226562, 199.07882690429688, 95.73141479492188, 0.6991146206855774], [0, 181.31179809570312, 10.155646324157715, 190.68109130859375, 26.658058166503906, 0.5608557462692261], [3, 400.4434814453125, 21.78818130493164, 456.06060791015625, 48.41563034057617, 0.4556230306625366], [1, 189.42657470703125, 34.23301696777344, 198.23541259765625, 47.90629577636719, 0.4101278781890869]], "patched": [[0, 151.63995361328125, 105.25138092041016, 162.75433349609375, 127.9063949584961, 0.8233910799026489], [0, 277.690185546875, 241.65333557128906, 292.506103515625, 275.34130859375, 0.8217805027961731], [3, 241.94580078125, 99.79371643066406, 259.8818359375, 174.61207580566406, 0.8083584308624268], [1, 122.03453063964844, 197.55010986328125, 134.0254364013672, 220.6639404296875, 0.764722466468811], [0, 175.89718627929688, 0.01264047622680664, 185.43600463867188, 7.212958812713623, 0.7303967475891113], [0, 188.64544677734375, 79.31912231445312, 199.07363891601562, 95.7415771484375, 0.7024361491203308], [3, 368.8126220703125, 590.7984008789062, 394.76422119140625, 639.8757934570312, 0.6151396632194519], [0, 181.31375122070312, 10.161664962768555, 190.67636108398438, 26.678823471069336, 0.5578179955482483], [1, 252.64996337890625, 320.835693359375, 269.75921630859375, 367.96319580078125, 0.5418897271156311], [0, 307.7588806152344, 596.488525390625, 330.0085144042969, 639.6572265625, 0.46214163303375244], [3, 400.34649658203125, 21.7913818359375, 456.05609130859375, 48.44160461425781, 0.45747044682502747], [1, 189.4268035888672, 34.240875244140625, 198.23878479003906, 47.90379333496094, 0.42439472675323486], [1, 323.3009033203125, 442.5050048828125, 346.197265625, 502.4580078125, 0.42308586835861206], [3, 244.97415161132812, 132.405029296875, 259.751220703125, 174.4169921875, 0.2549583315849304]]}