{"clean": [[0, 514.7452392578125, 505.5233154296875, 553.5987548828125, 542.1143798828125, 0.8376307487487793], [3, 143.1960906982422, 57.05628204345703, 220.90635681152344, 111.4747085571289, 0.8303428888320923], [0, 406.0638732910156, 580.3464965820312, 443.2789001464844, 630.1974487304688, 0.8219099640846252], [3, 98.32980346679688, 0.3256072998046875, 166.957763671875, 48.55189514160156, 0.8158658742904663], [3, 181.57241821289062, 0.0, 250.36459350585938, 29.68683433532715, 0.7685049176216125], [0, 428.5369873046875, 616.3074951171875, 465.5174560546875, 640.0, 0.7134304642677307], [0, 453.14739990234375, 529.89111328125, 490.38226318359375, 574.770263671875, 0.6919441819190979], [2, 418.1015625, 282.6725769042969, 483.485107421875, 330.8871154785156, 0.48227787017822266], [0, 259.73870849609375, 520.3599853515625, 300.44549560546875, 578.1282958984375, 0.46466755867004395], [1, 259.7618408203125, 520.1074829101562, 300.39404296875, 578.0215454101562, 0.4522024691104889], [0, 225.31124877929688, 345.7239074707031, 264.6512756347656, 380.2532043457031, 0.44646263122558594], [3, 418.1602783203125, 282.8453063964844, 483.37530517578125, 331.0804748535156, 0.4291444420814514], [0, 43.60765838623047, 419.755859375, 81.64263153076172, 455.309814453125, 0.33329159021377563], [3, 621.250244140625, 117.88154602050781, 639.948486328125, 189.2209014892578, 0.31730127334594727], [1, 43.56055450439453, 419.5654602050781, 81.96477508544922, 455.2630310058594, 0.31663745641708374], [0, 232.27432250976562, 0.0, 248.23348999023438, 17.098045349121094, 0.2791743576526642]], "patched": [[3, 143.30160522460938, 57.14091491699219, 220.83425903320312, 111.40583801269531, 0.8318288326263428], [3, 98.42499542236328, 0.3365478515625, 166.91143798828125, 48.45618438720703, 0.8151174187660217], [3, 181.607666015625, 0.0, 250.2750244140625, 29.557424545288086, 0.7710220217704773], [2, 259.85577392578125, 517.98681640625, 299.17828369140625, 577.7177734375, 0.711432695388794], [2, 428.18463134765625, 616.5330810546875, 467.34735107421875, 639.9615478515625, 0.6680608987808228], [2, 453.49102783203125, 527.1295166015625, 489.92523193359375, 575.13916015625, 0.3986605107784271], [3, 418.2801818847656, 282.9713134765625, 483.2378234863281, 330.9696044921875, 0.3922162353992462], [3, 621.3621215820312, 117.56430053710938, 639.9443969726562, 189.1656494140625, 0.311487078666687], [0, 232.4476318359375, 0.0, 248.1539306640625, 17.009693145751953, 0.2688707411289215]]}