{"clean": [[0, 199.5665283203125, 114.01094055175781, 210.80169677734375, 137.83143615722656, 0.7917129993438721], [0, 390.02655029296875, 9.87209701538086, 400.84454345703125, 33.44664764404297, 0.7703254222869873], [0, 424.2127685546875, 47.87030792236328, 433.69256591796875, 69.51731872558594, 0.7522523999214172], [0, 417.31817626953125, 436.27789306640625, 430.93548583984375, 480.20526123046875, 0.6867632865905762], [0, 404.5818176269531, 183.464111328125, 415.5400085449219, 213.04254150390625, 0.6771537661552429], [0, 311.409912109375, 80.71697998046875, 320.430419921875, 101.32041931152344, 0.6016769409179688], [0, 303.13067626953125, 29.633502960205078, 311.80438232421875, 50.32826614379883, 0.5652066469192505], [0, 375.84136962890625, 155.0526123046875, 387.04888916015625, 185.84124755859375, 0.542599618434906], [0, 385.148193359375, 349.8873291015625, 398.0384521484375, 388.1480712890625, 0.35398608446121216], [0, 463.85504150390625, 222.79867553710938, 475.78094482421875, 254.46112060546875, 0.31834402680397034], [0, 427.709716796875, 362.7279052734375, 447.78955078125, 415.226318359375, 0.25402262806892395]], "patched": [[0, 199.57540893554688, 114.03715515136719, 210.79043579101562, 137.8373565673828, 0.7929829359054565], [0, 390.0569763183594, 9.88644027709961, 400.8243103027344, 33.43552017211914, 0.7707473039627075], [0, 424.23480224609375, 47.88494110107422, 433.67181396484375, 69.50701904296875, 0.753051221370697], [0, 404.61541748046875, 183.47225952148438, 415.51104736328125, 213.04452514648438, 0.6802367568016052], [0, 311.4560852050781, 80.77140045166016, 320.3918151855469, 101.30855560302734, 0.6017318367958069], [0, 303.1543273925781, 29.638599395751953, 311.7796325683594, 50.32273483276367, 0.5653935074806213], [0, 375.8963928222656, 155.09115600585938, 386.9767761230469, 185.8431396484375, 0.5405480265617371], [2, 417.6100769042969, 436.6269226074219, 430.4026794433594, 480.6441345214844, 0.5369635820388794], [0, 463.87908935546875, 223.22976684570312, 475.75762939453125, 254.44070434570312, 0.30118998885154724], [0, 385.209716796875, 349.8778381347656, 398.01177978515625, 388.1753845214844, 0.29187503457069397], [3, 417.141845703125, 436.55914306640625, 429.77978515625, 480.5963134765625, 0.2717350423336029]]}