{"clean": [[0, 376.08245849609375, 134.25157165527344, 403.42120361328125, 187.84657287597656, 0.858161211013794], [0, 102.61285400390625, 256.271240234375, 150.965087890625, 310.5689697265625, 0.8505098819732666], [0, 285.79150390625, 144.73373413085938, 312.20361328125, 198.407958984375, 0.8412172794342041], [0, 504.250244140625, 510.7396240234375, 565.22802734375, 546.5526123046875, 0.4153115749359131]], "patched": [[0, 376.23126220703125, 134.36248779296875, 403.0782470703125, 192.99554443359375, 0.83198082447052], [0, 290.3116455078125, 144.99057006835938, 311.7012939453125, 182.341796875, 0.6897848844528198], [1, 289.23309326171875, 181.76052856445312, 309.44964599609375, 201.13967895507812, 0.5884951949119568], [1, 515.7540283203125, 497.517333984375, 550.7327880859375, 517.4974365234375, 0.385696142911911], [1, 107.02267456054688, 256.4072265625, 140.39825439453125, 281.76239013671875, 0.37516888976097107], [1, 518.53955078125, 488.51776123046875, 554.74609375, 507.23846435546875, 0.3688344359397888], [0, 510.82403564453125, 512.5216674804688, 564.9375610351562, 545.8429565429688, 0.2679210305213928], [0, 290.716064453125, 154.62013244628906, 307.78955078125, 181.90171813964844, 0.26436522603034973]]}