{"clean": [[0, 278.03619384765625, 219.13845825195312, 299.48870849609375, 244.222412109375, 0.8479141592979431], [0, 228.58688354492188, 146.61395263671875, 246.69076538085938, 164.84710693359375, 0.8127077221870422], [0, 242.74093627929688, 242.81173706054688, 260.1318054199219, 264.5022277832031, 0.7852579355239868], [0, 65.50105285644531, 262.09625244140625, 86.46739196777344, 280.90155029296875, 0.710171103477478], [0, 173.2489013671875, 17.514074325561523, 185.167236328125, 29.69379234313965, 0.7085516452789307], [0, 139.60299682617188, 72.02787780761719, 149.02511596679688, 83.33415222167969, 0.6465842127799988], [0, 487.0110778808594, 254.197265625, 510.0149230957031, 274.78369140625, 0.31704577803611755], [0, 148.54794311523438, 0.0, 156.06399536132812, 2.1581695079803467, 0.25909799337387085]], "patched": [[0, 277.72393798828125, 219.11602783203125, 299.32696533203125, 244.689453125, 0.8532714247703552], [0, 228.537109375, 146.58013916015625, 246.72769165039062, 164.89630126953125, 0.8142027258872986], [0, 242.75668334960938, 242.75787353515625, 260.1761169433594, 264.59051513671875, 0.7841798067092896], [0, 65.46627807617188, 262.08111572265625, 86.4791259765625, 280.91448974609375, 0.7085455060005188], [0, 173.2169952392578, 17.469528198242188, 185.20506286621094, 29.73809814453125, 0.7078003287315369], [0, 139.57321166992188, 72.01068115234375, 149.05557250976562, 83.35812377929688, 0.6469933390617371], [0, 485.9984436035156, 254.693359375, 505.2915344238281, 277.12237548828125, 0.35195377469062805], [0, 148.52322387695312, 0.0, 156.10317993164062, 2.164236068725586, 0.25372734665870667]]}