{"clean": [[0, 400.635986328125, 65.38134765625, 424.8670654296875, 85.4005126953125, 0.8512189388275146], [0, 240.3626708984375, 47.26667022705078, 264.3780517578125, 66.19303131103516, 0.8511521816253662], [0, 394.78851318359375, 100.74493408203125, 419.86224365234375, 121.10903930664062, 0.8439956903457642], [2, 0.06817245483398438, 245.8338623046875, 63.739044189453125, 287.3056640625, 0.8384491801261902], [0, 231.04376220703125, 289.01177978515625, 265.0112609863281, 314.579833984375, 0.8096407651901245], [0, 405.4434814453125, 26.093280792236328, 428.329833984375, 43.406124114990234, 0.806435227394104], [0, 154.83274841308594, 284.89215087890625, 189.0902862548828, 304.69989013671875, 0.8018518686294556], [0, 350.88275146484375, 310.1749267578125, 385.30059814453125, 333.50469970703125, 0.7840895652770996], [0, 383.14501953125, 175.56053161621094, 413.05908203125, 201.9412384033203, 0.7824576497077942], [0, 612.49462890625, 339.28125, 639.9765625, 370.82354736328125, 0.7604639530181885], [0, 521.8902587890625, 332.79803466796875, 559.2281494140625, 357.59381103515625, 0.7314510345458984], [0, 442.94537353515625, 365.94976806640625, 478.4693603515625, 397.40545654296875, 0.7151464819908142], [0, 407.6448974609375, 0.0, 430.594970703125, 10.31471061706543, 0.700259268283844], [0, 571.00927734375, 336.119384765625, 609.4586181640625, 363.359130859375, 0.6762650609016418], [0, 253.15042114257812, 21.01364517211914, 276.9944152832031, 36.208736419677734, 0.6698616743087769], [0, 581.0394287109375, 207.81008911132812, 619.3992919921875, 236.28048706054688, 0.6488045454025269], [4, 389.104248046875, 416.5085144042969, 404.1171875, 428.8349914550781, 0.5834562182426453], [0, 251.76071166992188, 16.507530212402344, 277.0193786621094, 35.103416442871094, 0.5207691192626953], [0, 471.9630126953125, 323.336181640625, 510.1378173828125, 349.3192138671875, 0.35394203662872314], [1, 0.02065753936767578, 290.92120361328125, 10.338398933410645, 326.24725341796875, 0.3375775218009949], [2, 19.839134216308594, 264.9854736328125, 102.83798217773438, 291.2904052734375, 0.25489529967308044], [0, 0.010908126831054688, 290.0064697265625, 10.308189392089844, 325.22216796875, 0.2547043561935425]], "patched": [[2, 0.07139968872070312, 245.84945678710938, 63.8367919921875, 287.3194885253906, 0.8400400280952454], [0, 394.53961181640625, 100.71168518066406, 419.811767578125, 120.59538269042969, 0.8145118355751038], [0, 400.79620361328125, 67.44723510742188, 424.60711669921875, 85.32284545898438, 0.8060135841369629], [0, 234.93099975585938, 47.349464416503906, 264.29205322265625, 66.2552719116211, 0.7841365337371826], [0, 398.38226318359375, 26.16608428955078, 427.98748779296875, 43.43412780761719, 0.7801113724708557], [0, 407.22235107421875, 0.0, 430.63165283203125, 10.320657730102539, 0.6890817284584045], [0, 377.5322265625, 175.84555053710938, 413.1678466796875, 201.60702514648438, 0.6817672848701477], [1, 231.18743896484375, 289.478515625, 264.8663330078125, 314.596435546875, 0.6388786435127258], [1, 149.07180786132812, 283.40814208984375, 188.19113159179688, 304.63470458984375, 0.6298128366470337], [4, 389.05596923828125, 416.5025329589844, 404.10528564453125, 428.8220520019531, 0.6280641555786133], [0, 613.2096557617188, 342.9814758300781, 639.9457397460938, 370.3739929199219, 0.6168021559715271], [0, 253.0694580078125, 16.40365982055664, 276.9051513671875, 36.5400276184082, 0.5552219748497009], [1, 518.753662109375, 330.49542236328125, 558.957763671875, 357.5364990234375, 0.5186883211135864], [1, 348.10693359375, 311.2692565917969, 384.6634521484375, 333.5455627441406, 0.48632296919822693], [0, 348.07269287109375, 311.21624755859375, 384.91229248046875, 333.46990966796875, 0.44278284907341003], [0, 579.60009765625, 207.49813842773438, 619.60107421875, 233.82290649414062, 0.4195854663848877], [1, 435.1492614746094, 477.05499267578125, 458.3620300292969, 491.16656494140625, 0.40872472524642944], [1, 570.1070556640625, 336.2778015136719, 608.6046142578125, 363.1549377441406, 0.3880239725112915], [1, 470.50128173828125, 326.6496276855469, 509.51995849609375, 349.3572082519531, 0.3822646141052246], [0, 231.00283813476562, 288.6697692871094, 265.2618103027344, 314.7311706542969, 0.3768581449985504], [0, 518.5802001953125, 331.56182861328125, 558.9871826171875, 357.56640625, 0.37273359298706055], [1, 61.73126220703125, 265.8472900390625, 102.56536865234375, 291.6151123046875, 0.33207038044929504], [1, 0.0, 290.1124572753906, 10.413936614990234, 326.0373840332031, 0.30884942412376404]]}