{"clean": [[0, 405.085205078125, 387.76715087890625, 424.23175048828125, 415.67071533203125, 0.8682457208633423], [0, 588.39794921875, 30.7303409576416, 607.450439453125, 48.85150909423828, 0.8334382176399231], [0, 424.3145446777344, 272.3867492675781, 437.6894226074219, 302.4734802246094, 0.8301677703857422], [0, 322.57574462890625, 458.0869140625, 343.40216064453125, 478.7906494140625, 0.8231428861618042], [0, 493.3271484375, 419.8031005859375, 506.0887451171875, 447.6229248046875, 0.6810228824615479], [0, 574.2452392578125, 613.02490234375, 599.5179443359375, 630.673095703125, 0.5793999433517456], [0, 59.36690902709961, 130.9486083984375, 81.513916015625, 143.30877685546875, 0.5297937989234924], [0, 457.85235595703125, 450.93023681640625, 470.84783935546875, 477.63299560546875, 0.5268450975418091], [3, 195.61045837402344, 478.61114501953125, 254.7417449951172, 510.44451904296875, 0.4894527196884155], [0, 508.46929931640625, 528.3871459960938, 521.3062133789062, 555.0923461914062, 0.45204806327819824], [0, 474.703857421875, 423.2304992675781, 489.37744140625, 462.6612243652344, 0.4006815552711487], [1, 431.52850341796875, 626.4804077148438, 455.61126708984375, 639.9124145507812, 0.37025296688079834], [2, 195.56661987304688, 478.6888122558594, 254.71310424804688, 510.4254455566406, 0.36947381496429443], [0, 261.328369140625, 507.1224365234375, 280.556396484375, 521.2139892578125, 0.29631608724594116], [0, 502.09698486328125, 490.340576171875, 514.8405151367188, 514.9459838867188, 0.28581181168556213]], "patched": [[0, 588.393798828125, 30.739089965820312, 607.4530029296875, 48.8487548828125, 0.8347296118736267], [0, 322.949462890625, 457.96197509765625, 343.4180908203125, 479.87738037109375, 0.8051963448524475], [0, 424.170166015625, 271.5960693359375, 437.2799072265625, 302.3905029296875, 0.6771398782730103], [0, 493.30096435546875, 419.79986572265625, 506.14141845703125, 446.97198486328125, 0.6500105261802673], [0, 404.99578857421875, 386.9531555175781, 424.11810302734375, 415.4533386230469, 0.511492133140564], [2, 405.0979309082031, 386.9720458984375, 424.0299377441406, 415.55889892578125, 0.4888777434825897], [3, 195.60256958007812, 478.6355895996094, 254.75057983398438, 510.5595397949219, 0.47706663608551025], [0, 59.34413146972656, 130.92787170410156, 81.54806518554688, 143.39515686035156, 0.4757542312145233], [0, 508.4299621582031, 528.3875122070312, 521.267333984375, 554.3997192382812, 0.4326673448085785], [0, 457.9244384765625, 450.9097595214844, 470.0396728515625, 472.4092712402344, 0.42416179180145264], [2, 195.55397033691406, 478.7084045410156, 254.73118591308594, 510.5555725097656, 0.4188764691352844], [1, 424.2724609375, 271.79638671875, 437.2525634765625, 302.4381103515625, 0.3594007194042206], [1, 431.504638671875, 626.486083984375, 455.6370849609375, 639.916259765625, 0.34220895171165466], [0, 502.145263671875, 490.6541748046875, 514.8497314453125, 514.8878784179688, 0.2794645428657532], [0, 574.2777099609375, 613.0367431640625, 600.0772705078125, 630.6810302734375, 0.25135910511016846]]}