{"clean": [[0, 424.61083984375, 539.94970703125, 448.3768310546875, 601.1910400390625, 0.7859059572219849], [0, 321.8070068359375, 251.6564483642578, 340.494384765625, 294.07867431640625, 0.7834311127662659], [0, 307.15753173828125, 123.53881072998047, 317.98004150390625, 140.06378173828125, 0.7668397426605225], [0, 274.98291015625, 77.17157745361328, 282.865478515625, 87.42823028564453, 0.7566321492195129], [2, 138.1759033203125, 262.0589599609375, 166.49822998046875, 315.86669921875, 0.7392786741256714], [0, 48.75603485107422, 367.2131652832031, 86.33875274658203, 390.2839050292969, 0.6856498718261719], [0, 281.87664794921875, 55.11071014404297, 288.70538330078125, 63.64726257324219, 0.47889021039009094], [0, 287.28875732421875, 38.256893157958984, 293.22589111328125, 45.47878646850586, 0.4389805793762207], [0, 289.66363525390625, 32.119903564453125, 297.414794921875, 39.52363586425781, 0.41736888885498047]], "patched": [[0, 307.1260681152344, 123.43870544433594, 318.0210266113281, 140.09706115722656, 0.7690509557723999], [2, 138.15383911132812, 262.2146911621094, 166.39376831054688, 315.9784240722656, 0.7671580910682678], [0, 274.95245361328125, 77.12948608398438, 282.89923095703125, 87.46224975585938, 0.7564900517463684], [0, 426.48162841796875, 557.3238525390625, 448.01617431640625, 601.3814697265625, 0.6758832931518555], [0, 51.48422622680664, 367.309326171875, 87.21893310546875, 381.68798828125, 0.5721337795257568], [0, 281.845703125, 55.045387268066406, 288.7493896484375, 63.70854187011719, 0.4705662727355957], [0, 321.8125, 251.53416442871094, 340.360595703125, 296.04443359375, 0.46593499183654785], [0, 287.24664306640625, 38.201202392578125, 293.27947998046875, 45.535301208496094, 0.42724326252937317], [0, 289.64251708984375, 32.07066345214844, 297.44842529296875, 39.55498504638672, 0.4095364809036255], [1, 66.82862854003906, 375.7409362792969, 86.34996032714844, 388.7190856933594, 0.3732738792896271], [3, 321.67364501953125, 251.27212524414062, 340.35809326171875, 296.4148864746094, 0.3053329885005951], [0, 386.2698669433594, 393.462646484375, 401.3533630371094, 417.8455810546875, 0.27709218859672546]]}