{"clean": [[0, 357.1217041015625, 160.6884765625, 396.9853515625, 211.86785888671875, 0.8871471285820007], [1, 86.1032485961914, 26.583738327026367, 114.38704681396484, 71.28915405273438, 0.877378523349762], [0, 388.9283447265625, 139.71426391601562, 432.12884521484375, 190.0897216796875, 0.8748806715011597], [0, 314.3717956542969, 137.78707885742188, 344.4533386230469, 181.52243041992188, 0.8626974821090698], [0, 292.01580810546875, 34.97727966308594, 319.31939697265625, 66.62796783447266, 0.860605001449585], [0, 67.88909912109375, 150.05816650390625, 101.99838256835938, 216.3843994140625, 0.8555055260658264], [0, 403.27294921875, 85.05840301513672, 454.3818359375, 120.2614517211914, 0.8465223908424377], [0, 383.82666015625, 63.53330993652344, 432.4500732421875, 95.94134521484375, 0.8319342136383057], [0, 280.06109619140625, 9.503776550292969, 306.09808349609375, 38.049232482910156, 0.818413496017456], [0, 308.78271484375, 0.054126739501953125, 329.329345703125, 20.287906646728516, 0.7304401397705078], [0, 336.2479248046875, 119.59300994873047, 367.9447021484375, 164.2916259765625, 0.7043187618255615], [0, 509.8695068359375, 216.96865844726562, 573.468505859375, 260.8008117675781, 0.7037385106086731], [0, 385.08392333984375, 39.83799743652344, 422.39971923828125, 64.97642517089844, 0.7011356949806213], [0, 268.93768310546875, 0.0, 293.6583251953125, 10.769414901733398, 0.6920514702796936], [3, 231.53900146484375, 42.436248779296875, 292.47821044921875, 183.63369750976562, 0.6816483736038208], [0, 314.49676513671875, 17.297767639160156, 337.08807373046875, 45.90443420410156, 0.6755338907241821], [2, 505.54803466796875, 251.19911193847656, 613.7691040039062, 327.9859619140625, 0.6369644403457642], [4, 472.84869384765625, 117.67105102539062, 484.68878173828125, 137.91940307617188, 0.4296334981918335], [2, 232.27052307128906, 41.9744873046875, 292.009033203125, 181.58816528320312, 0.31698930263519287]], "patched": [[1, 86.28549194335938, 26.6742000579834, 114.42919921875, 71.20455169677734, 0.87888503074646], [0, 357.6739501953125, 160.85855102539062, 396.950439453125, 211.85446166992188, 0.8649794459342957], [0, 314.38983154296875, 137.75717163085938, 343.99542236328125, 181.64187622070312, 0.8641960620880127], [0, 389.1378479003906, 138.61990356445312, 432.0074768066406, 190.09011840820312, 0.853918731212616], [0, 67.6949691772461, 150.04656982421875, 102.00106048583984, 216.4591064453125, 0.8487411737442017], [0, 292.410888671875, 37.12152862548828, 319.3297119140625, 66.47732543945312, 0.7970802187919617], [0, 336.288818359375, 119.58929443359375, 367.87042236328125, 164.4873046875, 0.7135213613510132], [0, 269.915771484375, 0.0, 293.6514892578125, 10.547574043273926, 0.6957019567489624], [0, 280.2369384765625, 9.455009460449219, 305.32666015625, 35.192626953125, 0.6836441159248352], [2, 505.526611328125, 251.5924835205078, 613.7896728515625, 327.94000244140625, 0.6419638395309448], [0, 383.66265869140625, 65.5347900390625, 432.45574951171875, 95.31387329101562, 0.6315523386001587], [0, 384.5055847167969, 39.70311737060547, 421.9314270019531, 60.049354553222656, 0.6214686632156372], [0, 509.5162353515625, 217.04815673828125, 573.2108154296875, 260.18414306640625, 0.5836697816848755], [2, 232.36480712890625, 41.8480224609375, 292.06097412109375, 181.41539001464844, 0.5722445249557495], [3, 232.23028564453125, 42.5206298828125, 292.13092041015625, 183.2757568359375, 0.5204048156738281], [0, 403.6341247558594, 84.85340118408203, 455.1746520996094, 120.03316497802734, 0.4955492317676544], [1, 403.44091796875, 85.70156860351562, 454.605712890625, 120.00602722167969, 0.4850415885448456], [4, 473.10443115234375, 117.62297058105469, 484.65802001953125, 137.4832305908203, 0.4031706750392914], [1, 314.75347900390625, 18.064172744750977, 335.98309326171875, 48.62165069580078, 0.3583836555480957], [0, 306.43304443359375, 0.0, 323.89971923828125, 11.010821342468262, 0.35334300994873047], [0, 316.82843017578125, 18.535728454589844, 336.13427734375, 48.445281982421875, 0.34257081151008606]]}