{"clean": [[0, 227.25210571289062, 606.4070434570312, 283.7388000488281, 640.0, 0.8834183812141418], [0, 586.61962890625, 52.24802017211914, 612.10791015625, 139.94033813476562, 0.7107231020927429], [0, 619.3003540039062, 38.28147888183594, 640.0, 124.62648010253906, 0.6909615397453308], [1, 619.4345703125, 39.21063995361328, 640.0, 124.73033905029297, 0.4737313985824585], [1, 585.94384765625, 52.3284797668457, 612.0078125, 139.8659210205078, 0.4613136053085327]], "patched": [[1, 586.6173095703125, 70.90420532226562, 611.6390380859375, 139.73895263671875, 0.8129565119743347], [0, 227.64739990234375, 606.5708618164062, 283.7392578125, 640.0, 0.5597191452980042], [1, 619.0775146484375, 40.118446350097656, 640.0, 126.5924301147461, 0.4239562153816223], [0, 618.6004638671875, 40.43294906616211, 640.0, 126.92733764648438, 0.413169801235199], [0, 586.2678833007812, 73.20816040039062, 611.7604370117188, 139.68972778320312, 0.3547445237636566], [2, 619.04052734375, 40.70751190185547, 640.0, 126.36368560791016, 0.3122512996196747], [1, 586.447265625, 50.680511474609375, 610.98974609375, 74.03881072998047, 0.2531389594078064]]}