{"clean": [[0, 257.39599609375, 461.37664794921875, 292.14483642578125, 549.146484375, 0.8685929179191589], [0, 252.04835510253906, 360.6274108886719, 278.174072265625, 416.8514709472656, 0.8490620851516724], [4, 518.3832397460938, 545.6549072265625, 556.2122192382812, 577.6077880859375, 0.7927581071853638], [4, 590.4662475585938, 506.4994812011719, 617.7348022460938, 531.5380859375, 0.7645117044448853], [4, 450.38348388671875, 594.3436279296875, 475.63494873046875, 640.0, 0.7578696012496948], [0, 250.23739624023438, 266.3910217285156, 268.6808776855469, 301.6142272949219, 0.7066278457641602], [4, 14.645139694213867, 369.54364013671875, 27.604589462280273, 400.6297607421875, 0.6674808263778687], [4, 377.1019287109375, 372.583740234375, 390.5244140625, 395.30010986328125, 0.5894232392311096], [4, 235.26797485351562, 260.50787353515625, 243.61636352539062, 279.7890625, 0.5675322413444519], [4, 326.67388916015625, 355.438720703125, 336.1746826171875, 374.07061767578125, 0.5346225500106812], [4, 190.02719116210938, 332.79205322265625, 199.07089233398438, 357.81695556640625, 0.45109811425209045], [4, 506.3155822753906, 516.5491943359375, 535.7357177734375, 548.3641357421875, 0.4399254322052002], [4, 355.94854736328125, 407.9783935546875, 367.47064208984375, 436.3450927734375, 0.4357151687145233], [4, 38.10243225097656, 373.7208251953125, 56.72174072265625, 399.2305908203125, 0.40938472747802734], [4, 309.91302490234375, 313.49456787109375, 319.15264892578125, 334.33868408203125, 0.4053827226161957], [4, 345.5719299316406, 422.20098876953125, 359.3155822753906, 451.02166748046875, 0.3986937701702118], [4, 301.3607177734375, 271.65325927734375, 309.5831298828125, 285.81475830078125, 0.37176114320755005], [4, 55.9892463684082, 429.06756591796875, 72.88188171386719, 456.2864990234375, 0.35370585322380066], [4, 55.420387268066406, 412.60595703125, 74.23282623291016, 434.5150146484375, 0.34971559047698975], [4, 306.2255859375, 335.00238037109375, 315.1363525390625, 359.39739990234375, 0.3427048921585083], [4, 237.432861328125, 310.614013671875, 246.59808349609375, 336.593505859375, 0.3381393253803253], [4, 55.194419860839844, 337.4803161621094, 69.95201873779297, 364.8725891113281, 0.3379420340061188], [4, 375.5439453125, 265.1128234863281, 386.95123291015625, 291.4824523925781, 0.30718469619750977], [4, 213.70223999023438, 284.09625244140625, 222.81448364257812, 302.00616455078125, 0.2553498148918152]], "patched": [[4, 518.3253173828125, 546.0082397460938, 556.1295166015625, 577.6077270507812, 0.7940800786018372], [1, 257.0078125, 460.6441650390625, 292.134521484375, 549.5413818359375, 0.7853394746780396], [4, 590.4810791015625, 507.0909729003906, 617.7569580078125, 531.5404052734375, 0.7651630640029907], [4, 450.3979187011719, 595.3079833984375, 475.6739196777344, 640.0, 0.7417253255844116], [4, 235.21322631835938, 260.90374755859375, 243.69564819335938, 279.75439453125, 0.5791303515434265], [4, 14.684139251708984, 371.306884765625, 27.462642669677734, 400.58502197265625, 0.5619128942489624], [4, 377.1215515136719, 373.67236328125, 390.4421081542969, 395.2098388671875, 0.5526646375656128], [4, 326.5751953125, 356.01361083984375, 336.1285400390625, 374.00677490234375, 0.5076248645782471], [4, 355.9287109375, 410.6706848144531, 367.9443359375, 436.1694030761719, 0.49349966645240784], [1, 251.12704467773438, 360.7017822265625, 278.0624694824219, 416.6405029296875, 0.48608994483947754], [4, 301.43310546875, 271.9234619140625, 309.66375732421875, 285.70703125, 0.45004802942276], [4, 190.04600524902344, 333.69366455078125, 199.0295867919922, 357.80169677734375, 0.44018808007240295], [4, 506.3609313964844, 517.501220703125, 536.3031005859375, 549.213134765625, 0.4257867634296417], [4, 306.1474304199219, 335.726318359375, 315.2178649902344, 359.31591796875, 0.41576912999153137], [4, 56.169673919677734, 430.4124755859375, 72.77743530273438, 456.16162109375, 0.4073931574821472], [4, 55.248291015625, 338.3395080566406, 71.07083129882812, 364.6940612792969, 0.3933691382408142], [4, 310.093017578125, 317.43304443359375, 319.02734375, 334.29132080078125, 0.34132349491119385], [4, 55.41590881347656, 415.4167175292969, 74.26362609863281, 434.5111999511719, 0.3406446874141693], [4, 38.135719299316406, 373.791259765625, 56.756385803222656, 399.174072265625, 0.32075008749961853], [4, 345.6646728515625, 421.57373046875, 359.774169921875, 450.5469970703125, 0.31461626291275024], [4, 244.453369140625, 341.5926513671875, 255.62103271484375, 362.407958984375, 0.3104117214679718], [1, 244.35714721679688, 182.85867309570312, 257.7422790527344, 207.05960083007812, 0.26826027035713196]]}