{"clean": [[0, 314.7641906738281, 379.763427734375, 335.6037902832031, 417.7464599609375, 0.813420295715332], [0, 244.97459411621094, 356.5950012207031, 268.1678466796875, 398.0021057128906, 0.8061887621879578], [0, 283.4588623046875, 430.1331787109375, 305.80621337890625, 463.68865966796875, 0.7068639993667603], [0, 358.2956848144531, 257.52606201171875, 372.9132995605469, 275.93707275390625, 0.6829667091369629], [0, 309.27471923828125, 262.0116271972656, 323.3717041015625, 283.0381164550781, 0.5993273854255676], [1, 170.27093505859375, 522.44677734375, 216.96810913085938, 626.79833984375, 0.5680077075958252], [1, 252.89071655273438, 528.3048095703125, 289.3371276855469, 634.6451416015625, 0.5639962553977966], [0, 260.5496826171875, 274.99285888671875, 281.213134765625, 301.24957275390625, 0.5522723197937012], [0, 288.8050537109375, 370.97235107421875, 308.825439453125, 410.06317138671875, 0.5214912295341492], [0, 314.4033203125, 238.57522583007812, 326.23291015625, 254.95693969726562, 0.5150474309921265], [0, 248.7250213623047, 329.7103271484375, 272.44671630859375, 361.3193359375, 0.49967584013938904], [0, 238.94937133789062, 427.577880859375, 261.5020446777344, 453.8165283203125, 0.40902864933013916], [1, 288.6754150390625, 370.77984619140625, 308.843017578125, 409.85565185546875, 0.4084711968898773], [0, 316.30828857421875, 180.79586791992188, 323.5928955078125, 189.33920288085938, 0.36419472098350525], [0, 268.64447021484375, 262.2926025390625, 286.48785400390625, 283.704345703125, 0.3634287714958191], [2, 252.65548706054688, 528.5870361328125, 289.8664245605469, 635.5184326171875, 0.3577810227870941], [4, 337.93603515625, 421.2919921875, 345.92852783203125, 440.7264404296875, 0.33908993005752563], [0, 256.06158447265625, 292.7548522949219, 278.44622802734375, 320.0879211425781, 0.27556729316711426]], "patched": [[0, 314.8328552246094, 379.726318359375, 335.6462707519531, 417.8341064453125, 0.813574492931366], [0, 245.00686645507812, 356.602294921875, 268.2279968261719, 398.0567626953125, 0.8028744459152222], [0, 283.32672119140625, 430.20269775390625, 305.8155517578125, 463.54974365234375, 0.7213398218154907], [0, 288.8276672363281, 371.17498779296875, 308.5878601074219, 409.11138916015625, 0.7190808057785034], [0, 358.2344665527344, 257.47979736328125, 372.9193420410156, 275.95379638671875, 0.6836529970169067], [1, 170.59188842773438, 522.9656982421875, 217.13131713867188, 626.9888916015625, 0.5557860136032104], [1, 252.82894897460938, 528.2666015625, 289.4206237792969, 634.74755859375, 0.5515971183776855], [0, 260.7977294921875, 275.0540466308594, 281.17919921875, 301.1960144042969, 0.5212644338607788], [0, 249.33346557617188, 331.13055419921875, 272.5539855957031, 361.84490966796875, 0.5057047009468079], [0, 314.4464111328125, 238.52545166015625, 326.291748046875, 255.0482177734375, 0.4800027012825012], [2, 252.59274291992188, 528.572265625, 289.9828796386719, 635.569091796875, 0.4411000609397888], [4, 337.89263916015625, 421.1480712890625, 345.99981689453125, 440.759521484375, 0.3609997630119324], [0, 238.9334716796875, 427.57763671875, 261.50714111328125, 453.9075927734375, 0.3566272258758545], [0, 316.2634582519531, 180.65481567382812, 323.6286926269531, 189.36502075195312, 0.35641351342201233], [0, 268.7112121582031, 262.54632568359375, 286.4485778808594, 283.55157470703125, 0.32967621088027954], [0, 256.34423828125, 292.72662353515625, 278.45318603515625, 319.88214111328125, 0.26434096693992615]]}