{"clean": [[0, 163.12246704101562, 504.7042236328125, 224.26412963867188, 639.596923828125, 0.9233284592628479], [0, 524.99853515625, 366.73406982421875, 576.15576171875, 429.37750244140625, 0.8838003873825073], [0, 590.0997314453125, 392.50921630859375, 636.1275634765625, 462.98687744140625, 0.8443635106086731], [0, 178.68896484375, 215.4404296875, 199.562744140625, 245.81011962890625, 0.7758201360702515], [0, 242.70013427734375, 243.60125732421875, 262.537353515625, 277.166015625, 0.7743467092514038], [0, 51.07383728027344, 311.4830627441406, 96.80552673339844, 354.4263610839844, 0.7405335307121277], [0, 566.6875, 451.3797607421875, 627.8824462890625, 517.1265258789062, 0.7117617726325989], [1, 230.19595336914062, 190.71417236328125, 243.31155395507812, 212.086669921875, 0.6791960000991821], [1, 407.983642578125, 255.7005615234375, 437.7342529296875, 303.78448486328125, 0.6163654327392578], [4, 210.2369384765625, 220.801513671875, 217.0079345703125, 236.67990112304688, 0.4930398166179657], [0, 297.7085876464844, 203.74365234375, 313.2145690917969, 228.4964599609375, 0.46541643142700195], [0, 245.92886352539062, 170.46884155273438, 257.5136413574219, 187.98416137695312, 0.4469118118286133], [1, 297.84649658203125, 203.7085418701172, 313.0772705078125, 228.29026794433594, 0.40147164463996887], [0, 408.0470886230469, 255.75140380859375, 437.6492004394531, 303.28936767578125, 0.3571279048919678], [4, 509.9903564453125, 452.2037353515625, 529.1842041015625, 492.6298828125, 0.26307037472724915]], "patched": [[0, 163.0595703125, 504.63818359375, 224.3187255859375, 639.604248046875, 0.9240949749946594], [0, 524.9449462890625, 366.7020263671875, 576.1466064453125, 429.38507080078125, 0.8831315636634827], [0, 589.8790283203125, 392.45849609375, 636.1368408203125, 462.79364013671875, 0.8371767401695251], [0, 52.99315643310547, 311.65362548828125, 96.95966339111328, 354.21044921875, 0.779190182685852], [0, 178.98040771484375, 215.32522583007812, 199.671630859375, 245.70492553710938, 0.7339916825294495], [0, 297.82061767578125, 204.2368621826172, 313.2015380859375, 228.5417022705078, 0.7213464975357056], [0, 242.87762451171875, 243.664306640625, 262.4621276855469, 277.25787353515625, 0.6566545367240906], [1, 230.12551879882812, 190.51162719726562, 243.32159423828125, 212.38265991210938, 0.6341053247451782], [1, 246.08538818359375, 170.69798278808594, 257.51739501953125, 188.04539489746094, 0.6335017681121826], [4, 210.19552612304688, 220.88528442382812, 217.09896850585938, 236.69692993164062, 0.510202169418335], [1, 407.9840087890625, 255.67291259765625, 437.773681640625, 303.78106689453125, 0.4636584520339966], [0, 407.98492431640625, 255.69979858398438, 437.68939208984375, 303.7496032714844, 0.389377623796463], [4, 509.947509765625, 452.1753845214844, 529.3394775390625, 492.6649475097656, 0.30328166484832764]]}