{"clean": [[0, 186.49325561523438, 89.15838623046875, 210.27896118164062, 136.8467559814453, 0.8550988435745239], [0, 416.263671875, 232.73223876953125, 446.2939453125, 257.99688720703125, 0.8204291462898254], [0, 462.11724853515625, 298.784912109375, 494.77630615234375, 335.4754638671875, 0.724090039730072], [0, 592.5816650390625, 215.61570739746094, 623.8028564453125, 249.5741729736328, 0.6959262490272522], [0, 325.6380615234375, 540.6201782226562, 345.166015625, 581.5510864257812, 0.6603118777275085], [1, 577.9298095703125, 309.4266357421875, 609.3819580078125, 343.70654296875, 0.5510540008544922], [0, 344.79736328125, 414.3450927734375, 377.142333984375, 447.9354248046875, 0.5353612899780273], [0, 577.941162109375, 309.67523193359375, 609.380126953125, 343.595947265625, 0.5180642008781433], [1, 563.0919189453125, 141.4878692626953, 594.4090576171875, 170.5430145263672, 0.3934537172317505]], "patched": [[0, 416.452880859375, 232.74102783203125, 446.48724365234375, 257.9545593261719, 0.7070039510726929], [1, 577.965087890625, 309.4285583496094, 608.9952392578125, 343.7581481933594, 0.6991565227508545], [0, 186.62002563476562, 113.58457946777344, 209.98550415039062, 137.08644104003906, 0.6306822896003723], [1, 462.1175842285156, 298.7245178222656, 494.6137390136719, 335.0702209472656, 0.6248033046722412], [1, 344.87249755859375, 414.29119873046875, 377.11981201171875, 447.70831298828125, 0.5689784288406372], [0, 186.574462890625, 89.06463623046875, 206.29803466796875, 118.45535278320312, 0.5136898756027222], [1, 186.56398010253906, 89.34541320800781, 206.37684631347656, 117.72544860839844, 0.48616716265678406], [1, 592.6717529296875, 215.69786071777344, 623.5589599609375, 249.7377471923828, 0.41959255933761597], [0, 325.44927978515625, 537.574462890625, 345.17254638671875, 581.781494140625, 0.40950003266334534], [1, 186.4559326171875, 89.23512268066406, 209.64187622070312, 136.20745849609375, 0.3761673867702484], [0, 186.02264404296875, 89.58026123046875, 210.03628540039062, 136.9105682373047, 0.3486804664134979], [0, 578.0327758789062, 309.6416015625, 609.0403442382812, 343.63043212890625, 0.3352869749069214]]}