{"clean": [[0, 247.4036865234375, 415.1783447265625, 261.06109619140625, 469.662353515625, 0.7731034755706787], [0, 170.3929443359375, 393.8947448730469, 183.13250732421875, 436.0047912597656, 0.7291229367256165], [0, 284.154296875, 136.87551879882812, 307.4036865234375, 191.04440307617188, 0.7196694612503052], [0, 392.615478515625, 395.09234619140625, 406.251220703125, 450.4462890625, 0.6628122925758362], [0, 393.3729248046875, 302.00408935546875, 408.7176513671875, 355.16741943359375, 0.626867949962616], [0, 255.89328002929688, 124.06703186035156, 277.9668273925781, 171.64048767089844, 0.5168145298957825], [0, 394.25811767578125, 99.42974853515625, 407.115234375, 150.38140869140625, 0.5094186067581177], [0, 268.5868225097656, 494.5794677734375, 280.4009704589844, 543.895263671875, 0.4101976752281189], [0, 300.85052490234375, 288.215576171875, 319.13677978515625, 343.9666748046875, 0.32634565234184265], [0, 430.11920166015625, 434.2615966796875, 451.38787841796875, 494.4906005859375, 0.26868292689323425]], "patched": [[0, 248.49050903320312, 415.17266845703125, 260.5099182128906, 444.69293212890625, 0.7455527186393738], [0, 247.967041015625, 440.90057373046875, 260.3125, 469.96148681640625, 0.7302348613739014], [0, 170.66993713378906, 408.4195556640625, 182.49497985839844, 436.123779296875, 0.6970928311347961], [0, 394.716064453125, 121.45671081542969, 406.601318359375, 150.79530334472656, 0.6535021066665649], [1, 286.94635009765625, 451.7005920410156, 297.87127685546875, 482.8553161621094, 0.6528435945510864], [0, 268.9671936035156, 514.458251953125, 279.7436828613281, 543.38525390625, 0.4853137731552124], [0, 249.83248901367188, 305.6513366699219, 261.4736633300781, 327.9712219238281, 0.4780218303203583], [3, 255.93325805664062, 124.03337097167969, 278.0273132324219, 171.5290985107422, 0.46724894642829895], [0, 316.6563720703125, 572.3514404296875, 331.4002685546875, 608.8671875, 0.3867877423763275], [0, 171.46237182617188, 389.25714111328125, 183.45303344726562, 415.28173828125, 0.37123990058898926], [2, 284.6949462890625, 136.96807861328125, 305.68896484375, 185.49032592773438, 0.3676815629005432], [0, 248.81353759765625, 619.605712890625, 260.95831298828125, 639.91796875, 0.35130736231803894], [0, 249.8614959716797, 283.49639892578125, 262.62359619140625, 306.38592529296875, 0.31330642104148865], [0, 289.3185729980469, 160.81671142578125, 306.7009582519531, 191.34979248046875, 0.30060550570487976], [3, 394.62127685546875, 306.1640625, 406.29107666015625, 354.3966064453125, 0.29445523023605347], [3, 393.12652587890625, 397.5655212402344, 404.95867919921875, 450.5646057128906, 0.28111302852630615], [3, 298.75909423828125, 81.69171142578125, 310.65350341796875, 110.55015563964844, 0.2683871388435364], [2, 284.6966552734375, 137.03811645507812, 301.9134521484375, 168.72183227539062, 0.25649309158325195], [3, 431.3377685546875, 434.29669189453125, 443.5762939453125, 470.13494873046875, 0.2541966736316681]]}