{"clean": [[0, 308.50823974609375, 363.14898681640625, 335.48480224609375, 387.623291015625, 0.8593112230300903], [0, 172.81982421875, 235.1972198486328, 195.60494995117188, 253.61473083496094, 0.833366334438324], [0, 303.594970703125, 318.71942138671875, 319.1845703125, 347.11334228515625, 0.7662630677223206], [0, 151.52566528320312, 220.935791015625, 173.44827270507812, 237.96734619140625, 0.7487816214561462], [0, 172.13490295410156, 203.7111053466797, 185.12245178222656, 223.70298767089844, 0.6560923457145691], [0, 309.014892578125, 9.406024932861328, 322.10919189453125, 18.680400848388672, 0.6117953658103943], [1, 62.46477508544922, 110.84428405761719, 74.29914093017578, 126.86314392089844, 0.5724263787269592], [0, 311.32012939453125, 0.07570648193359375, 321.53533935546875, 8.072036743164062, 0.5544687509536743], [0, 137.21572875976562, 173.78274536132812, 147.79397583007812, 190.92196655273438, 0.5535469055175781], [2, 66.39335632324219, 93.62188720703125, 79.37092590332031, 113.06605529785156, 0.3221604824066162]], "patched": [[0, 308.5748596191406, 363.17486572265625, 335.5596618652344, 387.37286376953125, 0.8277626633644104], [0, 172.92019653320312, 235.12586975097656, 195.82766723632812, 253.3169403076172, 0.8109921216964722], [0, 303.7641906738281, 318.83123779296875, 319.0688781738281, 347.33465576171875, 0.798754096031189], [0, 151.5286407470703, 220.9571075439453, 173.45924377441406, 237.9918975830078, 0.7166041731834412], [0, 172.11373901367188, 203.77020263671875, 184.82333374023438, 223.82000732421875, 0.6394619345664978], [0, 309.0198974609375, 9.39743423461914, 322.0887451171875, 18.676048278808594, 0.6080998778343201], [1, 62.47568893432617, 110.83392333984375, 74.29505920410156, 126.82177734375, 0.5669370889663696], [0, 311.334716796875, 0.07111930847167969, 321.5196533203125, 8.071693420410156, 0.5500762462615967], [0, 137.23025512695312, 173.78599548339844, 147.75888061523438, 190.94691467285156, 0.5455144643783569], [2, 66.41020965576172, 93.61306762695312, 79.35596466064453, 113.04571533203125, 0.3225000500679016]]}