{"clean": [[0, 54.96651840209961, 372.15057373046875, 107.25909423828125, 422.92254638671875, 0.8006744980812073], [0, 316.69384765625, 95.36878967285156, 325.3751220703125, 109.25962829589844, 0.7794185876846313], [0, 22.825801849365234, 290.1947021484375, 42.39076614379883, 309.2242431640625, 0.7759242057800293], [0, 226.66558837890625, 212.0174560546875, 246.95355224609375, 234.7353515625, 0.7527605891227722], [0, 272.87591552734375, 190.5975341796875, 290.51910400390625, 216.70458984375, 0.7458944916725159], [0, 302.7447509765625, 93.33412170410156, 313.0655517578125, 108.81549072265625, 0.7421391606330872], [0, 128.90399169921875, 382.17822265625, 183.7044677734375, 457.62603759765625, 0.7234954237937927], [0, 245.36032104492188, 356.21343994140625, 262.3482360839844, 381.45867919921875, 0.7226833701133728], [0, 279.26434326171875, 64.79676818847656, 287.02691650390625, 74.07382202148438, 0.7138753533363342], [0, 316.020751953125, 66.98164367675781, 323.60247802734375, 77.36734008789062, 0.6764531135559082], [0, 265.28533935546875, 103.00923156738281, 275.81884765625, 118.98020935058594, 0.6036466360092163], [1, 265.6031799316406, 102.77041625976562, 276.0685729980469, 118.76130676269531, 0.3453918993473053], [0, 299.3981018066406, 30.704837799072266, 304.6614074707031, 36.29391860961914, 0.2853170931339264]], "patched": [[0, 22.8565616607666, 290.1268310546875, 41.23377227783203, 308.24267578125, 0.7885666489601135], [0, 316.6643371582031, 95.35575866699219, 325.4081726074219, 109.27363586425781, 0.7778695225715637], [0, 245.15615844726562, 359.2552490234375, 260.847900390625, 381.33319091796875, 0.7771122455596924], [0, 227.10659790039062, 212.64218139648438, 247.65554809570312, 234.07699584960938, 0.7433509230613708], [0, 302.72882080078125, 93.31140899658203, 313.09490966796875, 108.83011627197266, 0.738269567489624], [0, 272.97979736328125, 190.73663330078125, 290.48626708984375, 216.701171875, 0.7167995572090149], [0, 279.26129150390625, 64.77960205078125, 287.05010986328125, 74.10296630859375, 0.7102331519126892], [0, 128.97018432617188, 382.80242919921875, 183.66769409179688, 457.52447509765625, 0.6996005773544312], [0, 316.0050048828125, 66.97311401367188, 323.6265869140625, 77.40036010742188, 0.6722577214241028], [0, 265.3111267089844, 102.98469543457031, 275.8204040527344, 118.99240112304688, 0.5936816334724426], [2, 55.18515396118164, 372.31134033203125, 107.33096313476562, 422.52337646484375, 0.528813898563385], [1, 265.62060546875, 102.73310089111328, 276.07177734375, 118.77460479736328, 0.3313976526260376], [0, 299.39288330078125, 30.704011917114258, 304.66485595703125, 36.30653381347656, 0.2747001051902771]]}