{"clean": [[3, 336.1351318359375, 23.368263244628906, 364.6705322265625, 99.24032592773438, 0.8765876293182373], [0, 293.1444091796875, 0.0, 303.6746826171875, 12.620912551879883, 0.7649853825569153], [3, 368.33258056640625, 136.26605224609375, 389.614013671875, 198.901611328125, 0.7224774956703186], [1, 336.7779541015625, 155.28952026367188, 351.4813232421875, 189.94064331054688, 0.7213672399520874], [0, 271.75018310546875, 56.25770568847656, 283.80499267578125, 78.30912780761719, 0.7130793929100037], [0, 361.10845947265625, 372.4715576171875, 383.13922119140625, 429.6661376953125, 0.7070279717445374], [0, 213.88177490234375, 45.635658264160156, 224.09698486328125, 68.69139862060547, 0.698864758014679], [0, 248.82562255859375, 0.21427536010742188, 260.5809631347656, 25.972110748291016, 0.6987084150314331], [2, 368.5390625, 136.2543487548828, 389.7362060546875, 198.9145965576172, 0.5658082962036133], [1, 214.17706298828125, 45.48430633544922, 224.08441162109375, 68.81375885009766, 0.4855874180793762], [2, 313.3651123046875, 0.0, 331.853759765625, 8.274426460266113, 0.4762476086616516], [3, 265.17791748046875, 6.911151885986328, 283.3970947265625, 56.77973556518555, 0.2519455850124359]], "patched": [[3, 336.1402587890625, 23.37554168701172, 364.6619873046875, 99.22512817382812, 0.8776559233665466], [0, 293.1503601074219, 0.0, 303.6698913574219, 12.614582061767578, 0.7661677002906799], [3, 368.3380126953125, 136.26962280273438, 389.6094970703125, 198.89285278320312, 0.7287211418151855], [0, 271.80548095703125, 56.362648010253906, 283.79547119140625, 78.30059051513672, 0.7115228772163391], [0, 248.85928344726562, 0.2181377410888672, 260.5730285644531, 25.9705810546875, 0.6978468894958496], [0, 213.99549865722656, 45.65021514892578, 224.0861053466797, 68.6550064086914, 0.6882969737052917], [1, 337.0458679199219, 158.79031372070312, 351.4774475097656, 189.96023559570312, 0.5769920945167542], [2, 368.54559326171875, 136.25489807128906, 389.73175048828125, 198.89573669433594, 0.550558865070343], [1, 214.2294464111328, 45.4951171875, 224.07493591308594, 68.78045654296875, 0.5198597311973572], [2, 313.3223876953125, 0.0, 331.8375244140625, 8.270488739013672, 0.48400232195854187], [0, 337.1717834472656, 160.54776000976562, 351.5696716308594, 189.91403198242188, 0.4460904002189636], [2, 361.13446044921875, 372.5879821777344, 382.6513671875, 429.7730407714844, 0.40791621804237366], [0, 365.29248046875, 393.4385070800781, 383.0194091796875, 429.7361145019531, 0.38896340131759644], [3, 265.18536376953125, 6.920951843261719, 283.389404296875, 56.81266784667969, 0.25651103258132935]]}