{"clean": [[0, 246.78024291992188, 267.1103820800781, 260.3685607910156, 304.2437438964844, 0.8421982526779175], [1, 210.070556640625, 299.73297119140625, 225.93423461914062, 342.09320068359375, 0.8338014483451843], [0, 110.08366394042969, 469.73797607421875, 131.31414794921875, 526.25439453125, 0.8166370987892151], [0, 242.65530395507812, 540.4622802734375, 260.4459533691406, 606.1158447265625, 0.7977170348167419], [1, 197.53895568847656, 384.74359130859375, 217.2080841064453, 435.10736083984375, 0.7743545174598694], [1, 299.9735412597656, 265.8480529785156, 313.0668029785156, 302.4621887207031, 0.6126142740249634], [0, 271.49139404296875, 225.83584594726562, 282.59393310546875, 248.95559692382812, 0.5588207840919495], [0, 197.19834899902344, 384.6170349121094, 216.62135314941406, 435.0339050292969, 0.40622830390930176], [0, 284.1158447265625, 0.0, 293.761962890625, 9.017446517944336, 0.3456922173500061], [0, 300.09503173828125, 273.1552429199219, 313.01910400390625, 302.2100524902344, 0.325986385345459], [0, 251.61337280273438, 185.57737731933594, 270.1004333496094, 215.5703582763672, 0.32006973028182983], [0, 271.63433837890625, 216.62869262695312, 283.2489013671875, 249.03244018554688, 0.27317923307418823]], "patched": [[0, 109.88314819335938, 469.5887451171875, 131.400634765625, 526.2568969726562, 0.8275535106658936], [0, 246.72109985351562, 267.2039794921875, 259.9701843261719, 304.136962890625, 0.8122096657752991], [0, 242.70040893554688, 540.3521118164062, 260.36639404296875, 606.4443969726562, 0.8023146986961365], [0, 197.33380126953125, 384.56884765625, 216.63946533203125, 434.97039794921875, 0.7330031394958496], [0, 211.33230590820312, 299.65264892578125, 225.89151000976562, 325.01727294921875, 0.7138685584068298], [1, 197.67575073242188, 384.7579040527344, 217.38308715820312, 435.0711975097656, 0.579811155796051], [0, 300.1298828125, 274.03515625, 312.8455810546875, 302.15753173828125, 0.5580549836158752], [0, 271.5048828125, 226.69810485839844, 282.55419921875, 248.9851837158203, 0.5562743544578552], [1, 300.0251770019531, 259.27569580078125, 313.0821838378906, 302.63104248046875, 0.5539133548736572], [1, 210.28709411621094, 320.3594665527344, 224.02003479003906, 342.2241516113281, 0.4966004192829132], [0, 271.38458251953125, 217.7398681640625, 282.62286376953125, 248.86224365234375, 0.4245056211948395], [1, 300.18865966796875, 274.06597900390625, 312.85870361328125, 302.36279296875, 0.3761957883834839], [0, 284.125, 0.0, 293.7325439453125, 9.015681266784668, 0.35637152194976807], [0, 251.62774658203125, 185.79757690429688, 270.091552734375, 215.56729125976562, 0.31990453600883484]]}