{"clean": [[0, 246.99630737304688, 312.7410583496094, 256.8086242675781, 344.4424133300781, 0.8194029927253723], [0, 258.7069091796875, 2.1723785400390625, 268.0001220703125, 25.644960403442383, 0.7852382659912109], [3, 244.16061401367188, 106.3448715209961, 254.69595336914062, 155.29415893554688, 0.6807042956352234], [3, 280.3946533203125, 296.6770935058594, 296.8182373046875, 362.5739440917969, 0.5694617629051208], [0, 293.36895751953125, 236.35423278808594, 306.19012451171875, 277.7786865234375, 0.5610362887382507], [0, 278.3504638671875, 7.641387939453125, 287.4483642578125, 34.14357376098633, 0.5315926671028137], [0, 280.5354919433594, 121.01759338378906, 290.6092224121094, 157.4121856689453, 0.5083646178245544], [0, 319.3729248046875, 283.80859375, 335.296142578125, 330.1849365234375, 0.41838744282722473], [0, 289.52459716796875, 0.8706111907958984, 298.01654052734375, 17.780057907104492, 0.332015722990036], [0, 342.1104736328125, 30.060400009155273, 362.228759765625, 64.98955535888672, 0.31268927454948425], [0, 364.09173583984375, 319.73663330078125, 379.18951416015625, 363.08087158203125, 0.29542261362075806]], "patched": [[0, 246.99542236328125, 312.7298278808594, 256.8377685546875, 344.4610290527344, 0.8216556310653687], [0, 258.686279296875, 2.159780502319336, 268.02435302734375, 25.67369842529297, 0.7876067161560059], [3, 244.1355743408203, 106.32803344726562, 254.7118377685547, 155.31103515625, 0.6870272159576416], [0, 364.728759765625, 334.0801086425781, 377.479736328125, 362.8359680175781, 0.663142740726471], [3, 280.537841796875, 296.65447998046875, 296.20233154296875, 362.5775146484375, 0.6365181803703308], [0, 293.34552001953125, 236.67611694335938, 306.15289306640625, 277.7513732910156, 0.5755413174629211], [0, 278.34967041015625, 7.642463684082031, 287.45037841796875, 34.165245056152344, 0.5304184556007385], [0, 280.5302429199219, 121.54483032226562, 290.6047058105469, 157.45932006835938, 0.5106787085533142], [0, 320.63153076171875, 284.21258544921875, 332.32354736328125, 330.85626220703125, 0.39636316895484924], [0, 320.9172668457031, 305.70526123046875, 332.2761535644531, 331.59381103515625, 0.3406102657318115], [0, 289.5238952636719, 0.9114360809326172, 298.0263366699219, 17.799543380737305, 0.3286159038543701], [0, 342.10931396484375, 30.074356079101562, 362.24688720703125, 65.02425384521484, 0.30135783553123474]]}