{"clean": [[0, 3.64483642578125, 392.55792236328125, 25.637767791748047, 441.32403564453125, 0.8593376874923706], [1, 355.580322265625, 323.38134765625, 372.753662109375, 364.031005859375, 0.857162356376648], [0, 378.625732421875, 131.53598022460938, 394.88720703125, 169.12246704101562, 0.8558353781700134], [0, 406.12225341796875, 127.72714233398438, 423.31243896484375, 163.05624389648438, 0.8545366525650024], [0, 514.6495971679688, 126.33305358886719, 533.1492309570312, 157.73768615722656, 0.840298056602478], [0, 409.9334716796875, 306.2507019042969, 430.23358154296875, 359.7721252441406, 0.8350209593772888], [0, 545.0013427734375, 120.6690673828125, 561.8045654296875, 156.9490966796875, 0.8308344483375549], [0, 439.72601318359375, 408.7256164550781, 465.12237548828125, 469.4842224121094, 0.8295295834541321], [0, 463.5683288574219, 293.2333984375, 485.8408508300781, 340.65625, 0.814115583896637], [0, 347.54364013671875, 292.84393310546875, 379.31951904296875, 318.60650634765625, 0.8082067966461182], [0, 422.2093505859375, 128.3790283203125, 438.55560302734375, 161.172119140625, 0.7924769520759583], [0, 464.0040283203125, 121.72348022460938, 482.67083740234375, 156.15518188476562, 0.7874447703361511], [1, 390.80340576171875, 315.9515686035156, 411.55535888671875, 362.0849914550781, 0.7434751391410828], [0, 363.3565368652344, 133.1556396484375, 378.7417297363281, 168.82687377929688, 0.7076977491378784], [1, 231.16275024414062, 297.535888671875, 262.0058898925781, 316.4281005859375, 0.6950520873069763], [0, 182.11224365234375, 258.496826171875, 213.024658203125, 280.671875, 0.5753109455108643], [0, 277.133544921875, 0.25948524475097656, 288.18017578125, 20.66583824157715, 0.509725034236908], [4, 398.0595703125, 201.11170959472656, 403.71661376953125, 212.83961486816406, 0.45171689987182617], [0, 234.86578369140625, 248.81387329101562, 265.7699279785156, 273.2721862792969, 0.31611746549606323], [0, 508.2734375, 630.4395141601562, 532.42529296875, 640.0, 0.30641260743141174]], "patched": [[0, 3.603914260864258, 392.5416259765625, 25.37810707092285, 441.2716064453125, 0.8497491478919983], [1, 355.63995361328125, 323.694580078125, 372.72015380859375, 363.958984375, 0.8364807367324829], [1, 390.9353332519531, 315.81884765625, 411.4596252441406, 362.0277099609375, 0.8118540644645691], [2, 439.722900390625, 408.6082763671875, 464.7386474609375, 469.5313720703125, 0.7301186919212341], [0, 378.6663818359375, 131.402587890625, 394.741455078125, 168.77996826171875, 0.7098147869110107], [0, 406.39019775390625, 127.7737045288086, 422.97119140625, 162.72116088867188, 0.6648076772689819], [0, 410.1983947753906, 306.31793212890625, 430.0471496582031, 359.41827392578125, 0.5844957232475281], [0, 277.1787109375, 0.4539470672607422, 288.0682373046875, 20.622596740722656, 0.5299171209335327], [0, 364.15081787109375, 135.0748291015625, 377.93841552734375, 168.6556396484375, 0.5186957120895386], [0, 464.1612854003906, 121.65347290039062, 482.0574645996094, 156.13931274414062, 0.5129655003547668], [0, 182.13197326660156, 258.393310546875, 213.05223083496094, 280.557373046875, 0.5054059028625488], [0, 347.46673583984375, 293.3377685546875, 379.3485107421875, 317.733642578125, 0.5009744167327881], [2, 463.82745361328125, 293.2886962890625, 485.64398193359375, 340.736328125, 0.4569130837917328], [4, 398.0526123046875, 201.1522216796875, 403.70703125, 212.86163330078125, 0.44314664602279663], [1, 410.6102294921875, 306.706298828125, 430.07403564453125, 359.58477783203125, 0.4046495258808136], [0, 406.6683349609375, 127.7712173461914, 421.241943359375, 147.17703247070312, 0.39933210611343384], [0, 508.352294921875, 630.50244140625, 531.5457763671875, 640.0, 0.30552682280540466], [1, 363.599853515625, 132.97689819335938, 377.743896484375, 168.75509643554688, 0.292233407497406], [0, 235.00772094726562, 252.2639923095703, 265.3494567871094, 273.11053466796875, 0.26266807317733765]]}