{"clean": [[0, 444.87506103515625, 406.572998046875, 525.2767944335938, 532.1318359375, 0.9219777584075928], [0, 312.066650390625, 1.1233329772949219, 369.6180419921875, 44.118675231933594, 0.9110532999038696], [0, 264.6763000488281, 440.05426025390625, 333.4543762207031, 577.4342651367188, 0.907514750957489], [0, 151.11390686035156, 491.0050048828125, 219.2359161376953, 639.21826171875, 0.8972846865653992], [0, 76.5484619140625, 487.011962890625, 149.7646484375, 626.62744140625, 0.8971778750419617], [0, 417.35614013671875, 105.07933044433594, 484.06866455078125, 161.41978454589844, 0.8892514705657959], [0, 316.5011901855469, 586.55615234375, 377.3982238769531, 640.0, 0.8801629543304443], [0, 386.5762939453125, 166.87550354003906, 458.115478515625, 224.79823303222656, 0.7824442386627197], [0, 209.06704711914062, 86.1885986328125, 285.5043029785156, 156.35391235351562, 0.7456930875778198], [0, 0.01338958740234375, 113.57232666015625, 25.504323959350586, 159.53909301757812, 0.6459334492683411], [0, 390.3106689453125, 0.0, 451.6773681640625, 14.911535263061523, 0.5863796472549438], [2, 299.51385498046875, 307.42022705078125, 391.63311767578125, 497.22381591796875, 0.5679126977920532], [4, 515.626708984375, 578.4970703125, 546.8076171875, 601.284423828125, 0.4777354896068573], [0, 328.02825927734375, 123.33863830566406, 411.65509033203125, 195.94664001464844, 0.4770992398262024], [4, 0.015385627746582031, 69.41520690917969, 9.552324295043945, 98.90834045410156, 0.453743577003479], [0, 313.32806396484375, 0.0972585678100586, 364.05511474609375, 10.80217456817627, 0.3351256549358368], [2, 0.03553009033203125, 516.0389404296875, 59.41099548339844, 640.0, 0.32378053665161133]], "patched": [[0, 417.32403564453125, 105.31863403320312, 484.5875244140625, 160.4478759765625, 0.8526439666748047], [0, 312.12017822265625, 1.32574462890625, 369.57232666015625, 43.912078857421875, 0.8314055800437927], [1, 445.05426025390625, 406.91009521484375, 525.05908203125, 532.4282836914062, 0.772537887096405], [1, 76.08308410644531, 486.510986328125, 149.9104766845703, 628.213623046875, 0.756409227848053], [0, 316.4888610839844, 586.8214111328125, 379.7987365722656, 640.0, 0.6269447207450867], [2, 299.6493225097656, 306.53619384765625, 391.7309875488281, 497.52850341796875, 0.6067404747009277], [0, 151.89739990234375, 490.74774169921875, 219.7135009765625, 638.9141235351562, 0.5815330743789673], [0, 387.60052490234375, 167.36517333984375, 458.06494140625, 222.13873291015625, 0.5504394173622131], [2, 264.64361572265625, 439.58331298828125, 333.27459716796875, 577.6303100585938, 0.4586155116558075], [0, 346.8253173828125, 123.24578094482422, 411.52099609375, 174.08209228515625, 0.44694775342941284], [4, 515.6625366210938, 578.329345703125, 546.7218627929688, 601.369384765625, 0.4263733923435211], [0, 444.674072265625, 407.20001220703125, 525.9241943359375, 530.7423095703125, 0.4200781583786011], [1, 150.45639038085938, 489.3954772949219, 219.24310302734375, 640.0, 0.4084435999393463], [4, 0.008913993835449219, 70.41015625, 9.501923561096191, 98.74557495117188, 0.40028294920921326], [0, 264.5478515625, 440.32122802734375, 333.1651611328125, 578.6475830078125, 0.3456041216850281], [0, 0.0225830078125, 110.21121215820312, 25.529937744140625, 157.55426025390625, 0.3443048596382141], [1, 390.92437744140625, 0.0, 449.16412353515625, 15.212342262268066, 0.3369069993495941], [0, 312.6116027832031, 0.0, 364.4662170410156, 11.572514533996582, 0.31825771927833557], [2, 0.058349609375, 514.2168579101562, 59.51475524902344, 640.0, 0.2966082990169525], [0, 390.0910949707031, 0.0, 457.0905456542969, 14.891081809997559, 0.261808842420578]]}