{"clean": [[0, 8.754823684692383, 96.35091400146484, 25.684473037719727, 121.4430923461914, 0.8585477471351624], [0, 368.45892333984375, 433.25042724609375, 399.46466064453125, 456.68426513671875, 0.8440313339233398], [0, 18.10308074951172, 138.43057250976562, 43.915313720703125, 156.28024291992188, 0.8218120336532593], [0, 370.89495849609375, 125.24130249023438, 393.11419677734375, 143.85504150390625, 0.8072206377983093], [0, 368.497802734375, 367.4539794921875, 398.23388671875, 393.5799560546875, 0.7647795677185059], [1, 32.537254333496094, 603.9552001953125, 55.22814178466797, 639.9434814453125, 0.7618829607963562], [0, 608.44384765625, 485.8035888671875, 634.0048828125, 518.379150390625, 0.637696385383606], [0, 56.81501007080078, 26.103273391723633, 73.73430633544922, 44.18446350097656, 0.6111930012702942], [0, 350.61322021484375, 367.00421142578125, 398.31781005859375, 393.58013916015625, 0.5818040370941162], [0, 592.8417358398438, 495.85003662109375, 616.7589721679688, 531.3701782226562, 0.5424684882164001], [0, 368.05120849609375, 283.32916259765625, 395.75079345703125, 305.74566650390625, 0.5144728422164917], [1, 228.4509735107422, 155.39166259765625, 243.44798278808594, 184.41070556640625, 0.3964822590351105]], "patched": [[0, 18.144859313964844, 138.44439697265625, 45.47943878173828, 156.42523193359375, 0.7820109724998474], [0, 8.815841674804688, 96.17984008789062, 25.629676818847656, 121.60247802734375, 0.7690995335578918], [0, 367.8101501464844, 433.7366943359375, 399.7250061035156, 457.80645751953125, 0.7044467329978943], [2, 32.34572982788086, 604.2520751953125, 55.60526657104492, 639.8529052734375, 0.6501096487045288], [0, 56.545494079589844, 26.12181854248047, 73.73624420166016, 44.34837341308594, 0.5853833556175232], [0, 369.7645568847656, 368.10040283203125, 397.9773254394531, 393.38079833984375, 0.5450471639633179], [0, 368.45782470703125, 126.07313537597656, 392.60015869140625, 143.77272033691406, 0.4963652789592743], [0, 370.71697998046875, 293.8824768066406, 395.3948974609375, 305.9605407714844, 0.38148537278175354], [1, 32.06916809082031, 604.2454833984375, 55.54193115234375, 639.9176025390625, 0.3598079979419708], [0, 608.2529296875, 486.4564208984375, 631.765625, 514.640869140625, 0.3072677552700043], [1, 369.4330749511719, 368.0512390136719, 398.1227722167969, 393.5363464355469, 0.2838147282600403]]}