{"clean": [[0, 55.97682189941406, 232.73953247070312, 75.03923034667969, 258.1568908691406, 0.8366013765335083], [0, 93.82273864746094, 215.69876098632812, 114.37532043457031, 239.13327026367188, 0.8303751349449158], [0, 115.29238891601562, 166.17852783203125, 133.4498291015625, 186.45025634765625, 0.8189890384674072], [0, 98.04911804199219, 170.2635498046875, 115.41459655761719, 191.20144653320312, 0.8113419413566589], [0, 237.1845703125, 85.87251281738281, 252.392822265625, 108.5185546875, 0.7997146248817444], [0, 169.52239990234375, 242.56777954101562, 197.52407836914062, 278.4355773925781, 0.797744870185852], [0, 197.70468139648438, 32.453033447265625, 209.67434692382812, 45.4532470703125, 0.7940283417701721], [1, 134.15036010742188, 207.05923461914062, 158.64251708984375, 238.39901733398438, 0.7742501497268677], [0, 292.3695068359375, 129.39208984375, 319.6494140625, 166.64987182617188, 0.6365669369697571], [2, 381.20428466796875, 119.93037414550781, 425.76336669921875, 139.6759796142578, 0.5924056172370911], [0, 286.01458740234375, 83.47137451171875, 303.46685791015625, 102.37734985351562, 0.5270106792449951], [0, 339.1073913574219, 334.35491943359375, 367.0342102050781, 360.58184814453125, 0.5254777669906616], [0, 336.4997863769531, 126.1162109375, 365.3582458496094, 142.75946044921875, 0.4708104133605957], [1, 441.0082092285156, 148.91986083984375, 456.8501281738281, 179.11761474609375, 0.4310469925403595], [0, 107.20262145996094, 78.02120971679688, 119.57762145996094, 88.87248229980469, 0.4126603901386261], [0, 292.7545166015625, 72.5562744140625, 305.6177978515625, 85.41525268554688, 0.3730594217777252], [0, 134.28182983398438, 207.00840759277344, 158.40350341796875, 237.92039489746094, 0.35804763436317444], [0, 1.7150545120239258, 58.017723083496094, 11.985113143920898, 69.92918395996094, 0.320790559053421], [0, 256.8863525390625, 18.032974243164062, 269.936279296875, 36.397727966308594, 0.3088666498661041], [0, 619.0469970703125, 172.5841064453125, 635.5401611328125, 196.035888671875, 0.29088661074638367], [0, 604.651123046875, 173.65982055664062, 616.9501953125, 194.63619995117188, 0.273126482963562], [0, 438.7115783691406, 112.24798583984375, 467.4386901855469, 129.0967254638672, 0.2501872777938843]], "patched": [[0, 115.3170166015625, 166.20281982421875, 133.41131591796875, 186.40936279296875, 0.8171654939651489], [0, 93.94987487792969, 215.87606811523438, 114.26353454589844, 238.09219360351562, 0.8094561100006104], [0, 98.11642456054688, 170.28982543945312, 115.34429931640625, 191.16384887695312, 0.8008071780204773], [0, 237.1959991455078, 85.884765625, 252.3715362548828, 108.51237487792969, 0.7964797019958496], [0, 197.70701599121094, 32.44681167602539, 209.6780548095703, 45.46065902709961, 0.7929800748825073], [0, 55.999149322509766, 232.58160400390625, 74.89529418945312, 257.6759033203125, 0.7927937507629395], [1, 134.22662353515625, 206.982421875, 158.3671875, 238.02532958984375, 0.7768909931182861], [0, 169.0626220703125, 241.650390625, 194.9576416015625, 268.2919616699219, 0.7664830088615417], [0, 292.3697509765625, 129.38873291015625, 319.6402587890625, 166.651611328125, 0.6134551763534546], [2, 381.2005310058594, 119.93452453613281, 425.7587585449219, 139.67027282714844, 0.5894005298614502], [0, 339.1386413574219, 334.3560791015625, 367.0315246582031, 360.55450439453125, 0.5349258184432983], [0, 286.09136962890625, 83.48971557617188, 303.4193115234375, 102.36578369140625, 0.5180149674415588], [0, 336.8238525390625, 126.1111068725586, 365.470947265625, 142.79452514648438, 0.47761693596839905], [1, 441.0218505859375, 148.92391967773438, 456.8411865234375, 179.11419677734375, 0.4239885210990906], [0, 107.20614624023438, 78.01947021484375, 119.5750732421875, 88.87469482421875, 0.4113498330116272], [0, 292.7541809082031, 72.5472412109375, 305.6159362792969, 85.44290161132812, 0.3727675974369049], [0, 256.8804931640625, 17.97369384765625, 269.952392578125, 36.41135787963867, 0.30574652552604675], [0, 1.7059526443481445, 58.011741638183594, 11.986542701721191, 69.9432373046875, 0.304120272397995], [0, 619.15869140625, 172.84613037109375, 635.5205078125, 196.04421997070312, 0.26943859457969666], [0, 572.7613525390625, 363.12701416015625, 634.4705810546875, 398.03033447265625, 0.2509792149066925]]}