{"clean": [[0, 560.8388671875, 525.764404296875, 598.40673828125, 571.417236328125, 0.8947299718856812], [0, 281.6141662597656, 409.968994140625, 316.9790954589844, 439.15289306640625, 0.8435538411140442], [0, 302.8493347167969, 266.51220703125, 336.1998596191406, 297.003662109375, 0.8011403679847717], [1, 485.8184814453125, 398.2322998046875, 520.9866333007812, 438.0625, 0.6885385513305664], [0, 447.22686767578125, 447.7879638671875, 477.79180908203125, 481.30419921875, 0.6644997000694275], [3, 418.74664306640625, 214.87994384765625, 465.6842041015625, 274.64306640625, 0.535612165927887]], "patched": [[0, 302.69671630859375, 266.86431884765625, 336.37164306640625, 296.77545166015625, 0.7481926083564758], [1, 485.92254638671875, 398.38140869140625, 520.8805541992188, 437.99578857421875, 0.6894010305404663], [0, 560.7646484375, 526.13232421875, 598.52099609375, 571.407958984375, 0.6244708895683289], [0, 281.245361328125, 410.04766845703125, 317.074462890625, 439.478271484375, 0.6137369871139526], [1, 561.0925903320312, 526.0540771484375, 598.2826538085938, 571.6492919921875, 0.5876673460006714], [3, 418.74957275390625, 215.30087280273438, 465.68365478515625, 274.67120361328125, 0.559816300868988]]}