{"clean": [[0, 407.6369323730469, 58.1371955871582, 423.7408142089844, 85.45103454589844, 0.8494660258293152], [0, 447.73602294921875, 291.3313293457031, 470.12945556640625, 346.0673522949219, 0.8479334115982056], [0, 374.76019287109375, 161.64208984375, 395.1290283203125, 199.23367309570312, 0.8240921497344971], [0, 538.418701171875, 108.41688537597656, 570.2568359375, 137.12229919433594, 0.7342392206192017]], "patched": [[0, 447.91845703125, 291.4503173828125, 470.475830078125, 346.0977783203125, 0.8280280232429504], [0, 374.84033203125, 161.57687377929688, 394.68115234375, 198.85952758789062, 0.7750243544578552], [0, 407.57733154296875, 58.33634948730469, 423.34747314453125, 85.39328002929688, 0.6101463437080383], [0, 407.59271240234375, 67.38251495361328, 422.40557861328125, 85.51663970947266, 0.5425522923469543], [0, 538.8968505859375, 110.009765625, 570.6678466796875, 135.17889404296875, 0.5312213897705078]]}