{"clean": [[0, 223.90069580078125, 476.6082458496094, 281.4854736328125, 562.6905517578125, 0.8525704741477966], [0, 101.06792449951172, 396.9219665527344, 162.30413818359375, 462.9604187011719, 0.8492923378944397], [0, 414.5047607421875, 145.61221313476562, 443.76953125, 180.97134399414062, 0.848952054977417], [0, 473.0809020996094, 83.45097351074219, 497.9254455566406, 113.42666625976562, 0.8247412443161011], [0, 297.77801513671875, 295.0413818359375, 340.62860107421875, 346.4705810546875, 0.8233097791671753], [0, 554.2578125, 78.76873779296875, 581.052490234375, 116.1651611328125, 0.8223177194595337], [0, 193.56393432617188, 309.052490234375, 237.56521606445312, 355.7193603515625, 0.8110281229019165], [0, 456.3586120605469, 65.67103576660156, 480.3102722167969, 91.52427673339844, 0.8007645606994629], [0, 436.263916015625, 197.917724609375, 470.7738037109375, 246.607666015625, 0.7978079915046692], [0, 378.82952880859375, 149.02073669433594, 411.41229248046875, 187.0481414794922, 0.7483726143836975], [0, 621.10107421875, 0.0, 639.24072265625, 11.097382545471191, 0.7038318514823914], [3, 505.6365661621094, 129.72579956054688, 575.0450439453125, 257.3833312988281, 0.5312337875366211], [0, 506.7251281738281, 191.92486572265625, 541.9697265625, 255.17840576171875, 0.48509129881858826], [3, 249.87001037597656, 247.59812927246094, 324.77294921875, 342.3565673828125, 0.48446738719940186]], "patched": [[0, 414.739990234375, 145.92086791992188, 443.9354248046875, 180.70632934570312, 0.8265302777290344], [0, 457.15985107421875, 65.98255920410156, 479.98809814453125, 90.98344421386719, 0.8052875399589539], [0, 473.32635498046875, 83.63345336914062, 498.04327392578125, 113.45346069335938, 0.7939160466194153], [0, 379.2887268066406, 148.20118713378906, 411.6800231933594, 186.94920349121094, 0.7789484262466431], [0, 299.57080078125, 295.1795654296875, 340.650146484375, 345.98828125, 0.7755669355392456], [0, 193.8820343017578, 309.0849609375, 237.71705627441406, 353.778076171875, 0.7715965509414673], [0, 554.400146484375, 78.9454345703125, 580.889892578125, 116.46475219726562, 0.7465776801109314], [0, 436.71417236328125, 197.489501953125, 469.97119140625, 246.95745849609375, 0.7303580641746521], [0, 621.1995849609375, 0.0, 638.8616943359375, 11.101722717285156, 0.6970088481903076], [3, 506.34527587890625, 129.64920043945312, 575.5245971679688, 255.272705078125, 0.396390438079834], [0, 506.78997802734375, 192.37684631347656, 541.3556518554688, 255.1948699951172, 0.3910754323005676], [0, 101.48572540283203, 405.3270263671875, 162.3250732421875, 462.95001220703125, 0.37878331542015076], [2, 505.62896728515625, 129.78280639648438, 574.9838256835938, 257.27099609375, 0.356309711933136], [2, 248.47528076171875, 246.72325134277344, 325.108642578125, 342.746826171875, 0.30580177903175354], [2, 224.39950561523438, 477.06634521484375, 281.6251220703125, 562.2050170898438, 0.294372022151947], [0, 101.57438659667969, 412.25909423828125, 147.8237762451172, 462.68035888671875, 0.2857625484466553], [0, 224.26663208007812, 477.0899963378906, 281.7861328125, 563.5601806640625, 0.27960723638534546], [0, 436.9813537597656, 211.5974884033203, 463.2992858886719, 248.0249481201172, 0.26738181710243225]]}