{"clean": [[0, 371.18841552734375, 262.3983459472656, 406.02313232421875, 287.8036193847656, 0.8749053478240967], [0, 375.8538818359375, 365.05584716796875, 411.59783935546875, 392.85687255859375, 0.8544495701789856], [0, 362.2166748046875, 15.390304565429688, 385.27288818359375, 33.77124786376953, 0.8353762626647949], [0, 372.9625549316406, 339.95599365234375, 421.4331970214844, 366.23590087890625, 0.7980188131332397], [0, 371.8312683105469, 539.528564453125, 413.8251037597656, 576.91259765625, 0.789412260055542], [0, 372.17120361328125, 163.20787048339844, 400.11212158203125, 185.4368438720703, 0.7886704206466675], [0, 374.00067138671875, 211.75830078125, 411.62493896484375, 234.57949829101562, 0.7867807745933533], [0, 366.26751708984375, 48.621315002441406, 396.23236083984375, 67.52728271484375, 0.7638620734214783], [0, 369.8058166503906, 589.0390625, 416.8653259277344, 624.1181640625, 0.7389745116233826], [0, 374.12615966796875, 313.1016845703125, 419.04644775390625, 341.3770751953125, 0.7279170751571655], [0, 366.5352783203125, 467.8194580078125, 405.56732177734375, 500.36212158203125, 0.6483514308929443], [0, 371.6087341308594, 289.29931640625, 402.9018859863281, 311.89947509765625, 0.6073623299598694], [0, 374.8619689941406, 96.69126892089844, 400.4250793457031, 117.88172912597656, 0.5724680423736572], [1, 371.3744201660156, 287.848876953125, 402.9625549316406, 311.57904052734375, 0.5309438705444336]], "patched": [[0, 375.77435302734375, 365.15704345703125, 411.59478759765625, 392.88995361328125, 0.8327425718307495], [0, 371.32537841796875, 262.5428466796875, 406.00396728515625, 287.70526123046875, 0.8241655230522156], [0, 369.66131591796875, 589.077880859375, 416.805908203125, 624.793212890625, 0.8239058256149292], [0, 374.17010498046875, 313.21063232421875, 419.31890869140625, 341.14605712890625, 0.769257664680481], [0, 373.91851806640625, 211.9638671875, 411.2509765625, 234.74908447265625, 0.7587108612060547], [0, 372.9028015136719, 340.27880859375, 416.5041198730469, 366.09814453125, 0.6996964812278748], [0, 371.8399658203125, 539.5582275390625, 413.7181396484375, 576.8612060546875, 0.6906192898750305], [0, 372.2520751953125, 163.042236328125, 399.804443359375, 185.33575439453125, 0.6895277500152588], [1, 371.37042236328125, 291.60736083984375, 402.91571044921875, 313.49920654296875, 0.6584696173667908], [0, 362.28021240234375, 15.55732250213623, 385.58819580078125, 33.47873306274414, 0.6295626759529114], [0, 366.54150390625, 467.907470703125, 405.6285400390625, 500.2001953125, 0.5889767408370972], [0, 366.26910400390625, 50.968223571777344, 395.06671142578125, 68.36798858642578, 0.5672623515129089], [0, 374.9847412109375, 104.82940673828125, 400.0284423828125, 118.0916748046875, 0.3041410744190216]]}