{"clean": [[3, 350.6578369140625, 353.75244140625, 383.9208984375, 428.992431640625, 0.8676349520683289], [0, 275.6148681640625, 468.570068359375, 304.50738525390625, 528.315185546875, 0.8555885553359985], [0, 308.99981689453125, 407.3211669921875, 334.34332275390625, 457.228515625, 0.78544020652771], [0, 353.7809143066406, 294.34320068359375, 364.4043884277344, 307.42718505859375, 0.6323640942573547], [1, 295.0716552734375, 357.84466552734375, 311.15057373046875, 388.24859619140625, 0.6101729869842529], [4, 425.93438720703125, 355.60784912109375, 440.65130615234375, 371.21746826171875, 0.5862615704536438], [4, 394.5345764160156, 339.31182861328125, 401.8874816894531, 353.20428466796875, 0.4822601079940796], [0, 342.25311279296875, 267.36474609375, 351.31378173828125, 276.9935302734375, 0.47390589118003845], [4, 409.24755859375, 402.195068359375, 417.5787353515625, 419.369140625, 0.46859845519065857], [4, 269.2645263671875, 349.34991455078125, 275.29388427734375, 362.398681640625, 0.4365599751472473], [2, 350.8525390625, 353.4169616699219, 383.70849609375, 429.4694519042969, 0.39639541506767273], [4, 287.95086669921875, 309.50677490234375, 292.49298095703125, 319.8349609375, 0.38511598110198975], [0, 331.1766357421875, 261.5703125, 341.4373779296875, 269.60137939453125, 0.37612292170524597], [4, 384.2589111328125, 340.1756286621094, 390.43310546875, 352.3924865722656, 0.37275829911231995], [4, 302.31982421875, 297.5391845703125, 306.8424072265625, 307.3919677734375, 0.37026727199554443], [0, 333.16571044921875, 269.49798583984375, 344.28839111328125, 281.6287841796875, 0.2809726297855377], [0, 457.962646484375, 347.4667663574219, 483.609375, 376.4046936035156, 0.2633307874202728], [4, 374.3005065917969, 309.0943603515625, 379.1087951660156, 319.134765625, 0.25931504368782043]], "patched": [[3, 350.7427062988281, 353.8243408203125, 383.8195495605469, 428.6046142578125, 0.8735249042510986], [1, 275.75299072265625, 469.5078125, 303.92547607421875, 528.1865234375, 0.6258047223091125], [1, 352.01812744140625, 293.6084289550781, 364.0589599609375, 307.6524963378906, 0.608164370059967], [4, 425.9599609375, 355.59295654296875, 440.6383056640625, 371.29656982421875, 0.56888747215271], [0, 341.7467041015625, 266.591064453125, 351.30615234375, 276.95947265625, 0.4845799505710602], [4, 394.5731201171875, 339.35247802734375, 401.8702392578125, 353.14923095703125, 0.4554695188999176], [4, 269.33673095703125, 349.6099548339844, 275.25140380859375, 362.3331604003906, 0.4340648055076599], [4, 409.26373291015625, 401.8788757324219, 417.59552001953125, 419.2986755371094, 0.4190180003643036], [4, 302.31304931640625, 297.5111389160156, 306.86676025390625, 307.3781433105469, 0.38870468735694885], [4, 287.90771484375, 309.38128662109375, 292.5174560546875, 319.83465576171875, 0.3839786946773529], [1, 308.6651611328125, 413.56781005859375, 335.0787353515625, 457.61077880859375, 0.38183701038360596], [0, 331.146484375, 261.5977783203125, 341.66241455078125, 269.6610107421875, 0.3804689943790436], [0, 333.16387939453125, 269.4127197265625, 344.74224853515625, 281.53521728515625, 0.35035693645477295], [4, 384.2943115234375, 340.13165283203125, 390.434814453125, 352.3572998046875, 0.3356664180755615], [4, 515.3135375976562, 488.8529052734375, 540.5353393554688, 513.1677856445312, 0.2588249444961548]]}