{"clean": [[1, 176.9738311767578, 461.7918701171875, 224.56361389160156, 560.629150390625, 0.8796147704124451], [0, 335.00830078125, 298.6271667480469, 356.0640869140625, 334.9178771972656, 0.8296213746070862], [0, 188.03936767578125, 361.1055603027344, 226.62094116210938, 405.7173156738281, 0.8175699710845947], [2, 203.68743896484375, 398.9453125, 274.8246765136719, 460.3333740234375, 0.7950623035430908], [0, 406.5684509277344, 258.011962890625, 428.6069641113281, 287.57763671875, 0.7200437784194946], [0, 406.17486572265625, 314.03814697265625, 435.41839599609375, 353.63861083984375, 0.6200027465820312], [4, 345.07891845703125, 208.80477905273438, 353.83551025390625, 223.21603393554688, 0.5541514754295349], [0, 390.381591796875, 136.83892822265625, 401.115234375, 148.76568603515625, 0.5220496654510498], [0, 410.427001953125, 289.428955078125, 436.9793701171875, 314.6583251953125, 0.5062631964683533], [4, 354.66912841796875, 435.58587646484375, 374.20404052734375, 485.45684814453125, 0.41482213139533997], [4, 370.01068115234375, 297.97894287109375, 377.49072265625, 314.30902099609375, 0.4023897051811218], [1, 53.0792236328125, 551.1544189453125, 156.17730712890625, 639.5833740234375, 0.349026083946228], [0, 395.88232421875, 127.98222351074219, 405.5592041015625, 139.8165740966797, 0.3108612895011902]], "patched": [[1, 176.8599853515625, 461.72894287109375, 224.66848754882812, 560.7151489257812, 0.8808184266090393], [2, 203.76461791992188, 400.7891845703125, 274.8109436035156, 460.6815185546875, 0.8193466663360596], [4, 344.8482971191406, 208.47512817382812, 354.0525817871094, 223.37234497070312, 0.5389353036880493], [0, 390.24530029296875, 136.7659912109375, 401.35382080078125, 149.17529296875, 0.5120994448661804], [4, 370.01263427734375, 298.6646728515625, 377.54034423828125, 314.260986328125, 0.4213706851005554], [4, 354.6458740234375, 436.3341064453125, 374.30108642578125, 485.49462890625, 0.4210284650325775], [0, 333.6258239746094, 298.1810302734375, 356.0130310058594, 334.15435791015625, 0.4133877456188202], [0, 317.4525146484375, 188.82359313964844, 337.64666748046875, 206.8877410888672, 0.37977027893066406], [1, 313.7835693359375, 197.423828125, 332.3355712890625, 219.95257568359375, 0.3649803698062897], [0, 320.31085205078125, 175.04302978515625, 343.31109619140625, 193.99444580078125, 0.3319563865661621], [0, 395.70721435546875, 128.07611083984375, 405.79522705078125, 140.21795654296875, 0.2802017629146576]]}