{"clean": [[0, 133.5078125, 502.471923828125, 199.59579467773438, 628.3265380859375, 0.9000154137611389], [0, 383.48870849609375, 243.86318969726562, 403.97357177734375, 272.5414123535156, 0.785468339920044], [0, 427.6570129394531, 241.14881896972656, 462.3901062011719, 278.7532958984375, 0.5932340025901794], [4, 232.57266235351562, 292.273193359375, 242.00570678710938, 312.84942626953125, 0.5845903754234314], [0, 323.3789367675781, 187.94491577148438, 335.6250305175781, 205.56692504882812, 0.5709454417228699], [4, 296.45172119140625, 186.57083129882812, 303.49530029296875, 198.98171997070312, 0.5178550481796265], [1, 87.84686279296875, 294.81787109375, 131.7470703125, 346.5206298828125, 0.4517713487148285], [0, 307.4736328125, 151.74185180664062, 315.4945068359375, 162.5596923828125, 0.3926675617694855], [0, 284.35400390625, 144.56927490234375, 293.5291748046875, 154.13702392578125, 0.37861496210098267], [1, 309.3045654296875, 162.3529815673828, 318.853515625, 178.08412170410156, 0.3727494776248932], [4, 204.667724609375, 290.5131530761719, 214.29888916015625, 310.9067077636719, 0.3564161956310272], [0, 316.2676086425781, 140.88067626953125, 322.9159240722656, 150.52450561523438, 0.3306480944156647], [4, 134.15084838867188, 342.9782409667969, 151.40841674804688, 373.5797424316406, 0.3269103467464447], [4, 358.57525634765625, 195.12002563476562, 363.08441162109375, 204.33139038085938, 0.31428951025009155], [4, 367.062255859375, 576.435546875, 385.8687744140625, 638.787841796875, 0.3079249858856201], [4, 374.07061767578125, 412.65875244140625, 386.86004638671875, 450.82916259765625, 0.27595630288124084]], "patched": [[1, 305.06402587890625, 150.41151428222656, 316.87213134765625, 162.32469177246094, 0.6385210156440735], [4, 232.28311157226562, 291.96234130859375, 242.23007202148438, 312.95111083984375, 0.6165542602539062], [1, 361.04632568359375, 174.86538696289062, 376.36297607421875, 194.73849487304688, 0.5863561630249023], [4, 296.23065185546875, 186.38214111328125, 303.59454345703125, 199.16281127929688, 0.5464355945587158], [2, 134.20236206054688, 496.296875, 199.95144653320312, 628.6414794921875, 0.5408480763435364], [1, 307.19964599609375, 163.03466796875, 318.40093994140625, 178.80731201171875, 0.5395869016647339], [1, 322.64208984375, 183.64398193359375, 337.7041015625, 204.98828125, 0.49139708280563354], [4, 204.50094604492188, 290.2634582519531, 214.47677612304688, 311.0231018066406, 0.47515925765037537], [4, 134.06674194335938, 343.6737060546875, 151.48745727539062, 373.5574951171875, 0.370316743850708], [4, 366.922607421875, 576.2689819335938, 385.86456298828125, 638.2044067382812, 0.35985881090164185], [4, 358.408935546875, 195.1248016357422, 363.224853515625, 204.48326110839844, 0.3544226884841919], [4, 229.43936157226562, 227.49281311035156, 237.02459716796875, 240.9058074951172, 0.31126123666763306], [4, 373.9542236328125, 412.87774658203125, 386.9366455078125, 450.89971923828125, 0.289337694644928], [0, 283.76043701171875, 144.05740356445312, 293.61138916015625, 154.19332885742188, 0.2783111035823822], [4, 341.21575927734375, 173.73501586914062, 347.40447998046875, 183.66537475585938, 0.27534931898117065]]}