{"clean": [[0, 368.5648498535156, 495.82867431640625, 396.1622009277344, 563.4450073242188, 0.8856965899467468], [0, 233.92971801757812, 205.15756225585938, 261.6596374511719, 229.19558715820312, 0.8350152969360352], [0, 303.7357177734375, 133.48226928710938, 318.832763671875, 148.13101196289062, 0.7064986228942871], [0, 210.3292236328125, 209.57772827148438, 247.97613525390625, 237.05825805664062, 0.6685696244239807], [4, 325.3395080566406, 350.28948974609375, 337.1853332519531, 369.38482666015625, 0.6240526437759399], [0, 326.803955078125, 128.83096313476562, 341.66180419921875, 143.50860595703125, 0.5615835189819336], [1, 366.00048828125, 133.45460510253906, 380.4793701171875, 152.97325134277344, 0.5420663356781006], [0, 336.08245849609375, 211.671875, 355.71112060546875, 230.681640625, 0.5351954698562622], [0, 275.7158203125, 169.0792694091797, 298.225830078125, 188.14808654785156, 0.5154456496238708], [4, 328.3809814453125, 490.30413818359375, 340.427490234375, 526.9240112304688, 0.4609079658985138], [4, 352.0023193359375, 255.42660522460938, 364.313232421875, 270.9772644042969, 0.4388920068740845], [0, 370.7541809082031, 100.3720703125, 378.7099914550781, 113.950439453125, 0.3811240792274475], [4, 396.56390380859375, 124.39366149902344, 400.72528076171875, 132.2870330810547, 0.31883880496025085], [4, 429.7432861328125, 479.71380615234375, 439.3931884765625, 498.45855712890625, 0.27781736850738525], [1, 370.8746643066406, 99.91920471191406, 378.8466491699219, 113.80265808105469, 0.26432013511657715]], "patched": [[0, 234.74826049804688, 205.22134399414062, 261.4476623535156, 229.59024047851562, 0.6841192245483398], [4, 325.29522705078125, 349.8769226074219, 337.31304931640625, 369.4034118652344, 0.6357845664024353], [0, 368.3349609375, 496.23541259765625, 395.731201171875, 563.1873168945312, 0.5972839593887329], [0, 370.9266052246094, 103.30337524414062, 378.6590270996094, 113.9349365234375, 0.5103456377983093], [4, 328.21649169921875, 490.0606689453125, 340.6119384765625, 526.79443359375, 0.5031234622001648], [0, 336.04754638671875, 211.68077087402344, 355.75482177734375, 230.7030487060547, 0.48471155762672424], [4, 352.0991516113281, 253.29405212402344, 364.3188781738281, 270.9725341796875, 0.48367390036582947], [1, 368.0613708496094, 496.2198486328125, 395.9057922363281, 563.373046875, 0.4639381170272827], [0, 208.96151733398438, 211.0155792236328, 247.46530151367188, 237.31163024902344, 0.3441261649131775], [4, 396.55999755859375, 124.14080047607422, 400.75518798828125, 132.28302001953125, 0.33843865990638733], [0, 365.8873596191406, 137.97164916992188, 381.0867004394531, 153.15859985351562, 0.3103157579898834]]}