{"clean": [[0, 413.21923828125, 341.4085693359375, 491.978759765625, 399.29791259765625, 0.9103745222091675], [0, 7.655670166015625, 236.89259338378906, 77.73654174804688, 284.808837890625, 0.9002232551574707], [0, 561.323974609375, 312.5005798339844, 637.70556640625, 365.9576110839844, 0.8957098126411438], [0, 138.26593017578125, 217.96719360351562, 198.958740234375, 271.9678649902344, 0.8701184391975403], [0, 232.5733642578125, 441.167724609375, 318.2584228515625, 518.4937744140625, 0.8218503594398499], [0, 326.2054138183594, 89.96591186523438, 345.4750061035156, 127.99282836914062, 0.7988598942756653], [0, 175.99485778808594, 118.80154418945312, 222.7914276123047, 168.61685180664062, 0.7883398532867432], [0, 245.48690795898438, 0.32085227966308594, 262.5462951660156, 26.64459800720215, 0.6714882254600525], [0, 448.025634765625, 0.030008316040039062, 464.2891845703125, 16.36553192138672, 0.6507867574691772], [0, 356.24005126953125, 392.9891357421875, 434.81549072265625, 466.20501708984375, 0.599223256111145], [0, 299.7709655761719, 58.05143737792969, 318.2164001464844, 77.68899536132812, 0.5391247272491455], [4, 330.9554138183594, 564.0716552734375, 365.8927307128906, 598.5406494140625, 0.4856410622596741], [0, 335.13330078125, 14.146533966064453, 350.406005859375, 36.57221221923828, 0.42694517970085144], [0, 302.3544006347656, 37.735595703125, 319.2688293457031, 58.46729278564453, 0.3298429548740387], [0, 300.04241943359375, 48.77009582519531, 318.98822021484375, 77.39845275878906, 0.3291643559932709], [1, 335.0084228515625, 1.9220046997070312, 350.578369140625, 36.499298095703125, 0.30782103538513184]], "patched": [[0, 561.81494140625, 312.49658203125, 637.7744140625, 365.950439453125, 0.8506391048431396], [0, 138.66868591308594, 218.25723266601562, 198.79908752441406, 271.8358459472656, 0.8285421133041382], [4, 330.57916259765625, 559.0387573242188, 366.32952880859375, 598.5154418945312, 0.5573670268058777], [1, 447.98126220703125, 0.0, 464.21453857421875, 16.248573303222656, 0.42657262086868286], [1, 335.02142333984375, 1.9438285827636719, 350.77386474609375, 36.33952713012695, 0.40253129601478577], [0, 245.53311157226562, 0.35581207275390625, 262.6178894042969, 26.611141204833984, 0.3897542655467987], [0, 447.9454345703125, 0.0, 464.13818359375, 16.381736755371094, 0.35817092657089233], [0, 7.274162292480469, 236.7923126220703, 77.51962280273438, 284.34393310546875, 0.341322124004364], [0, 326.34234619140625, 90.25099182128906, 345.92498779296875, 128.73428344726562, 0.3097037374973297], [0, 334.97393798828125, 8.095030784606934, 350.41241455078125, 36.44434356689453, 0.2878870666027069]]}