{"clean": [[0, 381.7173156738281, 376.3935546875, 445.2449035644531, 436.47216796875, 0.9091908931732178], [0, 156.72628784179688, 305.4639892578125, 201.49655151367188, 355.63232421875, 0.8581981658935547], [1, 197.78097534179688, 321.033935546875, 247.15213012695312, 383.6326904296875, 0.8504770994186401], [0, 122.63322448730469, 274.05914306640625, 158.9001922607422, 317.67132568359375, 0.8322543501853943], [0, 128.69943237304688, 220.93206787109375, 158.29312133789062, 245.69036865234375, 0.8277680277824402], [0, 70.88908386230469, 240.5916748046875, 102.81277465820312, 275.589599609375, 0.8135796189308167], [0, 74.08384704589844, 187.58157348632812, 96.48014831542969, 209.2451171875, 0.7591753005981445], [1, 284.9627685546875, 218.83154296875, 325.1605224609375, 254.312744140625, 0.707817554473877], [0, 24.69799041748047, 374.6678161621094, 61.760704040527344, 442.1081237792969, 0.6843617558479309], [0, 171.6910858154297, 278.9171142578125, 210.58021545410156, 319.6402587890625, 0.6746350526809692], [0, 232.42459106445312, 318.4403076171875, 280.2738342285156, 375.2012939453125, 0.614296019077301], [0, 220.22914123535156, 195.6099853515625, 243.7498321533203, 223.43292236328125, 0.5841898918151855], [0, 144.16534423828125, 203.3116455078125, 172.95556640625, 229.49853515625, 0.5739809274673462], [1, 144.24374389648438, 203.31214904785156, 172.99649047851562, 229.1775665283203, 0.40387701988220215]], "patched": [[0, 381.6260681152344, 375.97454833984375, 445.5648498535156, 436.67327880859375, 0.9062198400497437], [1, 197.70199584960938, 321.93585205078125, 249.22158813476562, 384.87896728515625, 0.8421531319618225], [0, 128.60482788085938, 221.1548309326172, 158.35635375976562, 246.8102569580078, 0.8249778151512146], [1, 285.0028076171875, 218.80148315429688, 326.27752685546875, 254.75961303710938, 0.7582702040672302], [0, 71.06507873535156, 241.97171020507812, 102.38035583496094, 275.9360046386719, 0.7209973931312561], [0, 145.0328369140625, 203.31539916992188, 172.6617431640625, 229.6888427734375, 0.6918554902076721], [0, 24.354469299316406, 375.081298828125, 69.17115020751953, 442.6025390625, 0.6330535411834717], [0, 73.94677734375, 188.26638793945312, 95.95736694335938, 208.74728393554688, 0.5586156249046326], [1, 213.84182739257812, 306.64910888671875, 281.0415344238281, 374.25921630859375, 0.49844062328338623], [0, 156.81529235839844, 308.809814453125, 200.29832458496094, 355.6907958984375, 0.4028584063053131]]}