{"clean": [[0, 151.50601196289062, 327.23577880859375, 176.66506958007812, 347.03228759765625, 0.8167274594306946], [0, 305.7118225097656, 528.1159057617188, 318.6679382324219, 575.6963500976562, 0.7779532670974731], [0, 304.49517822265625, 581.2474365234375, 317.05706787109375, 628.6080322265625, 0.7719659209251404], [1, 284.42303466796875, 168.2761993408203, 295.93731689453125, 207.97312927246094, 0.6472877860069275], [2, 550.3486328125, 368.3028869628906, 615.490478515625, 391.4278869628906, 0.6276184916496277], [0, 44.07775115966797, 244.7396240234375, 62.48796844482422, 283.15130615234375, 0.5861573219299316], [0, 363.672119140625, 157.6112060546875, 384.5140380859375, 174.6368408203125, 0.5481618046760559], [0, 301.84393310546875, 634.935546875, 314.1051025390625, 640.0, 0.4714461863040924], [0, 406.82666015625, 357.1566467285156, 427.93212890625, 374.6156921386719, 0.45829471945762634], [0, 454.5343017578125, 425.9686584472656, 488.6063232421875, 443.2481384277344, 0.4570951759815216], [0, 307.3650207519531, 456.8548583984375, 320.1570129394531, 503.93798828125, 0.4155605435371399], [1, 307.438720703125, 456.94671630859375, 320.1036376953125, 504.11529541015625, 0.4106884002685547], [0, 614.8973388671875, 376.2751159667969, 640.0, 394.8775939941406, 0.3717380464076996], [0, 385.48797607421875, 211.31808471679688, 414.1495361328125, 228.59011840820312, 0.29996389150619507], [1, 87.74961853027344, 251.09234619140625, 111.89845275878906, 270.58526611328125, 0.27827614545822144], [1, 614.151123046875, 376.6361083984375, 640.0, 394.506591796875, 0.26521673798561096], [4, 435.15350341796875, 377.733154296875, 442.05218505859375, 397.3963623046875, 0.26265349984169006]], "patched": [[0, 307.66070556640625, 480.31036376953125, 319.29095458984375, 504.00775146484375, 0.7777231931686401], [0, 305.52923583984375, 549.3367919921875, 317.82220458984375, 575.6314697265625, 0.7474337816238403], [0, 306.702880859375, 528.00634765625, 318.01727294921875, 553.002197265625, 0.7397447824478149], [0, 304.9992370605469, 581.0679931640625, 316.9374694824219, 606.6849365234375, 0.6933022141456604], [1, 284.42047119140625, 168.29283142089844, 295.92047119140625, 207.98143005371094, 0.6250231266021729], [0, 302.42291259765625, 634.9171752929688, 314.01361083984375, 640.0, 0.6241042613983154], [1, 308.3597412109375, 456.7064208984375, 319.703857421875, 482.595947265625, 0.6238512396812439], [0, 304.50482177734375, 601.391845703125, 316.49346923828125, 628.72607421875, 0.5554274916648865], [0, 363.70556640625, 158.1503448486328, 384.47772216796875, 174.6404571533203, 0.5511263608932495], [0, 406.67059326171875, 357.15203857421875, 427.84613037109375, 374.62841796875, 0.4524320662021637], [2, 576.7227783203125, 368.8988952636719, 614.5286865234375, 390.9803161621094, 0.391169935464859], [0, 454.554443359375, 426.001953125, 487.889892578125, 443.2474365234375, 0.3518419861793518], [1, 87.95512390136719, 251.32266235351562, 111.75398254394531, 270.6286315917969, 0.29437679052352905]]}