{"clean": [[0, 556.3148803710938, 371.52606201171875, 577.6694946289062, 416.31256103515625, 0.878807783126831], [0, 566.345947265625, 137.17539978027344, 606.673583984375, 159.73118591308594, 0.8293368816375732], [1, 525.0104370117188, 616.6829223632812, 542.7217407226562, 640.0, 0.6912450194358826], [4, 544.9736328125, 136.97703552246094, 555.54296875, 156.00328063964844, 0.6904675960540771], [0, 20.222797393798828, 411.0384521484375, 36.708290100097656, 448.673095703125, 0.6088866591453552], [4, 536.6563720703125, 389.8599853515625, 547.0157470703125, 410.14874267578125, 0.5205617547035217], [4, 559.4375, 125.36521911621094, 568.052734375, 144.4353485107422, 0.5107182860374451], [4, 120.15956115722656, 487.892578125, 128.64002990722656, 500.6263427734375, 0.4715360701084137], [4, 543.0159301757812, 360.6519775390625, 551.0609741210938, 376.201416015625, 0.3594539165496826], [0, 562.7969970703125, 279.93017578125, 583.8399658203125, 320.73095703125, 0.34132280945777893], [4, 545.7691650390625, 79.10847473144531, 554.2457275390625, 99.57899475097656, 0.3168540596961975], [4, 619.826171875, 234.61468505859375, 635.8515625, 242.17474365234375, 0.29623955488204956], [0, 635.729736328125, 330.400634765625, 640.0, 351.09228515625, 0.27619704604148865], [4, 606.609130859375, 50.86283874511719, 616.2891845703125, 71.43214416503906, 0.26981082558631897]], "patched": [[0, 557.082763671875, 371.61370849609375, 576.814697265625, 416.30548095703125, 0.7829343676567078], [1, 525.1002197265625, 616.7488403320312, 542.8697509765625, 640.0, 0.6772422194480896], [1, 566.4644775390625, 138.46823120117188, 606.8704833984375, 159.21597290039062, 0.6661592125892639], [4, 545.0629272460938, 137.09774780273438, 555.7101440429688, 156.16586303710938, 0.6567926406860352], [4, 536.5703125, 389.82257080078125, 546.6068115234375, 410.121826171875, 0.5034406781196594], [4, 120.25251770019531, 487.8939208984375, 128.59640502929688, 500.5277099609375, 0.4723285138607025], [0, 635.82861328125, 330.7124938964844, 640.0, 350.6234436035156, 0.3290063142776489], [4, 559.6646118164062, 125.50306701660156, 568.2864379882812, 144.4428253173828, 0.30081287026405334], [0, 563.0374755859375, 280.02813720703125, 583.8255615234375, 320.32220458984375, 0.26780274510383606], [4, 543.1663208007812, 360.8385009765625, 550.8107299804688, 375.828125, 0.2636438310146332], [4, 545.7926025390625, 79.16200256347656, 554.1727294921875, 99.61585998535156, 0.2565445005893707]]}