{"clean": [[0, 599.8389892578125, 255.80923461914062, 635.5723876953125, 300.2362976074219, 0.8292092084884644], [3, 278.9287414550781, 190.2789306640625, 309.1340026855469, 300.413818359375, 0.7869417071342468], [4, 280.32769775390625, 375.54730224609375, 289.05328369140625, 398.48834228515625, 0.5019828677177429]], "patched": [[3, 278.93408203125, 190.28366088867188, 309.121337890625, 300.4268798828125, 0.7881733179092407], [4, 280.36126708984375, 375.5488586425781, 289.04144287109375, 398.4842224121094, 0.5115354061126709]]}