{"clean": [[0, 220.86361694335938, 365.4495849609375, 269.0911865234375, 411.3448486328125, 0.8998059034347534], [0, 439.82049560546875, 182.876220703125, 472.1837158203125, 205.4913330078125, 0.7672188878059387], [0, 0.0, 361.06878662109375, 5.204724311828613, 405.78680419921875, 0.5722942352294922], [0, 629.6278076171875, 263.9798583984375, 639.9610595703125, 283.75146484375, 0.45515555143356323], [4, 280.6656494140625, 324.66845703125, 290.90667724609375, 343.3929443359375, 0.3106193244457245]], "patched": [[0, 0.0, 361.95587158203125, 5.212108612060547, 405.8045654296875, 0.5597862005233765], [0, 629.604736328125, 264.0035400390625, 639.96630859375, 283.4727783203125, 0.4343024492263794], [1, 448.39581298828125, 184.69937133789062, 469.89581298828125, 197.36593627929688, 0.37300023436546326], [1, 221.2642822265625, 382.2469787597656, 255.43572998046875, 411.0611877441406, 0.3022252321243286], [4, 280.94268798828125, 325.0679016113281, 290.87237548828125, 343.3277282714844, 0.26272377371788025]]}