{"clean": [[0, 400.635986328125, 65.38134765625, 424.8670654296875, 85.4005126953125, 0.8512189388275146], [0, 240.3626708984375, 47.26667022705078, 264.3780517578125, 66.19303131103516, 0.8511521816253662], [0, 394.78851318359375, 100.74493408203125, 419.86224365234375, 121.10903930664062, 0.8439956903457642], [2, 0.06817245483398438, 245.8338623046875, 63.739044189453125, 287.3056640625, 0.8384491801261902], [0, 231.04376220703125, 289.01177978515625, 265.0112609863281, 314.579833984375, 0.8096407651901245], [0, 405.4434814453125, 26.093280792236328, 428.329833984375, 43.406124114990234, 0.806435227394104], [0, 154.83274841308594, 284.89215087890625, 189.0902862548828, 304.69989013671875, 0.8018518686294556], [0, 350.88275146484375, 310.1749267578125, 385.30059814453125, 333.50469970703125, 0.7840895652770996], [0, 383.14501953125, 175.56053161621094, 413.05908203125, 201.9412384033203, 0.7824576497077942], [0, 612.49462890625, 339.28125, 639.9765625, 370.82354736328125, 0.7604639530181885], [0, 521.8902587890625, 332.79803466796875, 559.2281494140625, 357.59381103515625, 0.7314510345458984], [0, 442.94537353515625, 365.94976806640625, 478.4693603515625, 397.40545654296875, 0.7151464819908142], [0, 407.6448974609375, 0.0, 430.594970703125, 10.31471061706543, 0.700259268283844], [0, 571.00927734375, 336.119384765625, 609.4586181640625, 363.359130859375, 0.6762650609016418], [0, 253.15042114257812, 21.01364517211914, 276.9944152832031, 36.208736419677734, 0.6698616743087769], [0, 581.0394287109375, 207.81008911132812, 619.3992919921875, 236.28048706054688, 0.6488045454025269], [4, 389.104248046875, 416.5085144042969, 404.1171875, 428.8349914550781, 0.5834562182426453], [0, 251.76071166992188, 16.507530212402344, 277.0193786621094, 35.103416442871094, 0.5207691192626953], [0, 471.9630126953125, 323.336181640625, 510.1378173828125, 349.3192138671875, 0.35394203662872314], [1, 0.02065753936767578, 290.92120361328125, 10.338398933410645, 326.24725341796875, 0.3375775218009949], [2, 19.839134216308594, 264.9854736328125, 102.83798217773438, 291.2904052734375, 0.25489529967308044], [0, 0.010908126831054688, 290.0064697265625, 10.308189392089844, 325.22216796875, 0.2547043561935425]], "patched": [[2, 0.07350921630859375, 245.85044860839844, 63.84508514404297, 287.2364501953125, 0.8365785479545593], [0, 400.78375244140625, 70.61019134521484, 424.68048095703125, 85.12102508544922, 0.7202971577644348], [0, 405.5862731933594, 27.180686950683594, 428.2660217285156, 40.93488311767578, 0.7048462629318237], [0, 240.77133178710938, 54.0064697265625, 264.2213439941406, 66.15286254882812, 0.6861612200737], [0, 408.58514404296875, 0.0, 430.433349609375, 10.293267250061035, 0.6753285527229309], [1, 521.4893188476562, 339.4022216796875, 558.1314086914062, 357.290771484375, 0.6737411022186279], [4, 389.0511474609375, 416.5541076660156, 404.11279296875, 428.8082580566406, 0.6438416242599487], [0, 571.443115234375, 336.11627197265625, 606.44970703125, 351.15557861328125, 0.6046483516693115], [0, 614.5496826171875, 349.605712890625, 639.8201904296875, 368.5382080078125, 0.5997124314308167], [0, 443.40093994140625, 366.1993408203125, 477.42926025390625, 384.47027587890625, 0.593873918056488], [1, 571.8604736328125, 344.6232604980469, 608.6846923828125, 362.9900207519531, 0.589760422706604], [0, 472.2890625, 322.87261962890625, 509.24560546875, 341.24835205078125, 0.5752832889556885], [1, 155.12167358398438, 285.0994873046875, 188.49087524414062, 304.4036865234375, 0.5712376236915588], [0, 240.86663818359375, 47.63660430908203, 264.1010437011719, 59.991432189941406, 0.5372772812843323], [1, 439.6976013183594, 461.49468994140625, 478.0790100097656, 482.64239501953125, 0.5270393490791321], [1, 231.4083251953125, 289.7629699707031, 264.74462890625, 314.4333190917969, 0.5181178450584412], [0, 231.44033813476562, 288.7845458984375, 264.98785400390625, 314.2823486328125, 0.514592707157135], [0, 439.7616271972656, 461.4947509765625, 478.0491638183594, 482.31561279296875, 0.5031387805938721], [0, 255.12904357910156, 24.961341857910156, 275.70361328125, 36.76702880859375, 0.495184063911438], [0, 350.79779052734375, 314.87103271484375, 384.66326904296875, 332.64788818359375, 0.4878057539463043], [0, 522.4398193359375, 330.5181884765625, 555.2303466796875, 345.846435546875, 0.46853095293045044], [1, 309.3376770019531, 307.507080078125, 341.8406677246094, 326.0533447265625, 0.4533223807811737], [0, 379.2675476074219, 183.34219360351562, 412.7516784667969, 202.34103393554688, 0.44574135541915894], [0, 252.92758178710938, 16.59360122680664, 273.9513854980469, 28.869918823242188, 0.37725114822387695], [0, 612.6477661132812, 339.75262451171875, 639.6675415039062, 355.77484130859375, 0.37636566162109375], [1, 443.4591064453125, 377.3411865234375, 478.0906982421875, 397.184326171875, 0.3681137263774872], [0, 70.65680694580078, 266.1324768066406, 102.37029266357422, 280.8404235839844, 0.3594109117984772], [0, 394.74420166015625, 105.51829528808594, 419.79547119140625, 120.76292419433594, 0.3461560308933258], [0, 351.2934875488281, 306.66766357421875, 385.0180969238281, 329.88031005859375, 0.3212459087371826], [1, 441.4071044921875, 480.391845703125, 469.5057373046875, 494.94287109375, 0.304680734872818], [0, 401.3566589355469, 65.16813659667969, 422.5890808105469, 76.72950744628906, 0.2959328293800354], [1, 522.67724609375, 330.46954345703125, 555.916015625, 345.425537109375, 0.28011780977249146], [1, 0.0, 290.0953369140625, 10.405842781066895, 326.0322265625, 0.2691217362880707], [0, 394.95684814453125, 100.90960693359375, 417.86236572265625, 114.33822631835938, 0.25361305475234985]]}