{"clean": [[0, 475.80511474609375, 604.91064453125, 495.658203125, 639.465087890625, 0.851743221282959], [0, 279.9956359863281, 228.55416870117188, 290.0462341308594, 263.3844909667969, 0.7797463536262512], [0, 265.8603210449219, 135.4027862548828, 275.1656799316406, 166.5742950439453, 0.7588472366333008], [0, 435.99359130859375, 623.9654541015625, 456.69854736328125, 639.9898681640625, 0.7548431158065796], [3, 303.7727966308594, 121.86664581298828, 322.0093688964844, 210.67919921875, 0.7536017894744873], [3, 422.07928466796875, 413.21978759765625, 443.43463134765625, 475.222900390625, 0.7424155473709106], [0, 504.51080322265625, 612.662841796875, 525.8078002929688, 639.730224609375, 0.7296364307403564], [0, 370.69219970703125, 254.71954345703125, 382.00933837890625, 291.06689453125, 0.713840126991272], [3, 184.00303649902344, 0.20218467712402344, 201.4884796142578, 31.33892059326172, 0.7018424272537231], [0, 234.06173706054688, 193.6822052001953, 242.48208618164062, 214.05006408691406, 0.6955161690711975], [0, 346.7016906738281, 38.35075378417969, 357.3174743652344, 71.46115112304688, 0.6756669878959656], [0, 206.0196533203125, 175.13674926757812, 215.48583984375, 209.57278442382812, 0.6735383868217468], [0, 380.56610107421875, 237.52471923828125, 391.68377685546875, 273.522705078125, 0.6364472508430481], [3, 391.5343017578125, 396.6193542480469, 407.90283203125, 458.4764099121094, 0.625006377696991], [3, 448.65130615234375, 606.36474609375, 480.22235107421875, 640.0, 0.5640438795089722], [0, 233.67767333984375, 180.04640197753906, 241.07696533203125, 194.29103088378906, 0.4723179042339325], [1, 228.80538940429688, 296.3853454589844, 238.03662109375, 325.6040954589844, 0.4591246545314789], [0, 297.6656188964844, 28.238014221191406, 306.4054870605469, 61.124755859375, 0.4308686852455139], [1, 233.9327392578125, 192.52804565429688, 242.55450439453125, 214.12814331054688, 0.4258693754673004], [0, 359.3595886230469, 340.98651123046875, 370.1784973144531, 380.43218994140625, 0.41637155413627625], [0, 336.39227294921875, 120.69180297851562, 345.1312255859375, 142.07162475585938, 0.38316288590431213], [0, 337.82659912109375, 467.17041015625, 349.71026611328125, 510.9091796875, 0.2981554865837097], [0, 298.20294189453125, 44.306697845458984, 306.32025146484375, 61.13106918334961, 0.2945899963378906], [0, 228.85533142089844, 296.32177734375, 238.0596160888672, 325.4603271484375, 0.2737649083137512]], "patched": [[3, 422.0870666503906, 413.1925048828125, 443.3872375488281, 475.2073974609375, 0.7719613909721375], [0, 280.0174865722656, 228.56271362304688, 290.0238952636719, 263.3664245605469, 0.7692739963531494], [0, 436.06219482421875, 624.0523071289062, 456.1260986328125, 639.9882202148438, 0.7603648900985718], [3, 303.8162536621094, 121.82412719726562, 321.9530334472656, 210.63641357421875, 0.7565274834632874], [0, 265.8734130859375, 135.41555786132812, 275.1519775390625, 166.51629638671875, 0.7548294067382812], [1, 325.57232666015625, 516.8499755859375, 335.94775390625, 543.1373291015625, 0.7384807467460632], [0, 358.57794189453125, 341.29925537109375, 368.40191650390625, 362.83367919921875, 0.7066150903701782], [3, 184.06695556640625, 0.2038593292236328, 201.47991943359375, 31.340646743774414, 0.7036962509155273], [2, 475.00140380859375, 604.8519897460938, 495.94586181640625, 639.6431274414062, 0.6921414732933044], [0, 234.07522583007812, 193.67965698242188, 242.46597290039062, 214.0294189453125, 0.6895520687103271], [0, 358.8809814453125, 357.41943359375, 370.0662841796875, 380.44232177734375, 0.684942364692688], [0, 206.04525756835938, 175.13681030273438, 215.47665405273438, 209.56625366210938, 0.6649874448776245], [0, 346.63616943359375, 38.3511962890625, 357.1971435546875, 71.63400268554688, 0.653110682964325], [1, 385.7747802734375, 571.24267578125, 396.5377197265625, 594.8671875, 0.6520127058029175], [3, 391.55181884765625, 396.6918029785156, 407.87750244140625, 458.4693908691406, 0.6375898122787476], [0, 336.3791198730469, 121.15689086914062, 345.3808898925781, 142.06781005859375, 0.6304563283920288], [1, 335.06536865234375, 102.56605529785156, 343.76702880859375, 125.88528442382812, 0.6209760904312134], [0, 370.941650390625, 254.673583984375, 380.36932373046875, 274.57958984375, 0.5707060098648071], [0, 370.33062744140625, 255.12759399414062, 381.64251708984375, 290.9864807128906, 0.5383273363113403], [0, 380.63409423828125, 237.5645751953125, 391.6566162109375, 273.45404052734375, 0.48806890845298767], [0, 233.6817169189453, 180.052978515625, 241.0652618408203, 194.23040771484375, 0.48119550943374634], [1, 228.8286590576172, 296.3914794921875, 238.02882385253906, 325.59136962890625, 0.4796034097671509], [2, 504.798583984375, 612.868896484375, 525.388671875, 639.72119140625, 0.4722834527492523], [1, 233.9530029296875, 192.56350708007812, 242.53851318359375, 214.11785888671875, 0.46522048115730286], [0, 370.89300537109375, 254.61215209960938, 380.44708251953125, 282.9299621582031, 0.4396074116230011], [3, 448.41131591796875, 606.4017333984375, 479.56280517578125, 639.9639892578125, 0.41296887397766113], [0, 297.76171875, 28.44644546508789, 306.39337158203125, 61.10078811645508, 0.41031569242477417], [1, 385.64166259765625, 570.9097900390625, 397.22052001953125, 610.3045654296875, 0.39583390951156616], [0, 370.5777587890625, 268.56842041015625, 381.56597900390625, 291.025146484375, 0.39421746134757996], [0, 298.2706604003906, 44.89130401611328, 306.3021545410156, 61.10106658935547, 0.3489338755607605], [1, 400.83978271484375, 336.8433837890625, 412.5458984375, 372.2327880859375, 0.32744261622428894]]}