{"clean": [[3, 265.9669189453125, 456.87255859375, 283.7249755859375, 544.643798828125, 0.7390672564506531], [0, 280.85638427734375, 382.6192626953125, 296.58880615234375, 424.28094482421875, 0.6907781362533569], [3, 320.3111267089844, 298.13299560546875, 337.5936584472656, 383.17608642578125, 0.6380780339241028]], "patched": [[3, 266.43878173828125, 457.0859375, 283.49737548828125, 544.7601318359375, 0.7402156591415405], [3, 320.7040100097656, 298.18280029296875, 336.6980285644531, 383.01300048828125, 0.6950448155403137], [0, 282.614990234375, 396.539306640625, 296.24560546875, 424.12921142578125, 0.6242577433586121], [2, 214.15855407714844, 319.6427001953125, 227.9507598876953, 351.939208984375, 0.4585937559604645], [1, 218.88467407226562, 13.831652641296387, 230.6046142578125, 25.203899383544922, 0.28615960478782654]]}