{"clean": [[0, 306.7265625, 387.00604248046875, 320.7196044921875, 419.57598876953125, 0.8396148681640625], [0, 322.62542724609375, 447.572265625, 339.23870849609375, 489.1085205078125, 0.8102551698684692], [0, 327.4994812011719, 194.75567626953125, 338.4048156738281, 207.91943359375, 0.7858043909072876], [0, 283.6185302734375, 179.54852294921875, 292.9256591796875, 190.21072387695312, 0.7855188250541687], [0, 339.0795593261719, 258.83172607421875, 351.2089538574219, 278.05615234375, 0.7776453495025635], [0, 252.609375, 96.81845092773438, 259.8267822265625, 106.02998352050781, 0.7739942073822021], [0, 260.71685791015625, 117.0145263671875, 268.9615478515625, 126.76971435546875, 0.7678411602973938], [0, 308.71173095703125, 185.75308227539062, 319.03619384765625, 198.62533569335938, 0.7470645904541016], [0, 420.52801513671875, 609.9332275390625, 441.97955322265625, 639.8519287109375, 0.7179480791091919], [0, 222.22048950195312, 97.30418395996094, 229.69927978515625, 105.95362854003906, 0.7108117938041687], [0, 262.3646240234375, 158.60443115234375, 271.484130859375, 168.8411865234375, 0.7074922323226929], [0, 234.98851013183594, 78.74310302734375, 241.3833465576172, 86.63241577148438, 0.6848655343055725], [0, 318.1374206542969, 204.14840698242188, 327.9942321777344, 218.73886108398438, 0.6728546619415283], [0, 220.06793212890625, 83.13565063476562, 228.0018310546875, 94.29098510742188, 0.6620344519615173], [0, 328.3475646972656, 159.8508758544922, 338.4785461425781, 172.6619110107422, 0.605541467666626], [2, 386.4991455078125, 365.01690673828125, 408.02783203125, 415.45245361328125, 0.5992431044578552], [0, 291.809814453125, 146.67041015625, 301.5882568359375, 157.9013671875, 0.5688624978065491], [0, 239.23593139648438, 130.05035400390625, 249.0399169921875, 146.2149658203125, 0.4071965515613556], [0, 238.01914978027344, 172.44229125976562, 247.46336364746094, 181.80575561523438, 0.341995507478714], [0, 221.27772521972656, 74.25495147705078, 228.19715881347656, 83.81458282470703, 0.34043431282043457]], "patched": [[0, 306.782958984375, 387.006103515625, 320.76361083984375, 419.5802001953125, 0.832862377166748], [0, 322.21435546875, 447.2010498046875, 339.3294677734375, 489.2412109375, 0.789508044719696], [0, 327.4954833984375, 194.75086975097656, 338.4085693359375, 207.92286682128906, 0.7859592437744141], [0, 283.620849609375, 179.55197143554688, 292.9267578125, 190.21258544921875, 0.7850682139396667], [0, 339.0831298828125, 258.855224609375, 351.20599365234375, 278.0604248046875, 0.775108277797699], [0, 252.6015625, 96.79296875, 259.82867431640625, 106.02999877929688, 0.7736031413078308], [0, 260.711669921875, 116.99946594238281, 268.9659423828125, 126.77482604980469, 0.7671383619308472], [0, 308.7052001953125, 185.73512268066406, 319.0374755859375, 198.6289520263672, 0.7456934452056885], [0, 420.5955810546875, 610.0235595703125, 441.8856201171875, 639.8470458984375, 0.7241589426994324], [0, 222.21673583984375, 97.2783432006836, 229.708740234375, 105.9568099975586, 0.7095416784286499], [0, 262.36334228515625, 158.59768676757812, 271.49200439453125, 168.84609985351562, 0.7072639465332031], [0, 234.97801208496094, 78.71319580078125, 241.39454650878906, 86.635986328125, 0.6853148937225342], [0, 318.14013671875, 204.1470947265625, 327.99365234375, 218.7197265625, 0.6711035370826721], [0, 220.06008911132812, 83.07316589355469, 228.01004028320312, 94.29283142089844, 0.6642308831214905], [2, 386.49200439453125, 364.97503662109375, 408.01617431640625, 415.48480224609375, 0.6177794337272644], [0, 328.316162109375, 159.83343505859375, 338.4962158203125, 172.66616821289062, 0.6135299205780029], [0, 291.78460693359375, 146.64881896972656, 301.59283447265625, 157.91004943847656, 0.5656126141548157], [0, 239.23190307617188, 130.0460968017578, 249.04043579101562, 146.2104034423828, 0.4337139427661896], [0, 221.2675018310547, 74.17121887207031, 228.2111358642578, 83.80247497558594, 0.33972710371017456], [0, 237.97186279296875, 172.41290283203125, 247.4949951171875, 181.813232421875, 0.339704692363739]]}