{"clean": [[3, 259.51654052734375, 428.16485595703125, 273.2965087890625, 485.34503173828125, 0.755312979221344], [0, 563.36767578125, 457.9383850097656, 585.060302734375, 472.8357238769531, 0.7472087144851685], [3, 224.93997192382812, 299.21697998046875, 244.42794799804688, 383.66387939453125, 0.7322084903717041], [0, 291.92755126953125, 390.74188232421875, 301.37774658203125, 425.55816650390625, 0.7228068709373474], [0, 279.040771484375, 626.3848876953125, 290.1669921875, 640.0, 0.654479444026947], [0, 451.6047668457031, 538.10791015625, 474.5431823730469, 559.62109375, 0.6047042012214661], [0, 592.1527709960938, 532.4053955078125, 616.6334838867188, 547.9508056640625, 0.5871309638023376], [0, 531.5450439453125, 457.0309143066406, 551.3358154296875, 471.5882263183594, 0.5379207730293274], [0, 524.4044189453125, 527.523681640625, 546.2813720703125, 544.5595703125, 0.4751878082752228], [0, 297.05743408203125, 570.9323120117188, 307.347412109375, 611.4409790039062, 0.4634605050086975], [0, 322.92645263671875, 407.2597351074219, 334.81500244140625, 445.2509460449219, 0.435782253742218], [0, 296.5594787597656, 268.72137451171875, 306.6070861816406, 299.25299072265625, 0.40642261505126953]], "patched": [[3, 259.48358154296875, 428.1229553222656, 273.44732666015625, 485.3299865722656, 0.7560136318206787], [3, 224.90882873535156, 299.203369140625, 244.44383239746094, 383.6812744140625, 0.7278590798377991], [0, 291.8480529785156, 390.74176025390625, 301.4891052246094, 425.51678466796875, 0.6996413469314575], [0, 278.95574951171875, 626.3712768554688, 290.25262451171875, 640.0, 0.6297537088394165], [1, 334.5450744628906, 506.56231689453125, 344.3815002441406, 530.0803833007812, 0.5620507597923279], [0, 592.104736328125, 532.373291015625, 616.696044921875, 548.026611328125, 0.5374072790145874], [0, 531.6031494140625, 456.94744873046875, 551.3583984375, 471.60784912109375, 0.49927839636802673], [0, 524.3763427734375, 527.597900390625, 546.1824951171875, 544.8153076171875, 0.45067381858825684], [0, 297.0632019042969, 571.041748046875, 307.3459777832031, 611.348388671875, 0.4326067268848419], [1, 334.392333984375, 527.1409301757812, 344.23309326171875, 550.6958618164062, 0.4159567952156067], [0, 334.37969970703125, 527.1180419921875, 344.1368408203125, 550.7301025390625, 0.4068543612957001], [0, 322.85546875, 407.2357177734375, 334.98388671875, 445.2398681640625, 0.40432024002075195], [0, 296.509521484375, 268.69049072265625, 306.6678466796875, 299.24951171875, 0.39015164971351624], [1, 563.3671875, 457.07135009765625, 585.142822265625, 472.39288330078125, 0.3069917857646942]]}