{"clean": [[0, 443.5518798828125, 318.4366760253906, 464.5072021484375, 369.0370788574219, 0.8704634308815002], [0, 428.2076416015625, 256.6385498046875, 446.0157470703125, 305.776123046875, 0.8342036008834839], [0, 416.68377685546875, 168.85284423828125, 431.02435302734375, 214.16864013671875, 0.8092190027236938], [0, 411.42791748046875, 352.9986572265625, 424.7420654296875, 407.9515380859375, 0.7917994260787964], [3, 380.24713134765625, 122.04580688476562, 399.44512939453125, 253.47357177734375, 0.7635661959648132], [3, 386.7069091796875, 272.20330810546875, 409.8487548828125, 414.93511962890625, 0.7213402390480042], [1, 268.53460693359375, 447.9337463378906, 283.01483154296875, 501.2264709472656, 0.692229688167572], [1, 397.16131591796875, 150.84967041015625, 409.15216064453125, 196.348876953125, 0.5109847784042358], [2, 263.43359375, 0.0, 280.843017578125, 23.38395118713379, 0.4208771288394928], [0, 268.84027099609375, 448.13031005859375, 282.96771240234375, 501.01275634765625, 0.26195770502090454], [3, 381.68572998046875, 125.97615051269531, 398.91485595703125, 225.5618438720703, 0.25088679790496826]], "patched": [[2, 443.64093017578125, 318.34991455078125, 464.05908203125, 369.14605712890625, 0.7492492198944092], [3, 380.590576171875, 122.19883728027344, 399.3626708984375, 253.30018615722656, 0.726861298084259], [1, 397.0572509765625, 167.6592559814453, 409.56060791015625, 196.3998565673828, 0.7140989303588867], [3, 387.0552978515625, 272.3646240234375, 409.804931640625, 414.884521484375, 0.7071483731269836], [0, 411.2801513671875, 352.97723388671875, 424.81768798828125, 386.68646240234375, 0.6692318320274353], [0, 416.85845947265625, 168.82760620117188, 430.81585693359375, 214.10693359375, 0.5608426928520203], [2, 263.5393981933594, 0.0, 280.8063049316406, 23.362293243408203, 0.549725353717804], [0, 411.38018798828125, 352.98114013671875, 425.27203369140625, 409.434814453125, 0.4863767623901367], [0, 428.25543212890625, 256.8700256347656, 443.77618408203125, 287.6980895996094, 0.42107707262039185], [1, 267.8402404785156, 448.054443359375, 282.3169860839844, 479.14166259765625, 0.4101329445838928], [0, 418.0758972167969, 186.05931091308594, 430.7411804199219, 214.34532165527344, 0.40518060326576233], [0, 268.49932861328125, 473.94482421875, 281.52423095703125, 501.24652099609375, 0.3977746069431305], [0, 411.9239807128906, 374.94268798828125, 425.6752014160156, 407.03460693359375, 0.3656504452228546], [1, 268.35467529296875, 474.9949951171875, 281.58465576171875, 501.315673828125, 0.3553764224052429], [0, 430.7960205078125, 275.51837158203125, 445.533447265625, 305.95416259765625, 0.3521994948387146], [0, 267.79669189453125, 448.033203125, 282.36468505859375, 479.9420166015625, 0.34574246406555176], [1, 428.143798828125, 256.78045654296875, 445.42724609375, 305.87799072265625, 0.32490628957748413], [0, 417.07257080078125, 168.98483276367188, 430.0999755859375, 196.93063354492188, 0.2653668224811554], [0, 428.123046875, 256.96026611328125, 445.954345703125, 305.99688720703125, 0.2514486610889435]]}