{"clean": [[0, 357.1217041015625, 160.6884765625, 396.9853515625, 211.86785888671875, 0.8871471285820007], [1, 86.1032485961914, 26.583738327026367, 114.38704681396484, 71.28915405273438, 0.877378523349762], [0, 388.9283447265625, 139.71426391601562, 432.12884521484375, 190.0897216796875, 0.8748806715011597], [0, 314.3717956542969, 137.78707885742188, 344.4533386230469, 181.52243041992188, 0.8626974821090698], [0, 292.01580810546875, 34.97727966308594, 319.31939697265625, 66.62796783447266, 0.860605001449585], [0, 67.88909912109375, 150.05816650390625, 101.99838256835938, 216.3843994140625, 0.8555055260658264], [0, 403.27294921875, 85.05840301513672, 454.3818359375, 120.2614517211914, 0.8465223908424377], [0, 383.82666015625, 63.53330993652344, 432.4500732421875, 95.94134521484375, 0.8319342136383057], [0, 280.06109619140625, 9.503776550292969, 306.09808349609375, 38.049232482910156, 0.818413496017456], [0, 308.78271484375, 0.054126739501953125, 329.329345703125, 20.287906646728516, 0.7304401397705078], [0, 336.2479248046875, 119.59300994873047, 367.9447021484375, 164.2916259765625, 0.7043187618255615], [0, 509.8695068359375, 216.96865844726562, 573.468505859375, 260.8008117675781, 0.7037385106086731], [0, 385.08392333984375, 39.83799743652344, 422.39971923828125, 64.97642517089844, 0.7011356949806213], [0, 268.93768310546875, 0.0, 293.6583251953125, 10.769414901733398, 0.6920514702796936], [3, 231.53900146484375, 42.436248779296875, 292.47821044921875, 183.63369750976562, 0.6816483736038208], [0, 314.49676513671875, 17.297767639160156, 337.08807373046875, 45.90443420410156, 0.6755338907241821], [2, 505.54803466796875, 251.19911193847656, 613.7691040039062, 327.9859619140625, 0.6369644403457642], [4, 472.84869384765625, 117.67105102539062, 484.68878173828125, 137.91940307617188, 0.4296334981918335], [2, 232.27052307128906, 41.9744873046875, 292.009033203125, 181.58816528320312, 0.31698930263519287]], "patched": [[1, 86.24755859375, 26.6544246673584, 114.34307861328125, 71.14318084716797, 0.8752616047859192], [0, 67.94499206542969, 150.19287109375, 101.82942199707031, 216.3594970703125, 0.8489339351654053], [0, 357.59710693359375, 160.98448181152344, 396.70794677734375, 211.3579864501953, 0.8093780875205994], [0, 314.1546630859375, 137.51736450195312, 343.7431640625, 181.11630249023438, 0.7878931164741516], [0, 272.3844299316406, 0.0, 293.5337829589844, 10.516465187072754, 0.6935929656028748], [2, 505.59918212890625, 252.10675048828125, 613.6874389648438, 327.89337158203125, 0.6594303250312805], [0, 336.38128662109375, 119.74261474609375, 367.70208740234375, 164.6917724609375, 0.6550126671791077], [3, 232.336181640625, 41.90196228027344, 291.9638671875, 183.38272094726562, 0.6428195834159851], [0, 509.6357421875, 217.16226196289062, 573.1341552734375, 260.011474609375, 0.6391314268112183], [0, 280.3670654296875, 9.51173210144043, 300.8736572265625, 29.622888565063477, 0.6108715534210205], [1, 389.20513916015625, 140.14691162109375, 432.01409912109375, 190.11041259765625, 0.5902019143104553], [0, 386.30828857421875, 39.83305358886719, 420.90972900390625, 56.906005859375, 0.548446774482727], [1, 404.3592529296875, 103.05320739746094, 451.4410400390625, 120.08811950683594, 0.518409252166748], [0, 389.2447509765625, 140.3054962158203, 431.964111328125, 190.01136779785156, 0.5111119151115417], [1, 403.6954345703125, 94.20932006835938, 453.52783203125, 120.103759765625, 0.4759719669818878], [0, 390.1915283203125, 63.206756591796875, 431.8729248046875, 82.72030639648438, 0.4408401548862457], [2, 232.45399475097656, 41.13301086425781, 291.9764404296875, 181.41021728515625, 0.43991780281066895], [0, 292.35498046875, 35.52552795410156, 313.849853515625, 53.3421630859375, 0.4394186735153198], [1, 384.8292236328125, 75.39959716796875, 416.3846435546875, 95.78689575195312, 0.40909838676452637], [0, 385.75067138671875, 48.41961669921875, 420.65838623046875, 64.24644470214844, 0.3974987864494324], [0, 292.47662353515625, 35.10527038574219, 319.29864501953125, 66.42078399658203, 0.3867189884185791], [4, 473.2295837402344, 117.63827514648438, 484.6626281738281, 137.13699340820312, 0.37323030829429626], [1, 292.2211608886719, 35.30181884765625, 318.9105529785156, 66.42559814453125, 0.3652912378311157], [1, 417.04693603515625, 92.28779602050781, 444.54888916015625, 103.73481750488281, 0.34662875533103943], [0, 404.0870361328125, 94.97079467773438, 441.0286865234375, 112.36595153808594, 0.3158838450908661], [0, 310.2676696777344, 4.9444427490234375, 323.1888732910156, 16.774065017700195, 0.3090536594390869], [1, 388.7262878417969, 63.37784957885742, 432.2457580566406, 83.68708801269531, 0.29535800218582153], [1, 313.24822998046875, 16.29383087158203, 333.58197021484375, 44.06824493408203, 0.2821182608604431], [0, 385.316650390625, 43.729454040527344, 419.590576171875, 63.14232635498047, 0.2666221559047699]]}