{"clean": [[1, 384.0229797363281, 212.34437561035156, 450.5124206542969, 316.1693115234375, 0.9004683494567871], [0, 337.7120361328125, 249.52313232421875, 387.493896484375, 320.09918212890625, 0.894227921962738], [0, 232.83737182617188, 86.52162170410156, 264.7734680175781, 128.92161560058594, 0.8787418007850647], [0, 251.3757781982422, 34.25895690917969, 282.20343017578125, 81.9254150390625, 0.840216338634491], [1, 160.712890625, 418.790771484375, 213.65228271484375, 546.3557739257812, 0.8336209654808044], [0, 222.78907775878906, 12.58364486694336, 245.5651397705078, 48.91073226928711, 0.8213784694671631], [1, 270.4974365234375, 74.77589416503906, 314.80511474609375, 147.62127685546875, 0.8103354573249817], [1, 400.9697265625, 396.407470703125, 477.5926513671875, 511.935791015625, 0.8030875325202942], [0, 183.2446746826172, 600.9422607421875, 235.1585235595703, 639.937255859375, 0.7757425308227539], [4, 598.5543212890625, 415.4039611816406, 631.5845947265625, 456.3637390136719, 0.7587533593177795], [0, 158.94451904296875, 35.743202209472656, 189.3846435546875, 73.94046783447266, 0.7052192091941833], [0, 139.11915588378906, 229.80361938476562, 179.3081512451172, 301.3797302246094, 0.6878523230552673], [0, 233.34970092773438, 0.0, 253.53762817382812, 8.743538856506348, 0.5563104748725891], [0, 131.76779174804688, 320.1646728515625, 191.68142700195312, 416.0374755859375, 0.5072745084762573], [0, 297.642578125, 144.6224822998047, 326.9114990234375, 186.32740783691406, 0.5001072883605957], [3, 59.51955032348633, 95.1751480102539, 161.9981231689453, 214.99728393554688, 0.2847977876663208]], "patched": [[1, 384.2027587890625, 212.17608642578125, 450.6075439453125, 316.0340576171875, 0.888809859752655], [1, 160.72265625, 417.47021484375, 213.79238891601562, 546.4317626953125, 0.8515395522117615], [1, 400.90863037109375, 396.39691162109375, 477.64837646484375, 511.97607421875, 0.832971453666687], [1, 152.10577392578125, 351.0357360839844, 181.51046752929688, 365.7748718261719, 0.7600052356719971], [0, 251.90870666503906, 34.480804443359375, 282.059326171875, 81.41889190673828, 0.7569659948348999], [1, 128.51467895507812, 184.39419555664062, 154.67507934570312, 197.29513549804688, 0.7445335388183594], [0, 159.709716796875, 36.08921813964844, 189.21954345703125, 73.70036315917969, 0.7429143786430359], [4, 598.7734375, 415.3363952636719, 631.6444091796875, 456.3069152832031, 0.7206370830535889], [1, 114.98214721679688, 129.526611328125, 139.41421508789062, 143.7254638671875, 0.7130738496780396], [1, 152.1156463623047, 359.71661376953125, 181.2540740966797, 374.87506103515625, 0.7107912302017212], [1, 130.74664306640625, 179.3330841064453, 155.13671875, 190.5438995361328, 0.7079266905784607], [0, 148.0619354248047, 277.8995361328125, 178.7432403564453, 301.9605712890625, 0.7029033899307251], [1, 338.7069396972656, 265.95965576171875, 377.6802673339844, 284.09405517578125, 0.6884899139404297], [1, 127.34005737304688, 193.05247497558594, 154.2137451171875, 205.66319274902344, 0.6869751214981079], [1, 145.1539306640625, 267.11505126953125, 171.33364868164062, 281.27459716796875, 0.6679737567901611], [1, 116.75379180908203, 122.98323059082031, 140.47540283203125, 135.08583068847656, 0.6675190329551697], [2, 270.3965759277344, 74.360107421875, 315.0257873535156, 148.13890075683594, 0.667009174823761], [1, 151.38851928710938, 369.59307861328125, 180.22311401367188, 385.04644775390625, 0.6628158688545227], [1, 343.79534912109375, 277.8153076171875, 377.30535888671875, 294.642822265625, 0.6438278555870056], [1, 116.53277587890625, 117.3450927734375, 141.07147216796875, 128.90208435058594, 0.6408098936080933], [0, 223.6484375, 16.60270881652832, 244.87374877929688, 48.98149108886719, 0.6387408375740051], [1, 114.83285522460938, 91.22807312011719, 135.5741424560547, 102.65760803222656, 0.6223517060279846], [1, 116.28919982910156, 81.46180725097656, 135.64764404296875, 91.76747131347656, 0.599120557308197], [1, 236.25473022460938, 106.96318054199219, 264.3435363769531, 128.31814575195312, 0.5782269835472107], [0, 234.3224639892578, 0.0, 252.3785858154297, 8.471535682678223, 0.5774162411689758], [1, 144.0460205078125, 259.9388732910156, 172.2843017578125, 273.9757995605469, 0.5333157777786255], [1, 183.61126708984375, 620.429931640625, 218.16229248046875, 639.509033203125, 0.5269936919212341], [1, 344.7196044921875, 288.41864013671875, 377.49969482421875, 305.03558349609375, 0.5244048833847046], [1, 233.13742065429688, 87.85983276367188, 258.53118896484375, 108.51766967773438, 0.5105279684066772], [1, 297.6053466796875, 148.3206329345703, 321.1461181640625, 164.91685485839844, 0.4788151681423187], [1, 114.65444946289062, 86.10346984863281, 135.24771118164062, 96.2237548828125, 0.47550898790359497], [1, 144.66665649414062, 253.30206298828125, 173.07818603515625, 265.565185546875, 0.4267578423023224], [0, 355.6497802734375, 298.726318359375, 387.29498291015625, 320.2952880859375, 0.4091111719608307], [0, 0.014703750610351562, 40.68438720703125, 13.320268630981445, 68.30279541015625, 0.4061874747276306], [1, 186.20291137695312, 614.0408935546875, 219.69284057617188, 628.404296875, 0.34918469190597534], [1, 299.071533203125, 165.4512939453125, 320.2745361328125, 176.8477783203125, 0.33279407024383545], [1, 298.2496337890625, 159.44244384765625, 320.75067138671875, 171.02227783203125, 0.31824052333831787], [1, 116.05499267578125, 47.40682601928711, 133.22547912597656, 56.76997756958008, 0.31523397564888], [0, 338.0785827636719, 249.97250366210938, 375.3479309082031, 274.7673645019531, 0.2711988091468811]]}