{"clean": [[0, 384.6400451660156, 453.76947021484375, 404.8334655761719, 512.1323852539062, 0.7593674659729004], [3, 229.0714111328125, 65.38560485839844, 257.68792724609375, 122.29454040527344, 0.7411604523658752]], "patched": [[3, 229.05999755859375, 65.35820770263672, 257.31494140625, 122.30504608154297, 0.7558003664016724], [2, 384.6832275390625, 476.86614990234375, 402.7135009765625, 511.96405029296875, 0.3738693296909332], [0, 384.9294128417969, 476.6942138671875, 402.9409484863281, 511.6126708984375, 0.3245358169078827]]}