{"clean": [[0, 445.60028076171875, 189.42788696289062, 459.66448974609375, 234.97555541992188, 0.7805043458938599], [0, 273.2943115234375, 421.8199462890625, 289.589599609375, 476.9246826171875, 0.7765629291534424], [1, 341.16748046875, 162.03366088867188, 353.3026123046875, 204.44570922851562, 0.7598134279251099], [0, 413.2666320800781, 220.67120361328125, 428.4201965332031, 267.04315185546875, 0.7482649683952332], [1, 407.81427001953125, 39.287498474121094, 421.70733642578125, 82.13700866699219, 0.7475579380989075], [0, 363.9632568359375, 291.64581298828125, 377.7762451171875, 340.13934326171875, 0.7350274920463562], [1, 395.0806884765625, 272.49627685546875, 409.2342529296875, 327.23858642578125, 0.7344492077827454], [0, 340.75274658203125, 435.3338623046875, 355.18182373046875, 492.741455078125, 0.7272281050682068], [1, 370.14208984375, 63.95233154296875, 383.587890625, 101.78395080566406, 0.7185760736465454], [0, 272.1863098144531, 175.76751708984375, 285.1437683105469, 213.27584838867188, 0.6897273063659668], [0, 474.06280517578125, 279.38616943359375, 489.01470947265625, 329.69915771484375, 0.6860944628715515], [0, 616.9197387695312, 255.36370849609375, 639.9331665039062, 282.0465087890625, 0.6736459732055664], [1, 484.9649963378906, 422.83258056640625, 501.9707946777344, 484.61358642578125, 0.5991919040679932], [0, 393.77117919921875, 105.76773071289062, 408.13848876953125, 146.79266357421875, 0.588656485080719], [1, 333.6317138671875, 3.4099655151367188, 346.951416015625, 34.385772705078125, 0.5727199912071228], [3, 524.458740234375, 512.1793212890625, 543.9400634765625, 580.2034912109375, 0.5482698678970337], [1, 524.75830078125, 512.3507080078125, 543.977294921875, 580.4842529296875, 0.47170642018318176], [1, 393.725830078125, 105.91316223144531, 408.149658203125, 146.9618682861328, 0.27973535656929016]], "patched": [[2, 445.3298034667969, 189.01071166992188, 459.8426208496094, 235.35421752929688, 0.7668903470039368], [2, 339.71087646484375, 435.15594482421875, 355.26483154296875, 493.15155029296875, 0.7616777420043945], [3, 524.89404296875, 512.625732421875, 543.806884765625, 579.87744140625, 0.7218573093414307], [2, 393.52008056640625, 105.5196533203125, 407.59173583984375, 146.86529541015625, 0.7160371541976929], [1, 369.8580627441406, 64.01971435546875, 383.6103210449219, 101.49383544921875, 0.7059064507484436], [1, 395.24505615234375, 272.41949462890625, 409.23406982421875, 327.00616455078125, 0.6864309906959534], [3, 407.73486328125, 39.14263153076172, 421.5152587890625, 82.08911895751953, 0.6792184114456177], [0, 273.1238708496094, 194.04409790039062, 284.9810485839844, 213.24246215820312, 0.5862935781478882], [1, 413.80316162109375, 241.5167236328125, 427.94378662109375, 267.5016784667969, 0.5851055383682251], [2, 474.1104736328125, 279.9984130859375, 489.4923095703125, 329.947021484375, 0.5834381580352783], [0, 364.38720703125, 315.3516540527344, 377.2352294921875, 340.4423522949219, 0.5790442824363708], [2, 272.94384765625, 422.0348205566406, 289.77423095703125, 476.9898376464844, 0.5725626945495605], [2, 616.9635009765625, 253.31692504882812, 639.9794921875, 281.8622741699219, 0.5681614875793457], [2, 333.53558349609375, 3.3612213134765625, 346.20361328125, 34.11644744873047, 0.5452708601951599], [1, 484.1868591308594, 422.57989501953125, 501.2657775878906, 484.55560302734375, 0.5430344939231873], [2, 341.73138427734375, 183.379638671875, 352.81756591796875, 204.31484985351562, 0.5025872588157654], [1, 413.26153564453125, 220.74050903320312, 427.85723876953125, 249.32119750976562, 0.47523096203804016], [1, 370.1177978515625, 63.872581481933594, 381.701416015625, 87.14861297607422, 0.4742361605167389], [0, 363.6256103515625, 291.4898376464844, 376.9085693359375, 317.9283752441406, 0.4715721309185028], [2, 526.331787109375, 218.12969970703125, 548.56640625, 260.0038757324219, 0.4674530625343323], [0, 413.3140869140625, 220.61317443847656, 427.53118896484375, 249.6667938232422, 0.4256819188594818], [1, 413.49749755859375, 221.99838256835938, 427.98846435546875, 267.4573974609375, 0.3983635902404785], [1, 363.6365966796875, 291.61907958984375, 376.9649658203125, 319.05364990234375, 0.34412339329719543], [2, 271.2572326660156, 174.41775512695312, 283.8724670410156, 213.49575805664062, 0.3333725333213806], [1, 474.50799560546875, 279.224609375, 489.07470703125, 311.547607421875, 0.3330094814300537], [2, 393.81561279296875, 105.42668151855469, 407.13006591796875, 130.4747772216797, 0.3253072500228882], [0, 272.99298095703125, 444.856201171875, 287.7852783203125, 477.054931640625, 0.3147974908351898], [0, 341.2452392578125, 161.91802978515625, 351.9090576171875, 185.60174560546875, 0.30952224135398865], [2, 341.2626953125, 161.92848205566406, 352.2783203125, 189.8774871826172, 0.2816500961780548], [1, 364.0918884277344, 315.95770263671875, 377.2889099121094, 340.32623291015625, 0.25032296776771545]]}