{"clean": [[0, 55.97682189941406, 232.73953247070312, 75.03923034667969, 258.1568908691406, 0.8366013765335083], [0, 93.82273864746094, 215.69876098632812, 114.37532043457031, 239.13327026367188, 0.8303751349449158], [0, 115.29238891601562, 166.17852783203125, 133.4498291015625, 186.45025634765625, 0.8189890384674072], [0, 98.04911804199219, 170.2635498046875, 115.41459655761719, 191.20144653320312, 0.8113419413566589], [0, 237.1845703125, 85.87251281738281, 252.392822265625, 108.5185546875, 0.7997146248817444], [0, 169.52239990234375, 242.56777954101562, 197.52407836914062, 278.4355773925781, 0.797744870185852], [0, 197.70468139648438, 32.453033447265625, 209.67434692382812, 45.4532470703125, 0.7940283417701721], [1, 134.15036010742188, 207.05923461914062, 158.64251708984375, 238.39901733398438, 0.7742501497268677], [0, 292.3695068359375, 129.39208984375, 319.6494140625, 166.64987182617188, 0.6365669369697571], [2, 381.20428466796875, 119.93037414550781, 425.76336669921875, 139.6759796142578, 0.5924056172370911], [0, 286.01458740234375, 83.47137451171875, 303.46685791015625, 102.37734985351562, 0.5270106792449951], [0, 339.1073913574219, 334.35491943359375, 367.0342102050781, 360.58184814453125, 0.5254777669906616], [0, 336.4997863769531, 126.1162109375, 365.3582458496094, 142.75946044921875, 0.4708104133605957], [1, 441.0082092285156, 148.91986083984375, 456.8501281738281, 179.11761474609375, 0.4310469925403595], [0, 107.20262145996094, 78.02120971679688, 119.57762145996094, 88.87248229980469, 0.4126603901386261], [0, 292.7545166015625, 72.5562744140625, 305.6177978515625, 85.41525268554688, 0.3730594217777252], [0, 134.28182983398438, 207.00840759277344, 158.40350341796875, 237.92039489746094, 0.35804763436317444], [0, 1.7150545120239258, 58.017723083496094, 11.985113143920898, 69.92918395996094, 0.320790559053421], [0, 256.8863525390625, 18.032974243164062, 269.936279296875, 36.397727966308594, 0.3088666498661041], [0, 619.0469970703125, 172.5841064453125, 635.5401611328125, 196.035888671875, 0.29088661074638367], [0, 604.651123046875, 173.65982055664062, 616.9501953125, 194.63619995117188, 0.273126482963562], [0, 438.7115783691406, 112.24798583984375, 467.4386901855469, 129.0967254638672, 0.2501872777938843]], "patched": [[0, 115.34609985351562, 166.21688842773438, 133.38446044921875, 186.38632202148438, 0.817053496837616], [0, 237.20944213867188, 85.89431762695312, 252.35183715820312, 108.50143432617188, 0.7976316213607788], [0, 98.15861511230469, 170.3043212890625, 115.29862976074219, 191.13034057617188, 0.7969151735305786], [0, 197.71417236328125, 32.443416595458984, 209.67269897460938, 45.45856857299805, 0.7925321459770203], [1, 134.25067138671875, 206.99099731445312, 158.29336547851562, 237.96542358398438, 0.7835031151771545], [0, 93.81962585449219, 214.74911499023438, 114.10975646972656, 238.13473510742188, 0.7689124941825867], [0, 56.759769439697266, 232.60287475585938, 74.72488403320312, 257.1203308105469, 0.7551702857017517], [1, 564.4229736328125, 354.204345703125, 602.05322265625, 373.0164794921875, 0.7221922874450684], [1, 566.4144287109375, 365.09967041015625, 602.4783935546875, 384.23895263671875, 0.7101061940193176], [1, 565.2406005859375, 345.3608093261719, 602.8499755859375, 362.7605285644531, 0.6710012555122375], [0, 292.37103271484375, 129.37835693359375, 319.63665771484375, 166.6419677734375, 0.6022801995277405], [2, 381.510009765625, 120.20906829833984, 425.5740966796875, 139.42935180664062, 0.5831599831581116], [0, 339.21356201171875, 334.34979248046875, 366.99212646484375, 360.57330322265625, 0.5630864500999451], [0, 286.1641845703125, 83.51414489746094, 303.358642578125, 102.35269165039062, 0.5122050642967224], [0, 336.88751220703125, 126.14502716064453, 365.39263916015625, 142.76849365234375, 0.49469491839408875], [0, 168.43728637695312, 241.52490234375, 196.35763549804688, 279.4481201171875, 0.4469316303730011], [1, 441.05120849609375, 148.9246826171875, 456.82623291015625, 179.13491821289062, 0.4213656783103943], [0, 107.210205078125, 78.01412200927734, 119.57283020019531, 88.87639617919922, 0.4192435145378113], [0, 292.7581787109375, 72.55697631835938, 305.6004638671875, 85.48355102539062, 0.38235098123550415], [0, 1.7102890014648438, 58.00592803955078, 11.988649368286133, 69.94718933105469, 0.3077901303768158], [0, 256.88519287109375, 17.92200469970703, 269.95892333984375, 36.414649963378906, 0.30634453892707825], [0, 619.2628173828125, 172.9805908203125, 635.2418212890625, 196.32809448242188, 0.280795156955719], [0, 168.899169921875, 241.88430786132812, 193.6505126953125, 266.9693298339844, 0.27155739068984985], [1, 426.65863037109375, 148.23361206054688, 441.0833740234375, 178.78018188476562, 0.2546519339084625]]}