{"clean": [[0, 402.808837890625, 580.6929931640625, 439.255126953125, 626.1536865234375, 0.9016005396842957], [0, 45.394256591796875, 102.53945922851562, 56.24812316894531, 118.02175903320312, 0.8076757788658142], [0, 43.52798080444336, 345.11260986328125, 60.21969985961914, 383.67767333984375, 0.8067107796669006], [0, 107.39738464355469, 304.95697021484375, 124.9813232421875, 344.85089111328125, 0.8031305074691772], [0, 57.95458984375, 218.49514770507812, 70.69734191894531, 240.66287231445312, 0.8008014559745789], [0, 30.421512603759766, 143.52261352539062, 44.6831169128418, 167.85272216796875, 0.7951540350914001], [0, 363.43157958984375, 166.63421630859375, 374.50738525390625, 184.9107666015625, 0.7929773330688477], [0, 67.43377685546875, 3.471785068511963, 77.16213989257812, 19.24281883239746, 0.7919027805328369], [0, 35.69934844970703, 20.471847534179688, 45.107505798339844, 33.84891128540039, 0.7614451050758362], [0, 74.5952377319336, 434.353515625, 93.28099822998047, 479.0992431640625, 0.7585117816925049], [0, 355.91583251953125, 543.7255859375, 371.50665283203125, 596.65625, 0.7565675377845764], [0, 417.8818359375, 12.10055923461914, 427.142578125, 25.09481430053711, 0.7512528896331787], [4, 39.61703109741211, 51.577857971191406, 45.633358001708984, 62.07428741455078, 0.7512190937995911], [0, 367.8123474121094, 130.4046173095703, 377.2874450683594, 142.7067413330078, 0.7286481857299805], [0, 379.81341552734375, 132.19577026367188, 388.62432861328125, 144.75790405273438, 0.7259871959686279], [0, 383.7884521484375, 28.916248321533203, 392.289306640625, 42.3781852722168, 0.663159191608429], [4, 26.40520477294922, 21.341510772705078, 31.66375732421875, 32.73063659667969, 0.622721254825592], [2, 419.30108642578125, 0.0, 429.46026611328125, 11.97889518737793, 0.44814229011535645], [0, 360.5938720703125, 98.41590118408203, 370.6365966796875, 114.18758392333984, 0.3267338275909424], [0, 381.613525390625, 491.6231994628906, 395.527587890625, 511.6491394042969, 0.31339648365974426]], "patched": [[0, 45.508216857910156, 102.5660171508789, 56.21086883544922, 117.96312713623047, 0.8087316751480103], [0, 58.1284294128418, 218.60687255859375, 70.63395690917969, 240.603759765625, 0.8087153434753418], [0, 363.50836181640625, 166.6253204345703, 374.44769287109375, 184.8548126220703, 0.7934118509292603], [0, 67.45198059082031, 3.4776973724365234, 77.14259338378906, 19.219928741455078, 0.7931579351425171], [0, 30.571292877197266, 143.63238525390625, 44.62209701538086, 167.83721923828125, 0.7911734580993652], [0, 35.732177734375, 20.446414947509766, 45.090118408203125, 33.7703971862793, 0.7631316184997559], [4, 39.64731979370117, 51.57098388671875, 45.60391616821289, 61.95811462402344, 0.7584812641143799], [0, 417.8927001953125, 12.06688117980957, 427.12908935546875, 25.09282875061035, 0.752316951751709], [0, 379.8482666015625, 132.2525634765625, 388.60986328125, 144.75970458984375, 0.7295474410057068], [0, 367.83428955078125, 130.4303741455078, 377.27191162109375, 142.7067413330078, 0.7229174375534058], [0, 383.80413818359375, 28.88037872314453, 392.2939453125, 42.38105773925781, 0.6643187403678894], [4, 26.397186279296875, 21.29410171508789, 31.66797637939453, 32.72156524658203, 0.6352674961090088], [0, 74.38508605957031, 433.95770263671875, 92.25996398925781, 478.9241943359375, 0.6244598031044006], [3, 355.8521728515625, 542.331787109375, 371.977783203125, 596.033935546875, 0.6160239577293396], [0, 381.6641845703125, 491.7615051269531, 395.2301025390625, 511.6274719238281, 0.5328632593154907], [0, 43.76027297973633, 344.0743103027344, 59.754520416259766, 383.5229187011719, 0.5188824534416199], [1, 409.23345947265625, 599.98095703125, 438.94964599609375, 626.51708984375, 0.45542848110198975], [2, 419.3147277832031, 0.0, 429.4233093261719, 11.982145309448242, 0.4399957060813904], [0, 107.1693115234375, 303.7310791015625, 123.95893859863281, 344.4833984375, 0.40517231822013855], [0, 403.462646484375, 589.0169677734375, 431.1131591796875, 606.5255126953125, 0.37491685152053833], [0, 360.59246826171875, 98.41627502441406, 370.65753173828125, 114.21443176269531, 0.34874412417411804], [3, 107.23883056640625, 303.8445129394531, 123.94256591796875, 344.1375427246094, 0.30153635144233704]]}