{"clean": [[0, 306.67218017578125, 245.76016235351562, 319.11126708984375, 269.1545715332031, 0.829753041267395], [0, 328.2325134277344, 202.140869140625, 339.2970275878906, 224.12884521484375, 0.8182638883590698], [0, 330.78717041015625, 358.58026123046875, 345.87945556640625, 396.4635009765625, 0.7736568450927734], [0, 392.74176025390625, 106.43597412109375, 402.35882568359375, 124.44796752929688, 0.7704691886901855], [0, 355.18353271484375, 147.3088836669922, 365.51165771484375, 166.09104919433594, 0.7632418274879456], [0, 405.41302490234375, 446.905517578125, 427.83563232421875, 508.7762451171875, 0.7398837208747864], [0, 400.90582275390625, 66.84144592285156, 409.99810791015625, 82.12608337402344, 0.7347768545150757], [0, 415.17889404296875, 9.14118766784668, 423.82135009765625, 20.729116439819336, 0.7123996615409851], [0, 319.1128234863281, 70.2935791015625, 331.0691833496094, 87.55264282226562, 0.5865892171859741], [0, 424.97808837890625, 0.030251502990722656, 434.32598876953125, 4.558569431304932, 0.5535083413124084], [2, 388.9985656738281, 9.712287902832031, 406.0313415527344, 47.34662628173828, 0.3449399769306183], [0, 354.6358642578125, 35.2147331237793, 363.1661376953125, 44.9166145324707, 0.33415621519088745], [3, 319.0665588378906, 69.89456176757812, 331.0715637207031, 87.55380249023438, 0.32977649569511414], [0, 478.35418701171875, 139.4403533935547, 496.02825927734375, 152.7398223876953, 0.2942379415035248], [4, 354.44366455078125, 35.38605499267578, 363.14300537109375, 44.980613708496094, 0.2525935769081116]], "patched": [[0, 306.7459716796875, 245.8201141357422, 319.015869140625, 269.09356689453125, 0.8313037753105164], [0, 328.3253173828125, 202.20066833496094, 339.19122314453125, 224.02037048339844, 0.8218165636062622], [0, 392.7879943847656, 106.48370361328125, 402.3274841308594, 124.43144226074219, 0.7687598466873169], [0, 355.241455078125, 147.44140625, 365.433349609375, 166.06622314453125, 0.7639186978340149], [0, 400.9190368652344, 66.86790466308594, 409.9371643066406, 82.1234130859375, 0.7392465472221375], [0, 415.2002258300781, 9.139211654663086, 423.8042907714844, 20.725950241088867, 0.7088192105293274], [0, 409.011962890625, 476.1916809082031, 426.8438720703125, 509.0019226074219, 0.6828819513320923], [0, 319.1275634765625, 70.28388214111328, 331.060302734375, 87.54901885986328, 0.5712710618972778], [0, 424.9959716796875, 0.029969215393066406, 434.339599609375, 4.5682220458984375, 0.5530057549476624], [0, 330.4291687011719, 358.2342529296875, 345.7275085449219, 396.4119873046875, 0.4841245412826538], [2, 388.9902648925781, 9.729434967041016, 406.0008850097656, 47.35845184326172, 0.34569790959358215], [3, 319.08746337890625, 69.88448333740234, 331.064697265625, 87.55423736572266, 0.34073686599731445], [0, 354.66815185546875, 35.24507522583008, 363.14715576171875, 44.90714645385742, 0.332940012216568], [0, 478.3447265625, 139.45187377929688, 496.0660400390625, 152.77352905273438, 0.29604700207710266], [4, 354.47015380859375, 35.40547561645508, 363.12530517578125, 44.96902084350586, 0.2698720693588257], [0, 447.62158203125, 220.84182739257812, 464.39190673828125, 231.84014892578125, 0.253032922744751]]}