{"clean": [[0, 169.3480987548828, 172.4392852783203, 186.6082000732422, 188.89540100097656, 0.8084575533866882], [0, 119.59906005859375, 86.78960418701172, 132.0084228515625, 100.89649200439453, 0.777742326259613], [0, 231.6168212890625, 152.58480834960938, 249.7064208984375, 167.36361694335938, 0.7746370434761047], [0, 219.62115478515625, 206.5458984375, 236.40008544921875, 222.8782958984375, 0.7641518115997314], [0, 69.84346771240234, 95.9310302734375, 83.14061737060547, 112.7918701171875, 0.7385766506195068], [0, 518.7901611328125, 225.95620727539062, 536.5447998046875, 237.50704956054688, 0.7351207137107849], [0, 347.88214111328125, 240.77593994140625, 363.21063232421875, 252.49176025390625, 0.7100232839584351], [0, 518.4714965820312, 212.8051300048828, 535.2908325195312, 223.6886749267578, 0.69024658203125], [0, 160.35867309570312, 123.43305969238281, 176.76095581054688, 138.59764099121094, 0.6839693188667297], [0, 90.0175552368164, 34.85920333862305, 102.3328628540039, 49.140445709228516, 0.6740624308586121], [3, 340.9376220703125, 192.777587890625, 376.4825439453125, 217.21820068359375, 0.644690990447998], [0, 440.5753173828125, 214.87399291992188, 466.0491943359375, 229.28201293945312, 0.6107516288757324], [0, 474.2514953613281, 203.89743041992188, 489.2201843261719, 214.10958862304688, 0.5214215517044067], [0, 474.0214538574219, 209.220947265625, 489.7799987792969, 216.84765625, 0.49030783772468567], [2, 585.5870971679688, 231.83729553222656, 626.1874389648438, 247.68894958496094, 0.47419267892837524], [0, 595.5594482421875, 223.1374969482422, 614.8131103515625, 234.60874938964844, 0.42567670345306396], [0, 541.2802734375, 294.27081298828125, 559.078857421875, 305.64239501953125, 0.3077046871185303], [0, 400.3936767578125, 210.32322692871094, 424.29913330078125, 221.6091766357422, 0.28394898772239685], [0, 210.8787841796875, 106.75152587890625, 226.43563842773438, 122.73574829101562, 0.27560174465179443], [0, 352.397705078125, 187.25750732421875, 367.3463134765625, 195.80352783203125, 0.2735089063644409], [4, 400.1629333496094, 210.88937377929688, 409.4104919433594, 218.41360473632812, 0.26363280415534973]], "patched": [[0, 169.34878540039062, 172.44137573242188, 186.60787963867188, 188.89431762695312, 0.8084259033203125], [0, 119.59861755371094, 86.7913818359375, 132.00701904296875, 100.89572143554688, 0.7776410579681396], [0, 231.61741638183594, 152.58477783203125, 249.7063446044922, 167.36358642578125, 0.7747046947479248], [0, 219.62112426757812, 206.54696655273438, 236.39718627929688, 222.87710571289062, 0.764262318611145], [0, 69.84313201904297, 95.93305969238281, 83.14058685302734, 112.79234313964844, 0.7384470105171204], [0, 518.7928466796875, 225.95947265625, 536.544921875, 237.50762939453125, 0.7355540990829468], [0, 347.8824462890625, 240.7762451171875, 363.2100830078125, 252.49017333984375, 0.7099133729934692], [0, 518.4714965820312, 212.80581665039062, 535.2908325195312, 223.68972778320312, 0.6900008320808411], [0, 160.35986328125, 123.43656921386719, 176.758056640625, 138.5967254638672, 0.6840245723724365], [0, 90.01837158203125, 34.862388610839844, 102.33381652832031, 49.139991760253906, 0.6738652586936951], [3, 340.93902587890625, 192.77783203125, 376.48272705078125, 217.21978759765625, 0.6445903182029724], [0, 440.574951171875, 214.87298583984375, 466.0501708984375, 229.2828369140625, 0.6104936003684998], [0, 474.25152587890625, 203.89883422851562, 489.22088623046875, 214.11019897460938, 0.5215024352073669], [0, 474.021240234375, 209.21998596191406, 489.781982421875, 216.84910583496094, 0.49057185649871826], [2, 585.5873413085938, 231.83840942382812, 626.1871948242188, 247.68991088867188, 0.4747284948825836], [0, 595.5603637695312, 223.13836669921875, 614.8128051757812, 234.60888671875, 0.42566969990730286], [0, 541.2803955078125, 294.2709655761719, 559.0987548828125, 305.6431579589844, 0.30832862854003906], [0, 400.3929748535156, 210.32296752929688, 424.2998962402344, 221.61041259765625, 0.28334468603134155], [0, 210.879150390625, 106.75192260742188, 226.43585205078125, 122.73558044433594, 0.27516329288482666], [0, 352.3982238769531, 187.2578125, 367.3457336425781, 195.80450439453125, 0.27387821674346924], [4, 400.162841796875, 210.88858032226562, 409.41082763671875, 218.41525268554688, 0.2634132206439972]]}