{"clean": [[0, 307.26416015625, 334.43145751953125, 338.103515625, 368.42852783203125, 0.9067943692207336], [0, 594.8569946289062, 465.94732666015625, 618.3814086914062, 521.4100952148438, 0.8544940948486328], [1, 598.2932739257812, 416.51806640625, 619.0029907226562, 462.294921875, 0.8518062233924866], [0, 354.7957763671875, 251.0731658935547, 382.94989013671875, 276.17633056640625, 0.8448889255523682], [0, 365.1536560058594, 321.553466796875, 386.1050720214844, 358.48834228515625, 0.8241305351257324], [0, 325.3389892578125, 303.0859680175781, 354.7716064453125, 333.9651794433594, 0.8213866353034973], [0, 370.33563232421875, 229.79788208007812, 395.72821044921875, 252.35983276367188, 0.8168058395385742], [0, 392.1529541015625, 189.96481323242188, 413.974853515625, 210.12088012695312, 0.8147128820419312], [0, 278.39849853515625, 425.6127624511719, 309.89703369140625, 466.1399230957031, 0.8125392198562622], [0, 316.34405517578125, 319.7821350097656, 345.93817138671875, 350.1009216308594, 0.8102142214775085], [0, 384.79168701171875, 202.43389892578125, 407.77886962890625, 228.28121948242188, 0.8002234697341919], [0, 430.6881103515625, 126.81536865234375, 453.5074462890625, 142.30667114257812, 0.7859520316123962], [0, 597.28271484375, 235.17681884765625, 615.43212890625, 264.10498046875, 0.7610046863555908], [4, 598.792724609375, 318.38739013671875, 605.54443359375, 333.144775390625, 0.453721284866333], [0, 584.929443359375, 217.27578735351562, 608.344970703125, 235.58749389648438, 0.3167327046394348], [0, 586.1436767578125, 199.8382110595703, 612.516845703125, 217.49400329589844, 0.28918954730033875], [3, 575.0214233398438, 544.0780029296875, 618.6417846679688, 639.8890380859375, 0.27958014607429504]], "patched": [[1, 598.4622802734375, 416.5849609375, 618.9879150390625, 462.191162109375, 0.852372407913208], [0, 597.7001342773438, 235.42654418945312, 615.4190063476562, 264.0644836425781, 0.7560350894927979], [0, 430.8858642578125, 126.7567138671875, 453.736328125, 142.01922607421875, 0.7550814747810364], [0, 308.22845458984375, 333.8629150390625, 345.28814697265625, 350.48779296875, 0.7123585939407349], [0, 325.02960205078125, 317.1181335449219, 354.60076904296875, 334.0870666503906, 0.6349958777427673], [1, 586.71142578125, 576.1949462890625, 613.937744140625, 588.9127197265625, 0.6183875799179077], [0, 595.8948974609375, 488.36602783203125, 617.4844970703125, 521.999267578125, 0.6035610437393188], [1, 585.9271850585938, 582.928466796875, 613.3269653320312, 595.5556640625, 0.6012808084487915], [1, 311.5762939453125, 346.631591796875, 337.6202392578125, 367.66943359375, 0.5784884095191956], [0, 596.021484375, 465.95123291015625, 616.795166015625, 501.16326904296875, 0.5282863974571228], [1, 589.9901123046875, 570.817138671875, 614.06298828125, 581.78564453125, 0.49714210629463196], [0, 595.8676147460938, 465.8753662109375, 617.2694702148438, 517.9642944335938, 0.4695780873298645], [0, 354.3299560546875, 254.50186157226562, 382.7425537109375, 275.8857727050781, 0.44304159283638], [4, 598.76025390625, 318.3691711425781, 605.552734375, 333.1677551269531, 0.436031699180603], [1, 384.9718933105469, 203.337158203125, 403.6151428222656, 218.87026977539062, 0.3896612823009491], [1, 595.866943359375, 465.80633544921875, 617.258056640625, 520.8598022460938, 0.38514962792396545], [1, 321.00628662109375, 325.8298034667969, 338.98565673828125, 336.2029113769531, 0.3421207666397095], [0, 310.700927734375, 345.67919921875, 337.725830078125, 368.2125244140625, 0.32764509320259094], [0, 307.8580627441406, 340.25762939453125, 331.1719665527344, 352.51824951171875, 0.3049210011959076], [1, 385.4891357421875, 212.75457763671875, 407.72479248046875, 228.28057861328125, 0.30047929286956787], [1, 307.8818359375, 334.404541015625, 345.0333251953125, 351.84552001953125, 0.3002467155456543], [1, 586.6466674804688, 578.5894775390625, 613.5150756835938, 594.3199462890625, 0.281410813331604], [0, 584.3128051757812, 217.60769653320312, 608.3060913085938, 235.61569213867188, 0.28131142258644104], [1, 307.8091125488281, 340.04498291015625, 331.6031799316406, 352.69244384765625, 0.27893146872520447], [1, 365.3319091796875, 321.8887634277344, 390.7435302734375, 358.8490905761719, 0.27226322889328003], [1, 283.8857116699219, 425.8326416015625, 309.8814392089844, 449.200927734375, 0.2632347643375397]]}