{"clean": [[0, 408.3544921875, 489.85546875, 452.2459716796875, 556.860595703125, 0.9132987856864929], [0, 365.24517822265625, 357.68475341796875, 405.19891357421875, 414.26812744140625, 0.9069131016731262], [0, 307.82000732421875, 238.63182067871094, 345.0509033203125, 293.49658203125, 0.9028293490409851], [0, 350.9207763671875, 327.4828796386719, 390.12677001953125, 380.9117126464844, 0.894946277141571], [0, 157.0340118408203, 193.5506591796875, 188.1323699951172, 242.03033447265625, 0.8897573947906494], [0, 294.4428405761719, 221.63641357421875, 330.8589172363281, 270.4716491699219, 0.8811001181602478], [0, 238.16146850585938, 114.06657409667969, 271.6033020019531, 161.42002868652344, 0.8754040002822876], [0, 391.7051696777344, 537.5206298828125, 422.0409240722656, 626.1773681640625, 0.7115963101387024], [4, 229.80625915527344, 83.2083740234375, 240.7269744873047, 101.30923461914062, 0.6803976893424988], [0, 215.52748107910156, 25.226043701171875, 236.36363220214844, 58.08027648925781, 0.6500007510185242], [4, 432.9681701660156, 442.8092041015625, 446.0404357910156, 460.086181640625, 0.4082770049571991], [4, 258.68206787109375, 142.00399780273438, 269.30438232421875, 159.18280029296875, 0.38479316234588623]], "patched": [[1, 393.60595703125, 574.0634155273438, 419.03857421875, 588.8589477539062, 0.7991870045661926], [1, 393.22613525390625, 582.8032836914062, 416.63299560546875, 596.3333129882812, 0.7746821045875549], [1, 418.3915100097656, 515.6068725585938, 444.3634948730469, 528.9839477539062, 0.7619129419326782], [1, 418.24420166015625, 523.142333984375, 444.70416259765625, 538.2606201171875, 0.7454553842544556], [1, 393.7336120605469, 566.866943359375, 418.7563781738281, 579.671142578125, 0.7395833730697632], [1, 409.16326904296875, 490.29449462890625, 446.0367431640625, 522.2451782226562, 0.7054647207260132], [1, 366.149169921875, 384.19073486328125, 394.2711181640625, 397.55999755859375, 0.6980915069580078], [0, 400.98846435546875, 592.306396484375, 421.83343505859375, 626.310302734375, 0.6934216618537903], [1, 238.17147827148438, 136.0081329345703, 264.71533203125, 161.03321838378906, 0.6854950189590454], [1, 308.2518005371094, 264.4167785644531, 336.4953308105469, 293.3031311035156, 0.6792630553245544], [1, 353.61492919921875, 348.24176025390625, 381.7236328125, 362.31353759765625, 0.6579561829566956], [1, 351.38970947265625, 354.19476318359375, 380.29791259765625, 380.32098388671875, 0.6327663064002991], [1, 295.4501647949219, 240.52090454101562, 345.0918884277344, 270.23675537109375, 0.6166873574256897], [1, 357.96209716796875, 342.38543701171875, 382.23809814453125, 353.48687744140625, 0.6163350343704224], [4, 229.9875946044922, 83.73310852050781, 240.7687530517578, 101.30430603027344, 0.6127772331237793], [1, 373.5028076171875, 373.210205078125, 396.21533203125, 384.834716796875, 0.6084464192390442], [1, 241.14947509765625, 115.27879333496094, 271.27435302734375, 139.58627319335938, 0.5869943499565125], [1, 370.70703125, 379.02337646484375, 394.9527587890625, 391.2366943359375, 0.5774267315864563], [0, 240.77398681640625, 114.53855895996094, 271.66754150390625, 139.5979766845703, 0.5287593007087708], [1, 313.8255615234375, 258.8358154296875, 337.0042724609375, 270.5306396484375, 0.5250799059867859], [1, 295.56964111328125, 247.13278198242188, 320.36273193359375, 265.6673278808594, 0.5207700133323669], [1, 418.4820556640625, 522.646484375, 451.6695556640625, 556.734130859375, 0.4825506806373596], [1, 301.05560302734375, 237.22433471679688, 322.71844482421875, 248.84292602539062, 0.47161009907722473], [0, 365.75457763671875, 392.55450439453125, 391.55535888671875, 414.1407470703125, 0.4602179527282715], [1, 157.42626953125, 193.97091674804688, 188.061279296875, 218.98184204101562, 0.4532817006111145], [4, 278.714111328125, 227.67623901367188, 286.5062255859375, 240.85086059570312, 0.4437023401260376], [0, 308.3275146484375, 263.62628173828125, 336.7874755859375, 293.52783203125, 0.4337707757949829], [0, 215.46917724609375, 25.599929809570312, 235.85968017578125, 57.95616912841797, 0.409200519323349], [1, 299.32342529296875, 243.52438354492188, 321.20330810546875, 254.10733032226562, 0.3808189630508423], [1, 215.47389221191406, 25.327796936035156, 236.13011169433594, 57.99993896484375, 0.3393707573413849], [1, 238.15957641601562, 133.2186737060547, 265.1416931152344, 147.6165008544922, 0.3205115497112274], [1, 357.681884765625, 334.2861328125, 385.08837890625, 353.6817626953125, 0.310110867023468], [1, 317.46185302734375, 253.089599609375, 341.57122802734375, 267.56512451171875, 0.2985481917858124], [0, 319.2293701171875, 238.93307495117188, 345.16485595703125, 267.1556701660156, 0.27118298411369324], [1, 238.37451171875, 125.63628387451172, 269.0877685546875, 161.1422119140625, 0.25638681650161743]]}