{"clean": [[3, 420.802490234375, 88.46916198730469, 446.6597900390625, 181.2559051513672, 0.8909767866134644], [3, 420.80133056640625, 8.868125915527344, 446.05267333984375, 84.6014175415039, 0.8692631721496582], [0, 270.97235107421875, 446.34954833984375, 290.65570068359375, 506.98944091796875, 0.8562654256820679], [0, 301.3338623046875, 388.6859130859375, 317.379150390625, 441.7342529296875, 0.8227035403251648], [3, 244.30227661132812, 295.87646484375, 276.8614807128906, 432.4168701171875, 0.8202975392341614], [0, 310.05499267578125, 123.00846862792969, 321.45989990234375, 152.8501739501953, 0.807262122631073], [3, 399.0323486328125, 0.0, 427.97015380859375, 13.17805004119873, 0.6908999085426331], [3, 270.0049133300781, 24.76287841796875, 286.9648742675781, 110.88784790039062, 0.6881318688392639], [0, 387.37591552734375, 220.61660766601562, 401.28057861328125, 247.52169799804688, 0.5518760085105896], [0, 389.113525390625, 205.10244750976562, 401.7952880859375, 221.74331665039062, 0.5413827896118164], [1, 293.3799133300781, 114.85704040527344, 304.4032897949219, 140.9254913330078, 0.5260912179946899], [0, 293.40057373046875, 114.87348937988281, 304.3690185546875, 141.06370544433594, 0.4980365037918091], [4, 384.014404296875, 467.69049072265625, 391.5830078125, 480.73223876953125, 0.4553516209125519]], "patched": [[3, 420.8057861328125, 88.46640014648438, 446.6539306640625, 181.25521850585938, 0.8909996151924133], [3, 420.801513671875, 8.869552612304688, 446.0509033203125, 84.60304260253906, 0.8693982362747192], [0, 270.9306640625, 446.3251953125, 290.604248046875, 506.989013671875, 0.8513264060020447], [0, 301.3336181640625, 388.6898193359375, 317.2857666015625, 441.70361328125, 0.8265746235847473], [3, 244.3187255859375, 295.89727783203125, 276.8585205078125, 432.41790771484375, 0.8198986649513245], [0, 310.05950927734375, 123.01019287109375, 321.45513916015625, 152.84609985351562, 0.8073087334632874], [3, 399.01641845703125, 0.0, 427.96844482421875, 13.176912307739258, 0.6910097002983093], [3, 270.00799560546875, 24.762645721435547, 286.9600830078125, 110.88240051269531, 0.6862246990203857], [0, 387.38470458984375, 220.62887573242188, 401.27520751953125, 247.5203857421875, 0.5547300577163696], [0, 389.1248779296875, 205.10726928710938, 401.79052734375, 221.73849487304688, 0.5454187393188477], [1, 293.3827819824219, 114.86122131347656, 304.3996887207031, 140.92222595214844, 0.5417364239692688], [0, 293.4051513671875, 114.8779296875, 304.3642578125, 141.0615997314453, 0.4828833341598511], [4, 384.006591796875, 467.70941162109375, 391.5845947265625, 480.75140380859375, 0.47463759779930115]]}