{"clean": [[0, 3.0510711669921875, 235.22865295410156, 25.949535369873047, 255.23374938964844, 0.817934513092041], [0, 496.46417236328125, 36.85267639160156, 522.2593383789062, 58.94805908203125, 0.8169646263122559], [0, 587.6182250976562, 366.5749816894531, 617.0421752929688, 395.6483459472656, 0.8113247752189636], [0, 498.5262756347656, 325.513916015625, 525.9815673828125, 354.96588134765625, 0.7935113310813904], [0, 510.8548583984375, 77.4281005859375, 535.902587890625, 93.6820068359375, 0.7916489243507385], [0, 450.8558349609375, 48.74623107910156, 472.32373046875, 67.22527313232422, 0.7840884327888489], [0, 546.97802734375, 18.61493682861328, 563.3399658203125, 48.58984375, 0.7794514298439026], [0, 159.23526000976562, 268.7043151855469, 181.96359252929688, 289.5818786621094, 0.7675638198852539], [0, 473.4334716796875, 28.558813095092773, 497.93408203125, 48.704917907714844, 0.7636604309082031], [0, 278.5833435058594, 326.916259765625, 304.7054138183594, 350.7320556640625, 0.7366204857826233], [0, 578.5362548828125, 40.50361633300781, 592.9237060546875, 70.46844482421875, 0.726909339427948], [0, 524.2835693359375, 39.27211380004883, 548.0548095703125, 59.53739547729492, 0.7046371102333069], [0, 539.509765625, 80.32688903808594, 564.279296875, 99.22807312011719, 0.6949538588523865], [0, 554.915283203125, 0.0, 566.848388671875, 17.421405792236328, 0.654434859752655], [0, 351.69012451171875, 246.89625549316406, 374.83740234375, 269.3406982421875, 0.6172364354133606], [0, 427.96649169921875, 386.540771484375, 453.0745849609375, 411.42877197265625, 0.6105140447616577], [1, 544.4281616210938, 516.7638549804688, 576.0884399414062, 547.3604125976562, 0.6026386022567749], [0, 513.157470703125, 62.979942321777344, 537.19140625, 78.67235565185547, 0.5897669196128845], [0, 115.16459655761719, 222.39486694335938, 140.88978576660156, 242.96743774414062, 0.5297490358352661], [0, 581.0650634765625, 6.661014556884766, 592.9910888671875, 39.478370666503906, 0.4938119053840637], [0, 568.2220458984375, 70.09674072265625, 586.9508056640625, 87.77059936523438, 0.3911375403404236], [0, 597.726318359375, 620.5467529296875, 628.734619140625, 639.9583740234375, 0.3373088538646698]], "patched": [[0, 3.0676231384277344, 235.49099731445312, 25.764875411987305, 254.82852172851562, 0.8203513026237488], [0, 450.9606628417969, 48.85675048828125, 472.1784362792969, 65.64341735839844, 0.7818326950073242], [0, 278.6353759765625, 327.00457763671875, 304.7908935546875, 350.83966064453125, 0.7620455622673035], [0, 161.02880859375, 268.8394470214844, 181.55670166015625, 289.4932556152344, 0.7568470239639282], [0, 510.3355712890625, 77.63441467285156, 535.9359130859375, 93.14265441894531, 0.7537248730659485], [0, 547.0731201171875, 18.52922821044922, 563.2320556640625, 48.386192321777344, 0.7315372228622437], [0, 498.7252197265625, 325.5480651855469, 525.8353271484375, 354.8846740722656, 0.7187696099281311], [0, 473.5377197265625, 28.727853775024414, 497.5157470703125, 48.511085510253906, 0.7186990976333618], [0, 578.573486328125, 40.55796813964844, 592.8359375, 70.43763732910156, 0.7122034430503845], [0, 351.8033142089844, 247.201904296875, 374.8047790527344, 269.381103515625, 0.7064709663391113], [0, 555.0621948242188, 0.0, 566.8200073242188, 17.390100479125977, 0.6444928646087646], [1, 544.452880859375, 516.7752685546875, 576.036865234375, 547.3975830078125, 0.6284751892089844], [0, 427.9436340332031, 386.38397216796875, 452.9476623535156, 411.32830810546875, 0.6272076368331909], [0, 496.50006103515625, 36.94548034667969, 522.25048828125, 58.87055969238281, 0.5986070036888123], [0, 587.8619384765625, 367.0135803222656, 616.5560302734375, 390.8641662597656, 0.535361647605896], [0, 513.3140258789062, 63.50025177001953, 537.0962524414062, 79.25006866455078, 0.5258198976516724], [0, 524.4666748046875, 44.228233337402344, 547.9217529296875, 59.62000274658203, 0.5249955654144287], [0, 597.9107666015625, 622.5013427734375, 628.4423828125, 639.87548828125, 0.4874173700809479], [0, 581.1346435546875, 6.670574188232422, 592.92919921875, 39.43498611450195, 0.47783780097961426], [0, 568.54931640625, 70.19100952148438, 586.921630859375, 87.2803955078125, 0.47466206550598145], [0, 116.47676086425781, 223.57818603515625, 140.9180145263672, 242.97900390625, 0.45334917306900024], [0, 524.5838623046875, 39.43705368041992, 546.3868408203125, 54.99727249145508, 0.3964839577674866], [0, 539.8956909179688, 80.41094970703125, 562.7465209960938, 94.94439697265625, 0.3826152980327606]]}