{"clean": [[0, 223.19003295898438, 285.2716064453125, 234.9202880859375, 311.220458984375, 0.84471195936203], [2, 189.95233154296875, 496.216064453125, 212.6239013671875, 548.3468017578125, 0.8407986164093018], [0, 203.85269165039062, 228.80503845214844, 220.85006713867188, 248.6842803955078, 0.8356094360351562], [2, 264.8069763183594, 250.21957397460938, 292.4905090332031, 345.6976013183594, 0.810847818851471], [0, 129.00082397460938, 333.7935485839844, 158.29837036132812, 353.7790832519531, 0.7914071679115295], [3, 224.66201782226562, 543.401123046875, 260.9344787597656, 639.878662109375, 0.7745007872581482], [1, 285.52362060546875, 133.1070098876953, 308.43377685546875, 155.83885192871094, 0.7742461562156677], [0, 347.36785888671875, 50.0950927734375, 356.380615234375, 62.193992614746094, 0.7624524235725403], [1, 381.94024658203125, 262.62896728515625, 393.87762451171875, 299.31756591796875, 0.7498969435691833], [0, 419.1011962890625, 112.44024658203125, 430.423095703125, 128.15655517578125, 0.716969907283783], [1, 118.58927917480469, 453.83978271484375, 141.85350036621094, 502.92010498046875, 0.6979095935821533], [0, 168.7175750732422, 121.26533508300781, 188.8398895263672, 131.36412048339844, 0.6204803586006165], [1, 361.42071533203125, 373.59881591796875, 372.81195068359375, 401.74884033203125, 0.5993406772613525], [0, 160.96412658691406, 202.03680419921875, 185.22373962402344, 218.68756103515625, 0.5383545756340027], [0, 94.38253784179688, 334.2508544921875, 125.66943359375, 353.083984375, 0.4824162721633911], [1, 359.79278564453125, 383.96875, 373.56268310546875, 424.2069091796875, 0.48165878653526306], [1, 328.33343505859375, 52.259151458740234, 337.28021240234375, 63.52492904663086, 0.47688645124435425], [3, 118.46283721923828, 453.9801330566406, 141.72198486328125, 503.0256042480469, 0.3404845595359802], [0, 360.129150390625, 397.607666015625, 373.41888427734375, 424.27880859375, 0.2687724232673645]], "patched": [[0, 223.20433044433594, 285.2801208496094, 234.91404724121094, 311.1935119628906, 0.8454568982124329], [0, 203.87655639648438, 228.83653259277344, 220.83685302734375, 248.6111297607422, 0.8390727639198303], [2, 264.818603515625, 250.2241973876953, 292.4908447265625, 345.68585205078125, 0.8114692568778992], [2, 189.98251342773438, 496.3426513671875, 212.55319213867188, 548.324462890625, 0.7987014055252075], [1, 285.52239990234375, 133.11009216308594, 308.43365478515625, 155.83958435058594, 0.7747104167938232], [3, 224.656005859375, 543.357666015625, 260.93902587890625, 639.876220703125, 0.7719153761863708], [0, 128.91653442382812, 333.9364013671875, 158.14920043945312, 353.6759033203125, 0.770195484161377], [0, 347.36907958984375, 50.096397399902344, 356.37860107421875, 62.19425964355469, 0.7622198462486267], [1, 381.93780517578125, 262.62908935546875, 393.87957763671875, 299.31658935546875, 0.7498219609260559], [0, 419.102294921875, 112.44093322753906, 430.42449951171875, 128.16200256347656, 0.7164221405982971], [1, 118.58738708496094, 453.83319091796875, 141.86277770996094, 502.92572021484375, 0.6858304738998413], [0, 168.71832275390625, 121.27093505859375, 188.8302001953125, 131.3616943359375, 0.6229874491691589], [1, 361.41961669921875, 373.59832763671875, 372.81439208984375, 401.75042724609375, 0.6021773815155029], [0, 94.47993469238281, 334.330322265625, 125.64811706542969, 353.0806884765625, 0.49465835094451904], [1, 359.79205322265625, 384.54248046875, 373.56103515625, 424.20556640625, 0.48176223039627075], [1, 328.33441162109375, 52.26123809814453, 337.27789306640625, 63.525482177734375, 0.47744134068489075], [1, 360.66912841796875, 373.38330078125, 373.022216796875, 423.00213623046875, 0.4654051661491394], [0, 160.23858642578125, 201.97572326660156, 185.11456298828125, 218.6256561279297, 0.44443172216415405], [3, 118.46385192871094, 453.97845458984375, 141.7279815673828, 503.02923583984375, 0.36068102717399597], [0, 360.12652587890625, 397.60821533203125, 373.42364501953125, 424.2794189453125, 0.27001726627349854]]}