{"clean": [[0, 262.05718994140625, 290.01629638671875, 284.84124755859375, 315.40032958984375, 0.8061943054199219], [0, 188.4731903076172, 344.81646728515625, 219.3174591064453, 373.77606201171875, 0.7818524241447449], [0, 229.33404541015625, 238.25003051757812, 246.0538330078125, 254.10299682617188, 0.776587188243866], [0, 169.31793212890625, 374.487060546875, 215.31585693359375, 400.98291015625, 0.7132433652877808], [0, 203.3658447265625, 216.54544067382812, 217.1402587890625, 232.95205688476562, 0.6509358882904053], [4, 371.42205810546875, 346.58905029296875, 383.377685546875, 362.71087646484375, 0.523473858833313], [0, 434.13262939453125, 551.1752319335938, 468.99273681640625, 592.9132690429688, 0.485772043466568], [0, 232.53924560546875, 278.84674072265625, 250.897705078125, 302.90240478515625, 0.4262576103210449], [4, 208.0076446533203, 243.32363891601562, 214.92088317871094, 254.05178833007812, 0.32940465211868286], [4, 434.2491455078125, 551.2891845703125, 469.04644775390625, 592.5584716796875, 0.32888728380203247], [0, 255.3292999267578, 382.3464050292969, 276.28594970703125, 398.0027770996094, 0.31529027223587036]], "patched": [[0, 262.10552978515625, 290.14776611328125, 284.74053955078125, 315.08856201171875, 0.7997040748596191], [0, 229.33201599121094, 238.19973754882812, 246.0673065185547, 254.09329223632812, 0.7779527306556702], [0, 203.3425750732422, 216.5113525390625, 217.1471405029297, 232.9404296875, 0.6620686054229736], [1, 188.99301147460938, 344.65142822265625, 219.45016479492188, 373.56695556640625, 0.5754683613777161], [0, 434.16485595703125, 551.2549438476562, 468.90277099609375, 592.7238159179688, 0.5485528111457825], [4, 371.3851318359375, 346.3793029785156, 383.4423828125, 362.7184143066406, 0.5113100409507751], [0, 232.51754760742188, 278.814453125, 250.98477172851562, 302.9119873046875, 0.44919803738594055], [0, 255.28500366210938, 381.2818603515625, 276.1915588378906, 397.896484375, 0.3708832561969757], [0, 174.1112060546875, 381.4051208496094, 214.21673583984375, 400.9688415527344, 0.3626525104045868], [4, 207.99664306640625, 243.28909301757812, 214.95611572265625, 254.03573608398438, 0.3321887254714966], [0, 172.48513793945312, 374.70062255859375, 215.14035034179688, 398.90008544921875, 0.3285314440727234], [4, 434.2703857421875, 551.3756103515625, 468.9324951171875, 592.4749755859375, 0.2724945843219757]]}