{"clean": [[0, 84.48681640625, 237.15625, 101.47938537597656, 253.7987060546875, 0.8009901642799377], [0, 148.23748779296875, 295.6759033203125, 174.65283203125, 322.38330078125, 0.7880358695983887], [0, 118.58121490478516, 240.00656127929688, 137.57522583007812, 258.64178466796875, 0.7855522036552429], [0, 193.0972137451172, 224.77325439453125, 212.9504852294922, 245.93853759765625, 0.7741906642913818], [0, 67.12055969238281, 219.73709106445312, 82.69505310058594, 236.08090209960938, 0.7644725441932678], [0, 92.71338653564453, 174.40663146972656, 104.95162200927734, 186.7045135498047, 0.7215569615364075], [0, 58.99436950683594, 162.86074829101562, 70.92745971679688, 173.73745727539062, 0.7103456258773804], [0, 74.38330841064453, 159.32757568359375, 86.81266021728516, 172.00460815429688, 0.4739305078983307], [0, 169.58187866210938, 198.13192749023438, 193.60049438476562, 224.41635131835938, 0.3178400695323944], [0, 244.77139282226562, 182.30780029296875, 260.4676818847656, 196.02490234375, 0.2999178171157837]], "patched": [[0, 84.5006103515625, 237.16720581054688, 101.47317504882812, 253.78042602539062, 0.8006569743156433], [0, 118.60810089111328, 240.01409912109375, 137.56243896484375, 258.5945739746094, 0.7851823568344116], [0, 148.30026245117188, 294.5677185058594, 174.57431030273438, 321.2773742675781, 0.7699966430664062], [0, 67.12614440917969, 219.73988342285156, 82.68675231933594, 236.06761169433594, 0.7640562653541565], [0, 92.72105407714844, 174.40924072265625, 104.94444274902344, 186.6976318359375, 0.7211477160453796], [0, 58.9967041015625, 162.8616943359375, 70.92256164550781, 173.72711181640625, 0.7101065516471863], [0, 193.6590576171875, 228.09597778320312, 212.81253051757812, 246.06069946289062, 0.6787804365158081], [0, 74.38052368164062, 159.32534790039062, 86.8056640625, 171.9979248046875, 0.47282394766807556], [0, 169.63845825195312, 198.175048828125, 193.51614379882812, 224.3720703125, 0.30492931604385376], [0, 244.79788208007812, 182.31411743164062, 260.4445495605469, 195.96701049804688, 0.2972339391708374]]}