{"clean": [[0, 68.01302337646484, 15.503910064697266, 84.82581329345703, 50.39638900756836, 0.8108690977096558], [0, 43.84153747558594, 0.0, 71.70027923583984, 19.487945556640625, 0.8096601366996765], [0, 65.98780059814453, 51.16651153564453, 83.39942169189453, 91.87822723388672, 0.7966458797454834], [0, 106.59306335449219, 0.0, 121.11576843261719, 27.15213394165039, 0.7244488000869751], [0, 84.19560241699219, 54.426666259765625, 99.70675659179688, 94.03535461425781, 0.6688868403434753], [1, 107.35942077636719, 25.696533203125, 125.83958435058594, 72.13362884521484, 0.6659374833106995], [0, 341.70330810546875, 0.0, 350.74041748046875, 14.426271438598633, 0.6641951203346252], [0, 97.2391128540039, 80.05076599121094, 114.13680267333984, 121.59681701660156, 0.6572645902633667], [0, 80.418212890625, 124.73770141601562, 102.27262878417969, 165.46389770507812, 0.6459236741065979], [0, 57.31444549560547, 91.46839904785156, 75.14954376220703, 131.31980895996094, 0.6127537488937378], [0, 316.70220947265625, 345.8402404785156, 327.39337158203125, 392.3387145996094, 0.4885483682155609], [1, 57.26007080078125, 91.76237487792969, 75.20753479003906, 131.62757873535156, 0.41466549038887024], [1, 80.24746704101562, 124.51060485839844, 102.18301391601562, 165.1391143798828, 0.41462039947509766], [0, 273.76751708984375, 556.484130859375, 286.97271728515625, 613.1416015625, 0.2853352725505829], [0, 13.166083335876465, 0.0, 40.97466278076172, 5.86911153793335, 0.27170804142951965], [3, 530.7048950195312, 67.20149230957031, 609.3327026367188, 123.35908508300781, 0.2586822509765625], [4, 380.05560302734375, 540.455078125, 386.02313232421875, 556.6568603515625, 0.2530817985534668]], "patched": [[0, 68.21202087402344, 15.479637145996094, 84.72294616699219, 50.33174133300781, 0.8278931379318237], [0, 65.34864807128906, 51.03759002685547, 83.55320739746094, 91.65953826904297, 0.8143827319145203], [0, 43.112648010253906, 0.0695953369140625, 71.4841537475586, 19.50226593017578, 0.7871223092079163], [0, 106.77347564697266, 0.0, 121.07933807373047, 27.083845138549805, 0.7071857452392578], [0, 341.71856689453125, 0.0, 350.7041015625, 14.413896560668945, 0.6738448739051819], [1, 107.39776611328125, 25.662246704101562, 125.47430419921875, 72.2114028930664, 0.6114630699157715], [0, 97.39503479003906, 100.72784423828125, 110.05052185058594, 121.62960815429688, 0.6070978045463562], [0, 99.50154113769531, 79.93319702148438, 113.86669921875, 106.29769897460938, 0.5906245708465576], [0, 80.44236755371094, 124.59193420410156, 102.31214904785156, 165.46434020996094, 0.5665888786315918], [1, 80.2994155883789, 124.43098449707031, 102.1487808227539, 165.92283630371094, 0.5538379549980164], [2, 57.394325256347656, 91.15467834472656, 75.09473419189453, 131.2144012451172, 0.5026491284370422], [0, 316.72869873046875, 345.80487060546875, 327.38250732421875, 392.31817626953125, 0.4748517870903015], [0, 86.0242691040039, 54.295654296875, 99.52764129638672, 76.39833068847656, 0.35678112506866455], [0, 84.60322570800781, 54.164405822753906, 99.65501403808594, 93.47774505615234, 0.3495468199253082], [0, 97.44145202636719, 91.87188720703125, 111.69160461425781, 121.59066772460938, 0.33067643642425537], [4, 380.077392578125, 540.505615234375, 386.0081787109375, 556.6549072265625, 0.2901354432106018], [0, 273.7807312011719, 556.487060546875, 286.9570617675781, 613.139892578125, 0.28644877672195435], [0, 13.240700721740723, 0.0, 40.563018798828125, 5.776320457458496, 0.28069233894348145], [0, 97.47221374511719, 80.54618835449219, 112.81736755371094, 121.49800109863281, 0.25287020206451416], [3, 530.6614990234375, 67.18827819824219, 610.1893310546875, 123.71815490722656, 0.25043484568595886]]}