{"clean": [[0, 335.63262939453125, 330.62481689453125, 352.34881591796875, 351.44305419921875, 0.8723202347755432], [0, 385.5321350097656, 376.3358459472656, 403.9866638183594, 395.0519714355469, 0.8521946668624878], [0, 283.22039794921875, 216.1754150390625, 296.53582763671875, 239.5950927734375, 0.7672279477119446], [0, 512.6619873046875, 64.53547668457031, 527.5592041015625, 80.21397399902344, 0.6856746673583984], [3, 306.678955078125, 500.63623046875, 316.98956298828125, 550.5257568359375, 0.6829180717468262], [1, 4.556829452514648, 254.57400512695312, 18.71405601501465, 281.0914001464844, 0.6586253643035889], [0, 217.2449951171875, 74.68669128417969, 226.18072509765625, 94.28851318359375, 0.6499680876731873], [0, 526.231201171875, 42.190555572509766, 540.8890380859375, 58.970767974853516, 0.6413344144821167], [0, 628.94873046875, 0.0, 639.917236328125, 18.812122344970703, 0.6289197206497192], [0, 296.85162353515625, 518.1184692382812, 305.4781494140625, 548.0006713867188, 0.5750566720962524], [3, 370.55364990234375, 464.24493408203125, 379.70184326171875, 492.67877197265625, 0.49649670720100403], [0, 281.1999206542969, 51.14716339111328, 290.7650451660156, 73.15314483642578, 0.4920292794704437], [3, 324.744140625, 562.8538818359375, 333.0784912109375, 595.233642578125, 0.4842533767223358], [1, 324.42120361328125, 562.5468139648438, 333.1368408203125, 595.5145874023438, 0.4673153758049011], [1, 626.620361328125, 388.7757568359375, 639.908203125, 411.95867919921875, 0.4251151978969574], [0, 253.27139282226562, 18.14962387084961, 261.0657653808594, 36.89201354980469, 0.33052363991737366], [1, 547.12744140625, 56.740684509277344, 558.3984375, 78.29511260986328, 0.2823522984981537], [0, 630.170654296875, 17.37296485900879, 639.98095703125, 49.716026306152344, 0.26921141147613525]], "patched": [[0, 335.6331481933594, 330.6248779296875, 352.3484191894531, 351.44195556640625, 0.8723788857460022], [0, 385.5325927734375, 376.33612060546875, 403.9854736328125, 395.05096435546875, 0.8522588014602661], [0, 283.222900390625, 216.1768035888672, 296.53570556640625, 239.5946807861328, 0.7672565579414368], [0, 512.66162109375, 64.53565979003906, 527.55859375, 80.21292114257812, 0.685500979423523], [3, 306.677978515625, 500.63623046875, 316.988525390625, 550.5250244140625, 0.6829845905303955], [0, 217.2470703125, 74.68693542480469, 226.17904663085938, 94.28736877441406, 0.6498603820800781], [0, 526.2314453125, 42.19182205200195, 540.888427734375, 58.96967697143555, 0.6413453817367554], [0, 628.9512939453125, 0.0, 639.9168701171875, 18.811521530151367, 0.6280196309089661], [0, 296.85064697265625, 518.1207275390625, 305.47882080078125, 547.9986572265625, 0.5741595029830933], [3, 370.55523681640625, 464.252685546875, 379.701416015625, 492.6768798828125, 0.4963456094264984], [0, 281.20562744140625, 51.14854431152344, 290.76116943359375, 73.15179443359375, 0.49037742614746094], [3, 324.744384765625, 562.8516235351562, 333.0789794921875, 595.2332153320312, 0.4849960505962372], [1, 324.421142578125, 562.5458374023438, 333.13720703125, 595.5139770507812, 0.4695131182670593], [1, 626.62060546875, 388.77569580078125, 639.908203125, 411.963134765625, 0.4252874553203583], [0, 253.27359008789062, 18.149410247802734, 261.0639953613281, 36.891204833984375, 0.3298579752445221], [1, 547.12841796875, 56.73632049560547, 558.400390625, 78.2942886352539, 0.28326675295829773], [0, 630.1728515625, 17.374008178710938, 639.980712890625, 49.711578369140625, 0.26883745193481445]]}