{"clean": [[0, 481.0198974609375, 501.0458984375, 517.7103881835938, 567.599365234375, 0.8754339814186096], [0, 31.271299362182617, 400.8555908203125, 55.49958801269531, 443.23974609375, 0.8398580551147461], [0, 211.14273071289062, 203.048583984375, 222.01431274414062, 220.6695556640625, 0.8124595880508423], [0, 213.0758056640625, 265.3271179199219, 225.190673828125, 285.2417907714844, 0.8098539113998413], [1, 210.37330627441406, 240.3282470703125, 221.64064025878906, 261.3998718261719, 0.7887004613876343], [0, 211.16201782226562, 220.96640014648438, 220.98526000976562, 238.26773071289062, 0.7587062120437622], [4, 496.7608642578125, 488.7065734863281, 514.15380859375, 502.4721374511719, 0.6801560521125793], [1, 213.84075927734375, 136.1231689453125, 223.212646484375, 153.55178833007812, 0.6719494462013245], [1, 214.88909912109375, 166.01559448242188, 224.972412109375, 184.48812866210938, 0.6466927528381348], [0, 504.9169616699219, 505.04248046875, 539.91748046875, 565.3551025390625, 0.6263603568077087], [4, 527.609619140625, 493.6998291015625, 537.899658203125, 514.724365234375, 0.567908525466919], [1, 216.28273010253906, 113.57159423828125, 224.6253204345703, 127.63117980957031, 0.5340726971626282], [1, 215.50799560546875, 151.8445587158203, 224.07354736328125, 166.40870666503906, 0.5325906276702881], [1, 211.86785888671875, 284.8608093261719, 224.483642578125, 308.4754333496094, 0.5206174850463867], [0, 620.6317749023438, 317.4616394042969, 639.8969116210938, 334.2635803222656, 0.4773070216178894], [4, 295.79180908203125, 551.9031982421875, 315.22442626953125, 574.7772216796875, 0.46776363253593445], [0, 211.68344116210938, 284.765380859375, 224.26675415039062, 308.6016845703125, 0.4654746949672699], [1, 213.14268493652344, 184.32984924316406, 223.55540466308594, 201.69944763183594, 0.4641261100769043], [4, 525.5087890625, 444.91986083984375, 540.190185546875, 458.55419921875, 0.3939911127090454], [0, 632.6890869140625, 301.2589111328125, 640.0, 320.2659912109375, 0.3693218529224396], [0, 213.34902954101562, 184.33493041992188, 223.54229736328125, 201.51849365234375, 0.3165961802005768]], "patched": [[0, 481.05816650390625, 501.03973388671875, 517.6830444335938, 567.7808227539062, 0.8697978854179382], [0, 31.39947509765625, 400.83331298828125, 55.428749084472656, 443.11993408203125, 0.8276038765907288], [0, 211.13841247558594, 203.04579162597656, 222.01866149902344, 220.67088317871094, 0.8121617436408997], [0, 213.06600952148438, 265.3203125, 225.20236206054688, 285.2454833984375, 0.8099135160446167], [1, 210.35775756835938, 240.31857299804688, 221.65908813476562, 261.4025573730469, 0.7880158424377441], [0, 211.1367645263672, 220.94993591308594, 220.99827575683594, 238.2709197998047, 0.7590839862823486], [1, 213.8330841064453, 136.11959838867188, 223.2180938720703, 153.55209350585938, 0.6706468462944031], [4, 496.77825927734375, 488.75042724609375, 514.09814453125, 502.46337890625, 0.6523876786231995], [1, 214.873046875, 166.00926208496094, 224.97918701171875, 184.49168395996094, 0.6432244777679443], [1, 216.27842712402344, 113.56605529785156, 224.6334991455078, 127.62934875488281, 0.5321667790412903], [1, 215.50338745117188, 151.84376525878906, 224.08438110351562, 166.40736389160156, 0.5285040736198425], [1, 211.8458251953125, 284.8546142578125, 224.4927978515625, 308.48321533203125, 0.5106207728385925], [4, 527.625, 493.72308349609375, 537.8868408203125, 514.7091674804688, 0.4917640686035156], [0, 211.66493225097656, 284.7564697265625, 224.2804412841797, 308.6083984375, 0.4797264635562897], [1, 505.7606201171875, 505.2212219238281, 539.96044921875, 565.114990234375, 0.47436854243278503], [0, 620.500732421875, 317.46807861328125, 640.0, 333.93780517578125, 0.4700847566127777], [1, 213.13693237304688, 184.32644653320312, 223.55935668945312, 201.69882202148438, 0.4660326838493347], [4, 295.9581298828125, 551.8226318359375, 315.21240234375, 574.8792724609375, 0.4502972960472107], [0, 505.47265625, 505.21142578125, 540.2166748046875, 565.312744140625, 0.4284464418888092], [4, 525.5280151367188, 444.91094970703125, 540.1394653320312, 458.5714111328125, 0.3968735635280609], [0, 632.693359375, 301.3540954589844, 640.0, 320.1946716308594, 0.37512829899787903], [0, 213.3424072265625, 184.33026123046875, 223.5462646484375, 201.51739501953125, 0.313221275806427]]}