{"clean": [[0, 351.70404052734375, 488.56231689453125, 390.84893798828125, 540.5448608398438, 0.8824020624160767], [0, 552.725341796875, 289.81036376953125, 588.62744140625, 334.29486083984375, 0.8569612503051758], [0, 291.2118225097656, 499.28839111328125, 333.1957702636719, 550.2798461914062, 0.8548052906990051], [0, 378.6494140625, 422.579833984375, 416.509033203125, 468.4197998046875, 0.8473747968673706], [0, 450.89532470703125, 391.94482421875, 483.8089599609375, 440.31591796875, 0.8225402235984802], [3, 209.38876342773438, 364.4120788574219, 302.8736267089844, 475.9620056152344, 0.813640832901001], [0, 552.9124755859375, 262.514404296875, 580.8284912109375, 297.51495361328125, 0.8069041967391968], [0, 482.670166015625, 336.02972412109375, 504.8258056640625, 364.64422607421875, 0.451992005109787], [3, 599.5488891601562, 555.5863037109375, 633.7362670898438, 617.8416748046875, 0.41860055923461914], [3, 473.18182373046875, 148.33773803710938, 537.2272338867188, 228.08474731445312, 0.2562577724456787]], "patched": [[0, 351.863525390625, 488.5427551269531, 390.9102783203125, 540.52197265625, 0.850757896900177], [0, 291.34576416015625, 499.4223937988281, 333.25885009765625, 550.3935546875, 0.8479125499725342], [0, 552.8098754882812, 289.83428955078125, 588.6572875976562, 334.36810302734375, 0.8428362011909485], [0, 378.85601806640625, 422.48114013671875, 416.43682861328125, 468.26593017578125, 0.8325720429420471], [0, 451.0361328125, 392.13800048828125, 483.68408203125, 440.46893310546875, 0.8259961009025574], [3, 209.4033966064453, 364.69683837890625, 302.88262939453125, 475.89837646484375, 0.8213005661964417], [0, 553.50048828125, 262.31378173828125, 580.773193359375, 296.96087646484375, 0.7917759418487549], [3, 599.5548095703125, 555.79150390625, 633.7218017578125, 617.92822265625, 0.390087753534317], [0, 483.4097595214844, 336.43927001953125, 502.7431335449219, 364.47625732421875, 0.30187520384788513], [4, 483.2178039550781, 336.7559814453125, 502.3203430175781, 364.56524658203125, 0.27181336283683777]]}