{"clean": [[0, 250.4004364013672, 363.3466796875, 279.58624267578125, 384.34344482421875, 0.8539574146270752], [0, 251.08714294433594, 496.30767822265625, 284.9273681640625, 523.2236938476562, 0.8474103212356567], [0, 43.20442199707031, 437.80572509765625, 79.18895721435547, 461.8896484375, 0.8426984548568726], [0, 0.0, 595.3306274414062, 34.694549560546875, 631.8019409179688, 0.8398549556732178], [1, 262.77703857421875, 288.60260009765625, 281.68206787109375, 306.66009521484375, 0.8012862205505371], [0, 122.5771484375, 218.24952697753906, 142.36984252929688, 230.37705993652344, 0.7812485098838806], [0, 251.36105346679688, 521.330322265625, 284.3878479003906, 547.67919921875, 0.7793997526168823], [0, 263.69329833984375, 281.4361877441406, 287.28411865234375, 296.3871154785156, 0.7718505859375], [0, 263.384521484375, 269.9185791015625, 285.63995361328125, 283.1668701171875, 0.7700086236000061], [0, 120.07867431640625, 227.56161499023438, 142.90676879882812, 241.45663452148438, 0.764898955821991], [0, 107.84283447265625, 245.63134765625, 136.47401428222656, 260.7980041503906, 0.7577089667320251], [0, 252.57623291015625, 623.5863037109375, 290.51849365234375, 639.95166015625, 0.6960046887397766], [0, 59.61022186279297, 394.9148254394531, 92.68392181396484, 416.5971374511719, 0.6896376013755798], [0, 100.17388916015625, 276.3802490234375, 126.22720336914062, 291.95440673828125, 0.6869131922721863], [0, 139.33444213867188, 171.7014617919922, 163.15036010742188, 182.9722137451172, 0.6535042524337769], [0, 259.48614501953125, 179.52593994140625, 280.93707275390625, 190.70916748046875, 0.5948480367660522], [1, 321.4501953125, 147.81640625, 344.0430908203125, 162.4083251953125, 0.5432640314102173], [0, 245.4862518310547, 450.76995849609375, 278.52325439453125, 473.00836181640625, 0.5304762125015259], [0, 258.04913330078125, 203.66883850097656, 282.6363525390625, 217.0988311767578, 0.5048879981040955], [2, 362.4128112792969, 15.91296672821045, 385.2064514160156, 30.117328643798828, 0.38854101300239563]], "patched": [[0, 0.0, 595.888671875, 34.627357482910156, 631.7470703125, 0.8600855469703674], [0, 251.2590789794922, 496.42095947265625, 284.72686767578125, 523.0718383789062, 0.8437047600746155], [0, 250.5360107421875, 363.41497802734375, 279.58489990234375, 384.194091796875, 0.8372973799705505], [0, 43.23591613769531, 437.9530944824219, 78.31969451904297, 461.9622497558594, 0.8280568718910217], [1, 262.7486572265625, 288.6054382324219, 281.6922607421875, 306.6681823730469, 0.8004061579704285], [0, 252.37969970703125, 625.375, 290.15545654296875, 640.0, 0.7980308532714844], [0, 122.56733703613281, 218.23927307128906, 142.37852478027344, 230.3707733154297, 0.7797046303749084], [0, 263.6798400878906, 281.4287109375, 287.2914733886719, 296.3692626953125, 0.7701591849327087], [0, 263.3533935546875, 269.9104919433594, 285.64727783203125, 283.1609191894531, 0.768658459186554], [0, 251.4487762451172, 521.3111572265625, 284.20025634765625, 547.1324462890625, 0.7673243284225464], [0, 120.07864379882812, 227.5543212890625, 142.91909790039062, 241.45346069335938, 0.762246310710907], [0, 107.91877746582031, 245.62457275390625, 136.4813995361328, 260.8015441894531, 0.7551714777946472], [0, 100.1494140625, 276.3737487792969, 126.14260864257812, 291.9388122558594, 0.6838802695274353], [0, 139.3262939453125, 171.68450927734375, 163.17486572265625, 182.99395751953125, 0.6517134308815002], [0, 259.5040283203125, 179.5192108154297, 280.9442138671875, 190.7294158935547, 0.5904408693313599], [1, 321.4297790527344, 147.806884765625, 344.0236511230469, 162.41705322265625, 0.5403578877449036], [0, 258.0970458984375, 203.65328979492188, 282.65087890625, 217.10903930664062, 0.5015710592269897], [2, 362.3964538574219, 15.88827896118164, 385.2143859863281, 30.123878479003906, 0.38871118426322937], [0, 246.87008666992188, 450.5277404785156, 278.6011047363281, 473.7456359863281, 0.26495206356048584]]}