{"clean": [[0, 508.3223876953125, 321.76239013671875, 568.03076171875, 372.06890869140625, 0.8097044229507446], [0, 580.64990234375, 239.3172607421875, 639.993408203125, 285.09881591796875, 0.8062323927879333], [0, 125.48733520507812, 409.65777587890625, 188.46829223632812, 461.2313232421875, 0.8061031699180603], [0, 207.47198486328125, 314.3929748535156, 272.1290283203125, 363.7076721191406, 0.7511976957321167], [0, 0.0, 293.54827880859375, 57.93565368652344, 338.89483642578125, 0.737991213798523]], "patched": [[0, 251.69004821777344, 314.7626953125, 274.087646484375, 352.27001953125, 0.605019211769104], [0, 507.93231201171875, 323.056884765625, 567.6912231445312, 370.4815673828125, 0.5469551086425781], [0, 125.756591796875, 409.9361877441406, 187.53390502929688, 455.0121154785156, 0.5092920064926147], [0, 227.2924346923828, 314.70538330078125, 251.11192321777344, 344.96246337890625, 0.2873968482017517], [0, 585.3799438476562, 0.0, 606.7211303710938, 5.696395397186279, 0.2651541829109192]]}