{"clean": [[0, 224.4966278076172, 347.27166748046875, 234.5070343017578, 374.46490478515625, 0.8182569146156311], [3, 214.66537475585938, 174.16433715820312, 234.54843139648438, 236.97781372070312, 0.800140917301178], [3, 195.58334350585938, 276.91754150390625, 213.95791625976562, 345.4462890625, 0.7896956205368042], [3, 504.2851867675781, 534.2342529296875, 526.6181640625, 639.3905029296875, 0.7785876989364624], [0, 307.513671875, 357.0155029296875, 317.0701904296875, 387.2724609375, 0.7632659077644348], [0, 234.02488708496094, 254.46316528320312, 243.37721252441406, 277.2179870605469, 0.7187762260437012], [0, 508.8773498535156, 497.751220703125, 525.9327392578125, 526.17138671875, 0.6793548464775085], [0, 403.3109130859375, 608.5400390625, 429.23858642578125, 629.228515625, 0.6220069527626038], [0, 321.27301025390625, 119.67164611816406, 329.2137451171875, 136.21678161621094, 0.48824751377105713], [0, 309.97454833984375, 477.0621337890625, 319.77203369140625, 514.0304565429688, 0.30716192722320557], [0, 310.84136962890625, 620.64306640625, 321.07745361328125, 639.953857421875, 0.27171456813812256], [1, 267.2535400390625, 51.87419128417969, 277.29248046875, 71.60328674316406, 0.2650338113307953]], "patched": [[0, 224.49737548828125, 347.27117919921875, 234.507568359375, 374.46795654296875, 0.8182218670845032], [3, 214.6668243408203, 174.1658935546875, 234.54942321777344, 236.98135375976562, 0.80012446641922], [3, 195.58535766601562, 276.92144775390625, 213.96005249023438, 345.4500732421875, 0.7897529602050781], [3, 504.2484130859375, 534.2235107421875, 526.61328125, 639.4107666015625, 0.7778586149215698], [0, 307.5159912109375, 357.01617431640625, 317.066650390625, 387.27593994140625, 0.7631405591964722], [0, 234.02557373046875, 254.463134765625, 243.3778076171875, 277.21923828125, 0.7185222506523132], [0, 508.88006591796875, 497.73724365234375, 525.9439086914062, 526.1834106445312, 0.6786891222000122], [0, 321.2743835449219, 119.67283630371094, 329.2118835449219, 136.21534729003906, 0.48733168840408325], [0, 403.4962158203125, 611.955810546875, 429.3646240234375, 629.16650390625, 0.3356863558292389], [0, 309.9739990234375, 477.060546875, 319.7713623046875, 514.0469360351562, 0.32182079553604126], [0, 310.8432922363281, 620.6400146484375, 321.0943298339844, 639.9549560546875, 0.2978975176811218], [1, 267.25396728515625, 51.874481201171875, 277.2916259765625, 71.60612487792969, 0.2653351426124573]]}