{"clean": [[0, 325.9197998046875, 394.41729736328125, 354.0496826171875, 475.382568359375, 0.8098214864730835], [1, 406.6998291015625, 120.9291763305664, 462.660888671875, 180.77297973632812, 0.8039106130599976], [0, 354.76397705078125, 403.3759765625, 385.37823486328125, 485.48193359375, 0.7565849423408508], [0, 205.83212280273438, 250.43252563476562, 235.939697265625, 331.8908386230469, 0.7425511479377747], [0, 19.628725051879883, 190.55764770507812, 65.3458251953125, 231.90518188476562, 0.7355080842971802], [0, 613.600341796875, 535.0199584960938, 639.9718017578125, 609.2090454101562, 0.7176606059074402], [0, 417.9945068359375, 437.3529052734375, 449.9578857421875, 520.389404296875, 0.6715614199638367], [1, 298.6900634765625, 384.81671142578125, 323.56121826171875, 462.91290283203125, 0.6314167976379395], [0, 448.9956359863281, 455.0845947265625, 481.9957580566406, 538.6055908203125, 0.6015099287033081], [0, 435.2502746582031, 534.1392822265625, 497.9247741699219, 573.37548828125, 0.5870131850242615], [0, 471.4964599609375, 318.48870849609375, 531.3485717773438, 362.60748291015625, 0.5765668749809265], [1, 478.9044189453125, 467.703857421875, 512.136474609375, 552.8381958007812, 0.5745334625244141], [0, 511.6488037109375, 479.2182312011719, 544.9813232421875, 564.802734375, 0.5733764171600342], [0, 298.20062255859375, 384.49041748046875, 323.13861083984375, 462.05621337890625, 0.5020577311515808], [0, 479.230712890625, 467.83160400390625, 512.1998291015625, 553.7179565429688, 0.47648152709007263], [1, 541.8541870117188, 494.1016845703125, 576.6635131835938, 577.40966796875, 0.47088736295700073], [1, 511.4606628417969, 478.9429931640625, 544.98388671875, 564.5531005859375, 0.46950918436050415], [0, 237.09722900390625, 278.2689208984375, 280.6639404296875, 313.3270263671875, 0.43274474143981934], [0, 541.0888061523438, 493.4761962890625, 577.0982055664062, 577.51025390625, 0.3938961625099182]], "patched": [[0, 354.6353759765625, 403.37603759765625, 385.507080078125, 485.3126220703125, 0.8304511308670044], [0, 418.02587890625, 437.3438720703125, 449.8040771484375, 520.10205078125, 0.7999204993247986], [1, 406.68292236328125, 120.9146957397461, 461.80474853515625, 180.60812377929688, 0.7908827066421509], [0, 325.7073974609375, 394.47747802734375, 352.86962890625, 475.3487548828125, 0.7890119552612305], [0, 511.16204833984375, 479.091552734375, 544.7771606445312, 564.4293212890625, 0.7619902491569519], [0, 205.88070678710938, 250.4591064453125, 235.73062133789062, 331.88385009765625, 0.756902813911438], [0, 19.770774841308594, 190.71823120117188, 65.22604370117188, 231.61294555664062, 0.729998767375946], [0, 237.083984375, 277.96142578125, 280.380615234375, 312.804931640625, 0.7165755033493042], [0, 479.2530517578125, 467.242919921875, 512.4920043945312, 552.7303466796875, 0.7050987482070923], [0, 471.5960693359375, 318.741455078125, 519.25146484375, 362.369384765625, 0.6530357003211975], [0, 448.43548583984375, 454.79150390625, 481.89263916015625, 538.10791015625, 0.6422351598739624], [0, 435.317626953125, 533.9058837890625, 497.91363525390625, 573.3524169921875, 0.5972079634666443], [0, 298.64593505859375, 384.46661376953125, 322.6051025390625, 462.54071044921875, 0.5557736754417419], [1, 298.52838134765625, 384.54901123046875, 323.26336669921875, 462.68145751953125, 0.49052298069000244], [0, 243.33859252929688, 234.10748291015625, 286.2744445800781, 267.48101806640625, 0.4903809726238251], [0, 543.054443359375, 492.7777099609375, 576.545166015625, 577.300048828125, 0.4643280506134033], [0, 613.7520751953125, 534.901611328125, 640.0, 604.308837890625, 0.4319075047969818], [0, 240.8343505859375, 318.41510009765625, 285.83538818359375, 357.65252685546875, 0.33344778418540955]]}