{"clean": [[3, 600.3424072265625, 486.21240234375, 639.7877197265625, 531.1920166015625, 0.8508646488189697], [0, 167.14862060546875, 246.4522247314453, 181.30987548828125, 265.84967041015625, 0.8186229467391968], [0, 292.0621337890625, 355.56280517578125, 316.5638427734375, 377.28778076171875, 0.8144007325172424], [0, 299.4640808105469, 156.23690795898438, 317.4180603027344, 172.28561401367188, 0.813591480255127], [0, 361.0103759765625, 343.7725830078125, 378.334716796875, 375.213134765625, 0.8053262829780579], [0, 190.59515380859375, 213.52191162109375, 206.21417236328125, 233.01953125, 0.7904754877090454], [0, 363.9838562011719, 312.85992431640625, 376.1400451660156, 341.877197265625, 0.7484896779060364], [0, 322.19317626953125, 245.1391143798828, 333.60076904296875, 271.86724853515625, 0.7479860782623291], [0, 295.1560974121094, 374.9649658203125, 318.2641906738281, 398.887939453125, 0.7167059779167175], [0, 159.30996704101562, 265.1302490234375, 170.64505004882812, 285.4334716796875, 0.6726937890052795], [0, 343.16162109375, 369.82135009765625, 363.2689208984375, 397.7913818359375, 0.6625888347625732], [0, 177.3216094970703, 229.08468627929688, 193.92832946777344, 249.69992065429688, 0.628679633140564], [0, 218.84945678710938, 209.72137451171875, 235.10617065429688, 227.80291748046875, 0.6247850656509399], [0, 332.00640869140625, 307.53863525390625, 344.21929931640625, 337.94671630859375, 0.6067742705345154], [0, 157.32789611816406, 285.90380859375, 168.97325134277344, 313.37799072265625, 0.5538018941879272], [0, 318.3380126953125, 337.3016357421875, 338.115478515625, 366.27508544921875, 0.521524965763092], [0, 251.63970947265625, 405.6715087890625, 276.5072021484375, 424.802978515625, 0.4769136607646942], [0, 281.614013671875, 402.5423583984375, 307.853271484375, 423.8812255859375, 0.47597381472587585], [2, 354.80303955078125, 279.7585754394531, 368.25311279296875, 311.1559143066406, 0.46320661902427673], [1, 315.7427673339844, 389.6210632324219, 341.5812683105469, 410.7464904785156, 0.4162292778491974], [0, 328.16021728515625, 272.33135986328125, 339.09771728515625, 291.65533447265625, 0.2711468040943146]], "patched": [[3, 600.3087158203125, 486.108154296875, 639.7923583984375, 531.2330322265625, 0.848288357257843], [0, 167.1409912109375, 246.43496704101562, 181.33489990234375, 265.8901062011719, 0.8197076916694641], [0, 299.472900390625, 156.2346649169922, 317.4132080078125, 172.3073272705078, 0.8121798634529114], [0, 292.15106201171875, 355.4970703125, 316.6319580078125, 377.269287109375, 0.7967325448989868], [0, 190.582763671875, 213.50836181640625, 206.222900390625, 233.05734252929688, 0.7949925661087036], [0, 322.082763671875, 245.14889526367188, 333.578857421875, 271.8633117675781, 0.7508887648582458], [0, 363.98809814453125, 312.84173583984375, 376.09515380859375, 341.90606689453125, 0.7483264803886414], [0, 343.1871337890625, 369.782470703125, 363.2274169921875, 397.81298828125, 0.7220751643180847], [0, 159.29214477539062, 265.0540771484375, 170.65841674804688, 285.46337890625, 0.6818637251853943], [0, 177.30966186523438, 229.04110717773438, 193.95046997070312, 249.73410034179688, 0.6380194425582886], [0, 218.84661865234375, 209.70350646972656, 235.19146728515625, 227.8216094970703, 0.6363252997398376], [0, 318.53631591796875, 337.48944091796875, 338.11077880859375, 366.21270751953125, 0.6245874166488647], [0, 331.57574462890625, 307.5586242675781, 344.17877197265625, 337.9250183105469, 0.6053165793418884], [0, 361.16192626953125, 343.60626220703125, 377.97454833984375, 375.3482666015625, 0.5725919604301453], [0, 157.29986572265625, 285.81292724609375, 169.00042724609375, 313.401123046875, 0.5624831318855286], [2, 354.7999267578125, 279.76171875, 368.283935546875, 311.17230224609375, 0.4890936613082886], [1, 315.7280578613281, 389.60003662109375, 341.5748596191406, 410.64520263671875, 0.33660563826560974], [1, 282.07977294921875, 532.0726928710938, 301.89337158203125, 568.9345092773438, 0.2891514003276825], [0, 295.52410888671875, 379.4790344238281, 318.29534912109375, 398.9230041503906, 0.2846808433532715], [0, 328.1106872558594, 272.34161376953125, 339.1093444824219, 291.82220458984375, 0.26788774132728577], [0, 315.770751953125, 389.687744140625, 341.5933837890625, 410.55340576171875, 0.260993093252182], [1, 295.3551025390625, 375.4829406738281, 318.45599365234375, 398.8668518066406, 0.2540518045425415]]}