{"clean": [[0, 271.52557373046875, 26.09454345703125, 288.85736083984375, 63.524925231933594, 0.8252092003822327], [0, 264.306396484375, 164.99737548828125, 286.41534423828125, 210.64849853515625, 0.7717537879943848], [0, 348.87030029296875, 44.96440505981445, 367.3311767578125, 88.54896545410156, 0.6820597052574158], [0, 388.5455322265625, 244.89938354492188, 410.60235595703125, 327.3967590332031, 0.6135494112968445], [1, 388.42852783203125, 244.93215942382812, 410.73272705078125, 326.9239196777344, 0.3781542479991913], [4, 359.4078063964844, 295.499267578125, 369.2052917480469, 329.590087890625, 0.28484490513801575]], "patched": [[0, 272.1844482421875, 26.249513626098633, 288.273193359375, 63.24382019042969, 0.815743625164032], [0, 264.87066650390625, 166.22201538085938, 285.88934326171875, 210.69097900390625, 0.7440594434738159], [0, 348.81536865234375, 44.44108200073242, 366.431640625, 88.10682678222656, 0.6392967700958252], [0, 388.61151123046875, 244.91033935546875, 410.55413818359375, 327.38824462890625, 0.6261013746261597], [4, 359.44134521484375, 295.44775390625, 369.16290283203125, 329.5716552734375, 0.28943583369255066], [1, 388.366455078125, 244.83795166015625, 410.572021484375, 327.80712890625, 0.2861414849758148]]}