{"clean": [[0, 258.57958984375, 484.75604248046875, 287.5419921875, 528.2556762695312, 0.7978758215904236], [0, 233.8770751953125, 177.68214416503906, 251.22195434570312, 222.39112854003906, 0.7699168920516968], [0, 228.7921142578125, 316.041259765625, 243.384521484375, 367.41845703125, 0.6677183508872986], [0, 36.4715576171875, 618.225341796875, 84.0225830078125, 640.0, 0.5580723881721497], [1, 166.08493041992188, 206.46343994140625, 182.18460083007812, 257.9605712890625, 0.48215529322624207], [0, 304.06304931640625, 607.7957763671875, 341.14129638671875, 635.5484619140625, 0.37842050194740295], [3, 172.92959594726562, 0.0, 191.27938842773438, 23.36748695373535, 0.3064667582511902], [0, 267.42938232421875, 220.73098754882812, 293.53619384765625, 251.98751831054688, 0.3054817020893097], [2, 173.10174560546875, 0.0, 191.18243408203125, 23.413429260253906, 0.2888736426830292], [0, 273.20086669921875, 27.603836059570312, 292.03216552734375, 49.80457305908203, 0.2540336549282074]], "patched": [[2, 167.5521240234375, 206.53155517578125, 182.006103515625, 237.9539794921875, 0.7158528566360474], [0, 234.19412231445312, 192.69491577148438, 249.55398559570312, 222.33255004882812, 0.6027199625968933], [0, 229.70361328125, 327.9920654296875, 242.91259765625, 367.306396484375, 0.4072817265987396], [0, 235.46755981445312, 177.78955078125, 250.70962524414062, 219.0958251953125, 0.3906407654285431], [3, 173.02801513671875, 0.0, 190.84701538085938, 23.457599639892578, 0.37538209557533264], [2, 173.0465850830078, 0.0, 190.9286346435547, 23.574134826660156, 0.325607031583786], [0, 236.8894805908203, 177.86849975585938, 250.6287078857422, 203.2205810546875, 0.3226666748523712], [0, 259.4244079589844, 485.009765625, 273.7523498535156, 515.309326171875, 0.3141038417816162], [2, 228.37628173828125, 315.6112060546875, 242.96044921875, 367.0123291015625, 0.2799076735973358], [0, 271.81109619140625, 499.348388671875, 281.54779052734375, 516.114013671875, 0.26685917377471924], [0, 229.64212036132812, 345.6966857910156, 242.68313598632812, 367.2829895019531, 0.2589576840400696], [2, 166.17547607421875, 214.734130859375, 181.2332763671875, 257.80718994140625, 0.2584214508533478]]}