{"clean": [[3, 124.06488037109375, 0.0, 238.9805908203125, 96.95801544189453, 0.6867538094520569], [0, 453.25628662109375, 5.396313667297363, 476.10650634765625, 34.18795394897461, 0.6138744354248047], [0, 0.0, 418.750732421875, 17.470680236816406, 474.86590576171875, 0.6010711789131165], [4, 513.295654296875, 371.0486145019531, 526.105712890625, 396.3205871582031, 0.35943594574928284], [4, 431.48828125, 66.66838073730469, 451.1688232421875, 90.15696716308594, 0.33128196001052856], [0, 125.82614135742188, 0.272125244140625, 238.567138671875, 97.37916564941406, 0.31263267993927], [0, 0.0, 578.0460815429688, 29.541961669921875, 639.6401977539062, 0.3068242073059082]], "patched": [[0, 453.31005859375, 5.34039306640625, 476.3995361328125, 34.19321823120117, 0.6394460797309875], [0, 0.0, 419.278076171875, 17.356098175048828, 474.4986572265625, 0.6072282195091248], [2, 126.56394958496094, 0.0, 233.47230529785156, 74.39603424072266, 0.5915354490280151], [4, 431.4793395996094, 66.67842102050781, 451.1106262207031, 90.21525573730469, 0.3780825436115265], [4, 513.268798828125, 371.1665344238281, 526.130859375, 396.4164733886719, 0.36135751008987427], [0, 0.0, 578.00341796875, 29.492794036865234, 639.639404296875, 0.3128414452075958]]}