{"clean": [[3, 91.11550903320312, 346.3968811035156, 185.43438720703125, 438.6481018066406, 0.9225615859031677], [0, 270.02325439453125, 294.09149169921875, 300.2216796875, 338.07110595703125, 0.8967520594596863], [0, 286.6277160644531, 323.4253234863281, 317.7778015136719, 368.5123596191406, 0.8929005861282349], [0, 244.72979736328125, 383.56671142578125, 278.3760986328125, 425.061767578125, 0.8921498656272888], [0, 407.5993347167969, 342.40118408203125, 441.1101379394531, 395.17144775390625, 0.8898812532424927], [0, 192.85769653320312, 325.9815368652344, 226.37307739257812, 367.6760559082031, 0.885253369808197], [0, 477.80010986328125, 0.0482940673828125, 496.55413818359375, 40.071510314941406, 0.8626564741134644], [0, 149.61160278320312, 456.3876953125, 185.51089477539062, 490.1038818359375, 0.8521554470062256], [0, 91.91645812988281, 449.4296875, 128.16000366210938, 484.2205810546875, 0.8402396440505981], [3, 224.51657104492188, 201.75704956054688, 271.2593688964844, 277.15093994140625, 0.8316622376441956], [3, 336.7091369628906, 193.3008270263672, 366.5605163574219, 333.69281005859375, 0.8237998485565186], [0, 485.5416259765625, 141.2784881591797, 502.206787109375, 192.44532775878906, 0.8106703162193298], [1, 228.94381713867188, 267.64947509765625, 260.6026306152344, 313.20257568359375, 0.7803820371627808], [0, 196.56378173828125, 432.41558837890625, 231.68997192382812, 473.2042236328125, 0.7531728744506836], [0, 43.09020233154297, 425.4783020019531, 77.4305191040039, 459.8509826660156, 0.7058340311050415], [0, 264.8558349609375, 218.5450439453125, 290.2130126953125, 263.08953857421875, 0.6348128914833069], [0, 225.56613159179688, 352.4347229003906, 261.87933349609375, 396.4205627441406, 0.596645712852478], [0, 339.7890625, 0.0026683807373046875, 352.8394775390625, 6.0016961097717285, 0.5539127588272095], [0, 91.35421752929688, 494.55145263671875, 129.63330078125, 526.0768432617188, 0.4891006350517273], [1, 225.33990478515625, 352.5680847167969, 261.833984375, 396.4297790527344, 0.4210818111896515], [1, 538.9124145507812, 410.47662353515625, 559.2119750976562, 451.41729736328125, 0.4091670513153076], [0, 538.9588623046875, 412.51544189453125, 557.9188232421875, 451.63140869140625, 0.35325244069099426]], "patched": [[2, 91.75886535644531, 346.35992431640625, 185.26512145996094, 437.95111083984375, 0.8877491354942322], [0, 485.6901550292969, 141.39138793945312, 502.0956726074219, 192.78781127929688, 0.7804514169692993], [2, 344.3206481933594, 276.68939208984375, 367.6121520996094, 333.560302734375, 0.7405933737754822], [2, 225.683349609375, 352.7015686035156, 261.54620361328125, 396.0772399902344, 0.7112080454826355], [2, 286.6029052734375, 323.4683532714844, 317.6448974609375, 368.4867248535156, 0.6744323372840881], [2, 192.77847290039062, 325.94342041015625, 226.40206909179688, 367.87445068359375, 0.6738210320472717], [2, 244.86453247070312, 383.66876220703125, 278.3869323730469, 424.93536376953125, 0.6010035872459412], [0, 270.11065673828125, 294.1671142578125, 300.44635009765625, 338.2406005859375, 0.5907689332962036], [2, 478.0638427734375, 0.0, 496.4974365234375, 40.154361724853516, 0.5213137269020081], [0, 339.905517578125, 0.0040187835693359375, 352.74786376953125, 5.937107086181641, 0.49727773666381836], [2, 407.06646728515625, 342.3182373046875, 441.52532958984375, 395.25274658203125, 0.4234449863433838], [2, 337.9372863769531, 193.7269287109375, 369.1643371582031, 277.51983642578125, 0.4087945520877838], [0, 477.84033203125, 0.002361297607421875, 496.1500244140625, 40.443904876708984, 0.31397321820259094], [1, 538.943603515625, 409.0947265625, 559.3240966796875, 451.5421142578125, 0.3014325201511383]]}