{"clean": [[0, 32.3968505859375, 168.48846435546875, 54.12169647216797, 199.70254516601562, 0.863771915435791], [0, 53.87028503417969, 138.19369506835938, 74.99287414550781, 167.07827758789062, 0.8362493515014648], [0, 592.2677001953125, 608.1927490234375, 622.1019287109375, 640.0, 0.7895635962486267], [0, 26.13257598876953, 304.1642761230469, 41.42901611328125, 335.8003234863281, 0.7742706537246704], [0, 28.40127182006836, 235.80624389648438, 40.385982513427734, 271.1745910644531, 0.6526786684989929], [0, 76.20936584472656, 129.70477294921875, 91.40275573730469, 159.62640380859375, 0.6354915499687195], [0, 598.2303466796875, 581.3006591796875, 627.5860595703125, 628.1845703125, 0.49881935119628906], [1, 76.17271423339844, 129.71112060546875, 91.54420471191406, 159.47869873046875, 0.48243939876556396], [0, 97.55703735351562, 72.583740234375, 121.64511108398438, 100.12918090820312, 0.4775140583515167]], "patched": [[4, 32.980224609375, 168.3103790283203, 54.35438537597656, 199.7733612060547, 0.4948274493217468], [0, 592.5950927734375, 615.6585693359375, 621.87060546875, 639.9993896484375, 0.42771610617637634], [4, 25.881511688232422, 304.0084228515625, 41.47722244262695, 335.9227294921875, 0.32507556676864624], [0, 28.513267517089844, 235.92108154296875, 40.52281951904297, 271.2721252441406, 0.3236806392669678]]}