{"clean": [[0, 253.76254272460938, 457.41455078125, 271.2931823730469, 489.49835205078125, 0.8190232515335083], [0, 264.984375, 300.9530944824219, 275.70068359375, 313.4335021972656, 0.7948755025863647], [0, 274.66845703125, 450.9830322265625, 290.81829833984375, 481.715087890625, 0.7896953225135803], [0, 157.3297119140625, 502.012451171875, 176.60186767578125, 532.5194091796875, 0.7850077748298645], [0, 271.36785888671875, 342.3263244628906, 283.06658935546875, 361.5586242675781, 0.7740064263343811], [0, 288.0595703125, 315.08251953125, 298.7747802734375, 331.5755615234375, 0.7736824154853821], [0, 275.5252990722656, 376.0158996582031, 287.8677673339844, 395.3315734863281, 0.7699226140975952], [0, 187.7098388671875, 400.7801208496094, 204.9588623046875, 422.9898986816406, 0.767961859703064], [0, 249.89727783203125, 310.9769287109375, 260.3017578125, 322.53680419921875, 0.7639881372451782], [3, 58.46236038208008, 473.7464599609375, 90.31504821777344, 525.723388671875, 0.7575602531433105], [0, 38.443782806396484, 500.9948425292969, 59.6314811706543, 533.57568359375, 0.7449952960014343], [2, 70.94515991210938, 440.3868103027344, 96.99752807617188, 478.3168640136719, 0.7433328628540039], [0, 299.8954772949219, 341.22308349609375, 312.4175720214844, 359.96441650390625, 0.7272555232048035], [0, 77.0133056640625, 625.0621948242188, 103.04226684570312, 640.0, 0.7109668850898743], [0, 303.045654296875, 264.3908996582031, 314.8199462890625, 282.8706359863281, 0.5969020128250122], [4, 245.0860595703125, 427.97344970703125, 254.92938232421875, 444.50054931640625, 0.5742589235305786], [0, 318.0838928222656, 220.16714477539062, 325.8883361816406, 228.63076782226562, 0.5028194785118103], [2, 100.45858764648438, 422.5469970703125, 124.98042297363281, 463.445068359375, 0.4053606688976288], [0, 218.53663635253906, 280.3592529296875, 227.4716033935547, 291.0367431640625, 0.3292815387248993], [0, 321.4132995605469, 186.16714477539062, 328.3537292480469, 193.62301635742188, 0.2984668016433716]], "patched": [[0, 265.001708984375, 300.97113037109375, 275.665771484375, 313.39215087890625, 0.7962349057197571], [0, 274.49334716796875, 450.88507080078125, 290.17266845703125, 481.48565673828125, 0.7822498679161072], [0, 271.3926696777344, 342.33428955078125, 283.0337219238281, 361.52447509765625, 0.7753811478614807], [0, 288.06610107421875, 315.0914611816406, 298.76580810546875, 331.5467224121094, 0.7748768329620361], [0, 275.536376953125, 376.10162353515625, 287.77850341796875, 395.28961181640625, 0.7711808085441589], [0, 187.72727966308594, 401.20404052734375, 204.70677185058594, 422.96478271484375, 0.7710865139961243], [0, 249.89645385742188, 311.0025329589844, 260.2625427246094, 322.5049133300781, 0.7685217261314392], [0, 253.9272003173828, 457.21099853515625, 270.46966552734375, 490.130859375, 0.7647433876991272], [0, 299.90911865234375, 341.22998046875, 312.41015625, 359.939453125, 0.7291069030761719], [0, 77.36433410644531, 625.0980224609375, 102.97663879394531, 640.0, 0.709240198135376], [0, 158.05062866210938, 502.9917297363281, 176.90225219726562, 532.6025390625, 0.6954533457756042], [0, 303.05035400390625, 264.41961669921875, 314.80401611328125, 282.84906005859375, 0.5956991910934448], [4, 245.17440795898438, 428.00592041015625, 254.79385375976562, 444.391845703125, 0.5809473395347595], [2, 102.9627685546875, 406.15081787109375, 121.33717346191406, 432.32293701171875, 0.5221320986747742], [0, 38.31581115722656, 510.78314208984375, 57.49992370605469, 533.8616333007812, 0.5211348533630371], [0, 318.0777893066406, 220.17977905273438, 325.8855285644531, 228.62026977539062, 0.517586350440979], [0, 60.1375846862793, 500.9945068359375, 78.32872009277344, 526.02880859375, 0.35873666405677795], [0, 218.5320281982422, 280.3548583984375, 227.4809112548828, 291.025390625, 0.34188780188560486], [0, 321.40869140625, 186.17056274414062, 328.3480224609375, 193.62222290039062, 0.3255377411842346], [0, 101.58726501464844, 444.0722351074219, 115.12516784667969, 463.6441345214844, 0.2963389456272125], [0, 38.20428466796875, 502.774658203125, 58.934173583984375, 533.8013916015625, 0.26018601655960083], [0, 319.72796630859375, 201.43344116210938, 332.33428955078125, 211.49005126953125, 0.25765952467918396]]}