{"clean": [[0, 348.7397766113281, 299.7278137207031, 360.5864562988281, 330.9973449707031, 0.8207642436027527], [0, 326.93182373046875, 591.5104370117188, 346.98138427734375, 640.0, 0.7810437083244324], [0, 326.50946044921875, 65.43882751464844, 334.91876220703125, 84.02922058105469, 0.7752598524093628], [0, 288.155517578125, 63.550453186035156, 297.385498046875, 78.68814849853516, 0.7265353202819824], [0, 360.87286376953125, 45.62004852294922, 371.60552978515625, 62.50800323486328, 0.6890612840652466], [3, 319.63336181640625, 0.0, 330.6641845703125, 39.29612731933594, 0.6803231835365295], [0, 167.81488037109375, 479.2496337890625, 189.83673095703125, 535.7485961914062, 0.6478673219680786], [1, 168.05657958984375, 479.2918701171875, 189.78607177734375, 535.633056640625, 0.5659049153327942], [1, 341.6962585449219, 195.39813232421875, 352.0681457519531, 223.902099609375, 0.5409513115882874], [0, 341.6192626953125, 195.6554412841797, 352.13330078125, 224.1708221435547, 0.5267766714096069], [0, 635.350830078125, 228.54443359375, 640.0, 247.1541748046875, 0.3984288275241852], [3, 280.58636474609375, 26.61415672302246, 297.57977294921875, 63.767234802246094, 0.38225436210632324], [1, 327.9091796875, 591.4124755859375, 346.9119873046875, 639.9827880859375, 0.3468114137649536]], "patched": [[0, 348.7555236816406, 299.73162841796875, 360.5696105957031, 330.95196533203125, 0.8176798820495605], [0, 326.5120849609375, 65.4419937133789, 334.91015625, 83.98589324951172, 0.7750177383422852], [2, 559.9892578125, 594.0119018554688, 639.487060546875, 639.3654174804688, 0.6970642805099487], [0, 360.89154052734375, 45.631591796875, 371.59185791015625, 62.49205017089844, 0.6760512590408325], [0, 288.155517578125, 63.31439971923828, 297.44287109375, 78.6298599243164, 0.6636096239089966], [2, 327.0823974609375, 591.5729370117188, 346.7490234375, 640.0, 0.5802708864212036], [0, 171.36041259765625, 479.0384521484375, 189.24774169921875, 515.7166748046875, 0.5612025260925293], [1, 341.6942138671875, 195.39779663085938, 352.065185546875, 223.90695190429688, 0.543335497379303], [0, 320.8973388671875, 24.47304916381836, 330.368408203125, 39.422481536865234, 0.5356160402297974], [0, 341.61175537109375, 195.35531616210938, 352.1436767578125, 223.88192749023438, 0.5015769004821777], [0, 635.3717651367188, 228.55630493164062, 640.0, 247.02389526367188, 0.41533413529396057], [3, 320.5592041015625, 0.0, 330.37060546875, 20.970720291137695, 0.38805148005485535], [0, 167.95709228515625, 505.6010437011719, 186.0098876953125, 535.6357421875, 0.350016325712204], [0, 320.04522705078125, 14.810779571533203, 330.15435791015625, 25.525287628173828, 0.2552107572555542]]}