{"clean": [[3, 258.77484130859375, 205.81207275390625, 310.75506591796875, 302.43450927734375, 0.8810293078422546], [2, 144.96185302734375, 18.120079040527344, 169.3056640625, 62.70280456542969, 0.8702151775360107], [0, 237.58297729492188, 539.4661865234375, 285.2657775878906, 610.3262939453125, 0.8392037153244019], [0, 299.3250732421875, 532.4716796875, 339.5758056640625, 599.6156005859375, 0.8326524496078491], [0, 408.9491882324219, 274.569580078125, 433.4727478027344, 315.08935546875, 0.8244515061378479], [0, 218.9989471435547, 155.51560974121094, 237.6630401611328, 182.2983856201172, 0.793701708316803], [0, 128.21743774414062, 48.850006103515625, 146.36386108398438, 68.01324462890625, 0.793562650680542], [0, 177.02117919921875, 81.25263977050781, 195.49868774414062, 104.92796325683594, 0.7590358853340149], [0, 166.15802001953125, 65.17799377441406, 183.512451171875, 86.28846740722656, 0.719652533531189], [0, 47.49296569824219, 223.2202911376953, 76.59104919433594, 251.89402770996094, 0.7068748474121094], [0, 188.20864868164062, 95.89454650878906, 209.65286254882812, 128.76625061035156, 0.639656126499176], [1, 96.95152282714844, 491.23876953125, 157.04837036132812, 550.156494140625, 0.6331055164337158], [1, 506.1119384765625, 191.45419311523438, 527.70703125, 249.73223876953125, 0.5865759253501892], [0, 41.09790802001953, 206.39340209960938, 72.1171646118164, 237.58157348632812, 0.5818593502044678], [3, 0.0035800933837890625, 246.4493408203125, 15.675743103027344, 311.29180908203125, 0.41338032484054565], [4, 532.427490234375, 301.0108947753906, 545.124755859375, 332.1666564941406, 0.3527076244354248], [0, 189.25238037109375, 104.61285400390625, 209.58453369140625, 129.45819091796875, 0.3521641492843628], [0, 30.436843872070312, 168.76963806152344, 59.47606658935547, 199.62001037597656, 0.2944740653038025], [0, 393.70611572265625, 0.0, 404.81719970703125, 5.785266399383545, 0.28947338461875916], [4, 533.3465576171875, 309.9906005859375, 543.6798095703125, 332.56500244140625, 0.2672494947910309]], "patched": [[2, 145.03050231933594, 18.270315170288086, 169.16712951660156, 62.44580841064453, 0.8418184518814087], [0, 128.27005004882812, 48.786720275878906, 146.34689331054688, 68.01563262939453, 0.7910245656967163], [0, 176.99017333984375, 81.33242797851562, 194.08468627929688, 104.53781127929688, 0.7063766121864319], [0, 166.3697509765625, 65.36282348632812, 183.340087890625, 86.07087707519531, 0.696990966796875], [0, 219.0665740966797, 155.560791015625, 235.02137756347656, 176.91928100585938, 0.6784363985061646], [2, 409.083984375, 273.4272766113281, 434.525390625, 315.0079650878906, 0.6734557747840881], [2, 240.13479614257812, 538.738037109375, 285.6281433105469, 611.273681640625, 0.6600452065467834], [0, 299.3089599609375, 529.42626953125, 340.308837890625, 599.926513671875, 0.47354739904403687], [2, 506.0388488769531, 191.20892333984375, 527.306396484375, 249.00408935546875, 0.45822086930274963], [4, 532.8538818359375, 309.07061767578125, 544.8101806640625, 332.05474853515625, 0.4188093841075897], [2, 188.13250732421875, 93.4090347290039, 204.61306762695312, 119.04285430908203, 0.36311522126197815], [1, 506.07391357421875, 191.15921020507812, 527.5325317382812, 249.16702270507812, 0.3445427417755127], [0, 506.27496337890625, 191.49594116210938, 527.4382934570312, 250.43545532226562, 0.31396016478538513], [0, 393.6709899902344, 0.0, 404.6656799316406, 5.808382987976074, 0.2812468111515045]]}