{"clean": [[0, 591.260009765625, 38.1564826965332, 603.349365234375, 56.43893814086914, 0.36533769965171814], [2, 0.06447601318359375, 291.65380859375, 53.91936492919922, 370.8538818359375, 0.2834009528160095]], "patched": [[0, 591.270751953125, 38.145545959472656, 603.354736328125, 56.44379425048828, 0.3671344518661499]]}