{"clean": [[0, 373.8671875, 373.36065673828125, 404.7491455078125, 426.44879150390625, 0.8984086513519287], [3, 551.021240234375, 342.379150390625, 618.704345703125, 466.2691650390625, 0.8779496550559998], [0, 519.5758056640625, 351.4007873535156, 543.595947265625, 403.2212829589844, 0.8763559460639954], [3, 564.8034057617188, 222.78074645996094, 632.7376098632812, 353.4102783203125, 0.8707032203674316], [0, 475.39019775390625, 306.76702880859375, 502.70172119140625, 354.4002685546875, 0.8617202639579773], [0, 545.96875, 167.0880584716797, 570.66845703125, 203.02308654785156, 0.8563692569732666], [3, 443.4389953613281, 288.6383056640625, 482.1109924316406, 360.417236328125, 0.8020535111427307], [0, 263.7678527832031, 571.7775268554688, 304.3175964355469, 637.4859008789062, 0.6664102673530579], [2, 624.023681640625, 221.66415405273438, 639.879638671875, 297.9269714355469, 0.3211633563041687], [1, 263.48931884765625, 571.668701171875, 304.40008544921875, 637.82666015625, 0.25087103247642517]], "patched": [[3, 550.763427734375, 342.6326904296875, 617.103759765625, 466.2913818359375, 0.8587218523025513], [2, 374.0694274902344, 373.4110107421875, 404.8557434082031, 426.5224609375, 0.8429722189903259], [2, 475.37786865234375, 306.7208251953125, 502.96453857421875, 354.27685546875, 0.8241181373596191], [2, 588.6365356445312, 222.86318969726562, 633.0075073242188, 309.9291076660156, 0.7303743362426758], [2, 263.6002502441406, 571.4427490234375, 304.3919982910156, 639.0404052734375, 0.7109633088111877], [2, 519.846435546875, 351.77581787109375, 543.97998046875, 403.15118408203125, 0.6974824070930481], [2, 443.08721923828125, 288.15789794921875, 482.21466064453125, 361.04547119140625, 0.6450061202049255], [2, 624.1138916015625, 223.09681701660156, 640.0, 298.222412109375, 0.31363344192504883]]}