{"clean": [[0, 169.47581481933594, 248.94558715820312, 184.4761199951172, 264.7953796386719, 0.809833824634552], [0, 569.23388671875, 442.6993103027344, 588.613525390625, 487.8257141113281, 0.8057534098625183], [0, 266.281494140625, 239.96524047851562, 275.45263671875, 250.09249877929688, 0.7849517464637756], [0, 245.93057250976562, 205.23446655273438, 256.4235534667969, 218.85494995117188, 0.7819721102714539], [0, 577.1680908203125, 314.1072998046875, 590.2606201171875, 333.331787109375, 0.7734915018081665], [0, 235.04136657714844, 200.91912841796875, 244.4831085205078, 214.15496826171875, 0.7728673815727234], [0, 314.8541259765625, 268.0562744140625, 325.976806640625, 284.16339111328125, 0.7542459964752197], [0, 581.1568603515625, 275.8135986328125, 593.8890380859375, 292.3194580078125, 0.7216624021530151], [0, 305.0422058105469, 250.48301696777344, 315.1488342285156, 262.3663330078125, 0.6658303737640381], [0, 261.3385009765625, 160.97482299804688, 268.982177734375, 169.02023315429688, 0.6424436569213867], [0, 272.1160583496094, 136.14892578125, 279.0469665527344, 143.860595703125, 0.577466607093811], [0, 221.30177307128906, 180.63882446289062, 230.16603088378906, 190.48574829101562, 0.5691458582878113], [0, 561.5274658203125, 257.7611999511719, 573.0753173828125, 275.2155456542969, 0.5649445056915283], [3, 382.1397399902344, 433.0537109375, 418.7905578613281, 529.4522705078125, 0.5573559999465942], [2, 590.0932006835938, 201.72503662109375, 602.4873657226562, 221.09927368164062, 0.5488269925117493], [0, 254.9493408203125, 136.9974365234375, 260.88348388671875, 144.08786010742188, 0.5408468842506409], [0, 551.551025390625, 288.78033447265625, 561.241943359375, 300.17633056640625, 0.49197500944137573], [0, 282.865478515625, 180.42218017578125, 290.6339111328125, 189.7178955078125, 0.34945499897003174], [0, 556.1119384765625, 275.4404296875, 568.0238037109375, 290.6380615234375, 0.32028302550315857], [0, 566.447509765625, 247.88311767578125, 575.210205078125, 259.1671142578125, 0.3069430887699127]], "patched": [[0, 169.49171447753906, 248.9566650390625, 184.47251892089844, 264.78192138671875, 0.8113280534744263], [0, 266.29571533203125, 239.96832275390625, 275.43731689453125, 250.06317138671875, 0.7866854071617126], [0, 245.94357299804688, 205.2276153564453, 256.4098815917969, 218.84703063964844, 0.7821632027626038], [0, 235.04592895507812, 200.9125213623047, 244.47763061523438, 214.1522674560547, 0.7727310061454773], [0, 577.195556640625, 314.10205078125, 590.242919921875, 333.28509521484375, 0.7691252827644348], [0, 314.8726501464844, 268.06842041015625, 325.9600524902344, 284.14068603515625, 0.7544230818748474], [2, 382.3732604980469, 433.555419921875, 414.5135192871094, 493.8170166015625, 0.7409350872039795], [0, 569.6181030273438, 451.8995056152344, 588.4071655273438, 488.0044860839844, 0.7311413288116455], [0, 581.158935546875, 275.78802490234375, 593.884765625, 292.29119873046875, 0.7211849093437195], [0, 305.0600891113281, 250.49716186523438, 315.1421813964844, 262.3622741699219, 0.6668477058410645], [0, 261.333984375, 160.96670532226562, 268.986083984375, 169.02108764648438, 0.6429970860481262], [0, 272.11187744140625, 136.14370727539062, 279.04840087890625, 143.86288452148438, 0.5776926279067993], [0, 221.2960968017578, 180.63015747070312, 230.1736602783203, 190.49368286132812, 0.5722209215164185], [0, 561.5313720703125, 257.73016357421875, 573.0872802734375, 275.22344970703125, 0.570061981678009], [2, 590.0830078125, 201.71804809570312, 602.49267578125, 221.10330200195312, 0.5599474310874939], [0, 254.94505310058594, 136.98843383789062, 260.8897705078125, 144.09173583984375, 0.542131781578064], [0, 551.5377197265625, 288.80035400390625, 561.2340087890625, 300.17010498046875, 0.49574896693229675], [2, 387.425537109375, 466.31134033203125, 418.0987548828125, 529.31103515625, 0.49298295378685], [0, 282.86029052734375, 180.41534423828125, 290.63385009765625, 189.7203369140625, 0.34966468811035156], [0, 566.4439697265625, 247.85418701171875, 575.223876953125, 259.2007141113281, 0.32347506284713745], [0, 556.1080322265625, 275.43548583984375, 568.0255126953125, 290.64691162109375, 0.3227503299713135]]}