{"clean": [[4, 392.601806640625, 527.0120239257812, 412.4310302734375, 573.7891235351562, 0.39973944425582886], [4, 258.09417724609375, 496.86126708984375, 271.78955078125, 545.3075561523438, 0.255310595035553]], "patched": [[4, 392.6451721191406, 526.8184814453125, 412.0813293457031, 574.2237548828125, 0.6489099264144897]]}