{"clean": [[0, 270.9839172363281, 519.9002685546875, 301.1886291503906, 560.580810546875, 0.8860152363777161], [0, 186.80796813964844, 460.75299072265625, 215.49534606933594, 501.47607421875, 0.8767900466918945], [0, 266.8050537109375, 423.35809326171875, 289.04034423828125, 465.74151611328125, 0.861312985420227], [0, 504.967041015625, 290.86834716796875, 522.4825439453125, 322.4110107421875, 0.8607854247093201], [0, 335.85302734375, 323.29205322265625, 355.546142578125, 354.95660400390625, 0.8332946300506592], [0, 386.39288330078125, 193.74490356445312, 407.25177001953125, 218.04107666015625, 0.8223951458930969], [0, 102.470947265625, 284.3231201171875, 124.37593078613281, 308.8892822265625, 0.8193228244781494], [0, 57.757484436035156, 173.7997589111328, 80.29895782470703, 194.89964294433594, 0.8061385154724121], [0, 560.4277954101562, 158.0777587890625, 574.5451049804688, 183.11611938476562, 0.7943808436393738], [0, 476.07720947265625, 61.56227111816406, 487.20880126953125, 81.9249267578125, 0.7617369294166565], [0, 427.5992736816406, 138.05035400390625, 441.8581848144531, 161.97174072265625, 0.7460381984710693], [0, 463.009521484375, 94.34443664550781, 475.47900390625, 113.91795349121094, 0.73956698179245], [0, 68.80036163330078, 164.32623291015625, 88.82636260986328, 183.59637451171875, 0.7189955711364746], [0, 257.22235107421875, 133.24095153808594, 277.28948974609375, 153.1828155517578, 0.7145815491676331], [0, 177.60751342773438, 374.43701171875, 199.28079223632812, 404.60546875, 0.6714882850646973], [0, 148.16470336914062, 281.2271423339844, 161.9744873046875, 313.7580261230469, 0.6480159759521484], [3, 619.245361328125, 29.452255249023438, 636.5269775390625, 61.64018249511719, 0.6198247075080872], [1, 521.458251953125, 114.58946228027344, 535.0137939453125, 138.45028686523438, 0.5385497808456421], [0, 493.42626953125, 28.425243377685547, 504.713623046875, 45.7801628112793, 0.4687928855419159], [0, 380.75775146484375, 165.95115661621094, 404.88812255859375, 182.9810028076172, 0.258084237575531], [2, 619.17724609375, 29.432714462280273, 636.57763671875, 61.67243194580078, 0.25547686219215393]], "patched": [[0, 560.436279296875, 157.90634155273438, 574.556884765625, 183.17428588867188, 0.8035125136375427], [0, 476.09619140625, 61.54528045654297, 487.182861328125, 81.96160125732422, 0.7635589838027954], [0, 427.79779052734375, 138.09478759765625, 441.84686279296875, 161.97103881835938, 0.7504854202270508], [0, 463.0083312988281, 94.33058166503906, 475.4331359863281, 113.92414855957031, 0.7465789914131165], [0, 257.23919677734375, 133.22157287597656, 277.5362548828125, 153.26890563964844, 0.704136312007904], [0, 186.1805419921875, 460.462158203125, 214.31890869140625, 501.8831787109375, 0.5197339057922363], [0, 505.2153625488281, 290.8316345214844, 522.18359375, 322.3926086425781, 0.5096437931060791], [0, 493.4637451171875, 28.41640281677246, 504.6890869140625, 45.82288360595703, 0.4953324794769287], [1, 521.4637451171875, 114.33073425292969, 534.9598388671875, 138.47276306152344, 0.4850098490715027], [0, 266.41217041015625, 423.4029541015625, 288.92486572265625, 465.526611328125, 0.4537700414657593], [2, 619.43212890625, 30.112699508666992, 636.5125732421875, 61.6038818359375, 0.36804983019828796]]}