{"clean": [[0, 66.05650329589844, 104.86178588867188, 87.77711486816406, 140.8460693359375, 0.8953236937522888], [0, 115.25874328613281, 215.88299560546875, 140.40882873535156, 257.63250732421875, 0.8768908381462097], [0, 125.58577728271484, 175.62420654296875, 149.81649780273438, 214.97552490234375, 0.872728168964386], [0, 100.3377685546875, 239.4124298095703, 121.94381713867188, 275.51068115234375, 0.8201956152915955], [1, 381.4856262207031, 242.65786743164062, 402.9903869628906, 289.7099304199219, 0.8101797699928284], [1, 140.34921264648438, 98.606201171875, 156.40011596679688, 133.91738891601562, 0.8064882159233093], [1, 478.33258056640625, 89.60525512695312, 494.83917236328125, 135.1407928466797, 0.7238273620605469], [1, 471.0303039550781, 49.76792907714844, 486.6792907714844, 90.98008728027344, 0.7158709764480591], [1, 218.98892211914062, 415.8118896484375, 250.12741088867188, 467.9283447265625, 0.6042035818099976], [0, 218.9064483642578, 415.9892578125, 250.0346221923828, 468.21478271484375, 0.4278463125228882], [0, 178.20709228515625, 532.9920043945312, 208.24078369140625, 587.5877075195312, 0.3591819405555725]], "patched": [[2, 140.31768798828125, 98.5360107421875, 156.4703369140625, 134.0664825439453, 0.7426379323005676], [2, 218.75286865234375, 415.84515380859375, 250.2410888671875, 468.33123779296875, 0.6636485457420349], [1, 381.93865966796875, 242.6173553466797, 402.92755126953125, 289.48980712890625, 0.5230094790458679], [0, 125.5134506225586, 175.643310546875, 149.77499389648438, 215.54562377929688, 0.4669586718082428], [2, 470.7030029296875, 64.49916076660156, 486.7679443359375, 90.98162841796875, 0.45038533210754395], [0, 114.84268188476562, 216.2462158203125, 140.8123779296875, 257.75860595703125, 0.3913020193576813], [2, 382.1316223144531, 242.65341186523438, 402.6181335449219, 289.7088317871094, 0.3814009130001068], [1, 475.180419921875, 49.89300537109375, 483.4073486328125, 67.4426498413086, 0.3093838691711426], [1, 470.8817138671875, 65.44383239746094, 486.88037109375, 90.86134338378906, 0.27087557315826416], [0, 470.6531677246094, 64.50625610351562, 486.7495422363281, 90.97518920898438, 0.25961834192276]]}