{"clean": [[0, 252.3448486328125, 249.1474609375, 265.87408447265625, 291.53399658203125, 0.8259955048561096], [0, 225.09808349609375, 76.06840515136719, 241.38479614257812, 112.2998046875, 0.775637149810791], [0, 269.487060546875, 496.911376953125, 285.48638916015625, 551.344482421875, 0.7313448786735535], [0, 286.51788330078125, 228.0009765625, 300.99969482421875, 273.0164794921875, 0.7213840484619141], [0, 255.1146240234375, 113.23455810546875, 269.47943115234375, 150.94580078125, 0.6691629886627197], [0, 268.86181640625, 106.1636962890625, 281.77197265625, 134.23443603515625, 0.6199238896369934], [0, 286.404296875, 375.17327880859375, 299.0362548828125, 414.41619873046875, 0.6047085523605347], [0, 312.23095703125, 560.9310913085938, 324.98095703125, 616.2487182617188, 0.6001926064491272], [0, 342.2820129394531, 273.5814514160156, 358.7048645019531, 329.3078308105469, 0.5682466626167297], [0, 372.00408935546875, 255.97772216796875, 386.84759521484375, 302.5400390625, 0.466147780418396], [0, 268.1300048828125, 96.52117919921875, 281.8702392578125, 134.38446044921875, 0.4458036422729492], [0, 268.16558837890625, 373.70391845703125, 278.924072265625, 398.68951416015625, 0.3949202597141266], [0, 385.89630126953125, 558.2545166015625, 409.79864501953125, 639.602294921875, 0.37308382987976074], [0, 37.473541259765625, 422.04718017578125, 77.73442077636719, 461.91455078125, 0.2594364583492279]], "patched": [[0, 286.3316650390625, 385.2950439453125, 298.8968505859375, 414.5146484375, 0.7753382921218872], [0, 253.80862426757812, 268.13787841796875, 265.7736511230469, 291.62384033203125, 0.6913726329803467], [0, 252.484130859375, 248.8259735107422, 263.571533203125, 269.35015869140625, 0.6854942440986633], [0, 267.282470703125, 369.4045715332031, 278.7813720703125, 398.4609069824219, 0.6670042872428894], [0, 270.93267822265625, 496.9161376953125, 283.88458251953125, 530.537109375, 0.6065437197685242], [0, 269.2252197265625, 108.55766296386719, 281.81048583984375, 134.25669860839844, 0.5951297879219055], [2, 342.16143798828125, 272.78936767578125, 359.35589599609375, 308.82562255859375, 0.5510993003845215], [0, 256.7851867675781, 129.01998901367188, 269.0543518066406, 150.80947875976562, 0.48949265480041504], [0, 228.76783752441406, 88.8630599975586, 240.8483428955078, 112.43163299560547, 0.437289297580719], [0, 270.94891357421875, 519.422119140625, 285.89691162109375, 551.673095703125, 0.43411386013031006], [0, 286.56732177734375, 228.13043212890625, 300.934326171875, 273.1358947753906, 0.40769338607788086], [0, 288.23583984375, 246.6976318359375, 300.6497802734375, 273.20196533203125, 0.3979390561580658], [0, 255.60531616210938, 113.01045227050781, 266.0450134277344, 131.7784881591797, 0.3107300102710724], [0, 256.34991455078125, 113.20773315429688, 269.33782958984375, 150.85385131835938, 0.29646584391593933], [0, 225.8236083984375, 75.43547058105469, 238.84051513671875, 93.70072937011719, 0.287601500749588], [0, 226.81173706054688, 75.86689758300781, 241.4034423828125, 112.40531921386719, 0.2666613459587097], [2, 270.1385498046875, 496.7518005371094, 285.59625244140625, 551.0548095703125, 0.2581043243408203]]}