{"clean": [[0, 282.51690673828125, 223.08139038085938, 302.4881591796875, 279.6753234863281, 0.8123125433921814], [0, 263.4701843261719, 4.127326965332031, 278.9009704589844, 33.04179382324219, 0.8102543354034424], [0, 240.92013549804688, 123.91450500488281, 261.3411865234375, 161.6851043701172, 0.8051891326904297], [0, 193.61190795898438, 390.8511962890625, 224.56753540039062, 471.5023193359375, 0.7588121891021729]], "patched": [[0, 242.07562255859375, 123.37067413330078, 260.8839416503906, 162.05389404296875, 0.7733978033065796], [2, 193.87254333496094, 390.16033935546875, 224.1022186279297, 472.28448486328125, 0.674871027469635], [0, 263.77398681640625, 5.036792755126953, 279.08612060546875, 32.961769104003906, 0.651091992855072], [2, 282.5003967285156, 223.16189575195312, 302.1565856933594, 279.125244140625, 0.6397705078125], [0, 193.7556915283203, 390.8490905761719, 224.20140075683594, 471.3572692871094, 0.4789714813232422], [0, 282.8060607910156, 223.12503051757812, 301.8479309082031, 279.6416015625, 0.4338664412498474]]}