{"clean": [[0, 450.5769348144531, 216.29791259765625, 480.7773742675781, 282.39080810546875, 0.7796028256416321], [0, 445.6427001953125, 49.448516845703125, 463.3465576171875, 107.72557067871094, 0.776810884475708], [0, 325.48162841796875, 12.247756958007812, 343.14434814453125, 70.00528717041016, 0.7595307230949402], [3, 248.94760131835938, 552.43701171875, 298.0639343261719, 639.67431640625, 0.7492678761482239], [0, 129.92861938476562, 384.47320556640625, 162.53707885742188, 450.30975341796875, 0.6912609338760376], [0, 275.3822021484375, 269.37646484375, 299.55755615234375, 338.869384765625, 0.6828057765960693], [0, 222.72222900390625, 602.132080078125, 246.26739501953125, 639.845947265625, 0.6390545964241028], [0, 249.31045532226562, 37.38245391845703, 266.8020324707031, 84.9130859375, 0.6127179861068726], [1, 319.8860778808594, 105.38627624511719, 339.9437561035156, 177.4893341064453, 0.6119645833969116], [0, 303.88458251953125, 0.0, 318.304931640625, 8.726452827453613, 0.584680438041687], [0, 130.97412109375, 226.3115234375, 155.068115234375, 291.75750732421875, 0.3362619876861572]], "patched": [[0, 446.3832702636719, 69.73867797851562, 462.8199768066406, 108.15116882324219, 0.6831809282302856], [0, 320.0916748046875, 131.59864807128906, 339.5518798828125, 177.30638122558594, 0.6741484999656677], [0, 304.1812744140625, 0.0, 317.9141845703125, 8.643850326538086, 0.6496797800064087], [0, 327.56805419921875, 12.808555603027344, 342.27642822265625, 47.18914031982422, 0.5824492573738098], [0, 131.83013916015625, 253.50332641601562, 150.089111328125, 292.2679138183594, 0.5329069495201111], [0, 327.21978759765625, 42.827003479003906, 342.15496826171875, 70.82804107666016, 0.5283010005950928], [0, 450.8253173828125, 216.50003051757812, 471.790283203125, 262.6579284667969, 0.5153418183326721], [0, 446.44024658203125, 49.28480911254883, 461.60943603515625, 90.24885559082031, 0.3742311894893646], [0, 327.3914489746094, 12.802734375, 342.6860046386719, 63.91999053955078, 0.3364552855491638], [0, 221.07586669921875, 614.44677734375, 245.06875610351562, 640.0, 0.30228134989738464]]}