{"clean": [[0, 280.5419616699219, 212.45294189453125, 295.5439758300781, 258.5941162109375, 0.831127405166626], [0, 321.599853515625, 459.9666748046875, 345.612060546875, 521.9259033203125, 0.8299926519393921], [0, 280.00274658203125, 561.40625, 303.76806640625, 633.657958984375, 0.8238583207130432], [0, 244.968994140625, 315.17919921875, 262.1009521484375, 368.374755859375, 0.8046343326568604], [0, 300.0701904296875, 161.51577758789062, 317.1795654296875, 205.91647338867188, 0.8039106130599976], [0, 5.089012145996094, 603.0081787109375, 47.22822189331055, 639.7542724609375, 0.7896317839622498], [0, 326.3631286621094, 155.32135009765625, 343.0171203613281, 201.52154541015625, 0.7878175377845764], [0, 429.5413513183594, 469.0943603515625, 458.4153137207031, 530.9049072265625, 0.7861428260803223], [0, 579.46826171875, 556.6317749023438, 618.1607666015625, 613.1974487304688, 0.7138320803642273], [0, 274.18060302734375, 113.6263427734375, 288.30462646484375, 153.7216796875, 0.6912654638290405], [0, 229.10794067382812, 89.948974609375, 240.86068725585938, 125.4520263671875, 0.6614310145378113], [0, 318.50482177734375, 51.96643829345703, 330.42510986328125, 86.4250259399414, 0.6324498057365417], [0, 245.88555908203125, 22.683326721191406, 257.5346984863281, 57.019569396972656, 0.5692009329795837], [0, 0.0018644332885742188, 531.864501953125, 4.9277496337890625, 575.553955078125, 0.39736369252204895]], "patched": [[2, 430.03314208984375, 469.19293212890625, 457.82391357421875, 530.6340942382812, 0.8629365563392639], [2, 321.888427734375, 458.89764404296875, 345.223876953125, 521.8252563476562, 0.7918897867202759], [2, 280.4883117675781, 561.427978515625, 303.5859680175781, 634.0330810546875, 0.7813730239868164], [2, 326.69818115234375, 155.33184814453125, 342.89813232421875, 201.54541015625, 0.728569507598877], [2, 300.31829833984375, 161.3570556640625, 316.49420166015625, 205.714111328125, 0.7051613926887512], [2, 245.03741455078125, 315.0987548828125, 261.23358154296875, 368.056884765625, 0.6829112768173218], [0, 229.35452270507812, 90.11036682128906, 240.52432250976562, 125.35823059082031, 0.6584129929542542], [2, 274.2359619140625, 113.73995971679688, 287.8038330078125, 153.67953491210938, 0.6557769179344177], [0, 246.20980834960938, 336.1804504394531, 261.76385498046875, 368.0728454589844, 0.5559219121932983], [0, 246.27279663085938, 30.50531005859375, 256.9499206542969, 57.18224334716797, 0.5417336821556091], [0, 318.8813781738281, 52.133384704589844, 330.0384826660156, 86.1852798461914, 0.5242879986763], [1, 318.81402587890625, 52.08441925048828, 329.84063720703125, 86.0906753540039, 0.39777106046676636], [0, 280.60687255859375, 212.572021484375, 295.49066162109375, 258.5361633300781, 0.37947964668273926], [0, 0.007850170135498047, 533.9390869140625, 4.814700126647949, 575.6087646484375, 0.3690224885940552], [0, 275.4732666015625, 128.1339111328125, 288.32708740234375, 153.64071655273438, 0.3622690439224243], [2, 280.46575927734375, 212.56082153320312, 295.32940673828125, 258.5052185058594, 0.35169997811317444], [1, 229.36526489257812, 90.30126953125, 240.8192138671875, 125.64859008789062, 0.34662574529647827]]}