{"clean": [[0, 0.13276290893554688, 328.11163330078125, 29.959129333496094, 353.92620849609375, 0.873090386390686], [0, 309.7963562011719, 385.228515625, 332.7342834472656, 433.7435302734375, 0.8403475284576416], [0, 0.11939048767089844, 353.843505859375, 22.523324966430664, 382.9876708984375, 0.8209301233291626], [0, 405.9111633300781, 426.3680419921875, 424.7787170410156, 475.963134765625, 0.8158989548683167], [0, 463.5541687011719, 448.6522216796875, 484.1803283691406, 508.1934814453125, 0.7948055267333984], [0, 38.538429260253906, 345.8738708496094, 79.64351654052734, 373.5996398925781, 0.7445651292800903], [2, 246.0347137451172, 6.9123640060424805, 298.95391845703125, 38.13042068481445, 0.6359628438949585], [0, 332.3426513671875, 401.17010498046875, 350.3834228515625, 439.73736572265625, 0.5352519154548645], [1, 441.44744873046875, 442.789306640625, 462.61749267578125, 498.20721435546875, 0.43976718187332153], [0, 0.041640281677246094, 312.81744384765625, 8.070542335510254, 340.68988037109375, 0.29670190811157227]], "patched": [[0, 405.982421875, 426.343505859375, 424.5576171875, 475.8077392578125, 0.8238953351974487], [0, 0.13453292846679688, 354.4248962402344, 22.469257354736328, 383.0531921386719, 0.82187420129776], [0, 463.2066650390625, 448.39892578125, 484.165771484375, 508.04071044921875, 0.7863360047340393], [0, 0.1315155029296875, 328.3687744140625, 30.386882781982422, 353.9173583984375, 0.722281813621521], [0, 310.3568115234375, 385.0882568359375, 332.73797607421875, 433.5345458984375, 0.682870626449585], [0, 38.6534423828125, 346.49920654296875, 78.76736450195312, 373.33734130859375, 0.6659424304962158], [0, 441.08477783203125, 457.862060546875, 460.4698486328125, 498.1124267578125, 0.6144123077392578]]}