{"clean": [[0, 278.32611083984375, 320.41253662109375, 303.97149658203125, 362.95172119140625, 0.862883448600769], [0, 346.54437255859375, 280.449951171875, 370.12310791015625, 312.77081298828125, 0.8117290735244751], [1, 355.2957458496094, 308.11676025390625, 382.6584167480469, 344.31561279296875, 0.799042284488678], [1, 265.1038513183594, 196.01560974121094, 294.1117858886719, 220.38352966308594, 0.7719370722770691], [0, 372.8113708496094, 368.8894348144531, 412.1763000488281, 425.5060729980469, 0.7716293931007385], [0, 277.96356201171875, 237.28399658203125, 294.89385986328125, 256.05316162109375, 0.6538814902305603], [0, 196.00772094726562, 174.85446166992188, 209.91665649414062, 189.103515625, 0.57966548204422], [4, 199.63864135742188, 288.1660461425781, 209.75103759765625, 310.1360168457031, 0.5765770077705383], [0, 209.9364013671875, 148.10525512695312, 221.26596069335938, 161.47677612304688, 0.5713033080101013], [4, 334.6588134765625, 228.13360595703125, 340.2100830078125, 241.61007690429688, 0.4750528037548065], [4, 193.4552001953125, 218.55308532714844, 206.3402099609375, 230.56727600097656, 0.44323691725730896], [0, 312.67120361328125, 156.10809326171875, 326.06146240234375, 170.26654052734375, 0.43378332257270813], [4, 356.3978271484375, 444.4203796386719, 368.37567138671875, 466.1111755371094, 0.4054725468158722], [4, 99.88497161865234, 351.91107177734375, 119.59803009033203, 388.71209716796875, 0.3608173131942749], [0, 197.21630859375, 229.8475341796875, 213.5677490234375, 255.10369873046875, 0.3589855134487152], [4, 210.566162109375, 260.9276123046875, 218.0523681640625, 276.952880859375, 0.30487704277038574], [4, 334.54437255859375, 226.22317504882812, 341.718994140625, 241.64041137695312, 0.29573825001716614], [4, 227.32952880859375, 174.60861206054688, 231.17608642578125, 182.49435424804688, 0.2949429750442505], [0, 274.64642333984375, 117.35159301757812, 281.42669677734375, 125.40376281738281, 0.28379562497138977], [4, 224.1861572265625, 192.65386962890625, 228.79913330078125, 201.31396484375, 0.28324681520462036], [4, 337.92755126953125, 250.31900024414062, 347.64996337890625, 265.4352722167969, 0.26082417368888855], [4, 118.883544921875, 323.7131042480469, 130.07659912109375, 342.6772155761719, 0.25934073328971863], [0, 174.7611083984375, 199.57760620117188, 193.70208740234375, 218.431884765625, 0.2581687867641449]], "patched": [[0, 372.8345031738281, 368.791259765625, 412.0921936035156, 425.226806640625, 0.7981182932853699], [0, 340.66510009765625, 280.33843994140625, 372.66815185546875, 313.06793212890625, 0.7884212136268616], [1, 265.08233642578125, 195.99374389648438, 294.12359619140625, 220.37515258789062, 0.7718629240989685], [0, 278.3448486328125, 320.35015869140625, 303.81005859375, 363.02838134765625, 0.5949180722236633], [4, 199.53549194335938, 288.5563659667969, 209.84518432617188, 309.9866638183594, 0.5667288899421692], [0, 209.57437133789062, 147.9501953125, 221.13162231445312, 161.62005615234375, 0.5617403984069824], [1, 355.29913330078125, 308.58026123046875, 382.87481689453125, 343.98577880859375, 0.5225330591201782], [1, 278.857177734375, 320.193115234375, 303.98583984375, 363.02508544921875, 0.48543781042099], [4, 334.6739196777344, 228.41567993164062, 340.1712951660156, 241.60244750976562, 0.4669463336467743], [0, 355.32122802734375, 308.624267578125, 382.8682861328125, 344.133056640625, 0.44563478231430054], [4, 193.43795776367188, 218.17276000976562, 205.844970703125, 230.55520629882812, 0.4329345226287842], [1, 274.17071533203125, 116.58113861083984, 280.71063232421875, 125.37786102294922, 0.4291599690914154], [0, 196.45115661621094, 173.72543334960938, 209.53675842285156, 189.05526733398438, 0.4133659899234772], [4, 356.4504699707031, 444.3943176269531, 368.3703918457031, 466.0917663574219, 0.3873014450073242], [4, 99.87983703613281, 351.8460693359375, 119.57106018066406, 388.7158203125, 0.37047508358955383], [0, 314.8564453125, 155.822265625, 326.435302734375, 170.44683837890625, 0.2991405129432678], [4, 227.3069305419922, 174.430908203125, 231.2086639404297, 182.48406982421875, 0.2885991036891937], [4, 334.5528564453125, 226.36666870117188, 341.6221923828125, 241.62191772460938, 0.2795104682445526], [4, 210.62789916992188, 261.03631591796875, 218.04122924804688, 276.97100830078125, 0.27146562933921814], [4, 224.14820861816406, 192.5350341796875, 228.8264923095703, 201.31829833984375, 0.261788934469223], [4, 118.86331176757812, 323.5780029296875, 130.0880126953125, 342.662109375, 0.2614540159702301], [4, 305.26031494140625, 251.72781372070312, 311.99237060546875, 266.8947448730469, 0.25768381357192993], [4, 337.9490661621094, 250.41934204101562, 347.5429382324219, 265.3758850097656, 0.2542102038860321]]}