{"clean": [[0, 176.21890258789062, 428.247802734375, 212.12640380859375, 486.822509765625, 0.8753921389579773], [1, 507.69720458984375, 546.0247802734375, 572.5167846679688, 639.9798583984375, 0.8471832871437073], [1, 319.64056396484375, 343.49981689453125, 336.05413818359375, 369.9942626953125, 0.7692164778709412], [0, 416.3578796386719, 389.03033447265625, 443.0835266113281, 422.17364501953125, 0.7539831399917603], [0, 221.40182495117188, 333.05792236328125, 242.35446166992188, 353.19854736328125, 0.7117301821708679], [0, 235.03994750976562, 316.99005126953125, 250.657958984375, 335.39739990234375, 0.6024473309516907], [0, 233.08660888671875, 351.164794921875, 250.6973876953125, 378.6007080078125, 0.5917450189590454], [1, 325.7246398925781, 304.09283447265625, 335.8396301269531, 319.10491943359375, 0.5651816129684448], [0, 360.8049011230469, 283.8277587890625, 373.0768737792969, 296.8487548828125, 0.5528389811515808], [4, 374.43817138671875, 441.97332763671875, 385.82244873046875, 465.62445068359375, 0.5484279990196228], [0, 280.24676513671875, 271.19158935546875, 289.39288330078125, 281.68914794921875, 0.5358026623725891], [1, 233.37716674804688, 351.51214599609375, 250.62808227539062, 378.64886474609375, 0.458201140165329], [4, 214.32638549804688, 349.3625183105469, 220.06155395507812, 362.7306213378906, 0.4040371775627136], [4, 275.9661865234375, 324.49169921875, 281.3973388671875, 335.322509765625, 0.362174391746521], [0, 393.606201171875, 337.0362548828125, 415.318359375, 356.99560546875, 0.3519723117351532], [4, 352.4423828125, 308.2443542480469, 356.6239013671875, 316.4067077636719, 0.34603700041770935], [0, 402.630615234375, 359.93145751953125, 427.5611572265625, 381.95440673828125, 0.3446296453475952], [4, 344.060302734375, 318.27447509765625, 348.6689453125, 328.630859375, 0.337044358253479], [4, 288.06243896484375, 317.105224609375, 292.28179931640625, 325.7298583984375, 0.32653626799583435], [0, 349.56231689453125, 280.59832763671875, 358.16009521484375, 288.76080322265625, 0.3257119655609131], [0, 282.85736083984375, 266.11163330078125, 291.76324462890625, 274.48992919921875, 0.3185358941555023], [4, 345.915771484375, 288.6659851074219, 349.0653076171875, 294.8270568847656, 0.2853352427482605], [4, 290.8753662109375, 299.45892333984375, 295.6185302734375, 306.03955078125, 0.27889665961265564], [4, 399.1976318359375, 491.9940185546875, 410.0411376953125, 513.3856201171875, 0.2678954601287842]], "patched": [[0, 176.19281005859375, 428.15960693359375, 212.14337158203125, 486.83831787109375, 0.8674672842025757], [1, 507.69683837890625, 545.0399169921875, 572.4794311523438, 639.9912109375, 0.853234589099884], [0, 416.87701416015625, 388.98175048828125, 442.37689208984375, 413.98931884765625, 0.7115437388420105], [1, 320.051513671875, 343.54296875, 336.18121337890625, 370.1309814453125, 0.6938501596450806], [0, 233.31170654296875, 351.2974853515625, 250.826904296875, 378.5455322265625, 0.6601407527923584], [0, 235.06234741210938, 317.0727844238281, 250.70538330078125, 335.5556945800781, 0.586127519607544], [1, 325.7030029296875, 306.44061279296875, 335.7230224609375, 319.13262939453125, 0.5798685550689697], [0, 282.3471374511719, 273.8394775390625, 289.3426818847656, 281.796875, 0.5658813118934631], [4, 374.4377136230469, 441.9870910644531, 385.8244934082031, 465.6166076660156, 0.5545680522918701], [0, 222.38726806640625, 333.8726806640625, 239.2415771484375, 353.319580078125, 0.48708873987197876], [0, 361.55145263671875, 285.90765380859375, 372.19488525390625, 297.04461669921875, 0.4680250585079193], [4, 214.321533203125, 349.08734130859375, 220.0494384765625, 362.60003662109375, 0.4551108777523041], [4, 275.94732666015625, 324.4226379394531, 281.40203857421875, 335.2979431152344, 0.36547303199768066], [4, 344.0512390136719, 318.1795654296875, 348.6849670410156, 328.63232421875, 0.35889527201652527], [4, 352.40118408203125, 308.1090087890625, 356.65716552734375, 316.40887451171875, 0.3503298759460449], [4, 288.05670166015625, 316.9980163574219, 292.2939453125, 325.7243957519531, 0.330331951379776], [4, 399.2217712402344, 492.04559326171875, 410.0221252441406, 513.369873046875, 0.30395206809043884], [4, 345.85992431640625, 288.6705322265625, 349.0894775390625, 294.87664794921875, 0.2947315573692322], [0, 349.5353088378906, 280.59588623046875, 358.1827087402344, 288.78765869140625, 0.2845951020717621], [4, 290.8624572753906, 299.35626220703125, 295.6452331542969, 306.06854248046875, 0.27844294905662537]]}