{"clean": [[0, 305.01727294921875, 232.9263916015625, 337.96014404296875, 264.81640625, 0.8831355571746826], [0, 306.354248046875, 196.6065216064453, 341.28515625, 227.84754943847656, 0.8424601554870605], [0, 337.27166748046875, 177.30783081054688, 371.54180908203125, 210.39666748046875, 0.8341391682624817], [0, 256.0718994140625, 233.73098754882812, 296.33233642578125, 266.4538879394531, 0.8188003301620483], [0, 336.8553466796875, 159.35128784179688, 363.655517578125, 186.64822387695312, 0.8076341152191162], [0, 352.49627685546875, 75.074462890625, 378.50238037109375, 98.63087463378906, 0.7075203657150269], [0, 306.2864990234375, 4.295816421508789, 325.2406005859375, 21.47336769104004, 0.6361619830131531], [0, 303.3223876953125, 56.62639617919922, 324.35400390625, 79.77982330322266, 0.6328716278076172], [4, 308.2398376464844, 478.35443115234375, 330.3011169433594, 508.24407958984375, 0.6233630776405334], [4, 134.91189575195312, 292.2573547363281, 146.18991088867188, 311.9001159667969, 0.6174506545066833], [4, 36.728057861328125, 338.4508056640625, 53.28446960449219, 363.02099609375, 0.5813177227973938], [4, 450.4858093261719, 114.15809631347656, 460.9664001464844, 128.1227569580078, 0.5463098883628845], [4, 124.39818572998047, 293.8697509765625, 136.68890380859375, 314.6312255859375, 0.5074344277381897], [4, 255.40945434570312, 158.58670043945312, 268.8885192871094, 171.81982421875, 0.5001543164253235], [4, 538.8457641601562, 133.60440063476562, 547.3313598632812, 147.23611450195312, 0.4381231367588043], [4, 344.5098876953125, 236.88665771484375, 359.1572265625, 253.6353759765625, 0.43118342757225037], [0, 0.0, 577.662353515625, 18.031230926513672, 639.65576171875, 0.43022963404655457], [4, 285.43194580078125, 263.4578857421875, 297.62078857421875, 278.6082763671875, 0.4030623733997345], [0, 277.05010986328125, 41.02332305908203, 297.4722900390625, 58.084022521972656, 0.40207192301750183], [4, 312.7703857421875, 448.6220397949219, 326.942138671875, 475.1578674316406, 0.390706866979599], [4, 328.36016845703125, 276.152099609375, 337.8157958984375, 294.382080078125, 0.3343762457370758], [4, 278.17388916015625, 59.37895965576172, 285.60589599609375, 72.59879302978516, 0.30578887462615967], [4, 381.6524963378906, 51.40747833251953, 391.0237731933594, 61.97106170654297, 0.2534087896347046]], "patched": [[0, 303.5380859375, 56.907005310058594, 324.589599609375, 79.90843963623047, 0.6565439701080322], [4, 308.2099914550781, 478.2581787109375, 330.3208312988281, 508.2294921875, 0.6378781795501709], [4, 134.881103515625, 292.0376281738281, 146.188720703125, 311.8966979980469, 0.623179018497467], [4, 36.70338439941406, 338.3004455566406, 53.23167419433594, 362.9828796386719, 0.5978726148605347], [0, 306.375, 4.3226704597473145, 324.877197265625, 20.251968383789062, 0.58796626329422], [4, 450.4432373046875, 113.63551330566406, 461.0343017578125, 128.10716247558594, 0.5385363101959229], [4, 124.41158294677734, 293.781494140625, 136.68753051757812, 314.6309814453125, 0.5289053320884705], [4, 255.39088439941406, 158.35107421875, 269.010009765625, 171.79425048828125, 0.5027844309806824], [0, 255.99539184570312, 233.749755859375, 296.2919616699219, 265.56280517578125, 0.4891982972621918], [0, 338.87310791015625, 178.37741088867188, 370.31756591796875, 210.08303833007812, 0.44865119457244873], [4, 344.4635009765625, 236.5794677734375, 359.16015625, 253.75933837890625, 0.44221216440200806], [0, 0.0, 578.1182861328125, 17.919410705566406, 639.7972412109375, 0.41873040795326233], [4, 538.7999267578125, 133.55499267578125, 547.3349609375, 147.3040771484375, 0.4113510251045227], [0, 305.261962890625, 233.00534057617188, 337.86669921875, 265.0953369140625, 0.40863484144210815], [4, 312.72979736328125, 448.4664611816406, 326.95904541015625, 475.1245422363281, 0.40816226601600647], [4, 278.0505676269531, 59.224666595458984, 285.6023254394531, 72.57281494140625, 0.3726256489753723], [4, 296.0553894042969, 224.84524536132812, 312.4925231933594, 241.59109497070312, 0.3633681535720825], [4, 335.8659973144531, 266.8656005859375, 352.9314270019531, 290.6463623046875, 0.33395668864250183], [4, 328.30548095703125, 276.08184814453125, 337.82073974609375, 294.38433837890625, 0.3071044981479645]]}