{"clean": [[0, 112.91981506347656, 477.56085205078125, 139.8373565673828, 520.964111328125, 0.8167119026184082], [0, 147.86575317382812, 466.7005615234375, 170.03775024414062, 499.871826171875, 0.8151649236679077], [0, 220.41851806640625, 227.69271850585938, 232.7293701171875, 243.63034057617188, 0.802054226398468], [0, 264.621337890625, 117.82650756835938, 271.08477783203125, 126.78366088867188, 0.7378241419792175], [0, 245.67767333984375, 106.77131652832031, 252.0179443359375, 115.50721740722656, 0.7171179056167603], [0, 236.39756774902344, 113.34644317626953, 243.16102600097656, 121.38994598388672, 0.7047954797744751], [3, 445.81964111328125, 450.9422607421875, 466.7108154296875, 492.010498046875, 0.6851192712783813], [0, 269.44439697265625, 92.57579040527344, 275.42987060546875, 99.47523498535156, 0.6102665662765503], [0, 272.37469482421875, 111.16663360595703, 278.56610107421875, 119.56786346435547, 0.5606833100318909], [0, 266.44580078125, 71.73725128173828, 271.41033935546875, 77.34278106689453, 0.5194375514984131], [0, 261.30194091796875, 73.47838592529297, 266.904052734375, 81.04138946533203, 0.40152508020401], [0, 321.724609375, 113.15565490722656, 327.8133544921875, 120.64595031738281, 0.38470929861068726], [0, 238.76634216308594, 90.19371032714844, 245.1492156982422, 98.51838684082031, 0.37191057205200195], [0, 366.926025390625, 175.1591796875, 374.128173828125, 184.68292236328125, 0.3700059652328491]], "patched": [[0, 220.46676635742188, 227.73135375976562, 232.64956665039062, 243.55502319335938, 0.8032059073448181], [0, 113.061767578125, 478.3695068359375, 139.19049072265625, 521.020751953125, 0.7642343044281006], [0, 148.12161254882812, 468.662353515625, 168.53878784179688, 499.8807373046875, 0.7551850080490112], [0, 264.65228271484375, 117.83191680908203, 271.06329345703125, 126.77201080322266, 0.7379226088523865], [0, 245.6876678466797, 106.77229309082031, 252.0074920654297, 115.51252746582031, 0.7202891111373901], [0, 236.41305541992188, 113.32827758789062, 243.14413452148438, 121.378662109375, 0.7019094228744507], [3, 445.9620361328125, 450.959228515625, 466.659423828125, 492.041259765625, 0.6996082663536072], [0, 269.4538269042969, 92.58448791503906, 275.4221496582031, 99.47299194335938, 0.6083402633666992], [0, 272.397216796875, 111.17861938476562, 278.55078125, 119.56088256835938, 0.5667656660079956], [0, 266.45538330078125, 71.7490234375, 271.40057373046875, 77.33950805664062, 0.517855703830719], [0, 261.3063049316406, 73.4772720336914, 266.8959655761719, 81.03820037841797, 0.3985648453235626], [0, 321.7355041503906, 113.16650390625, 327.8010559082031, 120.64541625976562, 0.38909828662872314], [0, 366.9477844238281, 175.16403198242188, 374.0979309082031, 184.66778564453125, 0.38355752825737], [0, 238.77862548828125, 90.17219543457031, 245.142333984375, 98.51420593261719, 0.3707667589187622], [2, 390.3074645996094, 259.03521728515625, 404.9950866699219, 282.25177001953125, 0.25708043575286865]]}