{"clean": [[1, 477.33856201171875, 317.38201904296875, 523.0215454101562, 404.35455322265625, 0.9069409370422363], [0, 31.63135528564453, 438.2362976074219, 115.48873138427734, 586.17822265625, 0.9009833335876465], [0, 128.2237548828125, 242.00743103027344, 174.17291259765625, 322.5411376953125, 0.8813377618789673], [0, 58.04705047607422, 113.19747924804688, 118.73165130615234, 156.65155029296875, 0.88060063123703], [0, 34.93129348754883, 155.8681640625, 107.86293029785156, 194.68264770507812, 0.8710004687309265], [0, 0.32183837890625, 362.84173583984375, 66.025634765625, 471.55596923828125, 0.8658038973808289], [0, 152.34451293945312, 70.84939575195312, 182.48733520507812, 116.80174255371094, 0.8623262643814087], [0, 195.46920776367188, 66.08248901367188, 220.81417846679688, 103.21896362304688, 0.8555394411087036], [0, 214.62362670898438, 95.52096557617188, 244.78335571289062, 138.4818115234375, 0.8542472720146179], [1, 184.90074157714844, 91.70103454589844, 214.81764221191406, 146.15977478027344, 0.8435232639312744], [0, 96.59332275390625, 315.5811767578125, 153.90185546875, 418.2725830078125, 0.8420814871788025], [1, 119.40147399902344, 13.529224395751953, 161.76536560058594, 45.78221893310547, 0.8230290412902832], [0, 39.368499755859375, 281.3157043457031, 108.81700134277344, 365.6148986816406, 0.8157178163528442], [0, 429.93048095703125, 110.35321807861328, 463.75128173828125, 157.6644287109375, 0.7949090600013733], [2, 131.59231567382812, 0.0, 189.7977294921875, 25.464744567871094, 0.7694270610809326], [4, 64.59925842285156, 96.00194549560547, 90.36935424804688, 111.53852081298828, 0.4407919645309448], [1, 31.699722290039062, 437.47784423828125, 115.23542785644531, 584.8230590820312, 0.4214203357696533], [0, 10.869735717773438, 198.71084594726562, 60.85681915283203, 240.63430786132812, 0.4174472689628601], [4, 87.06854248046875, 36.624595642089844, 97.74737548828125, 51.94574737548828, 0.2589634656906128]], "patched": [[1, 477.386474609375, 317.2406005859375, 522.998291015625, 404.248779296875, 0.90119868516922], [0, 214.8507537841797, 95.55848693847656, 244.61500549316406, 138.297119140625, 0.8510782122612], [1, 184.95164489746094, 91.34095764160156, 214.7388458251953, 146.181640625, 0.8417138457298279], [1, 58.03398513793945, 113.34403991699219, 118.60856628417969, 156.8148956298828, 0.8154643774032593], [0, 152.3983917236328, 70.25396728515625, 182.5845184326172, 116.76240539550781, 0.8084414005279541], [1, 119.36907196044922, 13.619579315185547, 161.73138427734375, 45.801631927490234, 0.774052619934082], [2, 131.6157989501953, 0.0, 189.87437438964844, 25.441509246826172, 0.761777400970459], [1, 31.77733612060547, 437.7292175292969, 115.22782135009766, 586.645751953125, 0.761290431022644], [0, 34.81930160522461, 156.15994262695312, 107.82040405273438, 194.60476684570312, 0.7574253678321838], [0, 195.37142944335938, 65.95893859863281, 220.94161987304688, 101.31001281738281, 0.7361164093017578], [0, 128.72021484375, 241.95924377441406, 174.52667236328125, 322.134521484375, 0.7085977792739868], [2, 96.42788696289062, 315.7599182128906, 153.8509063720703, 418.2578430175781, 0.6487979888916016], [0, 430.2200012207031, 110.37979125976562, 463.7780456542969, 157.4097900390625, 0.5293480753898621], [1, 0.019195556640625, 362.2078857421875, 66.4011001586914, 484.3812255859375, 0.4727272391319275], [1, 430.215576171875, 110.2658462524414, 463.688720703125, 157.66378784179688, 0.47265106439590454], [2, 31.62651824951172, 437.7669982910156, 115.8194351196289, 587.2056884765625, 0.414172887802124], [1, 39.617034912109375, 281.65960693359375, 110.4891357421875, 363.49200439453125, 0.345721960067749], [1, 14.241012573242188, 202.65310668945312, 57.87699890136719, 227.08969116210938, 0.3245697021484375], [4, 64.58474731445312, 95.73428344726562, 90.52304077148438, 111.5167236328125, 0.2700531780719757]]}