{"clean": [[0, 411.7762145996094, 503.09820556640625, 444.3235168457031, 568.0928344726562, 0.8734523057937622], [3, 63.71888732910156, 97.34153747558594, 129.06874084472656, 148.10452270507812, 0.8265112638473511], [0, 313.2554931640625, 55.849151611328125, 332.951904296875, 91.02447509765625, 0.8257668018341064], [0, 309.9870910644531, 268.50909423828125, 332.2464294433594, 308.44879150390625, 0.8154715299606323], [0, 112.91064453125, 147.1670684814453, 144.04135131835938, 176.7726287841797, 0.801345944404602], [0, 370.01910400390625, 175.64166259765625, 392.1968994140625, 212.54620361328125, 0.79662024974823], [0, 268.51287841796875, 26.337160110473633, 284.40228271484375, 63.979095458984375, 0.7772894501686096], [0, 464.57061767578125, 610.421875, 500.35748291015625, 640.0, 0.7608823776245117], [3, 0.0, 94.61660766601562, 34.153778076171875, 138.63111877441406, 0.6339253783226013], [0, 349.96905517578125, 329.40252685546875, 375.84039306640625, 358.93572998046875, 0.4617070257663727], [1, 0.0, 306.52215576171875, 38.55778503417969, 368.064208984375, 0.4403822124004364]], "patched": [[3, 63.72314453125, 97.31867980957031, 129.0525360107422, 148.1570281982422, 0.8557996153831482], [0, 112.92405700683594, 147.197265625, 144.0565643310547, 176.74658203125, 0.7861371040344238], [0, 464.56878662109375, 610.70654296875, 499.3333740234375, 640.0, 0.761329174041748], [0, 310.1400146484375, 269.045166015625, 332.31634521484375, 308.5772705078125, 0.7412672638893127], [0, 419.701904296875, 531.4588623046875, 443.591552734375, 567.4698486328125, 0.7267442941665649], [0, 313.76556396484375, 60.87641143798828, 332.643798828125, 90.28104400634766, 0.716460645198822], [0, 411.92889404296875, 503.3190002441406, 444.04205322265625, 567.8175048828125, 0.6897711753845215], [3, 0.0, 94.51986694335938, 34.18095397949219, 138.6552734375, 0.6508448719978333], [0, 370.36663818359375, 174.92990112304688, 391.40008544921875, 212.43801879882812, 0.614418089389801], [0, 350.1601867675781, 330.008056640625, 379.0545959472656, 358.0374755859375, 0.5501150488853455], [0, 269.68377685546875, 26.716896057128906, 281.6763916015625, 50.94147491455078, 0.4159550070762634], [1, 0.0, 306.54052734375, 38.61791229248047, 368.19512939453125, 0.4090966284275055], [1, 350.24444580078125, 329.87823486328125, 378.53521728515625, 357.86676025390625, 0.32300856709480286], [1, 269.9208679199219, 26.66832160949707, 281.9476013183594, 51.12290954589844, 0.2521997392177582], [0, 269.384033203125, 40.68938446044922, 283.1414794921875, 64.7254409790039, 0.2511546015739441]]}