{"clean": [[0, 169.3480987548828, 172.4392852783203, 186.6082000732422, 188.89540100097656, 0.8084575533866882], [0, 119.59906005859375, 86.78960418701172, 132.0084228515625, 100.89649200439453, 0.777742326259613], [0, 231.6168212890625, 152.58480834960938, 249.7064208984375, 167.36361694335938, 0.7746370434761047], [0, 219.62115478515625, 206.5458984375, 236.40008544921875, 222.8782958984375, 0.7641518115997314], [0, 69.84346771240234, 95.9310302734375, 83.14061737060547, 112.7918701171875, 0.7385766506195068], [0, 518.7901611328125, 225.95620727539062, 536.5447998046875, 237.50704956054688, 0.7351207137107849], [0, 347.88214111328125, 240.77593994140625, 363.21063232421875, 252.49176025390625, 0.7100232839584351], [0, 518.4714965820312, 212.8051300048828, 535.2908325195312, 223.6886749267578, 0.69024658203125], [0, 160.35867309570312, 123.43305969238281, 176.76095581054688, 138.59764099121094, 0.6839693188667297], [0, 90.0175552368164, 34.85920333862305, 102.3328628540039, 49.140445709228516, 0.6740624308586121], [3, 340.9376220703125, 192.777587890625, 376.4825439453125, 217.21820068359375, 0.644690990447998], [0, 440.5753173828125, 214.87399291992188, 466.0491943359375, 229.28201293945312, 0.6107516288757324], [0, 474.2514953613281, 203.89743041992188, 489.2201843261719, 214.10958862304688, 0.5214215517044067], [0, 474.0214538574219, 209.220947265625, 489.7799987792969, 216.84765625, 0.49030783772468567], [2, 585.5870971679688, 231.83729553222656, 626.1874389648438, 247.68894958496094, 0.47419267892837524], [0, 595.5594482421875, 223.1374969482422, 614.8131103515625, 234.60874938964844, 0.42567670345306396], [0, 541.2802734375, 294.27081298828125, 559.078857421875, 305.64239501953125, 0.3077046871185303], [0, 400.3936767578125, 210.32322692871094, 424.29913330078125, 221.6091766357422, 0.28394898772239685], [0, 210.8787841796875, 106.75152587890625, 226.43563842773438, 122.73574829101562, 0.27560174465179443], [0, 352.397705078125, 187.25750732421875, 367.3463134765625, 195.80352783203125, 0.2735089063644409], [4, 400.1629333496094, 210.88937377929688, 409.4104919433594, 218.41360473632812, 0.26363280415534973]], "patched": [[0, 169.35345458984375, 172.44129943847656, 186.60516357421875, 188.8928985595703, 0.8088456988334656], [0, 119.60386657714844, 86.79339599609375, 132.00218200683594, 100.89430236816406, 0.7779220938682556], [0, 231.6190185546875, 152.585693359375, 249.7034912109375, 167.36175537109375, 0.7748003005981445], [0, 219.6231689453125, 206.5478515625, 236.39666748046875, 222.876220703125, 0.7643643021583557], [0, 69.84681701660156, 95.93384552001953, 83.13682556152344, 112.78978729248047, 0.7386869192123413], [0, 518.80126953125, 225.97364807128906, 536.5435791015625, 237.5041961669922, 0.7369838356971741], [0, 347.8885192871094, 240.7838134765625, 363.2043151855469, 252.48199462890625, 0.7102424502372742], [0, 518.4732055664062, 212.8073272705078, 535.2913208007812, 223.6851043701172, 0.690278172492981], [0, 160.36721801757812, 123.43777465820312, 176.75430297851562, 138.59591674804688, 0.6850480437278748], [0, 90.02059173583984, 34.862449645996094, 102.33049774169922, 49.139366149902344, 0.6742333769798279], [3, 340.94012451171875, 192.77865600585938, 376.48187255859375, 217.21383666992188, 0.6429024338722229], [0, 440.5799865722656, 214.88075256347656, 466.0337219238281, 229.28016662597656, 0.609806478023529], [0, 474.25408935546875, 203.90260314941406, 489.21539306640625, 214.0755157470703, 0.5213415622711182], [0, 474.02288818359375, 209.23245239257812, 489.78350830078125, 216.84591674804688, 0.4927119314670563], [2, 585.5873413085938, 231.84100341796875, 626.1864624023438, 247.6861572265625, 0.4777901768684387], [0, 595.5654296875, 223.1390380859375, 614.810546875, 234.60421752929688, 0.42767027020454407], [0, 541.2825927734375, 294.2745361328125, 559.0760498046875, 305.6380615234375, 0.30748632550239563], [0, 400.3946228027344, 210.326904296875, 424.2583923339844, 221.59613037109375, 0.28006109595298767], [0, 210.88064575195312, 106.75157165527344, 226.43356323242188, 122.73556518554688, 0.2781689763069153], [0, 352.3994140625, 187.25967407226562, 367.3436279296875, 195.79946899414062, 0.2740602195262909], [4, 400.1659851074219, 210.89572143554688, 409.4082946777344, 218.40573120117188, 0.2636769711971283]]}