{"clean": [[0, 277.4857177734375, 241.66561889648438, 292.7723388671875, 275.2795104980469, 0.8491067886352539], [0, 368.210693359375, 590.2589111328125, 395.1475830078125, 640.0, 0.8303335309028625], [0, 151.63278198242188, 105.24728393554688, 162.75543212890625, 127.92236328125, 0.8242212533950806], [0, 307.7001953125, 596.491943359375, 332.49609375, 639.956787109375, 0.8154881596565247], [3, 241.90957641601562, 99.78666687011719, 259.87847900390625, 174.6252899169922, 0.8088318109512329], [1, 252.03367614746094, 321.55010986328125, 269.8251953125, 367.95867919921875, 0.8079685568809509], [0, 322.9335632324219, 444.6607666015625, 346.9369201660156, 502.0911865234375, 0.7881901860237122], [1, 122.01522827148438, 197.5388946533203, 134.02835083007812, 220.6707000732422, 0.7563064098358154], [0, 175.8954315185547, 0.012436866760253906, 185.4346160888672, 7.2051777839660645, 0.7304279208183289], [1, 322.68756103515625, 444.32818603515625, 346.6741943359375, 502.34234619140625, 0.709754228591919], [0, 188.63607788085938, 79.30264282226562, 199.07882690429688, 95.73141479492188, 0.6991146206855774], [0, 181.31179809570312, 10.155646324157715, 190.68109130859375, 26.658058166503906, 0.5608557462692261], [3, 400.4434814453125, 21.78818130493164, 456.06060791015625, 48.41563034057617, 0.4556230306625366], [1, 189.42657470703125, 34.23301696777344, 198.23541259765625, 47.90629577636719, 0.4101278781890869]], "patched": [[0, 151.65240478515625, 105.25810241699219, 162.7471923828125, 127.87959289550781, 0.8229801058769226], [3, 241.9603271484375, 99.78633117675781, 259.8897705078125, 174.61253356933594, 0.8126832842826843], [1, 122.04641723632812, 197.55471801757812, 134.01931762695312, 220.65396118164062, 0.7680947184562683], [0, 175.90170288085938, 0.012590885162353516, 185.43368530273438, 7.2013258934021, 0.7303706407546997], [0, 188.65707397460938, 79.32219696044922, 199.06777954101562, 95.73369598388672, 0.7016661167144775], [0, 368.4328918457031, 590.269775390625, 394.9723205566406, 640.0, 0.6985235810279846], [1, 323.3626708984375, 445.0706787109375, 341.7769775390625, 476.6129150390625, 0.678398072719574], [0, 327.77294921875, 467.281982421875, 346.2764892578125, 502.2291259765625, 0.6401377320289612], [2, 307.833740234375, 596.3488159179688, 332.257568359375, 639.9031372070312, 0.600568950176239], [1, 253.69601440429688, 333.246337890625, 269.3237609863281, 368.1507568359375, 0.5905106067657471], [1, 252.1437225341797, 321.46331787109375, 268.22430419921875, 364.68798828125, 0.5693328976631165], [1, 252.1272430419922, 321.781494140625, 267.10919189453125, 350.601318359375, 0.5551742911338806], [0, 181.3211669921875, 10.168482780456543, 190.6680908203125, 26.670825958251953, 0.5534295439720154], [0, 254.4516143798828, 342.27301025390625, 269.62152099609375, 367.68023681640625, 0.5441281795501709], [0, 307.93994140625, 596.43603515625, 331.990966796875, 640.0, 0.5318093299865723], [3, 400.269287109375, 21.79636001586914, 456.0469970703125, 48.44283676147461, 0.45474132895469666], [1, 189.42726135253906, 34.24382400512695, 198.22813415527344, 47.90243148803711, 0.4320402145385742], [0, 323.385986328125, 444.71588134765625, 341.8914794921875, 477.44830322265625, 0.31191286444664], [3, 244.97454833984375, 132.28659057617188, 259.7451171875, 174.42807006835938, 0.2570882737636566]]}