{"clean": [[3, 259.51654052734375, 428.16485595703125, 273.2965087890625, 485.34503173828125, 0.755312979221344], [0, 563.36767578125, 457.9383850097656, 585.060302734375, 472.8357238769531, 0.7472087144851685], [3, 224.93997192382812, 299.21697998046875, 244.42794799804688, 383.66387939453125, 0.7322084903717041], [0, 291.92755126953125, 390.74188232421875, 301.37774658203125, 425.55816650390625, 0.7228068709373474], [0, 279.040771484375, 626.3848876953125, 290.1669921875, 640.0, 0.654479444026947], [0, 451.6047668457031, 538.10791015625, 474.5431823730469, 559.62109375, 0.6047042012214661], [0, 592.1527709960938, 532.4053955078125, 616.6334838867188, 547.9508056640625, 0.5871309638023376], [0, 531.5450439453125, 457.0309143066406, 551.3358154296875, 471.5882263183594, 0.5379207730293274], [0, 524.4044189453125, 527.523681640625, 546.2813720703125, 544.5595703125, 0.4751878082752228], [0, 297.05743408203125, 570.9323120117188, 307.347412109375, 611.4409790039062, 0.4634605050086975], [0, 322.92645263671875, 407.2597351074219, 334.81500244140625, 445.2509460449219, 0.435782253742218], [0, 296.5594787597656, 268.72137451171875, 306.6070861816406, 299.25299072265625, 0.40642261505126953]], "patched": [[3, 259.51409912109375, 428.14227294921875, 273.3623046875, 485.327392578125, 0.7564687728881836], [3, 224.92315673828125, 299.2103271484375, 244.4364013671875, 383.6678466796875, 0.7291905283927917], [0, 291.89630126953125, 390.7445068359375, 301.42584228515625, 425.53857421875, 0.7099263072013855], [0, 563.2738647460938, 458.611572265625, 585.2479858398438, 472.66912841796875, 0.678520679473877], [0, 279.0245361328125, 626.396484375, 290.1998291015625, 640.0, 0.6400582194328308], [0, 592.130126953125, 532.407958984375, 616.6651611328125, 547.997314453125, 0.5642505288124084], [0, 531.5803833007812, 456.99432373046875, 551.3607788085938, 471.61688232421875, 0.5199605226516724], [1, 334.67724609375, 522.4630126953125, 344.10986328125, 550.2127685546875, 0.5008823871612549], [0, 524.4044189453125, 527.5436401367188, 546.3006591796875, 544.5787963867188, 0.4666620194911957], [0, 334.6131591796875, 522.4955444335938, 344.22137451171875, 550.1203002929688, 0.43498495221138], [0, 297.13177490234375, 571.1240234375, 307.32037353515625, 611.322509765625, 0.4294668734073639], [0, 322.9007568359375, 407.25128173828125, 334.8565673828125, 445.24200439453125, 0.41598621010780334], [0, 296.5428466796875, 268.70794677734375, 306.633056640625, 299.24920654296875, 0.4003064036369324], [0, 457.6741943359375, 537.6934814453125, 474.38067626953125, 554.7132568359375, 0.28000158071517944]]}