{"clean": [[0, 261.09747314453125, 532.026611328125, 336.70953369140625, 602.2724609375, 0.9321548938751221], [0, 276.986328125, 269.50830078125, 330.74371337890625, 297.373291015625, 0.8698118329048157], [4, 374.15576171875, 254.1985321044922, 395.2850341796875, 270.15411376953125, 0.7995007634162903], [4, 335.05059814453125, 248.78155517578125, 351.87200927734375, 267.02801513671875, 0.7877057790756226], [2, 223.49014282226562, 343.88494873046875, 263.9870300292969, 417.777587890625, 0.7757108211517334], [4, 427.7161865234375, 239.11676025390625, 438.167236328125, 263.6444091796875, 0.767535924911499], [4, 360.1037902832031, 229.81271362304688, 368.3338317871094, 252.15988159179688, 0.7423757910728455], [4, 351.50506591796875, 230.04965209960938, 359.21307373046875, 251.479736328125, 0.7101733088493347], [4, 342.5464782714844, 229.00326538085938, 351.2771911621094, 249.64358520507812, 0.6910982728004456], [4, 375.0142822265625, 230.94204711914062, 383.50567626953125, 255.74337768554688, 0.6379623413085938], [0, 0.0, 467.0889892578125, 20.17284393310547, 522.2841186523438, 0.6331856846809387], [4, 348.67095947265625, 252.0010223388672, 368.12298583984375, 269.57672119140625, 0.5865579843521118], [2, 87.6325454711914, 297.61328125, 174.60995483398438, 436.16961669921875, 0.525520384311676], [4, 382.9911804199219, 232.203125, 391.5911560058594, 256.9767150878906, 0.5078149437904358], [2, 243.140625, 310.842529296875, 333.77728271484375, 465.968505859375, 0.5058196783065796], [4, 294.2633972167969, 244.6025390625, 310.3424987792969, 263.9800720214844, 0.31912294030189514]], "patched": [[0, 261.448486328125, 532.1129150390625, 336.9215087890625, 602.2154541015625, 0.9058195948600769], [0, 277.06695556640625, 269.5226135253906, 330.83367919921875, 296.9945373535156, 0.8589587807655334], [4, 374.0851745605469, 254.18959045410156, 395.3664855957031, 270.2286376953125, 0.8005155324935913], [4, 334.9454345703125, 248.65065002441406, 351.7177734375, 267.005126953125, 0.7863941788673401], [2, 223.42626953125, 343.7840576171875, 264.0216979980469, 417.8402099609375, 0.7832154631614685], [4, 427.677734375, 239.12203979492188, 438.1824951171875, 263.6654357910156, 0.7655957341194153], [4, 360.075439453125, 229.77122497558594, 368.379150390625, 252.1681671142578, 0.7438658475875854], [4, 351.46759033203125, 230.016845703125, 359.2518310546875, 251.50250244140625, 0.7097676396369934], [4, 342.45965576171875, 228.93780517578125, 351.31146240234375, 249.68377685546875, 0.6881590485572815], [4, 374.97235107421875, 230.87228393554688, 383.51666259765625, 255.73324584960938, 0.6433144211769104], [0, 0.0, 467.58319091796875, 20.253490447998047, 522.3136596679688, 0.6377878189086914], [4, 348.35205078125, 251.98989868164062, 368.1722412109375, 269.5988464355469, 0.6067624688148499], [2, 87.21029663085938, 297.64794921875, 174.5828857421875, 436.80523681640625, 0.5641862154006958], [2, 243.56239318847656, 311.0968017578125, 333.7935791015625, 469.09515380859375, 0.5344659090042114], [4, 382.9693908691406, 232.16241455078125, 391.6388244628906, 256.9850769042969, 0.5175051689147949], [4, 294.35595703125, 245.00491333007812, 310.413818359375, 264.0362854003906, 0.30465972423553467]]}