{"clean": [[0, 97.538330078125, 279.7573547363281, 130.02066040039062, 328.1559753417969, 0.8866464495658875], [0, 274.57952880859375, 276.0941162109375, 306.50274658203125, 315.8477783203125, 0.8840694427490234], [0, 258.46441650390625, 301.6236267089844, 290.388916015625, 343.7973937988281, 0.8839251399040222], [0, 343.52044677734375, 372.55255126953125, 377.53363037109375, 409.92864990234375, 0.8805354833602905], [0, 294.26751708984375, 345.70416259765625, 327.25384521484375, 384.03826904296875, 0.8763079047203064], [0, 332.2286682128906, 271.04620361328125, 364.6602478027344, 304.17266845703125, 0.8670704364776611], [0, 342.42596435546875, 332.69573974609375, 377.94842529296875, 367.50054931640625, 0.864017903804779], [0, 399.22113037109375, 389.24688720703125, 434.42205810546875, 420.73651123046875, 0.8512848019599915], [3, 246.688232421875, 184.87646484375, 325.4490966796875, 285.9742431640625, 0.8446640372276306], [0, 208.6945343017578, 163.45777893066406, 235.4558868408203, 199.6545867919922, 0.796934187412262], [0, 396.54705810546875, 346.10498046875, 430.494873046875, 374.50048828125, 0.7928528189659119], [3, 531.6791381835938, 188.11965942382812, 599.9863891601562, 306.6741638183594, 0.7926563024520874], [0, 213.7920379638672, 340.8216552734375, 249.6007537841797, 393.1663818359375, 0.7742760181427002], [0, 154.58724975585938, 579.8426513671875, 189.36746215820312, 638.95556640625, 0.7702861428260803], [1, 51.10749053955078, 115.57179260253906, 84.22472381591797, 163.3339385986328, 0.7683305740356445], [0, 424.4659423828125, 283.01641845703125, 456.849853515625, 307.18975830078125, 0.6455984711647034], [1, 216.84454345703125, 568.7396240234375, 252.9947509765625, 630.6951904296875, 0.6015556454658508], [0, 211.29415893554688, 257.3633728027344, 241.84878540039062, 303.1991271972656, 0.590628981590271], [3, 624.7100830078125, 506.6302490234375, 639.8631591796875, 576.8306884765625, 0.3674125671386719], [0, 377.8529052734375, 275.012451171875, 412.26708984375, 306.435546875, 0.2510559558868408]], "patched": [[0, 274.70355224609375, 276.9713134765625, 306.49127197265625, 315.8765869140625, 0.8890901207923889], [0, 258.3597717285156, 301.57305908203125, 290.4695739746094, 343.91424560546875, 0.8841549754142761], [3, 246.83827209472656, 185.12600708007812, 325.3470458984375, 286.0000915527344, 0.8636215925216675], [0, 343.2968444824219, 372.65899658203125, 377.7389221191406, 410.05194091796875, 0.8554542064666748], [0, 332.33514404296875, 271.38995361328125, 364.55694580078125, 304.00531005859375, 0.8202205300331116], [1, 214.10247802734375, 341.1477355957031, 249.4019775390625, 393.7541198730469, 0.782684862613678], [0, 97.5687255859375, 279.7866516113281, 129.99008178710938, 328.1881408691406, 0.7591298222541809], [0, 399.24072265625, 389.60601806640625, 434.429443359375, 420.7030029296875, 0.7526347041130066], [3, 531.6288452148438, 188.14151000976562, 600.0082397460938, 306.4319763183594, 0.7391113638877869], [1, 209.11248779296875, 165.21826171875, 235.5662841796875, 199.23846435546875, 0.7225323915481567], [1, 343.29693603515625, 333.0841979980469, 378.0208740234375, 367.3753967285156, 0.7202371954917908], [1, 51.558387756347656, 115.74604034423828, 76.00923919677734, 144.95501708984375, 0.701657235622406], [1, 62.28396987915039, 138.03399658203125, 83.77188110351562, 163.799560546875, 0.6663373708724976], [1, 154.84017944335938, 580.130615234375, 189.42666625976562, 638.980712890625, 0.5799670219421387], [1, 294.27545166015625, 345.5765075683594, 327.00653076171875, 384.2888488769531, 0.554854691028595], [1, 217.01513671875, 568.5820922851562, 252.95819091796875, 630.9116821289062, 0.47151052951812744], [0, 424.48974609375, 283.21563720703125, 456.4793701171875, 307.13409423828125, 0.44507136940956116], [0, 294.2488098144531, 345.7730407714844, 327.2384948730469, 384.2042541503906, 0.4316840171813965], [2, 216.91510009765625, 568.9132690429688, 252.66213989257812, 630.5805053710938, 0.4134242832660675], [3, 624.75439453125, 506.10247802734375, 639.8619384765625, 576.7471313476562, 0.3737984895706177], [1, 51.29952621459961, 115.41825103759766, 81.8529052734375, 152.86557006835938, 0.33227211236953735], [1, 211.28887939453125, 257.84051513671875, 241.61056518554688, 305.1058349609375, 0.30283939838409424], [0, 378.10546875, 274.879638671875, 412.2294921875, 305.7593994140625, 0.27880603075027466], [3, 392.11639404296875, 241.27169799804688, 445.15374755859375, 273.3853454589844, 0.2608008086681366], [1, 378.506591796875, 275.1016845703125, 412.2879638671875, 306.3262939453125, 0.25343915820121765]]}