{"clean": [[3, 126.6925048828125, 417.7879638671875, 176.45449829101562, 466.2017822265625, 0.8227975964546204], [0, 270.569091796875, 448.12982177734375, 282.093994140625, 480.53594970703125, 0.8035837411880493], [0, 254.93603515625, 194.81210327148438, 263.4554443359375, 218.63381958007812, 0.7991689443588257], [3, 357.56622314453125, 408.06591796875, 372.47418212890625, 505.6448974609375, 0.79142826795578], [0, 260.62078857421875, 278.56475830078125, 268.24444580078125, 305.44232177734375, 0.7888287305831909], [0, 302.20733642578125, 93.59527587890625, 309.86724853515625, 113.99580383300781, 0.7736882567405701], [1, 302.89886474609375, 225.30418395996094, 312.28131103515625, 253.4141082763672, 0.7663056254386902], [0, 263.8170166015625, 377.3157653808594, 272.48370361328125, 407.7332458496094, 0.7398209571838379], [0, 267.0433349609375, 167.5966796875, 275.0152587890625, 190.25628662109375, 0.7230872511863708], [0, 311.2828369140625, 0.1955718994140625, 317.8934326171875, 16.63720703125, 0.7113417983055115], [3, 179.5101776123047, 548.1492309570312, 196.28465270996094, 633.8855590820312, 0.6795596480369568], [0, 395.0389404296875, 23.615114212036133, 402.704833984375, 45.075439453125, 0.6730661392211914], [1, 299.66351318359375, 598.4371337890625, 308.95343017578125, 634.3262939453125, 0.6516579985618591], [0, 395.51458740234375, 459.90509033203125, 410.00250244140625, 497.41790771484375, 0.6169699430465698], [0, 453.54962158203125, 620.2550048828125, 476.21661376953125, 639.9813232421875, 0.5968847274780273], [0, 242.327880859375, 491.64385986328125, 256.484375, 525.0390014648438, 0.5699945688247681], [3, 255.172607421875, 126.31546783447266, 262.7828369140625, 150.72097778320312, 0.5577759146690369], [2, 372.193603515625, 0.0, 381.43951416015625, 27.531688690185547, 0.452852338552475], [3, 238.43695068359375, 598.6373291015625, 253.87030029296875, 639.8397216796875, 0.39381569623947144], [1, 242.26025390625, 491.67333984375, 256.3211669921875, 524.99072265625, 0.3741520047187805], [1, 254.99806213378906, 126.51931762695312, 262.843505859375, 150.74362182617188, 0.3264327645301819], [2, 238.4744873046875, 598.7132568359375, 253.4312744140625, 640.0, 0.32058557868003845], [3, 372.3836669921875, 0.0, 381.4144287109375, 27.314315795898438, 0.281546413898468], [0, 399.517822265625, 583.068115234375, 424.7418212890625, 603.583984375, 0.2586810886859894]], "patched": [[3, 126.70120239257812, 417.786376953125, 176.45523071289062, 466.2025146484375, 0.817614734172821], [0, 270.5736389160156, 448.128173828125, 282.0777282714844, 480.5364990234375, 0.8000990152359009], [0, 254.94180297851562, 194.81216430664062, 263.4530944824219, 218.62930297851562, 0.7991360425949097], [3, 357.59796142578125, 408.076416015625, 372.45220947265625, 505.64111328125, 0.7966837286949158], [0, 260.628173828125, 278.5655822753906, 268.23486328125, 305.4393615722656, 0.7879805564880371], [0, 302.20892333984375, 93.59550476074219, 309.86151123046875, 113.99357604980469, 0.7740866541862488], [1, 302.9010009765625, 225.3027801513672, 312.279541015625, 253.4115753173828, 0.7685929536819458], [0, 263.82196044921875, 377.31658935546875, 272.47796630859375, 407.73321533203125, 0.7376635670661926], [0, 267.0446472167969, 167.5966033935547, 275.0144958496094, 190.2544403076172, 0.7220856547355652], [0, 311.2872009277344, 0.19633865356445312, 317.8896179199219, 16.63231658935547, 0.712260901927948], [3, 179.52593994140625, 548.2711181640625, 196.259521484375, 633.8900146484375, 0.6807987689971924], [0, 395.04339599609375, 23.614334106445312, 402.70172119140625, 45.07280731201172, 0.672716498374939], [1, 299.6703186035156, 598.4354858398438, 308.9463195800781, 634.3240356445312, 0.6416046023368835], [0, 453.5515441894531, 620.241455078125, 476.3371276855469, 639.9815673828125, 0.6006683707237244], [3, 255.1787109375, 126.31925201416016, 262.77789306640625, 150.71969604492188, 0.5654184818267822], [2, 395.76348876953125, 459.72393798828125, 409.9188232421875, 497.23956298828125, 0.4637376070022583], [2, 372.19775390625, 0.0, 381.4351806640625, 27.530176162719727, 0.4615384042263031], [3, 238.45632934570312, 598.6398315429688, 253.83023071289062, 639.8402709960938, 0.38209518790245056], [0, 395.80987548828125, 459.8798828125, 409.90240478515625, 497.33441162109375, 0.3661021292209625], [0, 244.12030029296875, 504.0188903808594, 256.0593566894531, 525.0015869140625, 0.36584511399269104], [2, 238.49642944335938, 598.7210083007812, 253.40188598632812, 640.0, 0.345463365316391], [1, 255.00503540039062, 126.52064514160156, 262.8395690917969, 150.7403106689453, 0.3218209147453308], [0, 399.6285400390625, 583.3758544921875, 425.1104736328125, 603.2415771484375, 0.294238418340683], [1, 243.84765625, 491.85247802734375, 256.1446838378906, 524.9609985351562, 0.28134775161743164], [3, 372.38763427734375, 0.0, 381.40936279296875, 27.31287956237793, 0.2756975293159485]]}