{"clean": [[0, 422.614013671875, 365.6411437988281, 480.2122802734375, 392.2907409667969, 0.7407733201980591], [0, 586.8572998046875, 367.397216796875, 639.9019775390625, 408.220458984375, 0.6138241291046143], [0, 539.7999267578125, 323.5875244140625, 594.0377197265625, 362.0631103515625, 0.5526971220970154], [1, 539.8358154296875, 323.4013671875, 593.8699951171875, 361.96771240234375, 0.3000955581665039]], "patched": [[0, 422.40875244140625, 365.0574951171875, 480.14007568359375, 391.380126953125, 0.6625710725784302], [1, 598.9424438476562, 393.3681335449219, 625.4780883789062, 406.3547668457031, 0.5575982928276062], [2, 539.6669921875, 323.4913635253906, 594.14453125, 361.6737365722656, 0.374449759721756], [0, 586.998291015625, 384.09295654296875, 624.16845703125, 402.32720947265625, 0.3596877157688141], [1, 588.1671142578125, 385.11370849609375, 623.5181884765625, 400.0216064453125, 0.3566165268421173]]}