{"clean": [[0, 323.3702392578125, 72.10189819335938, 344.0186767578125, 92.402587890625, 0.8290148973464966], [4, 420.3456726074219, 615.42822265625, 448.8661804199219, 638.3900146484375, 0.7231425642967224], [0, 304.75067138671875, 15.094603538513184, 318.02154541015625, 32.02063751220703, 0.6813267469406128], [4, 505.12652587890625, 335.134765625, 516.2792358398438, 358.2071533203125, 0.6099191308021545], [4, 589.0375366210938, 496.84014892578125, 604.3712768554688, 526.0112915039062, 0.6091737747192383], [4, 447.0932312011719, 337.30255126953125, 454.9942321777344, 362.51629638671875, 0.6034252643585205], [0, 316.5284118652344, 116.76810455322266, 329.4579162597656, 139.62399291992188, 0.6006470322608948], [1, 313.9935302734375, 151.90589904785156, 329.2734375, 182.33909606933594, 0.6002735495567322], [4, 259.632568359375, 336.12017822265625, 275.0482177734375, 352.92340087890625, 0.4806438684463501], [4, 315.19683837890625, 237.69149780273438, 321.74407958984375, 257.01251220703125, 0.43713319301605225], [4, 299.49114990234375, 152.52896118164062, 310.77532958984375, 167.06329345703125, 0.43351396918296814], [4, 317.9261474609375, 95.92063903808594, 324.540771484375, 110.95771789550781, 0.29178285598754883], [4, 397.90631103515625, 21.799781799316406, 403.61737060546875, 33.87089538574219, 0.2798783779144287], [4, 263.9068603515625, 596.207763671875, 274.06005859375, 626.651123046875, 0.2729020416736603], [4, 461.97723388671875, 337.1839904785156, 471.95440673828125, 357.5696105957031, 0.26941126585006714]], "patched": [[0, 323.38525390625, 72.52894592285156, 343.946533203125, 92.13356018066406, 0.808976948261261], [4, 420.3468017578125, 615.4039306640625, 448.8646240234375, 638.3939208984375, 0.7239536046981812], [0, 304.80548095703125, 15.177033424377441, 318.05560302734375, 32.110496520996094, 0.6401861310005188], [4, 447.08721923828125, 337.30474853515625, 455.00006103515625, 362.52056884765625, 0.6117998361587524], [1, 313.9878234863281, 151.92318725585938, 329.2560729980469, 182.32699584960938, 0.6105665564537048], [4, 589.0367431640625, 496.8614501953125, 604.37158203125, 526.0125732421875, 0.6103169322013855], [4, 505.13470458984375, 335.15423583984375, 516.2725219726562, 358.19769287109375, 0.606878936290741], [0, 316.493408203125, 116.38929748535156, 329.3642578125, 139.7395477294922, 0.5808075666427612], [4, 259.5976257324219, 336.1076965332031, 275.0454406738281, 352.9209899902344, 0.4868519902229309], [4, 315.1954345703125, 237.69735717773438, 321.7470703125, 257.0113830566406, 0.43557828664779663], [4, 299.4820556640625, 152.44503784179688, 310.7747802734375, 167.04934692382812, 0.43294450640678406], [4, 318.0107116699219, 95.8868637084961, 324.5705261230469, 110.87943267822266, 0.3052479028701782], [4, 461.974365234375, 337.213623046875, 471.9578857421875, 357.55987548828125, 0.27717024087905884], [4, 263.901123046875, 596.2064819335938, 274.0655517578125, 626.6525268554688, 0.2760116159915924]]}