{"clean": [[0, 255.36146545410156, 530.97412109375, 303.7574462890625, 639.2880859375, 0.8595478534698486], [0, 331.2298889160156, 458.570068359375, 361.4045104980469, 521.9848022460938, 0.8484922051429749], [0, 247.86935424804688, 425.1587829589844, 276.8172302246094, 485.2950744628906, 0.8369334936141968], [1, 296.28515625, 406.52593994140625, 324.083984375, 482.50604248046875, 0.8091173768043518], [0, 327.868408203125, 269.9154052734375, 345.35546875, 295.6171875, 0.6436452269554138], [4, 342.6112060546875, 596.3217163085938, 359.97119140625, 640.0, 0.5982535481452942], [4, 333.794677734375, 329.5725402832031, 343.105712890625, 347.3082580566406, 0.5383616089820862], [4, 317.8080749511719, 303.61932373046875, 325.0995178222656, 319.07586669921875, 0.47542694211006165], [0, 261.4649658203125, 295.2313537597656, 289.0966796875, 328.8675231933594, 0.4364556670188904], [4, 328.9605712890625, 312.9444885253906, 338.02252197265625, 331.9512023925781, 0.37589141726493835], [4, 294.5238037109375, 392.2913818359375, 303.8828125, 414.06005859375, 0.3192291557788849], [4, 297.20172119140625, 309.45257568359375, 304.08917236328125, 323.9754638671875, 0.26718443632125854]], "patched": [[1, 296.24298095703125, 406.4395751953125, 324.11700439453125, 482.50103759765625, 0.8123093843460083], [0, 254.3881378173828, 531.231201171875, 303.91790771484375, 639.5625, 0.7744672298431396], [0, 327.8287353515625, 270.0810546875, 345.380859375, 295.673095703125, 0.6449757814407349], [1, 330.39385986328125, 456.81964111328125, 363.50750732421875, 521.0501708984375, 0.6224762201309204], [4, 342.5453186035156, 596.3014526367188, 360.1710510253906, 640.0, 0.570270836353302], [4, 333.5951232910156, 329.1178894042969, 343.2453308105469, 347.4729919433594, 0.542194664478302], [4, 317.76312255859375, 303.537841796875, 325.17864990234375, 319.1298828125, 0.4580982029438019], [4, 318.359619140625, 200.83102416992188, 323.5927734375, 208.80859375, 0.3586948812007904], [1, 301.55316162109375, 197.25877380371094, 311.96514892578125, 210.9717254638672, 0.35619691014289856], [1, 289.83587646484375, 196.59872436523438, 304.02142333984375, 205.73416137695312, 0.3445940613746643], [4, 328.8858947753906, 312.9391784667969, 338.1534729003906, 331.9950256347656, 0.3355063199996948], [1, 244.49388122558594, 424.9779052734375, 277.10888671875, 486.16552734375, 0.3136758506298065], [4, 294.4974365234375, 393.3695068359375, 303.931884765625, 414.103759765625, 0.3108482360839844]]}