{"clean": [[0, 463.3902587890625, 534.03125, 507.1063232421875, 613.877197265625, 0.8796186447143555], [0, 455.64471435546875, 366.056396484375, 489.77337646484375, 422.787353515625, 0.8600592613220215], [0, 400.2099609375, 532.0318603515625, 437.7025146484375, 612.8634033203125, 0.8600159287452698], [1, 439.77276611328125, 435.4770202636719, 470.78277587890625, 498.2272033691406, 0.8587466478347778], [1, 377.61737060546875, 399.51702880859375, 403.277099609375, 452.92095947265625, 0.8522700667381287], [0, 237.24053955078125, 251.3428497314453, 254.81719970703125, 282.75396728515625, 0.8301937580108643], [1, 74.18817138671875, 351.43646240234375, 111.4322509765625, 410.260009765625, 0.8022034764289856], [0, 303.11297607421875, 229.98519897460938, 315.73876953125, 252.75588989257812, 0.7948423027992249], [0, 359.2900390625, 314.38006591796875, 379.72857666015625, 351.3724365234375, 0.7803492546081543], [0, 260.22021484375, 263.51580810546875, 276.0352783203125, 296.24383544921875, 0.7275713682174683], [0, 251.74322509765625, 209.0162353515625, 266.62957763671875, 233.92526245117188, 0.7012497782707214], [1, 511.6910400390625, 405.28155517578125, 537.1805419921875, 468.54144287109375, 0.6087729334831238], [0, 341.2116394042969, 148.96136474609375, 351.8893127441406, 164.5810546875, 0.5772508978843689], [0, 290.8385925292969, 69.42820739746094, 296.5491027832031, 76.7364501953125, 0.5010353326797485], [4, 342.14312744140625, 220.61817932128906, 348.12774658203125, 234.98887634277344, 0.495265394449234], [1, 312.07354736328125, 106.10923767089844, 318.81488037109375, 116.29307556152344, 0.4506438970565796], [0, 333.23077392578125, 96.4724349975586, 340.7294921875, 106.53533172607422, 0.4197121560573578], [0, 278.7314147949219, 59.992401123046875, 285.0982360839844, 67.26565551757812, 0.32740646600723267], [0, 252.8898162841797, 146.53451538085938, 264.02996826171875, 160.95236206054688, 0.31630274653434753], [0, 313.4638671875, 63.44832229614258, 318.6243896484375, 70.34446716308594, 0.27773317694664], [0, 255.34176635742188, 138.1436767578125, 265.9314880371094, 151.770751953125, 0.2508522868156433]], "patched": [[0, 463.483642578125, 534.030517578125, 507.0653076171875, 613.5484619140625, 0.8769584894180298], [0, 400.3668212890625, 532.0205078125, 437.6043701171875, 612.8642578125, 0.8597389459609985], [1, 439.77069091796875, 435.4815673828125, 470.7806396484375, 498.2410888671875, 0.8595114350318909], [1, 377.617919921875, 399.51983642578125, 403.2764892578125, 452.93450927734375, 0.8520143628120422], [0, 455.64862060546875, 366.06927490234375, 489.68402099609375, 422.7841796875, 0.8502112030982971], [0, 237.2423553466797, 251.34521484375, 254.81639099121094, 282.7493896484375, 0.830790638923645], [1, 74.19305419921875, 351.44000244140625, 111.42996215820312, 410.27032470703125, 0.8030166029930115], [0, 303.1165466308594, 229.98886108398438, 315.7345886230469, 252.75527954101562, 0.7965859174728394], [0, 260.2255859375, 263.5191650390625, 276.029541015625, 296.2421875, 0.7318333983421326], [0, 251.7422637939453, 209.01922607421875, 266.62738037109375, 233.92266845703125, 0.7066863775253296], [0, 359.33526611328125, 314.38885498046875, 379.70745849609375, 351.34027099609375, 0.6786855459213257], [1, 511.70892333984375, 405.2625732421875, 537.1624145507812, 468.55145263671875, 0.6131792068481445], [0, 341.2127685546875, 148.96214294433594, 351.88714599609375, 164.5784454345703, 0.5773682594299316], [0, 290.8386535644531, 69.42544555664062, 296.5483093261719, 76.73529052734375, 0.5014809370040894], [4, 342.14398193359375, 220.60818481445312, 348.12445068359375, 234.98898315429688, 0.49374401569366455], [1, 312.074462890625, 106.10640716552734, 318.81396484375, 116.2915267944336, 0.45232754945755005], [0, 333.2308349609375, 96.44731903076172, 340.732421875, 106.53345489501953, 0.41992005705833435], [0, 278.73089599609375, 59.991905212402344, 285.0985107421875, 67.26493072509766, 0.3279556632041931], [0, 252.8887176513672, 146.53048706054688, 264.03302001953125, 160.950439453125, 0.31781038641929626], [0, 313.4639587402344, 63.44860076904297, 318.6243591308594, 70.34362030029297, 0.2783793807029724], [0, 255.33767700195312, 138.14138793945312, 265.9317932128906, 151.76889038085938, 0.2517985999584198]]}