{"clean": [[0, 486.94775390625, 249.80770874023438, 532.9046630859375, 270.4753723144531, 0.34378910064697266]], "patched": [[0, 496.19757080078125, 250.20062255859375, 533.8783569335938, 270.29461669921875, 0.3621501922607422]]}