{"clean": [[3, 402.3268127441406, 136.70372009277344, 442.6966857910156, 189.51063537597656, 0.9230014085769653], [0, 409.56884765625, 458.1314392089844, 461.6878662109375, 508.7810363769531, 0.9177002310752869], [0, 247.40338134765625, 318.8314514160156, 267.48193359375, 362.2566833496094, 0.8701795935630798], [3, 234.57870483398438, 221.18202209472656, 262.73358154296875, 311.939208984375, 0.8549237847328186], [0, 229.2716064453125, 9.873310089111328, 238.47488403320312, 23.17074966430664, 0.7752329111099243], [0, 235.59185791015625, 172.64727783203125, 247.28662109375, 195.505126953125, 0.7728549838066101], [4, 304.5453796386719, 486.1564025878906, 326.0017395019531, 504.1170349121094, 0.7219395041465759], [0, 238.48385620117188, 199.4560546875, 251.71182250976562, 225.35601806640625, 0.6457375288009644], [2, 228.02804565429688, 111.69815063476562, 238.944091796875, 131.22817993164062, 0.6099089980125427], [0, 609.9693603515625, 527.6151733398438, 639.9964599609375, 566.2914428710938, 0.535762369632721], [4, 251.67794799804688, 413.4947204589844, 264.0075988769531, 440.9137268066406, 0.47707855701446533]], "patched": [[3, 402.3294677734375, 136.70620727539062, 442.69189453125, 189.50985717773438, 0.9229497313499451], [0, 409.61590576171875, 458.1905517578125, 461.63067626953125, 508.797607421875, 0.9174916744232178], [0, 247.40896606445312, 318.83502197265625, 267.4720764160156, 362.24481201171875, 0.8689697980880737], [3, 234.580322265625, 221.190185546875, 262.73187255859375, 311.93572998046875, 0.8544550538063049], [0, 229.2716064453125, 9.875919342041016, 238.47412109375, 23.171283721923828, 0.7749945521354675], [0, 235.59536743164062, 172.65350341796875, 247.28335571289062, 195.50469970703125, 0.772676944732666], [4, 304.55389404296875, 486.1736145019531, 325.99102783203125, 504.1142272949219, 0.7200945615768433], [0, 610.163818359375, 527.8556518554688, 639.977294921875, 566.2797241210938, 0.7009862661361694], [0, 238.48797607421875, 199.4605712890625, 251.70965576171875, 225.35586547851562, 0.6467060446739197], [2, 228.02828979492188, 111.70709228515625, 238.94198608398438, 131.22879028320312, 0.6065416932106018], [4, 251.6770782470703, 413.50079345703125, 264.00091552734375, 440.9141845703125, 0.47841209173202515]]}