{"clean": [[3, 163.04739379882812, 334.02288818359375, 178.0343017578125, 385.4468994140625, 0.7762617468833923], [2, 419.8271484375, 608.0332641601562, 437.568359375, 640.0, 0.7728219032287598], [0, 450.52337646484375, 601.9182739257812, 471.71014404296875, 633.4889526367188, 0.7682037949562073], [2, 111.82572937011719, 116.05899810791016, 128.4276580810547, 155.96255493164062, 0.7214889526367188], [2, 120.68426513671875, 101.36355590820312, 139.15396118164062, 149.2926025390625, 0.7102506756782532], [0, 181.72235107421875, 557.7080078125, 193.31097412109375, 591.419189453125, 0.7053894400596619], [0, 585.0924072265625, 359.8388977050781, 608.5916748046875, 392.5835876464844, 0.7050819396972656], [2, 384.86083984375, 245.8916015625, 401.08294677734375, 299.6773681640625, 0.6831047534942627], [0, 622.243896484375, 459.83843994140625, 640.0, 494.50677490234375, 0.6738597750663757], [2, 137.4788360595703, 101.32997131347656, 153.21275329589844, 144.8462677001953, 0.6478776931762695], [0, 160.7014923095703, 389.94171142578125, 173.3654327392578, 423.76080322265625, 0.6237397789955139], [1, 83.17997741699219, 172.55917358398438, 106.92839050292969, 190.08193969726562, 0.5336971879005432], [3, 171.50732421875, 298.9666748046875, 182.58224487304688, 333.7525634765625, 0.48926374316215515], [0, 415.67889404296875, 301.2819519042969, 425.56610107421875, 318.8525695800781, 0.461330771446228], [0, 412.41510009765625, 255.29940795898438, 423.00799560546875, 283.8581848144531, 0.4137226939201355], [1, 412.467529296875, 255.4552001953125, 423.28076171875, 283.90155029296875, 0.3933181166648865], [0, 415.0632629394531, 284.212646484375, 424.0844421386719, 302.4356689453125, 0.36648157238960266], [4, 150.43348693847656, 612.594482421875, 162.55213928222656, 620.791748046875, 0.31171131134033203], [1, 415.374755859375, 284.2257080078125, 424.044677734375, 302.23638916015625, 0.297963947057724], [1, 390.38519287109375, 308.21484375, 401.5689697265625, 341.330078125, 0.27970415353775024], [1, 378.6919250488281, 64.57504272460938, 386.6611633300781, 86.23971557617188, 0.2515483796596527]], "patched": [[3, 163.04991149902344, 334.0273132324219, 178.04737854003906, 385.4481506347656, 0.776664137840271], [2, 419.8416748046875, 608.0281372070312, 437.5582275390625, 640.0, 0.7669657468795776], [2, 111.82572937011719, 116.06754302978516, 128.42037963867188, 155.96084594726562, 0.7209469079971313], [2, 120.68855285644531, 101.36918640136719, 139.1545867919922, 149.28782653808594, 0.7105449438095093], [0, 181.72999572753906, 557.7137451171875, 193.29283142089844, 591.4146728515625, 0.6981713175773621], [0, 450.5713195800781, 601.8780517578125, 471.7257385253906, 634.05419921875, 0.6968686580657959], [2, 384.858642578125, 245.89012145996094, 401.07989501953125, 299.6806640625, 0.6821640133857727], [2, 137.48031616210938, 101.34091186523438, 153.21536254882812, 144.84207153320312, 0.6500315070152283], [0, 622.31640625, 459.87139892578125, 640.0, 494.49163818359375, 0.6485028862953186], [0, 160.70809936523438, 389.9456481933594, 173.35504150390625, 423.7603454589844, 0.618636429309845], [1, 83.21656799316406, 172.57130432128906, 106.93107604980469, 190.08934020996094, 0.5382798314094543], [3, 171.4959716796875, 298.95965576171875, 182.60015869140625, 333.75384521484375, 0.4983184337615967], [0, 415.68316650390625, 301.29522705078125, 425.561767578125, 318.85186767578125, 0.4557843506336212], [1, 412.4708557128906, 255.4589080810547, 423.2699279785156, 283.89483642578125, 0.4097454845905304], [0, 585.3488159179688, 359.7146911621094, 609.1466674804688, 392.7188415527344, 0.4035678803920746], [0, 412.42059326171875, 255.3021697998047, 423.00018310546875, 283.85174560546875, 0.39919814467430115], [0, 415.076416015625, 284.2144775390625, 424.0789794921875, 302.4298095703125, 0.3622102439403534], [4, 150.43820190429688, 612.5848999023438, 162.54421997070312, 620.7903442382812, 0.31430187821388245], [1, 415.386962890625, 284.228759765625, 424.040771484375, 302.229248046875, 0.3041640818119049], [1, 390.4012451171875, 308.22442626953125, 401.56756591796875, 341.3201904296875, 0.28028517961502075]]}