{"clean": [[0, 264.9168701171875, 90.65738677978516, 283.7823486328125, 117.77404022216797, 0.8816006183624268], [0, 318.7318115234375, 171.21121215820312, 349.177001953125, 203.22116088867188, 0.862740159034729], [0, 307.75872802734375, 120.15803527832031, 333.6309814453125, 149.0427703857422, 0.7975691556930542], [0, 278.4378662109375, 315.46514892578125, 292.869384765625, 358.84808349609375, 0.7949726581573486], [0, 254.26419067382812, 17.442317962646484, 264.3266296386719, 37.8627815246582, 0.786065399646759], [1, 283.80322265625, 526.6441040039062, 303.9053955078125, 601.8381958007812, 0.7815145254135132], [1, 282.64849853515625, 418.84375, 299.34771728515625, 476.5933837890625, 0.7475310564041138], [0, 271.9230041503906, 30.24747085571289, 282.4189147949219, 51.84563064575195, 0.7177870273590088], [0, 428.130859375, 347.512451171875, 444.1409912109375, 380.0030517578125, 0.6431251168251038], [3, 358.5752868652344, 4.817066192626953, 373.9336242675781, 58.488094329833984, 0.6237086653709412], [0, 357.1490478515625, 54.83759307861328, 371.201171875, 82.60515594482422, 0.5524842739105225], [3, 262.35723876953125, 195.2176513671875, 283.60528564453125, 275.861328125, 0.5075540542602539], [1, 271.8222961425781, 30.420429229736328, 282.4957580566406, 51.9678840637207, 0.40785959362983704], [1, 357.2657775878906, 55.258785247802734, 371.1770935058594, 82.56478881835938, 0.30733102560043335]], "patched": [[0, 264.92034912109375, 90.65202331542969, 283.78192138671875, 117.81842041015625, 0.8805451989173889], [0, 318.725830078125, 171.2734375, 349.236572265625, 203.3214111328125, 0.8608585596084595], [0, 278.272705078125, 315.48974609375, 292.92919921875, 358.6114501953125, 0.815401554107666], [0, 307.808837890625, 120.26412200927734, 333.4989013671875, 148.99948120117188, 0.802382230758667], [0, 254.26837158203125, 17.437026977539062, 264.31243896484375, 37.89625549316406, 0.7852764129638672], [0, 271.93402099609375, 30.24498748779297, 282.41522216796875, 51.85942077636719, 0.725890576839447], [0, 428.7047119140625, 348.27044677734375, 443.988037109375, 379.91082763671875, 0.6867798566818237], [1, 283.8709716796875, 526.638671875, 303.8544921875, 602.152587890625, 0.6849822998046875], [3, 358.57391357421875, 4.816005706787109, 373.93377685546875, 58.48748016357422, 0.6195838451385498], [1, 282.676513671875, 418.9617004394531, 299.299072265625, 476.5968322753906, 0.6131406426429749], [0, 357.16259765625, 54.81480026245117, 371.197265625, 82.61692810058594, 0.5432990789413452], [3, 262.4020690917969, 195.05276489257812, 283.5941467285156, 275.88677978515625, 0.5272142887115479], [1, 271.8350830078125, 30.416324615478516, 282.48907470703125, 51.98627853393555, 0.384443074464798], [1, 357.2803649902344, 55.2242546081543, 371.1761169433594, 82.57276916503906, 0.3139870762825012]]}