{"clean": [[0, 283.1076354980469, 0.17271995544433594, 292.8991394042969, 14.511493682861328, 0.7845944762229919], [0, 311.76617431640625, 70.3079833984375, 322.15838623046875, 89.67660522460938, 0.7676725387573242], [0, 357.33477783203125, 574.8905029296875, 380.88604736328125, 639.6832275390625, 0.760066568851471], [3, 322.1292724609375, 221.31674194335938, 341.5894775390625, 283.3910217285156, 0.7576937079429626], [0, 379.7294921875, 268.80841064453125, 394.9925537109375, 306.90869140625, 0.6776922941207886], [0, 400.6157531738281, 415.47308349609375, 419.9527893066406, 470.998291015625, 0.6448151469230652], [0, 357.71221923828125, 574.9649658203125, 377.98223876953125, 611.2464599609375, 0.5570076107978821], [3, 313.94677734375, 368.120361328125, 344.5103759765625, 518.270751953125, 0.47629669308662415], [2, 314.9036865234375, 366.77435302734375, 344.86456298828125, 518.2325439453125, 0.46001988649368286], [0, 380.28985595703125, 282.52313232421875, 394.89630126953125, 306.8787841796875, 0.2576860785484314]], "patched": [[0, 358.34912109375, 575.1708984375, 376.1650390625, 609.65283203125, 0.800727903842926], [0, 283.11761474609375, 0.1740894317626953, 292.89593505859375, 14.507708549499512, 0.7846575975418091], [0, 311.7814025878906, 70.31399536132812, 322.1531066894531, 89.67764282226562, 0.7682163715362549], [3, 322.1658935546875, 221.34866333007812, 341.446044921875, 283.3602600097656, 0.7300750613212585], [0, 379.8939208984375, 268.837158203125, 394.9288330078125, 306.87860107421875, 0.6691863536834717], [0, 362.0828857421875, 606.7667846679688, 380.9010009765625, 639.6823120117188, 0.5722916722297668], [0, 400.7030029296875, 415.9954833984375, 419.6588134765625, 471.011474609375, 0.4945100247859955], [3, 314.05914306640625, 368.166015625, 344.24969482421875, 518.204345703125, 0.4907764494419098], [2, 315.07269287109375, 366.820068359375, 344.66632080078125, 518.1932373046875, 0.45507916808128357], [0, 380.4295654296875, 283.49859619140625, 394.82525634765625, 306.85540771484375, 0.3097100853919983]]}