{"clean": [[0, 8.822372436523438, 122.92426300048828, 63.63593292236328, 200.52020263671875, 0.9078162312507629], [0, 577.4141845703125, 419.23687744140625, 639.9346923828125, 514.3036499023438, 0.8975096344947815], [0, 48.29930877685547, 67.48939514160156, 93.32207489013672, 126.34001159667969, 0.8897950649261475], [0, 7.5866241455078125, 52.789405822753906, 54.93954849243164, 107.35131072998047, 0.8822776079177856], [0, 317.8243408203125, 266.02490234375, 355.165283203125, 364.5042724609375, 0.8807201981544495], [0, 318.1378173828125, 97.10403442382812, 346.86669921875, 154.59136962890625, 0.8683114051818848], [0, 323.43121337890625, 178.13348388671875, 357.21832275390625, 249.92120361328125, 0.8673419952392578], [0, 47.73630905151367, 0.0, 88.34321594238281, 42.159156799316406, 0.8522555232048035], [0, 91.81307983398438, 0.00603485107421875, 126.30999755859375, 32.282493591308594, 0.8488283157348633], [0, 15.184564590454102, 0.0, 54.31676483154297, 43.56501770019531, 0.8363409638404846], [0, 0.0, 117.46430969238281, 20.430130004882812, 171.50904846191406, 0.821549654006958], [0, 0.0, 49.95463943481445, 21.967960357666016, 95.25941467285156, 0.7482410669326782], [0, 74.45823669433594, 18.893798828125, 112.04669189453125, 73.22655487060547, 0.7096524834632874], [1, 74.42303466796875, 19.073226928710938, 112.07276916503906, 73.1850357055664, 0.3983251750469208], [1, 294.600830078125, 0.015194892883300781, 324.23797607421875, 11.226360321044922, 0.37359413504600525], [3, 274.3375244140625, 392.08343505859375, 450.7357177734375, 584.4633178710938, 0.3392431437969208]], "patched": [[0, 8.76129150390625, 123.12427520751953, 63.825103759765625, 200.24615478515625, 0.9058197140693665], [0, 48.32337188720703, 67.56414794921875, 93.2352066040039, 126.26380920410156, 0.8879340887069702], [0, 7.6083831787109375, 52.790828704833984, 54.92061996459961, 107.3267822265625, 0.8773850202560425], [0, 317.2034912109375, 265.9976806640625, 355.23388671875, 364.4559326171875, 0.8742887377738953], [0, 577.109619140625, 418.49224853515625, 639.931396484375, 514.2969970703125, 0.8651592135429382], [0, 318.2041015625, 97.12411499023438, 346.8023681640625, 154.57272338867188, 0.8618359565734863], [0, 323.44415283203125, 178.1183624267578, 357.35821533203125, 250.0522918701172, 0.8579176664352417], [0, 15.154890060424805, 0.0, 54.649696350097656, 43.36321258544922, 0.838636040687561], [0, 91.74629974365234, 0.004840850830078125, 126.3866958618164, 31.89130210876465, 0.8275176286697388], [0, 47.863155364990234, 0.0, 88.37844848632812, 42.265380859375, 0.8267161846160889], [0, 0.0, 117.59886932373047, 20.26718521118164, 173.03070068359375, 0.7896208167076111], [1, 74.39364624023438, 18.795028686523438, 111.709228515625, 73.34241485595703, 0.7163540720939636], [0, 0.0, 50.08628845214844, 21.999530792236328, 97.53144836425781, 0.6440224647521973], [1, 294.59814453125, 0.014269828796386719, 324.2384033203125, 11.231791496276855, 0.35368725657463074], [3, 274.28875732421875, 392.27978515625, 450.23004150390625, 584.067138671875, 0.3329872190952301]]}