{"clean": [[0, 225.76611328125, 561.0671997070312, 254.50640869140625, 636.9091186523438, 0.8358305096626282], [0, 277.17626953125, 329.7658386230469, 298.47991943359375, 372.3282165527344, 0.8300091028213501], [0, 319.63665771484375, 430.24981689453125, 340.885986328125, 489.44171142578125, 0.8139278888702393], [0, 386.446533203125, 34.37834167480469, 399.2008056640625, 61.10292053222656, 0.7849575281143188], [0, 354.21392822265625, 166.37362670898438, 370.42779541015625, 194.7196044921875, 0.7536517381668091], [0, 349.30963134765625, 82.62633514404297, 364.56158447265625, 107.86426544189453, 0.7474681735038757], [0, 411.75531005859375, 0.0, 424.37127685546875, 9.6806640625, 0.5711105465888977], [4, 358.32708740234375, 287.95465087890625, 366.82794189453125, 300.41925048828125, 0.4081357717514038]], "patched": [[0, 225.8353271484375, 560.8153686523438, 254.22048950195312, 636.8967895507812, 0.8314794301986694], [0, 276.93975830078125, 329.62823486328125, 298.58740234375, 371.96197509765625, 0.823590099811554], [0, 386.46844482421875, 34.38170623779297, 399.16766357421875, 61.07500457763672, 0.7859852313995361], [0, 354.58673095703125, 170.69659423828125, 370.04339599609375, 194.38690185546875, 0.7767165899276733], [0, 320.0501708984375, 430.2802734375, 340.5225830078125, 489.276611328125, 0.7724180221557617], [0, 349.37750244140625, 82.65906524658203, 364.52642822265625, 107.8179702758789, 0.7428766489028931], [0, 411.77130126953125, 0.0, 424.34228515625, 9.636445045471191, 0.5746748447418213], [4, 358.3388671875, 288.00103759765625, 366.8155517578125, 300.34478759765625, 0.45815974473953247]]}