{"clean": [[0, 31.9896240234375, 443.3349609375, 106.50119018554688, 520.4246826171875, 0.930595338344574], [0, 350.72137451171875, 385.4530334472656, 421.51007080078125, 437.1770324707031, 0.9278630018234253], [0, 265.45904541015625, 362.45068359375, 333.34234619140625, 407.325439453125, 0.9192019701004028], [0, 536.4661865234375, 415.147705078125, 610.3839111328125, 460.3634033203125, 0.9177558422088623], [0, 39.64306640625, 278.4625244140625, 83.46058654785156, 347.29107666015625, 0.9124170541763306], [0, 0.0, 422.86004638671875, 66.18124389648438, 509.31317138671875, 0.7839739322662354], [1, 514.0010375976562, 138.29257202148438, 563.5232543945312, 175.19448852539062, 0.7223873734474182], [0, 509.4168395996094, 172.60983276367188, 572.7218017578125, 204.61666870117188, 0.7042941451072693], [4, 499.00067138671875, 232.0484619140625, 509.8033447265625, 258.35614013671875, 0.6170757412910461], [4, 433.5696105957031, 487.31427001953125, 457.2672424316406, 501.22454833984375, 0.5647934079170227], [4, 436.87042236328125, 538.2744140625, 450.00274658203125, 572.52197265625, 0.41211947798728943], [4, 550.2052001953125, 246.24722290039062, 566.427001953125, 271.3469543457031, 0.334410160779953], [0, 623.04931640625, 0.0, 640.0, 9.583600997924805, 0.284186989068985]], "patched": [[0, 32.04521942138672, 443.4056396484375, 106.35358428955078, 520.3263549804688, 0.9232748746871948], [0, 265.46868896484375, 362.5767822265625, 333.28875732421875, 407.193115234375, 0.9182697534561157], [0, 350.6881408691406, 385.31903076171875, 421.5367736816406, 437.17779541015625, 0.9178880453109741], [0, 536.4517822265625, 415.1767272949219, 610.389404296875, 460.3033142089844, 0.9144207835197449], [0, 39.65703582763672, 278.4150390625, 83.44710540771484, 347.2503662109375, 0.9084716439247131], [0, 0.0, 422.9334716796875, 66.11686706542969, 509.3302001953125, 0.7676042914390564], [1, 514.000244140625, 138.30892944335938, 563.4896240234375, 175.19638061523438, 0.7231581211090088], [0, 509.357666015625, 172.51609802246094, 571.5496826171875, 204.6250762939453, 0.699955403804779], [4, 498.95721435546875, 232.08279418945312, 509.79827880859375, 258.3417663574219, 0.6096161007881165], [4, 433.58966064453125, 487.2889404296875, 457.25274658203125, 501.27587890625, 0.5512658953666687], [4, 436.88629150390625, 538.2694091796875, 449.97186279296875, 572.5025634765625, 0.38256803154945374], [1, 0.0005645751953125, 422.7855224609375, 65.99076843261719, 509.9832763671875, 0.3808954358100891], [4, 550.379150390625, 246.81626892089844, 566.138671875, 271.001953125, 0.3133341073989868], [0, 623.057373046875, 0.0, 640.0, 9.58159065246582, 0.29353904724121094]]}