{"clean": [[3, 29.895233154296875, 51.62675476074219, 109.21647644042969, 103.79669189453125, 0.9194245338439941], [0, 580.14208984375, 0.0, 613.001708984375, 10.029199600219727, 0.8527968525886536], [3, 184.877197265625, 1.0235137939453125, 221.441650390625, 118.12907409667969, 0.784719705581665], [1, 456.24395751953125, 102.34195709228516, 490.66912841796875, 120.20166778564453, 0.6744057536125183], [3, 161.19505310058594, 319.3162841796875, 183.4877471923828, 381.777587890625, 0.5269905924797058], [1, 579.06005859375, 311.53619384765625, 614.6944580078125, 337.5419921875, 0.5039225220680237], [0, 551.8917236328125, 30.170684814453125, 586.0914306640625, 49.996673583984375, 0.44346410036087036], [1, 188.34765625, 528.482177734375, 208.4896240234375, 593.91357421875, 0.3110091984272003], [0, 552.1514892578125, 25.489463806152344, 585.7874755859375, 39.149261474609375, 0.3035280406475067], [1, 456.1383056640625, 92.5527572631836, 490.0419921875, 108.81519317626953, 0.2931181490421295], [0, 552.0589599609375, 25.425880432128906, 585.8675537109375, 46.226829528808594, 0.2554628252983093]], "patched": [[3, 29.89508056640625, 51.62701416015625, 109.21786499023438, 103.78684997558594, 0.9189357757568359], [0, 580.1666259765625, 0.0, 612.9930419921875, 10.00582218170166, 0.852363109588623], [3, 184.92141723632812, 1.0162582397460938, 221.29940795898438, 118.1264877319336, 0.7801592946052551], [1, 456.27392578125, 102.26901245117188, 490.6439208984375, 120.12374877929688, 0.6546785235404968], [1, 188.88650512695312, 528.5580444335938, 208.99319458007812, 594.2644653320312, 0.6136839389801025], [0, 163.7231903076172, 346.44891357421875, 178.95314025878906, 381.81353759765625, 0.5307629704475403], [1, 578.8648681640625, 311.4862060546875, 614.5745849609375, 334.9686279296875, 0.45476770401000977], [0, 551.8311157226562, 32.45370101928711, 586.0888061523438, 49.83420181274414, 0.4427274167537689], [3, 161.51150512695312, 319.3175048828125, 183.08834838867188, 381.5501708984375, 0.3666535019874573], [0, 552.679931640625, 25.609954833984375, 585.687744140625, 39.0968017578125, 0.35932034254074097], [3, 164.8471221923828, 319.66448974609375, 183.1125030517578, 353.7161865234375, 0.3137582838535309], [1, 456.22998046875, 92.70420837402344, 489.99609375, 108.27375793457031, 0.31042781472206116]]}