{"clean": [[0, 435.98907470703125, 387.66424560546875, 464.01361083984375, 464.98565673828125, 0.8881494402885437], [0, 315.5618896484375, 126.18879699707031, 356.11102294921875, 174.75331115722656, 0.8450230360031128], [0, 483.199462890625, 45.6766357421875, 511.5113525390625, 86.4202880859375, 0.7988519072532654], [0, 395.2862243652344, 53.94291687011719, 422.8953552246094, 94.32304382324219, 0.7723028063774109], [3, 71.65425109863281, 529.8512573242188, 196.77378845214844, 640.0, 0.7549444437026978], [0, 202.9512176513672, 519.5074462890625, 255.20787048339844, 576.4886474609375, 0.7546911239624023], [1, 215.94235229492188, 215.53140258789062, 262.48345947265625, 281.2397766113281, 0.7078247666358948], [0, 473.68524169921875, 363.46026611328125, 499.70782470703125, 439.78045654296875, 0.6751551628112793], [0, 432.0263671875, 219.35369873046875, 451.9171142578125, 285.58758544921875, 0.6146112084388733], [0, 431.6756591796875, 243.94857788085938, 449.567626953125, 285.5201110839844, 0.51823490858078]], "patched": [[0, 436.026611328125, 387.4747314453125, 463.78515625, 465.5604248046875, 0.8853891491889954], [0, 315.60400390625, 126.21961975097656, 355.5928955078125, 175.3735809326172, 0.8354994058609009], [0, 203.0436553955078, 519.691162109375, 255.1974334716797, 576.44091796875, 0.7754349708557129], [0, 483.54266357421875, 45.30024719238281, 511.66302490234375, 84.70077514648438, 0.7748672962188721], [3, 71.63751220703125, 530.75244140625, 196.78927612304688, 640.0, 0.7548373341560364], [0, 395.34124755859375, 53.96623229980469, 422.85943603515625, 94.298583984375, 0.7456672191619873], [0, 431.6917724609375, 246.98828125, 449.417724609375, 285.50946044921875, 0.7283430099487305], [1, 215.95318603515625, 215.529296875, 262.5047302246094, 281.2393798828125, 0.698029637336731], [0, 473.6405944824219, 363.4429931640625, 499.9546203613281, 439.792236328125, 0.6964030861854553], [0, 431.38641357421875, 219.10330200195312, 451.40716552734375, 286.1465759277344, 0.571731448173523]]}