{"clean": [[0, 424.11920166015625, 191.04327392578125, 450.98760986328125, 249.701171875, 0.8753190636634827], [3, 529.830322265625, 198.7906494140625, 623.2210693359375, 260.55859375, 0.8605625629425049], [0, 502.59613037109375, 493.22454833984375, 536.8643188476562, 523.2239379882812, 0.8128171563148499], [0, 210.08602905273438, 0.06749725341796875, 241.8763427734375, 19.401203155517578, 0.7014588713645935], [3, 58.12300109863281, 18.34644317626953, 144.20054626464844, 96.28305053710938, 0.6925804615020752], [1, 350.6786193847656, 409.5799560546875, 374.9782409667969, 466.237548828125, 0.6760601997375488], [3, 470.5821533203125, 219.04611206054688, 547.0291137695312, 279.7795104980469, 0.6639690399169922], [3, 543.54833984375, 439.957275390625, 639.201904296875, 496.3873291015625, 0.6379097104072571], [0, 445.6590576171875, 569.873291015625, 479.2216796875, 600.70556640625, 0.6042401194572449], [2, 529.58837890625, 198.29461669921875, 622.4521484375, 260.4621887207031, 0.42147356271743774], [3, 202.440185546875, 309.6824645996094, 281.5718994140625, 372.1151428222656, 0.3364924192428589], [2, 57.95619201660156, 18.312156677246094, 143.99526977539062, 97.35610961914062, 0.3349931836128235], [2, 202.3292236328125, 310.0752868652344, 281.3624267578125, 372.0017395019531, 0.3127496838569641]], "patched": [[3, 529.8282470703125, 198.79180908203125, 623.2093505859375, 260.5640869140625, 0.8599147200584412], [0, 423.927490234375, 191.17648315429688, 451.0518798828125, 249.75308227539062, 0.858570396900177], [0, 502.57568359375, 493.20782470703125, 536.949951171875, 523.0599365234375, 0.7913980484008789], [0, 210.08697509765625, 0.06934356689453125, 241.87664794921875, 19.400432586669922, 0.7013630867004395], [3, 58.12310791015625, 18.352638244628906, 144.1974334716797, 96.28948974609375, 0.7003406882286072], [1, 350.7684631347656, 409.4095458984375, 375.0519714355469, 466.215087890625, 0.6602348685264587], [3, 470.50738525390625, 218.86257934570312, 547.0484619140625, 279.7691345214844, 0.6488474011421204], [3, 543.53515625, 439.92962646484375, 639.183349609375, 496.26593017578125, 0.6474760174751282], [2, 529.5897216796875, 198.29290771484375, 622.4434814453125, 260.4649963378906, 0.4305989444255829], [0, 351.10491943359375, 409.3781433105469, 374.84844970703125, 466.0308532714844, 0.3519173562526703], [2, 57.95686340332031, 18.3214111328125, 143.98927307128906, 97.36176300048828, 0.3304912745952606], [3, 202.41824340820312, 309.66522216796875, 281.56439208984375, 372.16046142578125, 0.32624387741088867], [2, 202.31610107421875, 310.0648193359375, 281.3553161621094, 372.0362548828125, 0.3105420470237732], [1, 350.71453857421875, 433.1790771484375, 370.33905029296875, 466.275390625, 0.3043336272239685]]}