{"clean": [[0, 425.80487060546875, 243.6707763671875, 464.71453857421875, 292.80810546875, 0.9213991761207581], [0, 332.4573974609375, 316.59039306640625, 374.410888671875, 367.28448486328125, 0.919492244720459], [0, 550.835205078125, 132.26849365234375, 586.5546875, 188.714599609375, 0.9131468534469604], [0, 365.62774658203125, 429.6427001953125, 410.40631103515625, 488.2607421875, 0.908453106880188], [0, 608.8956298828125, 36.37043762207031, 639.9581298828125, 87.44633483886719, 0.8972834944725037], [0, 531.0314331054688, 84.42500305175781, 562.8359985351562, 134.2132568359375, 0.8966361880302429], [0, 546.450927734375, 352.6564636230469, 587.866455078125, 427.8034973144531, 0.8951669931411743], [0, 459.97515869140625, 432.2659912109375, 499.79156494140625, 508.55914306640625, 0.8847456574440002], [0, 598.455322265625, 295.0765380859375, 639.56982421875, 353.6846923828125, 0.8746599555015564], [0, 384.0561828613281, 488.77410888671875, 422.1540222167969, 572.6726684570312, 0.8623546361923218], [0, 476.91650390625, 403.760009765625, 516.450927734375, 473.4805908203125, 0.8195616006851196], [0, 265.2823791503906, 612.4703369140625, 294.1025085449219, 640.0, 0.783160924911499], [0, 350.6474304199219, 497.140869140625, 392.7829895019531, 580.2642822265625, 0.7776495218276978], [4, 402.34283447265625, 382.2174987792969, 418.59796142578125, 398.8414001464844, 0.7775259613990784], [0, 593.8890380859375, 49.85728454589844, 627.6424560546875, 91.14491271972656, 0.7568621039390564], [4, 256.96826171875, 371.07342529296875, 267.091796875, 392.67864990234375, 0.6522719264030457], [4, 624.369140625, 145.16790771484375, 637.347412109375, 165.12939453125, 0.5134821534156799]], "patched": [[0, 332.58197021484375, 316.410400390625, 374.3541259765625, 367.5220947265625, 0.9202860593795776], [0, 425.83880615234375, 243.65261840820312, 464.63018798828125, 292.8603820800781, 0.9112995266914368], [0, 609.010009765625, 36.366371154785156, 639.9052734375, 87.54774475097656, 0.8970773816108704], [0, 531.0858154296875, 84.40213012695312, 562.8338623046875, 134.23834228515625, 0.8918566107749939], [0, 460.025634765625, 432.272705078125, 499.654052734375, 508.6695556640625, 0.857444167137146], [0, 384.3619384765625, 488.7099914550781, 421.571044921875, 572.553466796875, 0.8500484824180603], [0, 350.86053466796875, 498.22723388671875, 393.32562255859375, 582.0476684570312, 0.8307117819786072], [0, 265.3099670410156, 612.4988403320312, 293.5022888183594, 640.0, 0.7915565371513367], [0, 551.0838012695312, 132.4942169189453, 586.2785034179688, 188.9871368408203, 0.7817882895469666], [4, 402.3563232421875, 382.20220947265625, 418.5972900390625, 398.8416748046875, 0.779433012008667], [4, 256.95111083984375, 371.08477783203125, 267.07745361328125, 392.67132568359375, 0.6808657646179199], [0, 365.6488952636719, 429.9464416503906, 410.1304016113281, 488.4974060058594, 0.6546382904052734], [4, 624.3470458984375, 145.16558837890625, 637.3663330078125, 165.13653564453125, 0.573201596736908], [0, 598.3994140625, 294.8676452636719, 639.8466796875, 356.4908752441406, 0.3535395562648773], [0, 601.0161743164062, 57.665313720703125, 627.2094116210938, 92.87733459472656, 0.34093376994132996], [2, 598.7548828125, 294.5288391113281, 639.82861328125, 356.6140441894531, 0.30993470549583435], [0, 546.9318237304688, 352.0798034667969, 588.2471313476562, 428.0066223144531, 0.26145926117897034]]}