{"clean": [[0, 115.74851989746094, 255.80206298828125, 141.49107360839844, 277.669677734375, 0.7914600968360901], [0, 271.15167236328125, 336.15264892578125, 282.72296142578125, 371.74163818359375, 0.7616555690765381], [0, 290.7003173828125, 90.87037658691406, 301.425537109375, 127.79945373535156, 0.6988260746002197], [0, 254.864501953125, 259.364990234375, 266.97271728515625, 300.653076171875, 0.6875073313713074], [0, 268.877197265625, 479.8565673828125, 297.2421875, 532.7456665039062, 0.6866627931594849], [0, 286.65057373046875, 239.3547821044922, 298.3433837890625, 281.56341552734375, 0.6412784457206726], [0, 292.90179443359375, 0.0, 303.05072021484375, 16.641782760620117, 0.6176923513412476], [0, 177.7825927734375, 357.5611572265625, 208.02951049804688, 405.3814697265625, 0.6104136109352112], [0, 385.53558349609375, 250.24623107910156, 397.55657958984375, 293.3115234375, 0.6038506031036377], [0, 285.2790832519531, 396.7764892578125, 296.9145812988281, 447.927490234375, 0.5876267552375793], [0, 106.89834594726562, 0.0, 135.95193481445312, 7.172407627105713, 0.5730811953544617], [0, 200.93893432617188, 90.30044555664062, 221.9866943359375, 105.61331176757812, 0.5523931384086609], [0, 271.2679443359375, 152.0740966796875, 281.157470703125, 188.85711669921875, 0.5303138494491577], [0, 366.04913330078125, 247.47509765625, 378.50823974609375, 292.8741455078125, 0.47566455602645874], [1, 203.39324951171875, 69.66046142578125, 225.19369506835938, 87.00367736816406, 0.4473001956939697], [0, 209.35763549804688, 50.58710479736328, 226.84152221679688, 66.62037658691406, 0.38664841651916504], [0, 346.2208251953125, 19.920549392700195, 356.69091796875, 48.15631103515625, 0.37852582335472107], [0, 203.36553955078125, 69.41280364990234, 225.2388916015625, 86.81885528564453, 0.3626005947589874], [0, 345.9217834472656, 7.483955383300781, 356.8498840332031, 48.18898010253906, 0.3383879065513611]], "patched": [[0, 271.1741638183594, 336.1605224609375, 282.7018127441406, 371.73150634765625, 0.7647380828857422], [0, 290.7403259277344, 90.88042449951172, 301.3763732910156, 127.7853775024414, 0.7033984661102295], [0, 254.8954315185547, 259.36468505859375, 266.96588134765625, 300.6402587890625, 0.6832602024078369], [0, 268.89678955078125, 479.86883544921875, 297.24530029296875, 532.9517822265625, 0.6831119656562805], [0, 286.6966857910156, 239.36593627929688, 298.3042297363281, 281.5773620605469, 0.6345656514167786], [0, 292.9550476074219, 0.0, 303.0195007324219, 16.60955810546875, 0.62161785364151], [0, 177.63014221191406, 357.54364013671875, 207.9781951904297, 405.83514404296875, 0.6030500531196594], [0, 385.66339111328125, 250.64016723632812, 397.30609130859375, 294.0378112792969, 0.5852873921394348], [0, 106.92918395996094, 0.0, 135.9469757080078, 7.152108669281006, 0.579855740070343], [0, 115.64166259765625, 256.4634704589844, 141.54837036132812, 277.4765930175781, 0.576579213142395], [0, 200.969970703125, 90.30034637451172, 221.97833251953125, 105.59407806396484, 0.5645713806152344], [0, 285.4772033691406, 396.76123046875, 296.8370666503906, 447.60162353515625, 0.564567506313324], [0, 271.2899169921875, 152.03164672851562, 281.1326904296875, 188.85061645507812, 0.5231424570083618], [0, 366.8604431152344, 265.59429931640625, 378.1131896972656, 292.87322998046875, 0.5228726863861084], [1, 203.41636657714844, 69.67247009277344, 225.18919372558594, 86.98164367675781, 0.4503133296966553], [0, 346.258056640625, 20.264976501464844, 356.6683349609375, 48.14891815185547, 0.38645419478416443], [0, 209.3603973388672, 50.60160827636719, 226.8261260986328, 66.61297607421875, 0.38501518964767456], [0, 203.39405822753906, 69.41427612304688, 225.2347869873047, 86.79812622070312, 0.3605808615684509], [0, 345.95855712890625, 7.499713897705078, 356.8310546875, 48.16889190673828, 0.33724501729011536], [0, 54.93328857421875, 238.04306030273438, 67.28880310058594, 256.119873046875, 0.31327396631240845], [1, 102.49067687988281, 6.471164703369141, 129.337890625, 25.222740173339844, 0.2559376358985901]]}