{"clean": [[0, 269.57965087890625, 294.88287353515625, 282.93145751953125, 331.98980712890625, 0.8180776834487915], [0, 280.7783203125, 174.20095825195312, 291.0579833984375, 205.19967651367188, 0.8154791593551636], [0, 297.1781005859375, 460.802001953125, 309.2086181640625, 505.512939453125, 0.8098997473716736], [0, 306.68292236328125, 175.44857788085938, 316.22686767578125, 207.76644897460938, 0.8090651035308838], [0, 290.5229187011719, 280.71661376953125, 300.8351135253906, 309.91949462890625, 0.7878111600875854], [0, 303.52044677734375, 305.8242492675781, 314.54193115234375, 345.2912902832031, 0.7680505514144897], [0, 262.019775390625, 469.29156494140625, 274.406005859375, 514.7339477539062, 0.7552502751350403], [0, 300.39068603515625, 0.0, 309.04522705078125, 13.676721572875977, 0.7536109685897827], [0, 280.49212646484375, 571.941650390625, 293.36480712890625, 627.1357421875, 0.7356171607971191], [0, 275.33587646484375, 21.84657859802246, 283.85980224609375, 45.30785369873047, 0.6327622532844543], [0, 258.4700927734375, 587.174560546875, 271.65301513671875, 639.666015625, 0.620410144329071], [0, 348.99029541015625, 106.0946044921875, 359.71246337890625, 141.31863403320312, 0.5867374539375305], [0, 186.2799835205078, 183.31065368652344, 214.93727111816406, 200.9024200439453, 0.5585774779319763], [0, 305.82720947265625, 71.96295166015625, 314.87188720703125, 99.28721618652344, 0.5503619313240051], [0, 379.8752746582031, 500.2908630371094, 394.6220397949219, 568.7467041015625, 0.43506932258605957], [4, 69.21519470214844, 581.346923828125, 80.17768859863281, 607.386962890625, 0.4284895658493042], [0, 411.4581298828125, 547.1954345703125, 438.5030517578125, 607.505859375, 0.404298335313797], [0, 366.0740661621094, 366.85052490234375, 380.0698547363281, 414.90826416015625, 0.3990194499492645], [1, 99.84629821777344, 282.164794921875, 125.53605651855469, 302.107421875, 0.33824998140335083], [0, 101.01373291015625, 260.99322509765625, 133.56967163085938, 281.35845947265625, 0.2991792857646942], [0, 397.887451171875, 344.05999755859375, 412.4583740234375, 392.60760498046875, 0.29810211062431335]], "patched": [[0, 269.6488037109375, 294.8897399902344, 282.9244384765625, 331.9871520996094, 0.8177699446678162], [0, 280.78472900390625, 174.20921325683594, 291.03704833984375, 205.20811462402344, 0.8160884976387024], [0, 306.69915771484375, 175.47073364257812, 316.21527099609375, 207.77157592773438, 0.8093502521514893], [0, 297.21783447265625, 460.81549072265625, 309.18585205078125, 505.51019287109375, 0.8033170104026794], [0, 290.53326416015625, 280.72845458984375, 300.82452392578125, 309.91815185546875, 0.7878215312957764], [0, 303.5460205078125, 305.829833984375, 314.51544189453125, 345.29736328125, 0.7673444747924805], [0, 300.3954162597656, 0.0, 309.0401916503906, 13.674012184143066, 0.7542716264724731], [0, 262.02294921875, 469.30206298828125, 274.4066162109375, 514.7462768554688, 0.754207968711853], [0, 280.55572509765625, 571.8443603515625, 292.63543701171875, 627.1138916015625, 0.6966437101364136], [0, 258.7773132324219, 586.922119140625, 270.9854431152344, 639.8345947265625, 0.6771466732025146], [0, 275.3463439941406, 21.859512329101562, 283.8584899902344, 45.317970275878906, 0.6371697187423706], [0, 388.6844787597656, 421.75567626953125, 400.0444030761719, 451.70819091796875, 0.5942090153694153], [0, 349.0259094238281, 106.10050964355469, 359.7110900878906, 141.32644653320312, 0.5882511734962463], [0, 305.83892822265625, 71.97052764892578, 314.85748291015625, 99.29007720947266, 0.5585592985153198], [0, 186.27731323242188, 183.30911254882812, 214.88677978515625, 200.89895629882812, 0.5585086345672607], [0, 379.94036865234375, 500.23480224609375, 394.474609375, 568.6482543945312, 0.44418349862098694], [0, 280.7677001953125, 587.1845092773438, 292.3033447265625, 626.5256958007812, 0.4221034049987793], [4, 69.91891479492188, 581.397216796875, 80.1470947265625, 607.2099609375, 0.38051411509513855], [1, 99.83633422851562, 282.14031982421875, 125.54501342773438, 302.08270263671875, 0.3311226963996887], [0, 101.04891967773438, 260.9598388671875, 133.57363891601562, 281.37060546875, 0.2924429476261139], [0, 397.68115234375, 344.46856689453125, 411.388427734375, 392.22711181640625, 0.28798365592956543], [0, 422.0018310546875, 574.0377197265625, 436.552734375, 609.20361328125, 0.2856445014476776], [0, 366.62042236328125, 367.4941711425781, 378.06195068359375, 415.4659729003906, 0.27698129415512085], [0, 412.74493408203125, 547.0113525390625, 437.479736328125, 608.6619873046875, 0.26290735602378845]]}