{"clean": [[0, 381.7173156738281, 376.3935546875, 445.2449035644531, 436.47216796875, 0.9091908931732178], [0, 156.72628784179688, 305.4639892578125, 201.49655151367188, 355.63232421875, 0.8581981658935547], [1, 197.78097534179688, 321.033935546875, 247.15213012695312, 383.6326904296875, 0.8504770994186401], [0, 122.63322448730469, 274.05914306640625, 158.9001922607422, 317.67132568359375, 0.8322543501853943], [0, 128.69943237304688, 220.93206787109375, 158.29312133789062, 245.69036865234375, 0.8277680277824402], [0, 70.88908386230469, 240.5916748046875, 102.81277465820312, 275.589599609375, 0.8135796189308167], [0, 74.08384704589844, 187.58157348632812, 96.48014831542969, 209.2451171875, 0.7591753005981445], [1, 284.9627685546875, 218.83154296875, 325.1605224609375, 254.312744140625, 0.707817554473877], [0, 24.69799041748047, 374.6678161621094, 61.760704040527344, 442.1081237792969, 0.6843617558479309], [0, 171.6910858154297, 278.9171142578125, 210.58021545410156, 319.6402587890625, 0.6746350526809692], [0, 232.42459106445312, 318.4403076171875, 280.2738342285156, 375.2012939453125, 0.614296019077301], [0, 220.22914123535156, 195.6099853515625, 243.7498321533203, 223.43292236328125, 0.5841898918151855], [0, 144.16534423828125, 203.3116455078125, 172.95556640625, 229.49853515625, 0.5739809274673462], [1, 144.24374389648438, 203.31214904785156, 172.99649047851562, 229.1775665283203, 0.40387701988220215]], "patched": [[0, 381.63616943359375, 376.45587158203125, 445.36956787109375, 436.64093017578125, 0.905128538608551], [0, 128.32818603515625, 221.05279541015625, 158.67486572265625, 245.92193603515625, 0.8297646045684814], [1, 197.29025268554688, 320.46380615234375, 256.405517578125, 382.92071533203125, 0.8271592259407043], [0, 156.5570526123047, 305.46337890625, 200.9313507080078, 355.2281494140625, 0.7936909794807434], [1, 284.9752197265625, 218.93406677246094, 325.87347412109375, 254.7000274658203, 0.7526007294654846], [0, 122.54281616210938, 272.67950439453125, 158.83419799804688, 314.47247314453125, 0.7308886051177979], [0, 73.69546508789062, 186.76632690429688, 96.40895080566406, 209.44430541992188, 0.7068724632263184], [1, 25.056339263916016, 372.0247802734375, 61.57723617553711, 442.338134765625, 0.6676198840141296], [1, 232.24530029296875, 320.0701599121094, 280.4979248046875, 373.6496887207031, 0.6134159564971924], [0, 143.82839965820312, 203.36509704589844, 173.08560180664062, 229.88999938964844, 0.549480140209198], [0, 70.72557830810547, 240.98504638671875, 102.9826431274414, 277.59613037109375, 0.4929439127445221], [1, 143.87979125976562, 203.70626831054688, 173.12295532226562, 229.59808349609375, 0.4639762043952942], [1, 70.64654541015625, 241.00155639648438, 103.047607421875, 277.5265808105469, 0.39722082018852234]]}