{"clean": [[0, 431.47900390625, 478.96148681640625, 480.45782470703125, 532.6105346679688, 0.881662905216217], [0, 220.67678833007812, 352.71533203125, 239.6651611328125, 379.669677734375, 0.7670074105262756], [0, 306.24603271484375, 406.59088134765625, 329.52984619140625, 445.20196533203125, 0.6589635014533997], [4, 177.6466064453125, 426.73358154296875, 189.7232666015625, 449.60040283203125, 0.6443768739700317], [0, 439.9546813964844, 419.1309814453125, 493.2552795410156, 458.0498046875, 0.6169757843017578], [4, 363.25604248046875, 522.620361328125, 376.929931640625, 556.27099609375, 0.5722754001617432], [4, 263.09423828125, 332.4212951660156, 267.7862548828125, 342.7317199707031, 0.5564693808555603], [0, 0.080352783203125, 618.2923583984375, 24.075809478759766, 640.0, 0.556342363357544], [4, 192.11013793945312, 509.65167236328125, 204.1678466796875, 542.2962036132812, 0.5514064431190491], [0, 246.716796875, 362.9425048828125, 263.6676330566406, 387.6405029296875, 0.5457038879394531], [1, 280.1183776855469, 336.2825927734375, 294.3991394042969, 357.622802734375, 0.5362643003463745], [4, 129.3157196044922, 565.420166015625, 151.01255798339844, 598.482177734375, 0.5137070417404175], [0, 280.13116455078125, 336.16796875, 294.3990478515625, 357.687744140625, 0.46174630522727966], [1, 246.63955688476562, 362.04473876953125, 263.5010681152344, 387.77899169921875, 0.4492521286010742], [0, 242.43890380859375, 326.68408203125, 255.458251953125, 345.92822265625, 0.36603856086730957], [4, 62.589019775390625, 521.0250244140625, 91.25086975097656, 557.3983154296875, 0.3367905616760254], [4, 237.77256774902344, 316.69036865234375, 243.38587951660156, 327.295166015625, 0.3353734612464905], [0, 334.565185546875, 280.30023193359375, 342.2281494140625, 289.7239990234375, 0.32664236426353455]], "patched": [[0, 431.45379638671875, 478.99365234375, 480.55938720703125, 532.54736328125, 0.8891172409057617], [0, 220.65634155273438, 352.5841064453125, 240.02847290039062, 379.77685546875, 0.7719500064849854], [1, 246.65408325195312, 362.22564697265625, 263.4736633300781, 387.68115234375, 0.6857973337173462], [4, 177.66177368164062, 427.018310546875, 189.66964721679688, 449.5966796875, 0.6432896852493286], [1, 306.4769287109375, 406.5343322753906, 333.86248779296875, 445.0704040527344, 0.6256870627403259], [0, 437.3659362792969, 419.72308349609375, 493.4502258300781, 457.60235595703125, 0.6183239221572876], [4, 263.0765075683594, 332.4287109375, 267.7895202636719, 342.7327880859375, 0.5729966163635254], [4, 363.25048828125, 522.6513671875, 376.953857421875, 556.291748046875, 0.5652750730514526], [1, 280.1791687011719, 336.2275695800781, 294.4009094238281, 357.5335998535156, 0.5498356223106384], [4, 192.13937377929688, 509.91180419921875, 204.15518188476562, 542.2937622070312, 0.548231840133667], [0, 0.0778350830078125, 618.27783203125, 24.081125259399414, 640.0, 0.5337088704109192], [4, 129.31622314453125, 565.438232421875, 150.99420166015625, 598.49755859375, 0.5299203991889954], [0, 280.1630554199219, 336.2972106933594, 294.3512268066406, 357.6150207519531, 0.4051843583583832], [0, 241.71450805664062, 327.18426513671875, 255.53335571289062, 346.14605712890625, 0.4007883071899414], [4, 62.57616424560547, 521.0557861328125, 91.26404571533203, 557.5887451171875, 0.36065205931663513], [0, 360.3677978515625, 352.72833251953125, 375.595947265625, 372.16131591796875, 0.3230569362640381], [1, 326.48370361328125, 310.61517333984375, 338.38653564453125, 324.15887451171875, 0.3050450086593628], [4, 237.73228454589844, 316.7042541503906, 243.39854431152344, 327.0278015136719, 0.29901447892189026], [1, 360.44415283203125, 353.03985595703125, 375.58416748046875, 372.04547119140625, 0.2868052124977112], [4, 158.11495971679688, 386.56781005859375, 168.36141967773438, 404.51568603515625, 0.2683679461479187], [1, 53.18495178222656, 427.8487854003906, 102.94723510742188, 488.2273864746094, 0.2550848722457886], [4, 327.18768310546875, 345.38116455078125, 332.25103759765625, 357.90289306640625, 0.2536500096321106]]}