{"clean": [[0, 252.9598846435547, 2.431825637817383, 280.49249267578125, 61.630645751953125, 0.8007820844650269], [0, 299.35498046875, 606.5799560546875, 321.960693359375, 640.0, 0.7883683443069458], [3, 78.51155090332031, 0.0, 142.62124633789062, 82.01237487792969, 0.7659412622451782], [0, 227.76702880859375, 316.46044921875, 258.57354736328125, 382.1763916015625, 0.7586976289749146], [0, 367.44451904296875, 228.60137939453125, 384.89288330078125, 296.61273193359375, 0.7510504126548767], [0, 390.27166748046875, 365.128662109375, 416.66180419921875, 433.7379150390625, 0.7208269238471985], [0, 156.66622924804688, 444.57037353515625, 188.44613647460938, 515.1867065429688, 0.6877055764198303], [0, 97.665771484375, 586.672607421875, 130.7767333984375, 639.732666015625, 0.44030484557151794], [1, 367.41778564453125, 228.41162109375, 384.9830322265625, 296.49969482421875, 0.42902693152427673], [0, 39.388702392578125, 133.51638793945312, 72.88284301757812, 183.40093994140625, 0.3851684331893921], [4, 327.4715576171875, 401.5012512207031, 339.2156982421875, 431.4283142089844, 0.3744959831237793]], "patched": [[0, 299.61773681640625, 606.7325439453125, 321.73590087890625, 640.0, 0.7828860878944397], [0, 259.9827880859375, 27.332487106323242, 280.2188720703125, 60.55924987792969, 0.7624622583389282], [3, 78.71788024902344, 0.0, 142.31414794921875, 82.23147583007812, 0.7214863300323486], [0, 390.374755859375, 364.9454345703125, 416.0787353515625, 433.320556640625, 0.6674259901046753], [0, 368.4201965332031, 258.4231262207031, 384.2820739746094, 296.7309875488281, 0.6647047996520996], [0, 156.42422485351562, 448.6483154296875, 177.66635131835938, 487.1195068359375, 0.5999472141265869], [0, 367.5920715332031, 228.52999877929688, 384.1558532714844, 296.1313171386719, 0.5954868197441101], [0, 253.02024841308594, 2.3941993713378906, 272.823486328125, 37.424556732177734, 0.5577096343040466], [0, 156.54794311523438, 446.3494567871094, 186.01296997070312, 507.7957458496094, 0.46635276079177856], [0, 367.93035888671875, 228.49734497070312, 382.79180908203125, 267.29156494140625, 0.40809109807014465], [0, 227.96597290039062, 316.5142822265625, 258.20281982421875, 383.17205810546875, 0.3939990699291229], [0, 97.90914916992188, 587.3331298828125, 128.94515991210938, 639.5654296875, 0.28947269916534424], [3, 367.553955078125, 228.61050415039062, 384.842041015625, 296.2453918457031, 0.27688878774642944], [0, 157.83102416992188, 465.05999755859375, 187.50271606445312, 514.3867797851562, 0.2767079770565033], [4, 327.14892578125, 401.2921447753906, 339.36395263671875, 431.7807312011719, 0.26406294107437134]]}