{"clean": [[1, 0.09474372863769531, 520.3073120117188, 28.819812774658203, 549.1213989257812, 0.6246050596237183], [1, 213.63450622558594, 559.6905517578125, 252.96128845214844, 588.641845703125, 0.5078395009040833], [0, 321.3388977050781, 558.9335327148438, 355.8583068847656, 584.8545532226562, 0.30366837978363037], [1, 321.4539794921875, 558.8553466796875, 355.8541259765625, 584.7379150390625, 0.2585013508796692]], "patched": [[1, 0.10294723510742188, 520.243408203125, 28.7393798828125, 549.3212890625, 0.44166311621665955], [1, 213.53372192382812, 560.0347900390625, 253.04116821289062, 588.2069091796875, 0.3044723868370056], [0, 213.54244995117188, 560.1959228515625, 252.86929321289062, 588.31982421875, 0.2880667746067047]]}