{"clean": [[0, 482.6524658203125, 535.46533203125, 505.4453125, 581.532958984375, 0.8577726483345032], [0, 207.72891235351562, 240.77731323242188, 219.28958129882812, 267.7732238769531, 0.8423540592193604], [0, 226.3739776611328, 256.9278564453125, 240.05812072753906, 284.15863037109375, 0.8180073499679565], [0, 244.91574096679688, 228.89993286132812, 259.4178771972656, 254.81741333007812, 0.7885816097259521], [0, 213.60581970214844, 12.29222297668457, 223.2228546142578, 29.341947555541992, 0.7618611454963684], [0, 238.14315795898438, 250.59007263183594, 251.99557495117188, 277.673095703125, 0.7540135979652405], [0, 216.496826171875, 0.022367000579833984, 223.30587768554688, 4.679469108581543, 0.554163932800293], [0, 369.8668518066406, 74.76716613769531, 389.4194641113281, 86.08882141113281, 0.3547779321670532], [1, 155.56756591796875, 27.680843353271484, 165.57806396484375, 46.548885345458984, 0.3333069384098053], [0, 287.2970275878906, 396.56982421875, 304.2846984863281, 426.75537109375, 0.32255005836486816], [0, 155.55279541015625, 27.712474822998047, 165.5081787109375, 46.62208938598633, 0.2937718629837036]], "patched": [[0, 207.77243041992188, 240.7943115234375, 219.27923583984375, 267.7595520019531, 0.8287692070007324], [0, 226.52908325195312, 256.915771484375, 239.51785278320312, 284.0224609375, 0.7815138697624207], [0, 238.29122924804688, 250.7615966796875, 251.88766479492188, 277.7056884765625, 0.7807795405387878], [0, 245.0091552734375, 229.07345581054688, 258.7893981933594, 254.75314331054688, 0.7648028135299683], [0, 213.6392364501953, 12.301193237304688, 223.2161102294922, 29.360279083251953, 0.761868417263031], [0, 482.69036865234375, 535.6929931640625, 505.302490234375, 581.6622314453125, 0.6470059156417847], [0, 483.06298828125, 535.6897583007812, 499.8873291015625, 564.3573608398438, 0.5599849224090576], [0, 216.54385375976562, 0.020508289337158203, 223.27783203125, 4.68756103515625, 0.5421201586723328], [0, 369.9077453613281, 74.88794708251953, 389.3786926269531, 86.06737518310547, 0.3473260700702667], [1, 155.5863037109375, 27.697269439697266, 165.5631103515625, 46.557804107666016, 0.31185829639434814], [0, 155.57211303710938, 27.72488784790039, 165.49960327148438, 46.6264762878418, 0.2713264524936676]]}