{"clean": [[0, 76.42471313476562, 69.20454406738281, 116.07467651367188, 117.01785278320312, 0.911928653717041], [1, 0.06769943237304688, 30.206789016723633, 26.546844482421875, 86.39096069335938, 0.4333469867706299], [0, 338.00897216796875, 611.6633911132812, 365.29083251953125, 639.9109497070312, 0.3934226930141449], [0, 443.8345031738281, 417.77276611328125, 493.9422302246094, 449.50640869140625, 0.39245039224624634], [0, 341.0260009765625, 607.4971313476562, 408.78125, 640.0, 0.3169584274291992], [0, 0.0, 30.13838005065918, 26.200782775878906, 87.10530090332031, 0.250945508480072]], "patched": [[0, 76.63336181640625, 69.23616027832031, 116.13084411621094, 116.94380187988281, 0.9018415212631226], [1, 0.11585617065429688, 30.80040168762207, 26.361236572265625, 86.25753784179688, 0.4031006991863251], [0, 341.2795715332031, 610.5318603515625, 408.9224548339844, 639.9290771484375, 0.39065834879875183], [0, 443.8414306640625, 417.89202880859375, 493.9276123046875, 449.49365234375, 0.37638938426971436], [3, 0.019626617431640625, 28.26818084716797, 26.86742401123047, 86.02069091796875, 0.3436245322227478]]}