{"clean": [[3, 110.80987548828125, 106.01298522949219, 162.77294921875, 153.8683624267578, 0.876684844493866], [0, 392.0331726074219, 607.61669921875, 416.2834167480469, 639.967529296875, 0.8736518025398254], [0, 220.6183624267578, 106.95213317871094, 235.45216369628906, 134.91677856445312, 0.8128828406333923], [0, 219.28103637695312, 263.042236328125, 241.51202392578125, 309.68359375, 0.8108078241348267], [0, 215.50631713867188, 625.3214111328125, 233.19589233398438, 639.97119140625, 0.7974569797515869], [0, 288.578857421875, 207.34036254882812, 305.0806884765625, 234.81289672851562, 0.7428207397460938], [0, 65.13075256347656, 101.71672058105469, 82.90431213378906, 117.53184509277344, 0.7380083799362183], [0, 44.362525939941406, 114.439453125, 65.72838592529297, 131.79969787597656, 0.7368505597114563], [0, 219.71038818359375, 536.8592529296875, 238.32196044921875, 580.7901611328125, 0.7331182360649109], [0, 6.046026229858398, 72.60127258300781, 24.838415145874023, 90.62419128417969, 0.712249755859375], [0, 255.82962036132812, 111.68562316894531, 271.0522155761719, 143.40499877929688, 0.6967162489891052], [2, 401.6397705078125, 465.4114685058594, 439.662353515625, 571.4180908203125, 0.6724268794059753], [0, 21.939035415649414, 75.86001586914062, 45.748756408691406, 98.97171020507812, 0.6688198447227478], [0, 281.31671142578125, 240.15777587890625, 294.90472412109375, 269.622802734375, 0.5452282428741455], [0, 0.04735231399536133, 65.04316711425781, 7.680210113525391, 84.10462951660156, 0.4808166027069092], [3, 401.7432861328125, 465.28485107421875, 439.6904296875, 571.4739379882812, 0.3737185597419739], [1, 27.136672973632812, 256.372802734375, 70.58733367919922, 310.267822265625, 0.3403208553791046], [3, 0.0, 95.7874755859375, 35.10833740234375, 158.71780395507812, 0.306567907333374]], "patched": [[3, 110.82244873046875, 106.03663635253906, 162.71914672851562, 153.86463928222656, 0.8809270858764648], [0, 392.1539001464844, 607.574951171875, 416.1457214355469, 639.932373046875, 0.8534146547317505], [0, 220.71206665039062, 107.00474548339844, 235.39425659179688, 134.91229248046875, 0.8139657378196716], [0, 216.01199340820312, 625.3976440429688, 232.74911499023438, 639.9979858398438, 0.7918524742126465], [0, 289.4207763671875, 211.71560668945312, 304.53173828125, 234.59457397460938, 0.7590787410736084], [0, 219.60891723632812, 263.47869873046875, 240.8843994140625, 309.62115478515625, 0.7559070587158203], [0, 65.15447998046875, 101.7550048828125, 82.88204956054688, 117.52359008789062, 0.7400742173194885], [0, 44.382835388183594, 114.51948547363281, 65.71283721923828, 131.77101135253906, 0.7397778630256653], [0, 6.083110809326172, 72.62434387207031, 24.77707862854004, 90.61204528808594, 0.7130903005599976], [0, 281.19207763671875, 242.4897918701172, 294.634521484375, 269.52081298828125, 0.6969661712646484], [0, 255.9325714111328, 112.25149536132812, 270.81744384765625, 143.36001586914062, 0.6911060810089111], [0, 21.991924285888672, 75.90660095214844, 45.7486686706543, 98.97671508789062, 0.6630134582519531], [2, 401.7088623046875, 465.444580078125, 439.5340576171875, 571.3973388671875, 0.6614499688148499], [0, 220.80413818359375, 537.160400390625, 237.34918212890625, 580.707763671875, 0.5526413321495056], [0, 0.04716062545776367, 65.0991439819336, 7.664216041564941, 84.09798431396484, 0.4905525743961334], [0, 185.63723754882812, 584.5160522460938, 206.59719848632812, 624.8474731445312, 0.46479740738868713], [3, 401.83843994140625, 465.3143615722656, 439.53680419921875, 571.4471435546875, 0.4414108991622925], [0, 221.52609252929688, 537.3242797851562, 235.45474243164062, 558.1205444335938, 0.30276963114738464], [3, 0.0, 96.11314392089844, 35.05214309692383, 158.70712280273438, 0.28342804312705994], [1, 27.04468536376953, 256.50433349609375, 70.14401245117188, 308.01678466796875, 0.2833153307437897]]}