{"clean": [[0, 115.74851989746094, 255.80206298828125, 141.49107360839844, 277.669677734375, 0.7914600968360901], [0, 271.15167236328125, 336.15264892578125, 282.72296142578125, 371.74163818359375, 0.7616555690765381], [0, 290.7003173828125, 90.87037658691406, 301.425537109375, 127.79945373535156, 0.6988260746002197], [0, 254.864501953125, 259.364990234375, 266.97271728515625, 300.653076171875, 0.6875073313713074], [0, 268.877197265625, 479.8565673828125, 297.2421875, 532.7456665039062, 0.6866627931594849], [0, 286.65057373046875, 239.3547821044922, 298.3433837890625, 281.56341552734375, 0.6412784457206726], [0, 292.90179443359375, 0.0, 303.05072021484375, 16.641782760620117, 0.6176923513412476], [0, 177.7825927734375, 357.5611572265625, 208.02951049804688, 405.3814697265625, 0.6104136109352112], [0, 385.53558349609375, 250.24623107910156, 397.55657958984375, 293.3115234375, 0.6038506031036377], [0, 285.2790832519531, 396.7764892578125, 296.9145812988281, 447.927490234375, 0.5876267552375793], [0, 106.89834594726562, 0.0, 135.95193481445312, 7.172407627105713, 0.5730811953544617], [0, 200.93893432617188, 90.30044555664062, 221.9866943359375, 105.61331176757812, 0.5523931384086609], [0, 271.2679443359375, 152.0740966796875, 281.157470703125, 188.85711669921875, 0.5303138494491577], [0, 366.04913330078125, 247.47509765625, 378.50823974609375, 292.8741455078125, 0.47566455602645874], [1, 203.39324951171875, 69.66046142578125, 225.19369506835938, 87.00367736816406, 0.4473001956939697], [0, 209.35763549804688, 50.58710479736328, 226.84152221679688, 66.62037658691406, 0.38664841651916504], [0, 346.2208251953125, 19.920549392700195, 356.69091796875, 48.15631103515625, 0.37852582335472107], [0, 203.36553955078125, 69.41280364990234, 225.2388916015625, 86.81885528564453, 0.3626005947589874], [0, 345.9217834472656, 7.483955383300781, 356.8498840332031, 48.18898010253906, 0.3383879065513611]], "patched": [[0, 271.218017578125, 336.18359375, 282.65576171875, 371.7479248046875, 0.7690809369087219], [0, 285.88446044921875, 418.27203369140625, 296.33392333984375, 447.80999755859375, 0.7382974028587341], [0, 268.9167785644531, 479.9124755859375, 297.2294616699219, 533.2064819335938, 0.6789745092391968], [0, 290.9228515625, 90.96554565429688, 301.2442626953125, 127.78048706054688, 0.6746596693992615], [0, 366.9755554199219, 265.5108642578125, 377.9040222167969, 292.675048828125, 0.6670777797698975], [0, 255.2294921875, 259.4853515625, 266.77252197265625, 300.8883056640625, 0.6114687919616699], [0, 286.24969482421875, 396.7000732421875, 296.22247314453125, 416.8201904296875, 0.5997415781021118], [0, 177.8299102783203, 357.59765625, 207.99668884277344, 406.059326171875, 0.5878880023956299], [0, 107.10139465332031, 0.0, 135.97393798828125, 7.107671737670898, 0.565591037273407], [0, 286.90606689453125, 239.6675567626953, 297.90460205078125, 281.27349853515625, 0.5638357996940613], [0, 293.42181396484375, 0.0, 302.88201904296875, 16.508747100830078, 0.533740222454071], [0, 201.0271759033203, 90.21484375, 221.9927215576172, 105.58343505859375, 0.5258989334106445], [1, 203.43527221679688, 69.59911346435547, 225.19561767578125, 87.0149917602539, 0.472699910402298], [0, 271.3045654296875, 152.04132080078125, 281.0989990234375, 188.89743041992188, 0.46944761276245117], [0, 386.434814453125, 270.81268310546875, 396.4697265625, 294.12982177734375, 0.4399169683456421], [0, 255.33905029296875, 272.22833251953125, 266.5093994140625, 301.00653076171875, 0.42021408677101135], [0, 346.8677978515625, 25.979351043701172, 356.4144287109375, 48.0781364440918, 0.3666348159313202], [0, 84.48757934570312, 245.46066284179688, 92.91065979003906, 259.3007507324219, 0.3491029143333435], [0, 209.34197998046875, 50.717193603515625, 226.79464721679688, 66.71720886230469, 0.30716729164123535], [0, 386.244873046875, 256.1709289550781, 396.74102783203125, 294.1618957519531, 0.3046967089176178], [1, 103.00187683105469, 6.437965393066406, 129.3570098876953, 25.274686813354492, 0.30393433570861816], [0, 203.43972778320312, 69.31452941894531, 225.24172973632812, 86.82780456542969, 0.276778906583786], [0, 271.5231628417969, 168.1567840576172, 280.4764099121094, 189.0686798095703, 0.2633289396762848], [0, 115.95350646972656, 257.89056396484375, 141.5048370361328, 271.98321533203125, 0.25657495856285095]]}