{"clean": [[3, 373.2363586425781, 74.77793884277344, 437.6020812988281, 132.04312133789062, 0.8471235632896423], [0, 453.8924865722656, 238.71826171875, 481.7978820800781, 261.24420166015625, 0.7157174348831177], [1, 101.91937255859375, 386.11669921875, 131.17054748535156, 413.786376953125, 0.6781436204910278], [0, 154.23239135742188, 192.92062377929688, 182.34426879882812, 216.06466674804688, 0.6684356927871704], [0, 299.8083190917969, 302.2958068847656, 326.6708068847656, 329.3700256347656, 0.6458699703216553], [0, 171.52386474609375, 327.61480712890625, 200.55230712890625, 353.52850341796875, 0.5832664966583252], [3, 593.0905151367188, 54.03585433959961, 640.0, 113.38571166992188, 0.5754624605178833], [0, 123.93170166015625, 415.82684326171875, 153.5272216796875, 441.24261474609375, 0.5342304706573486], [4, 586.2198486328125, 284.64434814453125, 595.627685546875, 298.03912353515625, 0.4680746793746948]], "patched": [[3, 373.2508544921875, 74.7991943359375, 437.59075927734375, 131.61328125, 0.8330483436584473], [1, 101.90058898925781, 386.0855712890625, 131.1732635498047, 413.7401123046875, 0.7112855911254883], [0, 453.901123046875, 238.6080322265625, 481.767578125, 261.2021484375, 0.6524434089660645], [3, 593.07666015625, 54.558204650878906, 639.953857421875, 113.5492935180664, 0.5714352130889893], [0, 299.88519287109375, 302.24493408203125, 326.53521728515625, 329.2802734375, 0.5656778216362], [0, 123.8158187866211, 416.2554016113281, 153.38748168945312, 441.0782165527344, 0.5303800702095032], [0, 154.44149780273438, 193.06558227539062, 182.42617797851562, 215.96725463867188, 0.4405778646469116], [4, 586.2171630859375, 284.758544921875, 595.5518798828125, 297.9583740234375, 0.35068029165267944]]}