{"clean": [[0, 175.6934814453125, 433.13592529296875, 195.050048828125, 476.12408447265625, 0.8356243968009949], [0, 396.733642578125, 253.6871337890625, 410.86724853515625, 274.13287353515625, 0.8234779834747314], [3, 262.7958068847656, 232.25314331054688, 318.0691223144531, 303.6524353027344, 0.8208050727844238], [1, 449.7736511230469, 47.024330139160156, 464.3005065917969, 62.505836486816406, 0.7916601896286011], [0, 12.587111473083496, 150.19699096679688, 24.220596313476562, 167.35348510742188, 0.7829753756523132], [0, 484.6221618652344, 89.677734375, 498.0748596191406, 105.72921752929688, 0.774489164352417], [0, 45.166603088378906, 74.18941497802734, 58.332725524902344, 89.4051284790039, 0.7339072823524475], [1, 563.736328125, 406.9796142578125, 579.444580078125, 455.1160888671875, 0.7251026630401611], [1, 11.160646438598633, 104.47483825683594, 22.919137954711914, 123.45835876464844, 0.7190805077552795], [0, 321.72479248046875, 367.5435791015625, 342.26141357421875, 398.0465087890625, 0.6762621402740479], [1, 0.0, 409.59991455078125, 18.726694107055664, 455.76031494140625, 0.6382061243057251], [1, 197.46221923828125, 508.88214111328125, 228.527587890625, 559.2831420898438, 0.6271625757217407], [1, 550.000244140625, 266.283935546875, 563.240234375, 297.5352783203125, 0.5957905054092407], [1, 420.99176025390625, 35.524085998535156, 436.2880859375, 48.57611846923828, 0.5939536094665527], [0, 90.40751647949219, 275.02001953125, 106.84353637695312, 297.8126220703125, 0.5626068115234375], [2, 559.6821899414062, 278.763671875, 578.2429809570312, 333.275634765625, 0.5348142385482788], [0, 0.0060272216796875, 543.3267822265625, 5.680337905883789, 573.1229248046875, 0.33294594287872314], [3, 559.5531005859375, 278.89031982421875, 578.3433837890625, 333.53839111328125, 0.3316352963447571], [1, 267.7904052734375, 458.51165771484375, 293.6644287109375, 494.01373291015625, 0.27035877108573914]], "patched": [[3, 262.808349609375, 232.25657653808594, 318.050048828125, 303.6641845703125, 0.8243283629417419], [0, 396.7509765625, 253.7193145751953, 410.8511962890625, 274.10968017578125, 0.8242140412330627], [1, 449.78289794921875, 47.048988342285156, 464.29217529296875, 62.495933532714844, 0.7960208654403687], [0, 12.598441123962402, 150.20668029785156, 24.20428466796875, 167.3486785888672, 0.7832514643669128], [0, 484.63446044921875, 89.70075988769531, 498.05718994140625, 105.72053527832031, 0.7748140692710876], [0, 175.58877563476562, 433.149169921875, 195.00302124023438, 476.120361328125, 0.7451766133308411], [0, 45.181175231933594, 74.19766235351562, 58.32776641845703, 89.401123046875, 0.7345277667045593], [1, 563.7453002929688, 406.99212646484375, 579.4221801757812, 455.11627197265625, 0.7288148403167725], [1, 11.17326545715332, 104.48432922363281, 22.908979415893555, 123.45210266113281, 0.7123774290084839], [1, 0.2180633544921875, 409.9976806640625, 18.831911087036133, 455.83343505859375, 0.6534598469734192], [1, 550.014892578125, 266.30975341796875, 563.138671875, 297.53363037109375, 0.6083229780197144], [1, 420.9962463378906, 35.52740478515625, 436.2770690917969, 48.561370849609375, 0.6011326909065247], [1, 197.55194091796875, 508.9723815917969, 228.33773803710938, 559.718017578125, 0.5926375389099121], [0, 321.8035583496094, 367.53448486328125, 342.2816467285156, 397.93548583984375, 0.540612518787384], [2, 559.6992797851562, 278.7690734863281, 578.2263793945312, 333.2793884277344, 0.5402547717094421], [1, 321.7840270996094, 367.30035400390625, 342.2578430175781, 397.94171142578125, 0.5029247403144836], [0, 197.54547119140625, 508.8721923828125, 228.08966064453125, 559.3665771484375, 0.4341970980167389], [3, 559.5670166015625, 278.88861083984375, 578.323974609375, 333.537841796875, 0.3497425615787506], [2, 90.30401611328125, 274.78369140625, 106.68106079101562, 297.7327880859375, 0.33637362718582153], [0, 0.006412029266357422, 543.379150390625, 5.6582136154174805, 573.1463623046875, 0.3167558014392853], [1, 267.8063049316406, 458.57098388671875, 293.5412902832031, 493.94097900390625, 0.28516942262649536], [0, 267.78448486328125, 458.66558837890625, 293.93646240234375, 493.95989990234375, 0.25239115953445435]]}