{"clean": [[0, 307.9389953613281, 55.06561279296875, 320.4599304199219, 81.58049011230469, 0.8402825593948364], [3, 100.66956329345703, 501.25970458984375, 184.69537353515625, 639.4661254882812, 0.817877471446991], [0, 297.0101623535156, 607.89794921875, 312.9421081542969, 639.9744873046875, 0.8163641095161438], [0, 288.22003173828125, 162.19268798828125, 300.52667236328125, 191.07159423828125, 0.8119140863418579], [0, 248.29202270507812, 451.6546630859375, 266.0467224121094, 498.1990966796875, 0.8053994178771973], [0, 266.3641357421875, 293.04669189453125, 281.48681640625, 331.43548583984375, 0.7896150946617126], [0, 353.86358642578125, 0.0, 363.74481201171875, 18.252132415771484, 0.7756131291389465], [0, 265.9789733886719, 127.23924255371094, 279.3171081542969, 154.8987579345703, 0.744464635848999], [0, 311.3985595703125, 0.0, 323.20062255859375, 9.850934982299805, 0.7170913815498352], [4, 337.7890625, 402.7033996582031, 345.67138671875, 416.2416076660156, 0.6228693723678589], [0, 566.9945068359375, 312.2077331542969, 599.301025390625, 345.6775817871094, 0.5415651202201843], [0, 632.509765625, 357.3039245605469, 640.0, 389.4732971191406, 0.44923439621925354], [4, 246.7186279296875, 220.77780151367188, 253.815673828125, 239.1295166015625, 0.27794280648231506]], "patched": [[0, 307.94171142578125, 55.069828033447266, 320.45989990234375, 81.58377075195312, 0.8397548794746399], [0, 297.0256042480469, 608.015625, 312.7974548339844, 639.935302734375, 0.8247337937355042], [0, 288.2399597167969, 162.61727905273438, 300.3705749511719, 191.03964233398438, 0.8112183213233948], [3, 100.61551666259766, 501.2681579589844, 184.74649047851562, 639.4639892578125, 0.8011360168457031], [0, 248.67398071289062, 451.69488525390625, 265.6737365722656, 498.19085693359375, 0.7993504405021667], [0, 353.8787841796875, 0.0, 363.713623046875, 18.2528076171875, 0.7783944010734558], [0, 266.53326416015625, 292.6827392578125, 281.42913818359375, 331.05706787109375, 0.7649932503700256], [0, 266.039306640625, 127.42913055419922, 279.12158203125, 155.0303955078125, 0.7495425939559937], [0, 311.40753173828125, 0.0, 323.18157958984375, 9.849058151245117, 0.7191042304039001], [0, 566.4678955078125, 311.1156005859375, 599.1707763671875, 345.771484375, 0.6612685322761536], [4, 337.77423095703125, 402.71856689453125, 345.66973876953125, 416.19122314453125, 0.6258299350738525], [0, 632.5438232421875, 357.5710144042969, 640.0, 388.3377380371094, 0.37738433480262756], [4, 246.69540405273438, 221.05184936523438, 253.74978637695312, 239.15023803710938, 0.25305816531181335]]}