{"clean": [[0, 282.51690673828125, 223.08139038085938, 302.4881591796875, 279.6753234863281, 0.8123125433921814], [0, 263.4701843261719, 4.127326965332031, 278.9009704589844, 33.04179382324219, 0.8102543354034424], [0, 240.92013549804688, 123.91450500488281, 261.3411865234375, 161.6851043701172, 0.8051891326904297], [0, 193.61190795898438, 390.8511962890625, 224.56753540039062, 471.5023193359375, 0.7588121891021729]], "patched": [[0, 241.76870727539062, 124.44436645507812, 260.3008728027344, 162.22247314453125, 0.8239195346832275], [0, 263.9302978515625, 5.117392539978027, 278.5682373046875, 32.86970520019531, 0.7989273071289062], [0, 193.63882446289062, 390.8809509277344, 224.52804565429688, 471.5359802246094, 0.7186442613601685], [0, 282.6409606933594, 223.10125732421875, 302.1178283691406, 279.4334716796875, 0.6711241006851196]]}