{"clean": [[0, 234.3182373046875, 582.7578125, 260.537353515625, 636.86376953125, 0.8275616765022278], [0, 23.73858070373535, 245.06497192382812, 49.48906707763672, 259.8113098144531, 0.808660089969635], [0, 329.2882080078125, 295.285400390625, 339.3079833984375, 311.7432861328125, 0.7883219718933105], [3, 200.68115234375, 289.2684020996094, 226.8126220703125, 327.1325378417969, 0.7882710695266724], [0, 310.6328125, 282.8489990234375, 319.5989990234375, 294.984619140625, 0.7672580480575562], [0, 290.3785400390625, 378.3692932128906, 303.7918701171875, 402.1756286621094, 0.7244375348091125], [0, 343.5407409667969, 245.25003051757812, 352.4593200683594, 259.4161071777344, 0.7162893414497375], [0, 51.029632568359375, 316.6776428222656, 76.85197448730469, 336.8293151855469, 0.5572118163108826], [0, 253.39425659179688, 252.63229370117188, 263.0294494628906, 264.6133117675781, 0.46460527181625366], [0, 266.1118469238281, 207.91610717773438, 274.9919738769531, 217.20477294921875, 0.4111059308052063], [0, 318.07733154296875, 222.75692749023438, 326.59588623046875, 232.67379760742188, 0.31352218985557556], [0, 330.5753173828125, 499.71923828125, 347.8153076171875, 520.4784545898438, 0.300500750541687]], "patched": [[0, 23.74420738220215, 245.08120727539062, 49.490760803222656, 259.8116455078125, 0.8085681200027466], [0, 329.29962158203125, 295.2785339355469, 339.3013916015625, 311.7290954589844, 0.7895618677139282], [3, 200.51817321777344, 288.78662109375, 226.57557678222656, 327.2266845703125, 0.7885106801986694], [0, 310.66864013671875, 282.8508605957031, 319.59881591796875, 294.9780578613281, 0.7682108879089355], [0, 343.549072265625, 245.23098754882812, 352.4444580078125, 259.4067077636719, 0.7178391218185425], [0, 290.411865234375, 378.360595703125, 303.744384765625, 401.93536376953125, 0.7062988877296448], [0, 239.23153686523438, 584.2799682617188, 257.7350158691406, 613.6056518554688, 0.6324927806854248], [0, 234.33047485351562, 587.5501708984375, 257.4595031738281, 638.4713134765625, 0.5912938714027405], [0, 235.31240844726562, 583.7203369140625, 258.8487548828125, 628.0150146484375, 0.5815313458442688], [0, 50.93168640136719, 316.9479064941406, 76.67475891113281, 336.4048767089844, 0.5724483132362366], [0, 253.39642333984375, 252.62525939941406, 263.03167724609375, 264.6082763671875, 0.46590763330459595], [0, 234.27914428710938, 607.3768310546875, 254.98098754882812, 638.043212890625, 0.45662471652030945], [0, 330.847412109375, 499.21392822265625, 347.45526123046875, 520.2693481445312, 0.44850942492485046], [0, 266.11285400390625, 207.876953125, 275.00042724609375, 217.207275390625, 0.4051813781261444], [0, 318.08447265625, 222.72378540039062, 326.60546875, 232.67239379882812, 0.3063472807407379]]}