{"clean": [[0, 216.232666015625, 270.510009765625, 227.61529541015625, 302.64862060546875, 0.8505046367645264], [0, 240.3029327392578, 5.657683372497559, 250.4220428466797, 26.867721557617188, 0.818040668964386], [0, 265.3990173339844, 488.46722412109375, 281.3613586425781, 533.7132568359375, 0.8152915239334106], [3, 238.08663940429688, 279.47369384765625, 261.6985778808594, 373.93719482421875, 0.7985643148422241], [0, 203.19830322265625, 126.18445587158203, 213.38262939453125, 150.1683349609375, 0.7296298146247864], [0, 246.02883911132812, 546.8165893554688, 261.0745849609375, 593.1611938476562, 0.6767719984054565], [0, 224.584228515625, 351.20379638671875, 234.8533935546875, 380.35247802734375, 0.6311870217323303], [0, 268.66290283203125, 217.77951049804688, 279.899169921875, 239.25650024414062, 0.6223174929618835], [0, 247.21377563476562, 559.6113891601562, 260.8624572753906, 593.1847534179688, 0.5270955562591553], [0, 231.10191345214844, 444.27386474609375, 245.7967987060547, 487.87493896484375, 0.48634493350982666], [0, 197.49771118164062, 216.4173583984375, 208.8524169921875, 245.29803466796875, 0.4310288727283478], [0, 545.8814697265625, 280.21002197265625, 568.7337646484375, 306.16156005859375, 0.2890247106552124]], "patched": [[0, 216.2823486328125, 270.52484130859375, 227.590576171875, 302.64202880859375, 0.8495941758155823], [0, 240.31967163085938, 5.669158935546875, 250.39462280273438, 26.86377716064453, 0.8181713819503784], [0, 265.5340576171875, 488.50390625, 281.224365234375, 533.6528930664062, 0.8114657402038574], [3, 238.20748901367188, 279.49267578125, 261.6570739746094, 373.882568359375, 0.7989336252212524], [0, 246.91168212890625, 559.835693359375, 260.53936767578125, 592.823486328125, 0.7460300326347351], [0, 306.2472229003906, 472.7965393066406, 319.9246520996094, 499.2312316894531, 0.7399494051933289], [0, 203.23370361328125, 126.23059844970703, 213.3450927734375, 150.137451171875, 0.7279142737388611], [0, 224.68194580078125, 351.9078369140625, 234.81033325195312, 380.32305908203125, 0.6335750222206116], [0, 268.76849365234375, 217.94610595703125, 279.84796142578125, 239.2080078125, 0.624893069267273], [0, 246.754638671875, 546.5609130859375, 260.42132568359375, 592.8990478515625, 0.5973706245422363], [0, 231.51602172851562, 444.3376159667969, 245.88534545898438, 488.0807189941406, 0.47298794984817505], [0, 197.5472412109375, 216.43191528320312, 208.81915283203125, 245.28268432617188, 0.447915643453598], [0, 546.058837890625, 280.2481689453125, 568.6536865234375, 306.1768798828125, 0.29682761430740356]]}