{"clean": [[0, 304.9812927246094, 482.39556884765625, 328.8993225097656, 536.9702758789062, 0.8180564641952515], [0, 272.39892578125, 373.8357849121094, 291.64404296875, 415.8017883300781, 0.8175723552703857], [0, 267.6540832519531, 276.8428955078125, 280.8778991699219, 294.239013671875, 0.8171551823616028], [0, 326.9033508300781, 244.49560546875, 341.3550109863281, 263.8173828125, 0.8121795058250427], [0, 281.6588439941406, 216.69522094726562, 292.9938659667969, 230.25869750976562, 0.8097537159919739], [3, 289.5247497558594, 278.7106628417969, 307.5047302246094, 322.1224060058594, 0.785008430480957], [0, 227.56597900390625, 168.00552368164062, 237.53179931640625, 178.29263305664062, 0.7626211047172546], [0, 240.2046356201172, 138.05722045898438, 250.4849395751953, 147.23806762695312, 0.7580692768096924], [0, 153.25469970703125, 236.19480895996094, 164.04913330078125, 248.70399475097656, 0.7363478541374207], [0, 206.54971313476562, 153.96685791015625, 216.12997436523438, 163.29058837890625, 0.7222434282302856], [0, 187.43992614746094, 126.67589569091797, 196.49986267089844, 135.13958740234375, 0.7123351693153381], [0, 148.96206665039062, 113.72887420654297, 155.98617553710938, 121.1427993774414, 0.6808622479438782], [0, 299.15484619140625, 181.60903930664062, 311.78326416015625, 195.73629760742188, 0.6103389263153076], [0, 208.44277954101562, 127.55030822753906, 218.03134155273438, 136.30039978027344, 0.6099555492401123], [2, 412.7867431640625, 371.2725830078125, 441.75714111328125, 436.17340087890625, 0.6028434634208679], [3, 412.8968505859375, 371.06048583984375, 441.4912109375, 436.36328125, 0.31199851632118225]], "patched": [[0, 267.6615905761719, 276.8492431640625, 280.8731994628906, 294.2391357421875, 0.8180199265480042], [0, 272.4202880859375, 373.8328857421875, 291.635498046875, 415.7928466796875, 0.8177982568740845], [0, 304.903564453125, 482.38848876953125, 328.5472412109375, 536.7633666992188, 0.8166269659996033], [0, 326.908935546875, 244.49884033203125, 341.347412109375, 263.8040771484375, 0.8126609325408936], [0, 281.6606750488281, 216.6949462890625, 292.9918518066406, 230.251220703125, 0.8100516200065613], [3, 289.5341796875, 278.69091796875, 307.4990234375, 322.1170654296875, 0.7873771786689758], [0, 227.5645751953125, 168.00167846679688, 237.5330810546875, 178.29342651367188, 0.7625394463539124], [0, 240.19952392578125, 138.04994201660156, 250.486328125, 147.24058532714844, 0.7578998804092407], [0, 153.252685546875, 236.19984436035156, 164.0517578125, 248.6990203857422, 0.7371686697006226], [0, 206.54537963867188, 153.96307373046875, 216.13165283203125, 163.29266357421875, 0.7220292687416077], [0, 187.43585205078125, 126.67103576660156, 196.50445556640625, 135.1436309814453, 0.7121737599372864], [0, 148.95913696289062, 113.72488403320312, 155.98916625976562, 121.1458740234375, 0.681256890296936], [2, 412.8095703125, 371.27227783203125, 441.75750732421875, 436.1641845703125, 0.6109185218811035], [0, 299.1430358886719, 181.59469604492188, 311.7879333496094, 195.73959350585938, 0.6104894876480103], [0, 208.43841552734375, 127.54622650146484, 218.03436279296875, 136.30221557617188, 0.6101136803627014], [3, 412.92138671875, 371.0478515625, 441.4892578125, 436.361083984375, 0.3083946406841278]]}