{"clean": [[0, 186.49325561523438, 89.15838623046875, 210.27896118164062, 136.8467559814453, 0.8550988435745239], [0, 416.263671875, 232.73223876953125, 446.2939453125, 257.99688720703125, 0.8204291462898254], [0, 462.11724853515625, 298.784912109375, 494.77630615234375, 335.4754638671875, 0.724090039730072], [0, 592.5816650390625, 215.61570739746094, 623.8028564453125, 249.5741729736328, 0.6959262490272522], [0, 325.6380615234375, 540.6201782226562, 345.166015625, 581.5510864257812, 0.6603118777275085], [1, 577.9298095703125, 309.4266357421875, 609.3819580078125, 343.70654296875, 0.5510540008544922], [0, 344.79736328125, 414.3450927734375, 377.142333984375, 447.9354248046875, 0.5353612899780273], [0, 577.941162109375, 309.67523193359375, 609.380126953125, 343.595947265625, 0.5180642008781433], [1, 563.0919189453125, 141.4878692626953, 594.4090576171875, 170.5430145263672, 0.3934537172317505]], "patched": [[0, 186.64031982421875, 89.25071716308594, 210.06256103515625, 137.07627868652344, 0.8574404120445251], [0, 416.5493469238281, 233.1676025390625, 446.2642517089844, 258.04150390625, 0.7927044034004211], [1, 344.7757568359375, 414.35076904296875, 377.201416015625, 448.07177734375, 0.6196364760398865], [1, 577.94970703125, 309.4302978515625, 609.1077880859375, 343.62579345703125, 0.5517756342887878], [0, 592.92578125, 215.62576293945312, 623.615478515625, 249.50503540039062, 0.536612331867218], [0, 462.2358093261719, 299.21685791015625, 494.8558044433594, 335.25213623046875, 0.49918606877326965], [0, 327.333251953125, 541.2874755859375, 345.1015625, 581.5648193359375, 0.47090068459510803], [1, 462.2000732421875, 298.68023681640625, 494.599609375, 335.33209228515625, 0.4499483108520508], [1, 592.64892578125, 215.63400268554688, 623.6337890625, 249.64254760742188, 0.4410550594329834], [0, 577.966552734375, 309.7278137207031, 609.307373046875, 343.5864562988281, 0.4397030770778656]]}