{"clean": [[0, 31.9896240234375, 443.3349609375, 106.50119018554688, 520.4246826171875, 0.930595338344574], [0, 350.72137451171875, 385.4530334472656, 421.51007080078125, 437.1770324707031, 0.9278630018234253], [0, 265.45904541015625, 362.45068359375, 333.34234619140625, 407.325439453125, 0.9192019701004028], [0, 536.4661865234375, 415.147705078125, 610.3839111328125, 460.3634033203125, 0.9177558422088623], [0, 39.64306640625, 278.4625244140625, 83.46058654785156, 347.29107666015625, 0.9124170541763306], [0, 0.0, 422.86004638671875, 66.18124389648438, 509.31317138671875, 0.7839739322662354], [1, 514.0010375976562, 138.29257202148438, 563.5232543945312, 175.19448852539062, 0.7223873734474182], [0, 509.4168395996094, 172.60983276367188, 572.7218017578125, 204.61666870117188, 0.7042941451072693], [4, 499.00067138671875, 232.0484619140625, 509.8033447265625, 258.35614013671875, 0.6170757412910461], [4, 433.5696105957031, 487.31427001953125, 457.2672424316406, 501.22454833984375, 0.5647934079170227], [4, 436.87042236328125, 538.2744140625, 450.00274658203125, 572.52197265625, 0.41211947798728943], [4, 550.2052001953125, 246.24722290039062, 566.427001953125, 271.3469543457031, 0.334410160779953], [0, 623.04931640625, 0.0, 640.0, 9.583600997924805, 0.284186989068985]], "patched": [[0, 350.70452880859375, 385.3578796386719, 421.53924560546875, 437.1721496582031, 0.925905168056488], [0, 32.033172607421875, 443.32080078125, 106.49673461914062, 520.2247314453125, 0.9205650687217712], [0, 265.4814453125, 362.5760498046875, 333.287841796875, 407.2252197265625, 0.9179614186286926], [0, 536.4073486328125, 415.228515625, 609.9849853515625, 460.2493896484375, 0.9087742567062378], [0, 39.60857391357422, 278.4202880859375, 83.45377349853516, 347.23443603515625, 0.9017567038536072], [1, 514.005126953125, 138.31512451171875, 563.453857421875, 175.177978515625, 0.7304759621620178], [0, 0.0, 422.81805419921875, 65.63919067382812, 508.16693115234375, 0.7279239892959595], [0, 509.4246826171875, 172.00009155273438, 572.1483154296875, 204.24362182617188, 0.6318132877349854], [4, 498.947998046875, 232.08636474609375, 509.7803955078125, 258.3221435546875, 0.6118083000183105], [4, 433.58795166015625, 487.2344055175781, 457.25567626953125, 501.3756408691406, 0.5452431440353394], [1, 0.006805419921875, 422.794677734375, 66.01419067382812, 509.5623779296875, 0.4642321467399597], [4, 436.893310546875, 538.2591552734375, 449.95947265625, 572.4990234375, 0.36376672983169556], [4, 550.364990234375, 246.7900390625, 566.164306640625, 271.00506591796875, 0.3061811029911041], [0, 623.0598754882812, 0.0, 640.0, 9.582507133483887, 0.297601580619812]]}