{"clean": [[3, 392.22930908203125, 370.2356262207031, 434.94903564453125, 416.2336730957031, 0.8381058573722839], [0, 208.25799560546875, 127.03286743164062, 227.99383544921875, 174.20242309570312, 0.8119762539863586], [0, 182.4493408203125, 22.73155975341797, 199.51910400390625, 63.80773162841797, 0.7247763276100159], [2, 103.3123550415039, 589.9918212890625, 154.42837524414062, 639.8345947265625, 0.6162751317024231], [4, 35.52635192871094, 334.8365783691406, 42.381805419921875, 347.8186340332031, 0.4766291379928589], [4, 142.18923950195312, 554.6602783203125, 149.31948852539062, 567.5423583984375, 0.30201199650764465]], "patched": [[3, 392.2494201660156, 370.2547607421875, 434.9172668457031, 416.2166748046875, 0.8275657892227173], [0, 208.35195922851562, 127.0426254272461, 227.86148071289062, 174.22256469726562, 0.7155019640922546], [2, 103.28852081298828, 590.0108032226562, 154.4151611328125, 639.8196411132812, 0.6351291537284851], [4, 35.53102111816406, 334.9189453125, 42.349822998046875, 347.794921875, 0.5285411477088928], [1, 182.46405029296875, 22.322776794433594, 199.21304321289062, 63.478057861328125, 0.40062835812568665], [4, 142.21044921875, 554.699951171875, 149.28939819335938, 567.5205078125, 0.3183925449848175]]}