{"clean": [[0, 205.42083740234375, 477.64666748046875, 302.20623779296875, 555.6181030273438, 0.9245851039886475], [0, 208.72323608398438, 298.63775634765625, 299.48931884765625, 372.26898193359375, 0.9204723834991455], [0, 208.40713500976562, 377.0164794921875, 303.55975341796875, 455.2979736328125, 0.9155028462409973], [0, 391.89312744140625, 169.13876342773438, 436.01202392578125, 290.658935546875, 0.899524450302124], [0, 209.13702392578125, 169.20565795898438, 289.20306396484375, 232.61691284179688, 0.8806819319725037], [0, 432.4913330078125, 169.8045654296875, 475.1798095703125, 288.82159423828125, 0.8660978674888611], [0, 521.7218627929688, 117.20206451416016, 598.4279174804688, 176.78781127929688, 0.8611880540847778], [1, 178.86422729492188, 599.423095703125, 287.54644775390625, 640.0, 0.8530311584472656], [0, 403.329833984375, 343.51202392578125, 451.3583984375, 477.55010986328125, 0.8460624814033508], [0, 575.3905029296875, 472.77752685546875, 639.8411865234375, 556.2285766601562, 0.8413508534431458], [0, 208.4140625, 229.913818359375, 293.86590576171875, 299.1295166015625, 0.8315206170082092], [0, 593.382080078125, 558.9801025390625, 639.912109375, 639.5618896484375, 0.8184490203857422], [1, 536.5618896484375, 254.04736328125, 637.8577880859375, 328.6639404296875, 0.7873008847236633], [1, 239.0189208984375, 0.0, 297.5101318359375, 28.989561080932617, 0.7427905201911926], [0, 536.2258911132812, 253.33912658691406, 637.8925170898438, 328.414306640625, 0.7256906032562256], [0, 378.3949890136719, 59.15760803222656, 414.5600280761719, 161.3822021484375, 0.7151972651481628], [0, 223.00186157226562, 114.616455078125, 286.400634765625, 172.67559814453125, 0.6629215478897095], [1, 372.1098937988281, 0.0, 437.9836730957031, 34.329872131347656, 0.6153095364570618], [0, 576.6077270507812, 353.6668701171875, 639.8180541992188, 431.5621337890625, 0.5824674367904663], [4, 542.4775390625, 33.18909454345703, 568.98388671875, 69.65496063232422, 0.3387613594532013], [1, 576.7001953125, 354.1041259765625, 639.15234375, 431.598876953125, 0.259249746799469]], "patched": [[0, 205.3341064453125, 481.7579040527344, 302.40106201171875, 556.0772705078125, 0.9235830903053284], [0, 208.46478271484375, 298.00848388671875, 299.7940673828125, 372.3524169921875, 0.90590900182724], [0, 391.7315979003906, 169.05859375, 436.2040100097656, 290.70098876953125, 0.9025879502296448], [0, 208.53216552734375, 378.78631591796875, 303.81085205078125, 454.84429931640625, 0.8779346942901611], [0, 209.2408447265625, 173.2359619140625, 289.21588134765625, 231.80224609375, 0.8725034594535828], [1, 178.85101318359375, 599.283203125, 287.67315673828125, 640.0, 0.8715469241142273], [0, 521.981201171875, 117.54446411132812, 597.4842529296875, 175.29437255859375, 0.8550584316253662], [1, 536.4745483398438, 253.7754669189453, 637.9137573242188, 328.78155517578125, 0.8238006234169006], [1, 403.27911376953125, 339.82843017578125, 451.86920166015625, 477.25775146484375, 0.8042950630187988], [0, 593.3344116210938, 556.092529296875, 639.9329223632812, 639.4322509765625, 0.6870941519737244], [1, 239.06405639648438, 0.0, 297.7408142089844, 28.540910720825195, 0.6598777770996094], [1, 206.49655151367188, 229.69390869140625, 294.15264892578125, 298.0218505859375, 0.6404412984848022], [0, 536.1107177734375, 253.1002197265625, 637.9757080078125, 328.5994873046875, 0.605455756187439], [2, 378.7037658691406, 58.29999923706055, 418.7823181152344, 161.3726043701172, 0.5166261196136475], [1, 575.4116821289062, 474.7437744140625, 639.8615112304688, 556.7149658203125, 0.4887881577014923], [1, 576.8383178710938, 353.64898681640625, 639.6410522460938, 431.39935302734375, 0.44375163316726685], [0, 206.39825439453125, 229.51470947265625, 293.94415283203125, 297.125732421875, 0.44332650303840637], [1, 378.644287109375, 58.47291946411133, 418.22515869140625, 161.40931701660156, 0.4262131154537201], [0, 403.6950378417969, 339.87152099609375, 451.8379211425781, 477.95660400390625, 0.4207347631454468], [2, 575.34619140625, 473.94757080078125, 639.828857421875, 556.6471557617188, 0.35516059398651123]]}