{"clean": [[0, 257.39599609375, 461.37664794921875, 292.14483642578125, 549.146484375, 0.8685929179191589], [0, 252.04835510253906, 360.6274108886719, 278.174072265625, 416.8514709472656, 0.8490620851516724], [4, 518.3832397460938, 545.6549072265625, 556.2122192382812, 577.6077880859375, 0.7927581071853638], [4, 590.4662475585938, 506.4994812011719, 617.7348022460938, 531.5380859375, 0.7645117044448853], [4, 450.38348388671875, 594.3436279296875, 475.63494873046875, 640.0, 0.7578696012496948], [0, 250.23739624023438, 266.3910217285156, 268.6808776855469, 301.6142272949219, 0.7066278457641602], [4, 14.645139694213867, 369.54364013671875, 27.604589462280273, 400.6297607421875, 0.6674808263778687], [4, 377.1019287109375, 372.583740234375, 390.5244140625, 395.30010986328125, 0.5894232392311096], [4, 235.26797485351562, 260.50787353515625, 243.61636352539062, 279.7890625, 0.5675322413444519], [4, 326.67388916015625, 355.438720703125, 336.1746826171875, 374.07061767578125, 0.5346225500106812], [4, 190.02719116210938, 332.79205322265625, 199.07089233398438, 357.81695556640625, 0.45109811425209045], [4, 506.3155822753906, 516.5491943359375, 535.7357177734375, 548.3641357421875, 0.4399254322052002], [4, 355.94854736328125, 407.9783935546875, 367.47064208984375, 436.3450927734375, 0.4357151687145233], [4, 38.10243225097656, 373.7208251953125, 56.72174072265625, 399.2305908203125, 0.40938472747802734], [4, 309.91302490234375, 313.49456787109375, 319.15264892578125, 334.33868408203125, 0.4053827226161957], [4, 345.5719299316406, 422.20098876953125, 359.3155822753906, 451.02166748046875, 0.3986937701702118], [4, 301.3607177734375, 271.65325927734375, 309.5831298828125, 285.81475830078125, 0.37176114320755005], [4, 55.9892463684082, 429.06756591796875, 72.88188171386719, 456.2864990234375, 0.35370585322380066], [4, 55.420387268066406, 412.60595703125, 74.23282623291016, 434.5150146484375, 0.34971559047698975], [4, 306.2255859375, 335.00238037109375, 315.1363525390625, 359.39739990234375, 0.3427048921585083], [4, 237.432861328125, 310.614013671875, 246.59808349609375, 336.593505859375, 0.3381393253803253], [4, 55.194419860839844, 337.4803161621094, 69.95201873779297, 364.8725891113281, 0.3379420340061188], [4, 375.5439453125, 265.1128234863281, 386.95123291015625, 291.4824523925781, 0.30718469619750977], [4, 213.70223999023438, 284.09625244140625, 222.81448364257812, 302.00616455078125, 0.2553498148918152]], "patched": [[4, 518.3439331054688, 545.783447265625, 556.1937866210938, 577.6220703125, 0.7962565422058105], [4, 590.4720458984375, 506.68756103515625, 617.7486572265625, 531.5391235351562, 0.7678990364074707], [4, 450.39410400390625, 594.7161865234375, 475.6429443359375, 640.0, 0.7524175047874451], [0, 257.98150634765625, 461.52020263671875, 292.46502685546875, 548.9721069335938, 0.7502194046974182], [4, 14.661479949951172, 369.82830810546875, 27.584579467773438, 400.61346435546875, 0.6375762820243835], [4, 377.0902099609375, 373.027099609375, 390.4876708984375, 395.260498046875, 0.5748503804206848], [4, 235.21795654296875, 260.68536376953125, 243.6739501953125, 279.79998779296875, 0.5745652318000793], [1, 252.1734161376953, 360.40960693359375, 278.33636474609375, 417.1728515625, 0.5161185264587402], [4, 326.57421875, 355.6657409667969, 336.176025390625, 374.0312194824219, 0.5146776437759399], [4, 189.9788360595703, 332.90484619140625, 199.0800323486328, 357.82733154296875, 0.4583393931388855], [4, 355.7818298339844, 408.5625, 367.5301208496094, 436.3809814453125, 0.4371234178543091], [4, 506.3301696777344, 517.071044921875, 535.9476318359375, 548.5888671875, 0.42402851581573486], [1, 256.5216064453125, 461.73443603515625, 292.46240234375, 549.1170654296875, 0.41614559292793274], [0, 250.21511840820312, 265.57562255859375, 268.6079406738281, 301.57232666015625, 0.3878297507762909], [4, 301.39202880859375, 271.65087890625, 309.89849853515625, 285.7684326171875, 0.3835231363773346], [4, 38.153785705566406, 373.724365234375, 56.731529235839844, 399.185302734375, 0.38244494795799255], [0, 252.1134490966797, 360.21929931640625, 277.99530029296875, 416.94769287109375, 0.37812140583992004], [4, 56.04354476928711, 429.6200256347656, 72.8612060546875, 456.2425842285156, 0.3711741864681244], [4, 306.1578369140625, 335.2559814453125, 315.19500732421875, 359.3798828125, 0.3711276352405548], [4, 55.226951599121094, 337.79522705078125, 70.47419738769531, 364.79913330078125, 0.3699552118778229], [4, 309.96820068359375, 315.6177062988281, 319.0889892578125, 334.3326110839844, 0.3600316047668457], [4, 55.38176727294922, 413.70904541015625, 74.2474594116211, 434.5076904296875, 0.35801199078559875], [4, 345.65130615234375, 421.101318359375, 359.69476318359375, 450.6688232421875, 0.33042171597480774], [4, 375.4805908203125, 265.5181884765625, 386.981689453125, 291.460693359375, 0.28360483050346375], [4, 213.65965270996094, 284.3746337890625, 222.8141632080078, 302.02099609375, 0.2600672245025635]]}