{"clean": [[0, 163.12246704101562, 504.7042236328125, 224.26412963867188, 639.596923828125, 0.9233284592628479], [0, 524.99853515625, 366.73406982421875, 576.15576171875, 429.37750244140625, 0.8838003873825073], [0, 590.0997314453125, 392.50921630859375, 636.1275634765625, 462.98687744140625, 0.8443635106086731], [0, 178.68896484375, 215.4404296875, 199.562744140625, 245.81011962890625, 0.7758201360702515], [0, 242.70013427734375, 243.60125732421875, 262.537353515625, 277.166015625, 0.7743467092514038], [0, 51.07383728027344, 311.4830627441406, 96.80552673339844, 354.4263610839844, 0.7405335307121277], [0, 566.6875, 451.3797607421875, 627.8824462890625, 517.1265258789062, 0.7117617726325989], [1, 230.19595336914062, 190.71417236328125, 243.31155395507812, 212.086669921875, 0.6791960000991821], [1, 407.983642578125, 255.7005615234375, 437.7342529296875, 303.78448486328125, 0.6163654327392578], [4, 210.2369384765625, 220.801513671875, 217.0079345703125, 236.67990112304688, 0.4930398166179657], [0, 297.7085876464844, 203.74365234375, 313.2145690917969, 228.4964599609375, 0.46541643142700195], [0, 245.92886352539062, 170.46884155273438, 257.5136413574219, 187.98416137695312, 0.4469118118286133], [1, 297.84649658203125, 203.7085418701172, 313.0772705078125, 228.29026794433594, 0.40147164463996887], [0, 408.0470886230469, 255.75140380859375, 437.6492004394531, 303.28936767578125, 0.3571279048919678], [4, 509.9903564453125, 452.2037353515625, 529.1842041015625, 492.6298828125, 0.26307037472724915]], "patched": [[0, 163.06922912597656, 505.47967529296875, 223.94740295410156, 639.5913696289062, 0.9158350825309753], [0, 525.002685546875, 366.8759765625, 576.967529296875, 429.2755126953125, 0.8402000665664673], [0, 590.314697265625, 392.37384033203125, 639.3609619140625, 459.2430419921875, 0.805375337600708], [0, 53.13164138793945, 312.49017333984375, 97.06654357910156, 354.45745849609375, 0.7598336935043335], [1, 228.66583251953125, 190.62655639648438, 242.90667724609375, 212.27517700195312, 0.7355558276176453], [0, 242.7716064453125, 243.67578125, 262.89208984375, 277.208251953125, 0.7318618893623352], [0, 178.71353149414062, 215.6110382080078, 199.56362915039062, 245.78358459472656, 0.7303624153137207], [0, 297.9279479980469, 204.632080078125, 313.1936340332031, 228.58782958984375, 0.655491054058075], [0, 566.6696166992188, 451.3004150390625, 628.2182006835938, 517.377685546875, 0.564877986907959], [1, 245.15548706054688, 170.56045532226562, 257.41888427734375, 187.77621459960938, 0.5265776515007019], [4, 210.22637939453125, 220.6221923828125, 216.95025634765625, 236.52523803710938, 0.5002602934837341], [1, 407.9542236328125, 255.55247497558594, 438.494140625, 303.869873046875, 0.4379805326461792], [0, 407.92022705078125, 255.82626342773438, 438.73297119140625, 303.8736267089844, 0.4130025804042816], [4, 509.9439392089844, 451.7466735839844, 529.3060302734375, 492.7235412597656, 0.2821846604347229]]}