{"clean": [[0, 295.7889709472656, 447.91680908203125, 324.1481018066406, 501.93475341796875, 0.8595959544181824], [1, 249.89520263671875, 523.799072265625, 285.6529541015625, 633.20703125, 0.8543099761009216], [4, 411.6684875488281, 579.955322265625, 450.8541564941406, 639.702392578125, 0.8172990083694458], [0, 365.63525390625, 344.22186279296875, 386.2432861328125, 376.05426025390625, 0.8069449663162231], [0, 199.1749267578125, 426.45184326171875, 229.41854858398438, 494.79217529296875, 0.7763803601264954], [0, 208.27728271484375, 394.22784423828125, 240.37713623046875, 441.11541748046875, 0.7703455090522766], [0, 144.87399291992188, 567.270751953125, 203.88546752929688, 639.645751953125, 0.7108141779899597], [0, 151.91676330566406, 426.34918212890625, 192.4400177001953, 479.34429931640625, 0.6861957907676697], [4, 278.9189147949219, 404.8015441894531, 288.5568542480469, 432.6963806152344, 0.5817636847496033], [4, 278.54486083984375, 334.53204345703125, 289.14288330078125, 355.89410400390625, 0.5042603015899658], [0, 249.5258331298828, 284.8975830078125, 278.84820556640625, 312.4390869140625, 0.494672566652298], [0, 217.9234619140625, 343.4742431640625, 251.8739013671875, 403.21826171875, 0.4780215919017792], [4, 252.41351318359375, 489.6300048828125, 264.0029296875, 521.02734375, 0.39117658138275146], [4, 307.503662109375, 239.5848388671875, 315.868896484375, 250.34967041015625, 0.3634626865386963], [4, 318.45257568359375, 411.76068115234375, 332.46905517578125, 439.56182861328125, 0.322346031665802], [4, 451.7337646484375, 568.1282958984375, 482.4605712890625, 608.4261474609375, 0.2794167101383209], [1, 235.5041961669922, 284.63397216796875, 278.69891357421875, 313.18426513671875, 0.2650858163833618]], "patched": [[1, 249.80734252929688, 523.774658203125, 285.8081359863281, 633.53076171875, 0.8544424772262573], [4, 411.60064697265625, 579.9827880859375, 450.91143798828125, 639.7022705078125, 0.8141190409660339], [0, 365.4937744140625, 344.20928955078125, 386.3052978515625, 376.07073974609375, 0.7989739179611206], [0, 208.86093139648438, 392.1767578125, 240.46426391601562, 441.6966552734375, 0.798550009727478], [0, 198.84078979492188, 427.0991516113281, 229.45846557617188, 494.7988586425781, 0.7529399991035461], [0, 295.9272155761719, 447.3103332519531, 324.3415832519531, 502.1585388183594, 0.734944224357605], [4, 278.8180236816406, 405.80462646484375, 288.6667175292969, 432.74761962890625, 0.5818509459495544], [0, 146.59060668945312, 567.2723999023438, 203.80374145507812, 639.6061401367188, 0.5207440257072449], [4, 278.4912109375, 335.47271728515625, 289.184814453125, 355.8985595703125, 0.5131312012672424], [0, 249.96771240234375, 284.8860778808594, 278.8748779296875, 312.5272521972656, 0.5126364231109619], [0, 219.7657470703125, 356.5414123535156, 251.447265625, 403.1960144042969, 0.4705507457256317], [4, 252.2601776123047, 489.648681640625, 264.12689208984375, 521.4947509765625, 0.3809967339038849], [4, 307.47015380859375, 239.660400390625, 315.74005126953125, 250.45675659179688, 0.3561403453350067], [0, 151.46963500976562, 423.5962219238281, 189.92913818359375, 478.5668029785156, 0.32419702410697937], [4, 318.42132568359375, 413.43023681640625, 332.37640380859375, 439.69305419921875, 0.3101617395877838], [4, 451.726806640625, 568.1710205078125, 482.52935791015625, 608.6287841796875, 0.27246078848838806], [1, 235.6998291015625, 284.59576416015625, 278.74609375, 313.279052734375, 0.250118225812912]]}