{"clean": [[0, 63.6197624206543, 521.6319580078125, 118.60755920410156, 568.3385009765625, 0.9035672545433044], [0, 131.35592651367188, 530.7781982421875, 182.65853881835938, 580.0430908203125, 0.8913660049438477], [0, 472.9247131347656, 291.092529296875, 498.6178894042969, 310.425048828125, 0.8442762494087219], [2, 389.47723388671875, 287.44232177734375, 420.76837158203125, 316.79095458984375, 0.8181015253067017], [2, 302.17706298828125, 196.07583618164062, 324.29913330078125, 226.28997802734375, 0.7950334548950195], [2, 417.9454650878906, 342.0821838378906, 452.5376281738281, 396.7911682128906, 0.7853010892868042], [2, 503.84332275390625, 425.5607604980469, 562.1486206054688, 504.5878601074219, 0.7823492288589478], [1, 254.9833984375, 407.8066101074219, 276.44427490234375, 446.3794250488281, 0.7535513043403625], [1, 321.74444580078125, 219.1455841064453, 334.24627685546875, 236.87721252441406, 0.6710624694824219], [2, 184.928955078125, 339.26739501953125, 227.55712890625, 369.50482177734375, 0.601416826248169], [1, 385.22821044921875, 274.7900695800781, 397.30230712890625, 291.7695617675781, 0.5388906002044678], [2, 256.84356689453125, 172.6885986328125, 272.80499267578125, 191.85455322265625, 0.4767369329929352], [1, 359.27099609375, 254.63995361328125, 372.43011474609375, 272.17645263671875, 0.46062958240509033], [0, 470.11895751953125, 357.3568115234375, 496.4820556640625, 383.064208984375, 0.4492713510990143], [0, 207.78240966796875, 180.76242065429688, 218.0216064453125, 191.95657348632812, 0.4491462707519531], [1, 470.0814208984375, 357.1761474609375, 496.78173828125, 382.9849853515625, 0.41383200883865356], [0, 627.781005859375, 500.7958984375, 640.0, 536.8260498046875, 0.4071384072303772], [0, 625.04736328125, 500.1221923828125, 640.0, 542.9930419921875, 0.40163299441337585], [1, 302.717041015625, 233.97964477539062, 322.1993408203125, 255.49307250976562, 0.38797175884246826], [0, 385.06329345703125, 274.59344482421875, 397.96148681640625, 291.88787841796875, 0.38575243949890137]], "patched": [[0, 63.684730529785156, 521.9012451171875, 118.58123016357422, 568.2742919921875, 0.8986365795135498], [0, 131.36697387695312, 530.7926635742188, 182.67880249023438, 579.9666137695312, 0.8838557600975037], [0, 472.94232177734375, 291.0509033203125, 498.68072509765625, 310.4598388671875, 0.8401718139648438], [2, 389.47119140625, 287.43975830078125, 420.7711181640625, 316.79058837890625, 0.8173706531524658], [2, 302.180908203125, 196.14857482910156, 324.3043212890625, 226.2898712158203, 0.7940576672554016], [2, 417.9373779296875, 342.10003662109375, 452.550048828125, 396.79168701171875, 0.7839775085449219], [2, 503.8348388671875, 425.5615234375, 562.152099609375, 504.5997314453125, 0.7819288969039917], [1, 254.977294921875, 407.81561279296875, 276.44915771484375, 446.38568115234375, 0.7558658123016357], [1, 321.7405090332031, 219.14761352539062, 334.2491760253906, 236.87777709960938, 0.6665752530097961], [2, 184.9109344482422, 339.26031494140625, 227.56590270996094, 369.52716064453125, 0.6016378998756409], [1, 385.22509765625, 274.79376220703125, 397.3272705078125, 291.7750244140625, 0.5478423237800598], [2, 256.845947265625, 172.69595336914062, 272.8115234375, 191.85440063476562, 0.4717564880847931], [1, 359.26739501953125, 254.65167236328125, 372.51702880859375, 272.18011474609375, 0.4579526484012604], [0, 207.77784729003906, 180.76739501953125, 218.0307159423828, 191.95913696289062, 0.44915157556533813], [0, 470.1136169433594, 357.3494873046875, 496.5172424316406, 383.06591796875, 0.4482303559780121], [1, 470.0758361816406, 357.1689453125, 496.8321228027344, 382.9862060546875, 0.41543883085250854], [0, 627.9271240234375, 500.82025146484375, 640.0, 536.6968383789062, 0.41198816895484924], [0, 625.2008666992188, 500.1395263671875, 640.0, 542.7030029296875, 0.4004840552806854], [1, 302.7025146484375, 234.0328369140625, 322.20709228515625, 255.4329833984375, 0.3942938446998596], [0, 385.05926513671875, 274.59979248046875, 397.9940185546875, 291.89202880859375, 0.37663814425468445]]}