{"clean": [[0, 301.934814453125, 419.580810546875, 322.8018798828125, 465.025390625, 0.8375883102416992], [1, 299.0245361328125, 467.208740234375, 318.22576904296875, 520.8043212890625, 0.8253180980682373], [0, 540.3297119140625, 318.33819580078125, 566.741943359375, 350.40203857421875, 0.81919926404953], [0, 305.0827941894531, 374.9447021484375, 323.1067810058594, 415.5955810546875, 0.7803238034248352], [0, 339.84344482421875, 247.70758056640625, 353.3350830078125, 275.76751708984375, 0.7797476649284363], [0, 560.0820922851562, 351.8383483886719, 592.9990844726562, 393.7109680175781, 0.7794345021247864], [0, 471.0677795410156, 218.61019897460938, 487.4657897949219, 239.93997192382812, 0.757876455783844], [0, 404.48419189453125, 186.1589813232422, 416.18280029296875, 204.49098205566406, 0.7464119791984558], [0, 527.1826171875, 273.8603210449219, 565.06591796875, 297.9082946777344, 0.7450123429298401], [0, 527.5732421875, 286.42578125, 550.8687744140625, 315.8182373046875, 0.6819719076156616], [0, 342.94464111328125, 58.769073486328125, 355.2806396484375, 67.66014099121094, 0.6669972538948059], [0, 340.07281494140625, 46.548858642578125, 350.58331298828125, 54.493064880371094, 0.6195056438446045], [0, 341.89801025390625, 319.884521484375, 360.2103271484375, 361.8121337890625, 0.6166931986808777], [1, 345.57177734375, 390.8429260253906, 364.03857421875, 441.5158996582031, 0.6052998304367065], [0, 336.0884704589844, 35.75958251953125, 342.0393371582031, 42.6968994140625, 0.41743648052215576], [1, 308.8410949707031, 313.20733642578125, 322.8853454589844, 347.07366943359375, 0.4138532280921936], [0, 403.42584228515625, 84.51548767089844, 411.24945068359375, 94.84114074707031, 0.3983091711997986], [4, 350.30816650390625, 120.00184631347656, 355.065673828125, 128.98399353027344, 0.39278075098991394], [2, 434.63165283203125, 183.021484375, 448.28985595703125, 203.8939208984375, 0.39111679792404175], [3, 53.61863708496094, 338.1337890625, 184.5820770263672, 556.8001708984375, 0.36966100335121155], [4, 368.1107177734375, 67.74504852294922, 371.25445556640625, 74.13866424560547, 0.36510753631591797], [0, 310.08795166015625, 267.516845703125, 326.49267578125, 300.4063720703125, 0.35546305775642395], [2, 308.8023986816406, 313.3406066894531, 323.2099304199219, 347.1429138183594, 0.3003712594509125], [3, 17.497604370117188, 377.8431396484375, 180.5172882080078, 596.7872924804688, 0.27623966336250305]], "patched": [[0, 301.9379577636719, 419.53375244140625, 322.6772766113281, 464.94268798828125, 0.8374139070510864], [1, 299.0147705078125, 467.18756103515625, 318.254150390625, 520.8181762695312, 0.825870931148529], [0, 540.2109375, 318.59466552734375, 566.760009765625, 350.30572509765625, 0.787082850933075], [0, 339.85919189453125, 247.70321655273438, 353.329833984375, 275.7645568847656, 0.7826433777809143], [0, 527.40478515625, 274.10595703125, 567.25146484375, 297.9130859375, 0.7601802945137024], [0, 471.064208984375, 218.61346435546875, 487.451416015625, 239.91879272460938, 0.7571340799331665], [0, 404.48651123046875, 186.15814208984375, 416.17242431640625, 204.47970581054688, 0.7421634197235107], [0, 342.95208740234375, 58.757080078125, 355.27587890625, 67.6646499633789, 0.6647065281867981], [0, 342.01495361328125, 319.82550048828125, 360.16070556640625, 361.85333251953125, 0.6591209769248962], [0, 305.27850341796875, 375.0718994140625, 323.34320068359375, 415.6014404296875, 0.6532540917396545], [1, 345.5893249511719, 390.9068298339844, 364.1746520996094, 441.3983459472656, 0.6518049240112305], [0, 560.313232421875, 351.77154541015625, 586.3692626953125, 379.57147216796875, 0.6460872292518616], [0, 340.075927734375, 46.535491943359375, 350.5802001953125, 54.49769592285156, 0.6158676743507385], [0, 532.906005859375, 295.77410888671875, 550.7958984375, 317.37493896484375, 0.5634766221046448], [1, 308.84881591796875, 313.21490478515625, 322.87872314453125, 347.09027099609375, 0.41805848479270935], [0, 336.0846862792969, 35.73683166503906, 342.0438537597656, 42.69189453125, 0.4115433692932129], [0, 310.1732177734375, 267.611328125, 325.8349609375, 299.69500732421875, 0.3943482041358948], [0, 403.4234313964844, 84.49805450439453, 411.2638854980469, 94.84186553955078, 0.3935016691684723], [4, 350.309814453125, 120.00216674804688, 355.0638427734375, 128.98196411132812, 0.3899008333683014], [2, 434.6320495605469, 183.00933837890625, 448.2732849121094, 203.8768310546875, 0.3779614269733429], [3, 53.35758972167969, 338.15203857421875, 184.54971313476562, 556.8033447265625, 0.3662858307361603], [4, 368.1100769042969, 67.74147033691406, 371.2552795410156, 74.13679504394531, 0.36301088333129883], [0, 343.0278625488281, 334.7641296386719, 359.9918518066406, 361.8883972167969, 0.32622143626213074], [2, 308.81329345703125, 313.344970703125, 323.19476318359375, 347.1485595703125, 0.3047507703304291], [3, 17.566879272460938, 377.824462890625, 180.6067352294922, 596.8011474609375, 0.2761213481426239]]}