{"clean": [[0, 305.31207275390625, 461.88482666015625, 330.56842041015625, 486.97869873046875, 0.8681175112724304], [0, 288.25250244140625, 327.7035827636719, 308.95281982421875, 360.5142517089844, 0.8642265200614929], [0, 248.6312255859375, 390.03961181640625, 273.18524169921875, 411.13336181640625, 0.8567075729370117], [0, 235.86441040039062, 412.9858093261719, 260.9542236328125, 434.9010314941406, 0.7682012915611267], [0, 261.5067138671875, 198.16839599609375, 271.93426513671875, 234.41693115234375, 0.7643078565597534], [0, 96.09492492675781, 378.9783020019531, 118.07337951660156, 399.4375305175781, 0.7483859062194824], [0, 157.7180938720703, 278.9296569824219, 178.19581604003906, 316.6250305175781, 0.5872178077697754], [0, 39.538246154785156, 234.82293701171875, 64.49784088134766, 258.05902099609375, 0.49984806776046753], [0, 0.03496074676513672, 388.39715576171875, 10.713118553161621, 413.90997314453125, 0.36645013093948364], [1, 261.4063720703125, 198.33920288085938, 272.16351318359375, 234.57449340820312, 0.32069361209869385], [2, 216.97012329101562, 441.2119140625, 267.4330139160156, 465.15625, 0.25524085760116577]], "patched": [[0, 305.2645263671875, 461.94140625, 330.7696533203125, 487.0740966796875, 0.8717877864837646], [0, 248.64459228515625, 390.11614990234375, 273.14276123046875, 411.10833740234375, 0.8681276440620422], [0, 96.30585479736328, 379.05609130859375, 118.0546646118164, 399.32403564453125, 0.7945766448974609], [0, 261.53143310546875, 198.17648315429688, 271.91302490234375, 234.40322875976562, 0.7590046525001526], [0, 235.970703125, 413.18939208984375, 260.929931640625, 434.83258056640625, 0.7543163299560547], [0, 288.14984130859375, 327.6396789550781, 308.78253173828125, 360.6161193847656, 0.7072568535804749], [0, 157.75747680664062, 278.9691162109375, 178.18246459960938, 316.5689697265625, 0.5213412642478943], [1, 157.72866821289062, 278.93096923828125, 178.32919311523438, 316.365966796875, 0.4224041998386383], [0, 38.97929382324219, 234.10214233398438, 64.4183120727539, 258.1295166015625, 0.3917232155799866], [0, 245.72036743164062, 443.760498046875, 267.7165222167969, 464.0791015625, 0.36963212490081787], [0, 0.026274681091308594, 389.70892333984375, 10.6386079788208, 414.12176513671875, 0.33348265290260315], [1, 261.433349609375, 198.35464477539062, 272.135498046875, 234.5567626953125, 0.32577770948410034]]}