{"clean": [[0, 339.23480224609375, 296.54888916015625, 365.67718505859375, 323.88262939453125, 0.8742905259132385], [0, 313.3798522949219, 269.0146484375, 341.1229553222656, 299.697998046875, 0.8732581734657288], [0, 277.20172119140625, 66.98371124267578, 294.32427978515625, 84.7988052368164, 0.8142386078834534], [0, 297.6649475097656, 117.031982421875, 316.0810241699219, 133.31781005859375, 0.6289466023445129], [0, 596.634765625, 623.2822265625, 629.867919921875, 639.9794921875, 0.5943997502326965], [0, 218.6168212890625, 106.72354888916016, 234.6392822265625, 122.97359466552734, 0.5837724208831787], [0, 298.02960205078125, 52.0147705078125, 315.4454345703125, 67.83453369140625, 0.5177364945411682], [1, 292.2793273925781, 58.14793395996094, 307.9424743652344, 75.83366394042969, 0.47341805696487427], [4, 488.0097961425781, 217.745849609375, 494.1647644042969, 229.63934326171875, 0.4152565598487854], [0, 496.7161865234375, 267.14508056640625, 512.25341796875, 285.11138916015625, 0.4002140462398529]], "patched": [[0, 313.37750244140625, 269.0027160644531, 341.11322021484375, 299.6133728027344, 0.8727741241455078], [0, 277.2176513671875, 67.00038146972656, 294.32354736328125, 84.78642272949219, 0.8101323843002319], [0, 339.47686767578125, 296.8851318359375, 365.42938232421875, 323.974365234375, 0.7553138732910156], [0, 297.6699523925781, 117.03684997558594, 316.1691589355469, 133.2892608642578, 0.6191245913505554], [0, 218.61978149414062, 106.73475646972656, 234.64413452148438, 122.94181823730469, 0.5757800936698914], [0, 596.951171875, 623.281494140625, 630.13623046875, 639.978759765625, 0.5663794875144958], [0, 298.0430908203125, 52.00971984863281, 315.512451171875, 67.83689880371094, 0.508894681930542], [1, 292.4058837890625, 58.19145202636719, 308.016357421875, 75.73564147949219, 0.47618573904037476], [4, 488.00830078125, 217.72056579589844, 494.13916015625, 229.6479034423828, 0.37725481390953064], [0, 496.7366943359375, 267.14447021484375, 512.5133056640625, 285.114990234375, 0.36032307147979736]]}