{"clean": [[3, 259.51654052734375, 428.16485595703125, 273.2965087890625, 485.34503173828125, 0.755312979221344], [0, 563.36767578125, 457.9383850097656, 585.060302734375, 472.8357238769531, 0.7472087144851685], [3, 224.93997192382812, 299.21697998046875, 244.42794799804688, 383.66387939453125, 0.7322084903717041], [0, 291.92755126953125, 390.74188232421875, 301.37774658203125, 425.55816650390625, 0.7228068709373474], [0, 279.040771484375, 626.3848876953125, 290.1669921875, 640.0, 0.654479444026947], [0, 451.6047668457031, 538.10791015625, 474.5431823730469, 559.62109375, 0.6047042012214661], [0, 592.1527709960938, 532.4053955078125, 616.6334838867188, 547.9508056640625, 0.5871309638023376], [0, 531.5450439453125, 457.0309143066406, 551.3358154296875, 471.5882263183594, 0.5379207730293274], [0, 524.4044189453125, 527.523681640625, 546.2813720703125, 544.5595703125, 0.4751878082752228], [0, 297.05743408203125, 570.9323120117188, 307.347412109375, 611.4409790039062, 0.4634605050086975], [0, 322.92645263671875, 407.2597351074219, 334.81500244140625, 445.2509460449219, 0.435782253742218], [0, 296.5594787597656, 268.72137451171875, 306.6070861816406, 299.25299072265625, 0.40642261505126953]], "patched": [[3, 259.50616455078125, 428.150146484375, 273.34539794921875, 485.3377685546875, 0.7556121349334717], [0, 563.2926025390625, 458.49713134765625, 585.2393798828125, 472.73492431640625, 0.7328415513038635], [3, 224.92601013183594, 299.2105712890625, 244.43336486816406, 383.6678466796875, 0.7305963039398193], [0, 291.9034423828125, 390.74334716796875, 301.410400390625, 425.546630859375, 0.7172333598136902], [0, 279.01373291015625, 626.3829345703125, 290.19158935546875, 640.0, 0.649094820022583], [0, 592.1307983398438, 532.3965454101562, 616.6581420898438, 547.9869995117188, 0.5751476883888245], [0, 451.6014709472656, 537.9712524414062, 474.5982360839844, 559.5264282226562, 0.5426267981529236], [0, 531.5509033203125, 456.99578857421875, 551.3516845703125, 471.61285400390625, 0.5374569892883301], [0, 524.399169921875, 527.5257568359375, 546.30078125, 544.5775146484375, 0.47517165541648865], [0, 297.0467834472656, 570.9656982421875, 307.3597717285156, 611.4066162109375, 0.46096479892730713], [0, 322.90234375, 407.254150390625, 334.8748779296875, 445.248291015625, 0.4323421120643616], [0, 296.53631591796875, 268.7096862792969, 306.6339111328125, 299.2520446777344, 0.4026638865470886]]}