{"clean": [[1, 221.00344848632812, 178.60894775390625, 250.74630737304688, 224.6341552734375, 0.8635063767433167], [0, 242.88134765625, 448.1017761230469, 269.70660400390625, 490.6535339355469, 0.8631207346916199], [0, 131.71640014648438, 282.0454406738281, 158.00027465820312, 324.5290222167969, 0.8461002111434937], [0, 5.426300048828125, 574.0289916992188, 39.35755157470703, 622.8090209960938, 0.8318852782249451], [3, 180.49273681640625, 0.5378570556640625, 208.3800048828125, 77.77885437011719, 0.7923220992088318], [0, 16.22663116455078, 533.3008422851562, 50.40019226074219, 585.1774291992188, 0.6994040012359619], [0, 0.0, 612.3287353515625, 29.782657623291016, 640.0, 0.6807298064231873], [0, 0.0, 478.2017822265625, 17.572416305541992, 528.7725830078125, 0.4925954043865204]], "patched": [[1, 221.01193237304688, 178.61868286132812, 250.73818969726562, 224.61355590820312, 0.8626369833946228], [0, 242.9236297607422, 448.22894287109375, 269.63885498046875, 490.26666259765625, 0.8167480826377869], [3, 180.49868774414062, 0.537750244140625, 208.35659790039062, 77.77859497070312, 0.7934349775314331], [0, 5.971649169921875, 574.034912109375, 39.025184631347656, 622.822021484375, 0.6371574401855469], [0, 131.87979125976562, 281.94189453125, 157.84759521484375, 324.2928466796875, 0.6207865476608276], [1, 16.50177001953125, 533.1123046875, 49.767738342285156, 585.213134765625, 0.5715372562408447], [0, 16.749732971191406, 533.3408813476562, 50.09959411621094, 585.1080932617188, 0.5487268567085266], [0, 0.0, 479.02294921875, 17.519550323486328, 528.7554321289062, 0.48867267370224], [1, 0.0, 475.12664794921875, 17.76350212097168, 528.6668090820312, 0.3383972942829132], [0, 159.2796630859375, 145.68362426757812, 187.507568359375, 184.95559692382812, 0.2626326084136963]]}