{"clean": [[0, 464.9635925292969, 210.18450927734375, 508.2593688964844, 299.88177490234375, 0.8846682906150818], [1, 222.0201416015625, 252.62490844726562, 259.64398193359375, 351.6443786621094, 0.8833609819412231], [0, 202.38534545898438, 371.66619873046875, 247.47662353515625, 489.83233642578125, 0.8735772967338562], [0, 54.678096771240234, 0.0, 111.705078125, 29.736299514770508, 0.8680831789970398], [0, 233.1834716796875, 161.23419189453125, 270.18731689453125, 254.56353759765625, 0.8664813041687012], [1, 326.07489013671875, 395.3008117675781, 364.1402587890625, 511.3514099121094, 0.8662446737289429], [0, 134.4344482421875, 0.0, 189.13604736328125, 29.992406845092773, 0.8638585209846497], [1, 169.54074096679688, 340.717529296875, 210.23538208007812, 439.9459228515625, 0.8599353432655334], [0, 189.5830078125, 134.9481964111328, 222.92318725585938, 216.85499572753906, 0.8500002026557922], [2, 376.28173828125, 123.78324127197266, 415.169189453125, 230.71896362304688, 0.8228591680526733], [0, 189.45919799804688, 526.8057861328125, 240.683349609375, 639.5477294921875, 0.810832142829895], [0, 325.0653076171875, 169.5244140625, 356.79547119140625, 260.9043273925781, 0.7933179140090942], [0, 329.8961181640625, 585.871337890625, 372.8626708984375, 639.826416015625, 0.772483766078949], [0, 327.79132080078125, 266.3699951171875, 362.86187744140625, 363.7467041015625, 0.7538963556289673], [4, 510.110107421875, 586.4908447265625, 545.4232177734375, 601.7652587890625, 0.5311357378959656], [0, 486.1696472167969, 54.683204650878906, 545.13818359375, 88.25086212158203, 0.43512406945228577], [4, 168.05282592773438, 133.74386596679688, 178.65335083007812, 169.28079223632812, 0.3399979770183563], [2, 431.78106689453125, 12.764488220214844, 516.3086547851562, 56.099571228027344, 0.3107247054576874]], "patched": [[1, 222.12960815429688, 252.69744873046875, 259.6513977050781, 351.61199951171875, 0.8877369165420532], [1, 326.09307861328125, 395.30767822265625, 364.13775634765625, 511.29656982421875, 0.8666777014732361], [0, 464.8017578125, 210.003662109375, 508.4990234375, 300.10791015625, 0.8639377951622009], [1, 169.52923583984375, 340.4368896484375, 210.31329345703125, 439.9512939453125, 0.8576035499572754], [2, 376.53826904296875, 123.82616424560547, 415.11431884765625, 230.69281005859375, 0.8248491883277893], [0, 202.70101928710938, 371.64898681640625, 247.42593383789062, 490.04486083984375, 0.823133111000061], [0, 233.2593994140625, 161.14096069335938, 270.14263916015625, 254.5782470703125, 0.8192284107208252], [0, 189.61087036132812, 526.8863525390625, 240.64114379882812, 639.3782958984375, 0.8190232515335083], [0, 54.69572448730469, 0.0, 111.57386779785156, 29.310806274414062, 0.8038479089736938], [0, 189.60836791992188, 134.98687744140625, 222.5673828125, 216.73468017578125, 0.7941672801971436], [0, 330.100341796875, 585.8846435546875, 372.5721435546875, 639.899658203125, 0.7859680652618408], [0, 328.2145080566406, 266.63800048828125, 362.4819641113281, 363.83050537109375, 0.7809158563613892], [0, 134.52886962890625, 0.0, 188.9781494140625, 29.52655792236328, 0.7042660117149353], [0, 325.21502685546875, 169.46823120117188, 356.78289794921875, 260.9097900390625, 0.6404783725738525], [4, 510.1279296875, 586.44384765625, 545.6591796875, 601.72314453125, 0.52089524269104], [1, 456.853515625, 13.08682632446289, 516.78955078125, 48.772708892822266, 0.49653539061546326], [1, 324.95697021484375, 169.78701782226562, 357.11834716796875, 260.87213134765625, 0.3914855718612671], [1, 523.279296875, 22.766368865966797, 565.80615234375, 53.448551177978516, 0.3549152612686157], [4, 168.1043701171875, 133.81143188476562, 178.61187744140625, 169.1146240234375, 0.31344613432884216], [1, 487.3905029296875, 54.74041748046875, 543.5958251953125, 87.51824951171875, 0.30608752369880676], [0, 56.62815856933594, 0.0, 109.59199523925781, 8.491748809814453, 0.2575378119945526]]}