{"clean": [[0, 57.74726867675781, 536.334716796875, 93.47377014160156, 588.7027587890625, 0.8409273028373718], [0, 150.64425659179688, 349.047119140625, 166.69754028320312, 390.568115234375, 0.8225283622741699], [0, 9.945697784423828, 593.6795654296875, 50.1258544921875, 640.0, 0.8132749795913696], [0, 138.11195373535156, 402.2825622558594, 163.8737030029297, 443.9234924316406, 0.7838073372840881], [3, 157.55853271484375, 79.84721374511719, 198.5594482421875, 118.19017028808594, 0.7703962922096252], [0, 118.98663330078125, 291.3865661621094, 150.56549072265625, 343.6153259277344, 0.7579469084739685], [0, 357.33929443359375, 344.0374755859375, 374.35260009765625, 388.8050537109375, 0.7546151280403137], [0, 334.5191650390625, 160.804443359375, 349.0787353515625, 193.65606689453125, 0.7223243117332458], [0, 125.2707290649414, 78.15083312988281, 139.52755737304688, 91.18278503417969, 0.6494147181510925], [0, 8.40981674194336, 132.04776000976562, 31.47223663330078, 149.99209594726562, 0.633453905582428], [0, 343.55841064453125, 248.4068145751953, 356.78619384765625, 274.83355712890625, 0.6226807236671448], [0, 76.42527770996094, 53.20177459716797, 88.1812744140625, 65.8682632446289, 0.6080766320228577], [0, 97.58467102050781, 467.131591796875, 134.2821807861328, 526.4111328125, 0.5863130688667297], [0, 86.32794189453125, 57.8332405090332, 98.638427734375, 70.30839538574219, 0.5033286213874817], [0, 4.344890594482422, 125.22398376464844, 25.08209991455078, 144.24916076660156, 0.43969210982322693]], "patched": [[0, 57.96343994140625, 536.305419921875, 93.39227294921875, 588.7904052734375, 0.8257653713226318], [0, 150.71714782714844, 349.1224365234375, 166.6248016357422, 390.5526123046875, 0.8186212778091431], [0, 138.25531005859375, 402.48638916015625, 163.83303833007812, 443.88079833984375, 0.7866259813308716], [0, 357.5062255859375, 344.1326904296875, 374.177734375, 388.7691650390625, 0.7662314772605896], [3, 157.52427673339844, 79.81880187988281, 198.50685119628906, 118.19886779785156, 0.7651097178459167], [0, 334.58636474609375, 160.67916870117188, 349.04193115234375, 193.60470581054688, 0.7277140021324158], [0, 8.944149017333984, 593.3472900390625, 49.744571685791016, 640.0, 0.6720566153526306], [0, 125.25946807861328, 78.145263671875, 139.54864501953125, 91.20413208007812, 0.6471282243728638], [0, 8.531036376953125, 132.01028442382812, 31.49510955810547, 150.05252075195312, 0.6338388919830322], [3, 0.0, 517.323974609375, 46.25955581665039, 588.173583984375, 0.6244017481803894], [0, 343.5766906738281, 248.39523315429688, 356.7973937988281, 274.9129943847656, 0.6220427751541138], [0, 119.0921859741211, 291.887939453125, 150.02670288085938, 343.052001953125, 0.6186991930007935], [0, 76.40364074707031, 53.195770263671875, 88.14753723144531, 65.8837890625, 0.6099511981010437], [0, 86.30096435546875, 57.791446685791016, 98.63749694824219, 70.32620239257812, 0.49433326721191406], [0, 97.73060607910156, 467.1934814453125, 134.21954345703125, 526.4744873046875, 0.4589284360408783], [0, 4.358469009399414, 125.17364501953125, 25.096900939941406, 144.32196044921875, 0.43253982067108154]]}