{"clean": [[0, 269.07440185546875, 357.66094970703125, 280.91558837890625, 396.92108154296875, 0.835436999797821], [0, 384.55908203125, 43.39564514160156, 398.441162109375, 64.70597076416016, 0.8255026936531067], [0, 306.5041198730469, 335.3431396484375, 317.9365539550781, 371.756591796875, 0.8147162199020386], [0, 412.17877197265625, 181.50540161132812, 422.01641845703125, 212.42581176757812, 0.75640469789505], [0, 313.67919921875, 224.55154418945312, 323.49658203125, 249.07852172851562, 0.7486746907234192], [0, 322.6835021972656, 54.834022521972656, 330.7696228027344, 73.01891326904297, 0.7433152198791504], [0, 318.5599670410156, 128.23130798339844, 328.3429260253906, 153.7974090576172, 0.7415285706520081], [0, 290.9815368652344, 326.8070373535156, 302.7400817871094, 361.8290100097656, 0.7347298264503479], [0, 314.958251953125, 16.80231475830078, 322.646728515625, 33.04436492919922, 0.7313824892044067], [0, 457.07720947265625, 459.98193359375, 481.70184326171875, 481.1380615234375, 0.6457301378250122], [3, 398.0773010253906, 339.49609375, 420.3020935058594, 458.573486328125, 0.6405208110809326], [0, 454.8260498046875, 484.396240234375, 480.6865234375, 509.78485107421875, 0.590922474861145], [0, 382.6201477050781, 368.80535888671875, 394.8851623535156, 408.16192626953125, 0.5716001987457275], [0, 530.6905517578125, 313.09552001953125, 558.8931884765625, 339.00909423828125, 0.5263979434967041], [0, 453.6336669921875, 510.8931579589844, 475.10369873046875, 533.1610107421875, 0.419776976108551], [0, 514.71240234375, 206.82196044921875, 533.283935546875, 225.50863647460938, 0.35137754678726196]], "patched": [[0, 384.559326171875, 43.398582458496094, 398.4378662109375, 64.70503997802734, 0.8255781531333923], [0, 269.12188720703125, 357.62567138671875, 280.96820068359375, 396.96722412109375, 0.8177812099456787], [0, 306.5059814453125, 335.3668212890625, 317.9327392578125, 371.769775390625, 0.8117690086364746], [0, 412.18255615234375, 181.50904846191406, 422.01678466796875, 212.42881774902344, 0.7562471628189087], [0, 313.6856689453125, 224.55484008789062, 323.490478515625, 249.07888793945312, 0.7496411800384521], [0, 322.6898498535156, 54.84093475341797, 330.7572326660156, 73.01665496826172, 0.7436853647232056], [0, 318.5650329589844, 128.2344970703125, 328.3347473144531, 153.797119140625, 0.7415239810943604], [0, 314.96160888671875, 16.811813354492188, 322.64166259765625, 33.04478454589844, 0.7318128347396851], [0, 290.93695068359375, 326.89520263671875, 302.68743896484375, 361.7655029296875, 0.7282284498214722], [0, 383.6575012207031, 384.361572265625, 394.3104553222656, 408.0350341796875, 0.6483656764030457], [0, 457.06964111328125, 459.9847412109375, 481.692626953125, 481.159912109375, 0.6233773231506348], [0, 454.8192443847656, 484.3905029296875, 480.6941223144531, 509.796142578125, 0.5870200991630554], [3, 397.7478332519531, 339.5743408203125, 420.3447570800781, 459.340087890625, 0.5419715046882629], [0, 453.6239929199219, 510.8909912109375, 475.1125183105469, 533.1673583984375, 0.415193110704422], [0, 514.7332153320312, 206.85855102539062, 533.3040161132812, 225.5081787109375, 0.36532410979270935], [0, 306.5279541015625, 345.36541748046875, 317.0296630859375, 371.66729736328125, 0.3035900294780731]]}