{"clean": [[0, 290.97674560546875, 301.4004821777344, 303.27435302734375, 335.5296325683594, 0.8665153980255127], [0, 429.76483154296875, 416.31317138671875, 448.97467041015625, 468.90496826171875, 0.8358681201934814], [3, 339.12933349609375, 0.012874603271484375, 360.44842529296875, 26.497629165649414, 0.7272165417671204], [0, 418.14605712890625, 512.123291015625, 437.23431396484375, 576.0372314453125, 0.6875231266021729], [0, 256.74224853515625, 53.03118133544922, 264.77874755859375, 68.52415466308594, 0.5811827182769775], [0, 259.7861022949219, 0.013376235961914062, 269.2774963378906, 5.929373741149902, 0.5435342788696289], [1, 418.4517822265625, 511.9992980957031, 437.2799072265625, 576.35107421875, 0.437274307012558], [0, 5.597938537597656, 438.24725341796875, 43.40711975097656, 466.18353271484375, 0.30129194259643555], [0, 567.5835571289062, 194.33248901367188, 586.4497680664062, 225.81625366210938, 0.28786057233810425], [1, 353.97943115234375, 275.95086669921875, 369.1710205078125, 309.46588134765625, 0.2868167459964752], [1, 0.5335006713867188, 438.35284423828125, 43.475990295410156, 466.31243896484375, 0.26395416259765625]], "patched": [[0, 291.03863525390625, 301.5296630859375, 303.10333251953125, 335.37847900390625, 0.8717082738876343], [0, 429.826416015625, 416.4161376953125, 449.4366455078125, 468.96533203125, 0.7427340149879456], [3, 339.12408447265625, 0.012546539306640625, 360.448974609375, 26.496566772460938, 0.7269237637519836], [1, 418.467529296875, 511.90496826171875, 437.1588134765625, 576.3753051757812, 0.6352584362030029], [0, 256.7463073730469, 53.02698516845703, 264.7766418457031, 68.51799774169922, 0.5934516191482544], [0, 259.7879943847656, 0.013435840606689453, 269.2767639160156, 5.930089473724365, 0.5448877215385437], [1, 430.1515197753906, 416.40557861328125, 449.0251770019531, 468.99432373046875, 0.5381953120231628], [0, 418.1387939453125, 512.1333618164062, 437.09423828125, 576.0015258789062, 0.4293592870235443], [0, 567.58349609375, 194.31796264648438, 586.432373046875, 225.81573486328125, 0.3050418794155121], [1, 353.9998779296875, 275.94036865234375, 369.1639404296875, 309.46539306640625, 0.2799331545829773]]}