{"clean": [[0, 390.5184326171875, 396.4895935058594, 424.0133056640625, 437.0743103027344, 0.8748524188995361], [0, 612.1285400390625, 57.315086364746094, 624.02783203125, 84.45951080322266, 0.8232871890068054], [0, 546.28271484375, 120.32656860351562, 559.044189453125, 147.49755859375, 0.8052527904510498], [0, 534.69189453125, 5.5764570236206055, 550.2711181640625, 31.897029876708984, 0.7354307174682617], [0, 609.26220703125, 157.5255126953125, 622.805908203125, 191.33258056640625, 0.6598578095436096], [0, 607.9928588867188, 129.8221435546875, 622.4038696289062, 153.13583374023438, 0.5756284594535828], [1, 607.8778686523438, 113.99420166015625, 623.1443481445312, 153.12496948242188, 0.45348817110061646], [4, 38.27537536621094, 132.42984008789062, 47.48292541503906, 148.68386840820312, 0.4310101866722107], [4, 87.86248779296875, 69.99097442626953, 95.34042358398438, 83.45394134521484, 0.37796998023986816], [4, 629.399169921875, 140.6815948486328, 635.4774169921875, 154.6660919189453, 0.32129931449890137], [1, 626.060546875, 162.80157470703125, 639.9921875, 205.42071533203125, 0.31021296977996826], [0, 626.0856323242188, 162.15646362304688, 639.8303833007812, 205.38955688476562, 0.30950450897216797]], "patched": [[0, 390.5522155761719, 396.45965576171875, 423.9012756347656, 437.32464599609375, 0.8625876307487488], [0, 612.125732421875, 57.31036376953125, 624.031494140625, 84.46165466308594, 0.8234978914260864], [0, 546.2880859375, 120.32706451416016, 559.033935546875, 147.45553588867188, 0.8044729828834534], [0, 534.6931762695312, 5.572155952453613, 550.2756958007812, 31.956523895263672, 0.7344213724136353], [0, 609.2742309570312, 157.54104614257812, 622.7854614257812, 191.26165771484375, 0.6582122445106506], [0, 608.0111083984375, 129.85459899902344, 622.4010009765625, 153.12367248535156, 0.5714178085327148], [1, 607.8984985351562, 114.00120544433594, 623.1405639648438, 153.10816955566406, 0.4399973750114441], [4, 38.282691955566406, 132.43028259277344, 47.474937438964844, 148.65174865722656, 0.42669644951820374], [4, 87.86337280273438, 69.99919128417969, 95.3355712890625, 83.4571533203125, 0.377282977104187], [4, 629.3994140625, 140.67918395996094, 635.472900390625, 154.65232849121094, 0.3178393542766571], [1, 626.075927734375, 162.77935791015625, 639.994140625, 205.39794921875, 0.3117043375968933], [0, 626.0994873046875, 162.11688232421875, 639.832275390625, 205.3680419921875, 0.2938549816608429]]}