{"clean": [[0, 330.75323486328125, 4.589912414550781, 345.19073486328125, 45.989967346191406, 0.7993460893630981], [0, 301.4902038574219, 400.5010986328125, 323.7616882324219, 489.78271484375, 0.7768189311027527], [0, 560.4639892578125, 473.5350036621094, 594.8023681640625, 588.3729248046875, 0.7597144246101379], [0, 554.546875, 11.026531219482422, 575.588623046875, 47.4516487121582, 0.624098002910614]], "patched": [[0, 331.1675720214844, 4.171600341796875, 345.1567687988281, 45.816566467285156, 0.7572687268257141], [0, 301.8692626953125, 400.55859375, 321.957763671875, 450.0458984375, 0.6702553033828735], [0, 302.48004150390625, 440.16119384765625, 323.27691650390625, 490.74346923828125, 0.5469492077827454], [3, 561.025146484375, 471.483642578125, 596.282958984375, 588.39599609375, 0.5198901891708374], [0, 555.396728515625, 12.509910583496094, 575.554443359375, 47.90001678466797, 0.4902096092700958], [0, 561.2219848632812, 473.5276794433594, 593.8522338867188, 588.1695556640625, 0.3864353895187378]]}