{"clean": [[3, 317.4002685546875, 398.3663330078125, 401.8668212890625, 484.74053955078125, 0.8825258612632751], [3, 154.08319091796875, 529.746337890625, 224.6175537109375, 608.019775390625, 0.8644922375679016], [3, 221.47613525390625, 455.04864501953125, 312.5775146484375, 562.752197265625, 0.8167514801025391], [0, 514.88427734375, 91.25491333007812, 541.77294921875, 113.10223388671875, 0.800879716873169], [0, 547.6923828125, 54.08525085449219, 571.85595703125, 74.07524108886719, 0.7974721789360046], [0, 314.130126953125, 521.996337890625, 358.8109130859375, 569.7596435546875, 0.7869361042976379], [0, 176.51824951171875, 189.18423461914062, 199.05865478515625, 219.20193481445312, 0.7852047085762024], [0, 287.9365234375, 36.44755554199219, 302.2271728515625, 55.34925842285156, 0.7840614914894104], [0, 395.4566345214844, 340.7572326660156, 428.3395080566406, 374.1476745605469, 0.7558957934379578], [0, 161.3154296875, 473.7581787109375, 190.62640380859375, 518.8095703125, 0.7427312731742859], [0, 353.37469482421875, 365.7976989746094, 386.92218017578125, 401.1351623535156, 0.7384893298149109], [2, 544.6007080078125, 118.62044525146484, 576.3431396484375, 153.94052124023438, 0.710692822933197], [0, 429.761962890625, 318.04736328125, 461.0655517578125, 352.2227783203125, 0.6840973496437073], [0, 631.3226928710938, 12.992959976196289, 640.0, 29.343263626098633, 0.6719636917114258], [0, 316.0019836425781, 388.9248962402344, 353.4374694824219, 421.9579772949219, 0.5977195501327515], [1, 544.8779296875, 118.623291015625, 576.072998046875, 153.84237670898438, 0.5959296822547913], [0, 276.13385009765625, 418.81378173828125, 314.62384033203125, 452.7645263671875, 0.5716257095336914], [2, 465.14581298828125, 305.8933410644531, 532.8386840820312, 382.8603820800781, 0.5255645513534546], [0, 303.3396911621094, 0.010033607482910156, 315.8892517089844, 6.047877311706543, 0.4849824607372284], [0, 27.517183303833008, 391.0106201171875, 78.309326171875, 434.542724609375, 0.4742092490196228], [0, 141.14813232421875, 168.98611450195312, 162.52224731445312, 191.61672973632812, 0.40904468297958374], [0, 359.55743408203125, 303.5096435546875, 384.22808837890625, 332.193115234375, 0.3798556625843048], [0, 380.86126708984375, 282.17803955078125, 403.14154052734375, 312.57012939453125, 0.28721174597740173]], "patched": [[3, 317.64642333984375, 398.33282470703125, 401.84674072265625, 484.89837646484375, 0.8827831745147705], [3, 154.31930541992188, 529.7896728515625, 224.5750732421875, 608.033203125, 0.8745881915092468], [0, 176.760498046875, 190.30165100097656, 198.56591796875, 219.1261444091797, 0.8281922936439514], [0, 514.8428344726562, 91.1009292602539, 541.6555786132812, 112.84656524658203, 0.783403754234314], [0, 287.98956298828125, 36.49969482421875, 302.1751708984375, 55.31623840332031, 0.7822571396827698], [0, 314.16973876953125, 521.2718505859375, 358.67791748046875, 569.0155029296875, 0.7600963711738586], [0, 395.5740966796875, 340.8355712890625, 428.3154296875, 374.05560302734375, 0.7429460287094116], [2, 544.62744140625, 118.63774871826172, 576.3106689453125, 153.9122314453125, 0.7409216165542603], [0, 547.8197021484375, 54.904197692871094, 571.7537841796875, 74.02422332763672, 0.7338325381278992], [0, 353.4440612792969, 365.84088134765625, 386.8815002441406, 401.12457275390625, 0.7136818766593933], [3, 221.5343780517578, 454.2978515625, 312.39923095703125, 563.3196411132812, 0.6919270753860474], [0, 429.83526611328125, 318.3026123046875, 460.75555419921875, 351.9442138671875, 0.6712100505828857], [0, 631.35498046875, 13.074457168579102, 640.0, 29.30445671081543, 0.666670560836792], [0, 161.52450561523438, 472.37896728515625, 190.71426391601562, 519.3202514648438, 0.5997815132141113], [1, 544.9007568359375, 118.63976287841797, 576.0335693359375, 153.81048583984375, 0.5838770866394043], [0, 51.89317321777344, 389.58880615234375, 81.49665832519531, 418.03924560546875, 0.5810632705688477], [0, 316.0211181640625, 389.008056640625, 353.472900390625, 421.4508056640625, 0.5683835744857788], [0, 290.58514404296875, 418.75360107421875, 314.74139404296875, 443.54815673828125, 0.5372061729431152], [0, 303.42340087890625, 0.00995779037475586, 315.82110595703125, 5.997511863708496, 0.4875898063182831], [2, 465.1861572265625, 305.95751953125, 533.023193359375, 382.9859619140625, 0.4822230339050293], [0, 52.24287414550781, 394.4617919921875, 76.19166564941406, 417.45172119140625, 0.4690174460411072], [0, 169.78659057617188, 473.6331787109375, 190.57943725585938, 498.6796875, 0.46900010108947754], [0, 240.26043701171875, 442.3601379394531, 273.46002197265625, 470.9348449707031, 0.4333493113517761], [0, 141.3701171875, 171.77316284179688, 160.95831298828125, 191.49813842773438, 0.3474213182926178], [0, 360.8410339355469, 302.8652038574219, 385.7645568847656, 331.9551696777344, 0.3344152569770813]]}