{"clean": [[0, 267.3072814941406, 80.33294677734375, 275.0922546386719, 98.44320678710938, 0.80287766456604], [0, 395.8299865722656, 584.4671630859375, 412.5698547363281, 618.9566650390625, 0.7923335433006287], [0, 340.0582275390625, 38.35856628417969, 348.15374755859375, 57.11738586425781, 0.7529308795928955], [3, 398.2508544921875, 266.07830810546875, 413.4150390625, 351.27655029296875, 0.7336671352386475], [0, 349.5509033203125, 0.0, 357.85498046875, 15.65809154510498, 0.7336419820785522], [1, 376.7032470703125, 269.1124572753906, 387.0965576171875, 307.4965515136719, 0.7221527099609375], [1, 252.07025146484375, 430.2435302734375, 264.76220703125, 465.500244140625, 0.6769910454750061], [0, 375.7904357910156, 208.9900360107422, 384.8187561035156, 238.21043395996094, 0.6152294278144836], [1, 331.64886474609375, 407.52044677734375, 343.04595947265625, 449.03460693359375, 0.5661759376525879], [0, 251.90640258789062, 426.32379150390625, 264.8604431152344, 465.56292724609375, 0.5347633957862854], [0, 303.2588195800781, 37.646583557128906, 311.1690368652344, 59.99176788330078, 0.5340924859046936], [3, 396.20147705078125, 191.310302734375, 407.60357666015625, 233.12228393554688, 0.5337677001953125], [1, 336.96099853515625, 263.22698974609375, 346.34783935546875, 296.53033447265625, 0.47085946798324585], [0, 331.4927062988281, 407.44952392578125, 343.1020812988281, 448.99822998046875, 0.46333470940589905], [1, 380.5322265625, 390.99835205078125, 391.5777587890625, 430.74664306640625, 0.4417053461074829], [0, 332.3285827636719, 85.66911315917969, 340.8352966308594, 107.34535217285156, 0.3717217743396759], [0, 380.9180603027344, 391.1461181640625, 390.5103454589844, 430.6055908203125, 0.33920273184776306], [1, 337.6842346191406, 263.2610168457031, 346.2405700683594, 280.5018615722656, 0.3363557457923889], [1, 332.43060302734375, 85.64263916015625, 340.991943359375, 107.2659912109375, 0.31879645586013794]], "patched": [[0, 267.3082275390625, 80.33375549316406, 275.0921630859375, 98.44273376464844, 0.8031151294708252], [0, 395.85833740234375, 584.3824462890625, 411.85784912109375, 619.9705810546875, 0.7932478785514832], [0, 340.05926513671875, 38.35877227783203, 348.15252685546875, 57.117271423339844, 0.7529512047767639], [3, 398.252685546875, 266.07891845703125, 413.4130859375, 351.28009033203125, 0.7337006330490112], [0, 349.5513610839844, 0.0, 357.8545227050781, 15.657271385192871, 0.7336362600326538], [0, 251.90603637695312, 426.22662353515625, 264.9349060058594, 465.54425048828125, 0.7301821112632751], [1, 376.7033996582031, 269.1121826171875, 387.0966491699219, 307.49688720703125, 0.7221410274505615], [0, 375.7919006347656, 208.98907470703125, 384.8172912597656, 238.21124267578125, 0.6140539646148682], [3, 396.20166015625, 191.30899047851562, 407.601806640625, 233.12155151367188, 0.5381115674972534], [0, 303.259765625, 37.64715576171875, 311.168701171875, 59.991943359375, 0.5341471433639526], [0, 331.69232177734375, 407.4388427734375, 343.041015625, 448.995849609375, 0.508591890335083], [1, 336.9631652832031, 263.2259216308594, 346.3460998535156, 296.5297546386719, 0.4716562330722809], [1, 380.5425109863281, 390.99725341796875, 391.5771179199219, 430.745849609375, 0.4386911392211914], [0, 332.330078125, 85.66902923583984, 340.8338623046875, 107.34380340576172, 0.37182745337486267], [1, 337.68621826171875, 263.261962890625, 346.23895263671875, 280.427001953125, 0.3393380641937256], [0, 380.92718505859375, 391.1466064453125, 390.49737548828125, 430.607666015625, 0.3368832468986511], [1, 331.92730712890625, 407.48138427734375, 343.1351318359375, 448.90216064453125, 0.32571521401405334], [1, 332.4320373535156, 85.64338684082031, 340.9902648925781, 107.26536560058594, 0.31904658675193787], [0, 251.96209716796875, 436.35302734375, 264.1939697265625, 465.5443115234375, 0.2602209746837616]]}