{"clean": [[0, 28.57648468017578, 314.0447082519531, 110.81473541259766, 379.7005310058594, 0.934272050857544], [0, 5.904182434082031, 367.9319763183594, 95.86504364013672, 440.7912292480469, 0.9116480350494385], [0, 229.874267578125, 314.39129638671875, 278.90673828125, 419.93951416015625, 0.9064717888832092], [0, 170.72955322265625, 320.04119873046875, 218.18072509765625, 417.91790771484375, 0.9056406617164612], [0, 200.85342407226562, 186.860595703125, 248.46185302734375, 280.5595703125, 0.8998667001724243], [0, 5.948265075683594, 202.58209228515625, 92.87796020507812, 257.80126953125, 0.8911550045013428], [0, 0.032283782958984375, 420.5809020996094, 51.94255065917969, 509.7585754394531, 0.8821613192558289], [0, 399.968017578125, 175.97222900390625, 459.9591064453125, 267.5146179199219, 0.8806179165840149], [0, 421.8331298828125, 269.53643798828125, 487.144287109375, 369.96014404296875, 0.8656651973724365], [0, 8.069816589355469, 156.8896484375, 87.81433868408203, 209.02099609375, 0.8602993488311768], [0, 31.652755737304688, 252.91094970703125, 116.3309326171875, 303.1785888671875, 0.8164458274841309], [0, 475.50274658203125, 218.76747131347656, 545.1044311523438, 305.544189453125, 0.7855255603790283], [0, 167.02743530273438, 87.95636749267578, 216.55831909179688, 170.1630859375, 0.5803669095039368], [0, 362.7408447265625, 95.04315948486328, 413.71514892578125, 176.603271484375, 0.4531540870666504]], "patched": [[0, 28.60378646850586, 314.0462951660156, 110.97503662109375, 379.9288635253906, 0.9254764914512634], [0, 5.974189758300781, 368.03985595703125, 96.03750610351562, 440.79437255859375, 0.894631028175354], [0, 230.42327880859375, 314.01873779296875, 279.1309814453125, 420.05255126953125, 0.8928641676902771], [0, 170.77529907226562, 319.69708251953125, 218.06161499023438, 418.07537841796875, 0.882926881313324], [0, 421.4668273925781, 270.30316162109375, 487.4394226074219, 370.11138916015625, 0.8820399045944214], [0, 200.983154296875, 186.65292358398438, 248.4365234375, 280.12078857421875, 0.8509914875030518], [0, 399.84674072265625, 175.8521728515625, 459.80694580078125, 267.3504638671875, 0.8500990867614746], [0, 7.647987365722656, 156.47064208984375, 88.09809112548828, 209.60211181640625, 0.8433462977409363], [0, 6.6441192626953125, 202.5380859375, 92.626953125, 257.95379638671875, 0.8223066329956055], [0, 475.296630859375, 218.75634765625, 542.5877685546875, 305.164306640625, 0.7779977321624756], [0, 0.10085296630859375, 417.64459228515625, 52.263511657714844, 509.7337646484375, 0.7765251398086548], [1, 31.07735824584961, 253.0176544189453, 116.15347290039062, 302.98260498046875, 0.625831127166748], [0, 30.908966064453125, 253.62777709960938, 116.18917846679688, 302.9009094238281, 0.5575047731399536], [0, 164.8286590576172, 89.12026977539062, 215.9051971435547, 169.90658569335938, 0.5417134165763855], [0, 364.8531188964844, 97.77640533447266, 412.6164245605469, 176.20852661132812, 0.4128290116786957], [0, 0.0, 536.6961669921875, 15.505146980285645, 625.6307373046875, 0.3868511915206909]]}