{"clean": [[0, 243.39443969726562, 173.3656463623047, 268.5345764160156, 230.1149444580078, 0.8802714943885803], [0, 407.0967712402344, 521.0643310546875, 452.8133239746094, 640.0, 0.8787477016448975], [0, 207.42465209960938, 276.1597900390625, 255.62222290039062, 342.1373291015625, 0.8693056106567383], [0, 252.15069580078125, 124.15962982177734, 272.50970458984375, 167.27291870117188, 0.8590388298034668], [0, 274.12689208984375, 15.735179901123047, 294.34027099609375, 45.47279739379883, 0.8390333652496338], [0, 320.2492980957031, 471.67645263671875, 356.0329284667969, 585.0830688476562, 0.8352627158164978], [0, 386.6767578125, 287.7021484375, 416.2796630859375, 356.8870849609375, 0.8319177031517029], [0, 374.7042236328125, 219.95004272460938, 401.8843994140625, 276.6878967285156, 0.8294632434844971], [1, 259.32635498046875, 72.70191955566406, 277.80963134765625, 117.68940734863281, 0.8188270330429077], [0, 214.24612426757812, 342.27471923828125, 245.38009643554688, 424.10089111328125, 0.7766612768173218], [1, 380.93988037109375, 371.62420654296875, 409.14300537109375, 439.67816162109375, 0.7757143974304199], [0, 266.0916748046875, 0.0, 293.065185546875, 21.390594482421875, 0.7553727626800537], [0, 182.56924438476562, 600.8287353515625, 221.88546752929688, 639.8956298828125, 0.7330890893936157], [4, 235.03866577148438, 610.2686767578125, 252.65005493164062, 640.0, 0.7023297548294067], [2, 345.89642333984375, 263.4554138183594, 384.1640625, 342.2736511230469, 0.513906717300415], [0, 369.9651184082031, 110.56465148925781, 395.8302917480469, 155.66868591308594, 0.5054240822792053], [0, 262.056884765625, 33.49852752685547, 282.57379150390625, 63.477882385253906, 0.49135148525238037], [0, 346.14056396484375, 263.370849609375, 384.0711669921875, 342.25054931640625, 0.4190167486667633], [0, 374.99884033203125, 193.35748291015625, 424.924072265625, 224.08670043945312, 0.36609217524528503], [0, 361.18389892578125, 39.096923828125, 377.97882080078125, 66.38566589355469, 0.2867355942726135]], "patched": [[0, 320.6010437011719, 472.08148193359375, 356.3144836425781, 585.0199584960938, 0.7733978033065796], [0, 407.7392578125, 521.666015625, 452.785400390625, 639.633056640625, 0.767421543598175], [0, 184.662841796875, 600.618408203125, 222.08493041992188, 639.913818359375, 0.7520605325698853], [0, 243.40008544921875, 182.63568115234375, 267.56982421875, 230.40655517578125, 0.7396225333213806], [1, 259.8891906738281, 73.2235107421875, 277.2734680175781, 98.54151916503906, 0.7176252007484436], [0, 387.16046142578125, 287.553955078125, 415.64105224609375, 356.570556640625, 0.7104399800300598], [0, 252.1803741455078, 137.241455078125, 271.95416259765625, 166.9757080078125, 0.7026779651641846], [0, 273.67816162109375, 15.664322853088379, 294.19219970703125, 45.388389587402344, 0.6981710195541382], [0, 252.1800537109375, 125.42048645019531, 272.28729248046875, 167.2545623779297, 0.6952621936798096], [4, 235.59478759765625, 610.2030029296875, 252.72329711914062, 640.0, 0.6937221884727478], [0, 246.1569061279297, 173.33547973632812, 268.24481201171875, 205.13946533203125, 0.6586930751800537], [0, 374.8369140625, 220.61441040039062, 401.673583984375, 275.9928283691406, 0.6074203252792358], [0, 217.23934936523438, 342.17626953125, 244.78097534179688, 386.46173095703125, 0.4800315499305725], [0, 214.22735595703125, 371.6883544921875, 244.6197509765625, 424.018310546875, 0.4359537959098816], [0, 209.03378295898438, 276.256591796875, 255.55679321289062, 341.2769775390625, 0.4224550127983093], [1, 261.597900390625, 32.1400146484375, 282.55322265625, 63.272003173828125, 0.41583582758903503], [0, 261.75762939453125, 33.839576721191406, 282.50433349609375, 63.264434814453125, 0.3729246258735657], [0, 253.8204345703125, 124.08204650878906, 272.0137939453125, 147.69432067871094, 0.3485664129257202], [0, 270.6780090332031, 0.0, 293.1728820800781, 15.620884895324707, 0.28479963541030884], [2, 380.9168701171875, 371.5006103515625, 409.27593994140625, 440.190185546875, 0.2705724537372589], [1, 347.25189208984375, 263.5167236328125, 383.78875732421875, 341.73675537109375, 0.2518776059150696]]}