{"clean": [[0, 181.33670043945312, 566.1448974609375, 204.20870971679688, 609.8226318359375, 0.8449222445487976], [0, 371.4029541015625, 541.62646484375, 397.3790283203125, 582.647705078125, 0.8434538245201111], [1, 403.65118408203125, 505.59185791015625, 438.6370849609375, 532.9819946289062, 0.8426738381385803], [0, 194.06985473632812, 535.1129760742188, 214.71939086914062, 567.1290893554688, 0.8425469398498535], [0, 222.1320037841797, 460.45233154296875, 236.6092071533203, 485.1275634765625, 0.8046636581420898], [0, 343.7471618652344, 574.12646484375, 361.9733581542969, 617.0772705078125, 0.7726065516471863], [0, 216.4512939453125, 525.098388671875, 238.21453857421875, 562.464599609375, 0.7486960291862488], [0, 257.20538330078125, 374.6964416503906, 267.5313720703125, 389.8569030761719, 0.7456378936767578], [0, 330.6405029296875, 358.6630859375, 339.6837158203125, 369.244140625, 0.7263793349266052], [1, 239.302490234375, 459.6334228515625, 252.22390747070312, 486.0579833984375, 0.6853808760643005], [1, 137.09158325195312, 565.6217651367188, 158.3511962890625, 607.8790893554688, 0.6702248454093933], [0, 317.3128662109375, 419.67523193359375, 327.1495361328125, 437.60272216796875, 0.6051056385040283], [0, 269.69256591796875, 344.9265441894531, 277.70941162109375, 354.7924499511719, 0.5997036099433899], [0, 300.2436828613281, 377.96014404296875, 308.4306945800781, 391.24896240234375, 0.5670521855354309], [4, 391.1155700683594, 423.6776428222656, 398.2132263183594, 439.6498718261719, 0.4526583254337311], [0, 329.8683776855469, 347.19952392578125, 339.4237365722656, 358.7344970703125, 0.3816661238670349], [0, 282.84979248046875, 338.5120849609375, 288.46197509765625, 347.2052001953125, 0.3087032437324524], [0, 271.18975830078125, 338.5501708984375, 279.56256103515625, 347.6522216796875, 0.2972692847251892], [0, 275.2711181640625, 330.19281005859375, 282.51763916015625, 339.03851318359375, 0.2915376126766205], [0, 309.53814697265625, 343.17926025390625, 315.64349365234375, 352.20001220703125, 0.2897051274776459], [0, 329.00482177734375, 336.6826171875, 337.5533447265625, 346.033447265625, 0.281925767660141], [0, 205.66183471679688, 485.52117919921875, 227.39102172851562, 513.4038696289062, 0.2640496790409088]], "patched": [[0, 221.98507690429688, 460.43194580078125, 236.69503784179688, 485.13934326171875, 0.8031200170516968], [0, 257.1348876953125, 374.63995361328125, 267.6053466796875, 389.88494873046875, 0.7436195015907288], [0, 330.6018371582031, 358.6223449707031, 339.8492736816406, 369.2516174316406, 0.7248030304908752], [1, 239.05459594726562, 459.54766845703125, 252.25314331054688, 486.078857421875, 0.6829399466514587], [0, 196.08798217773438, 535.094970703125, 214.67190551757812, 557.642578125, 0.6331065893173218], [0, 269.41326904296875, 344.868408203125, 277.7493896484375, 354.812744140625, 0.5744114518165588], [0, 317.310302734375, 419.6789245605469, 327.1917724609375, 437.6152038574219, 0.5163394808769226], [1, 141.4278564453125, 565.5042724609375, 157.99603271484375, 592.4942626953125, 0.4427263140678406], [0, 343.90380859375, 574.19140625, 361.5693359375, 616.9969482421875, 0.42586830258369446], [0, 181.77088928222656, 566.3466796875, 204.27638244628906, 609.8193359375, 0.4092985689640045], [4, 391.103515625, 423.6265869140625, 398.245849609375, 439.5479736328125, 0.4068027138710022], [0, 300.23541259765625, 378.0321960449219, 308.46002197265625, 391.2364196777344, 0.39786025881767273], [0, 194.76239013671875, 534.81103515625, 214.50991821289062, 566.6251220703125, 0.39430132508277893], [2, 344.3543701171875, 574.177978515625, 361.9068603515625, 617.349365234375, 0.3698284327983856], [0, 329.82904052734375, 347.1176452636719, 339.69610595703125, 358.7547302246094, 0.3570500910282135], [1, 403.9395751953125, 505.8831787109375, 439.001220703125, 533.0845947265625, 0.33290138840675354], [1, 216.56625366210938, 525.00341796875, 238.09182739257812, 561.991455078125, 0.30385851860046387], [0, 271.0157470703125, 338.43450927734375, 279.643798828125, 347.65545654296875, 0.2922283113002777], [0, 328.94708251953125, 336.5362548828125, 337.73736572265625, 346.03167724609375, 0.2617802917957306], [0, 275.13812255859375, 329.9849853515625, 282.56719970703125, 339.0384521484375, 0.261666864156723]]}