{"clean": [[2, 417.2861328125, 527.6192626953125, 488.21466064453125, 604.2611083984375, 0.7584256529808044], [0, 284.65240478515625, 341.06298828125, 298.15093994140625, 360.996337890625, 0.5955727100372314], [1, 332.64727783203125, 293.068115234375, 342.65325927734375, 308.8798828125, 0.48732563853263855], [4, 334.84088134765625, 324.41015625, 339.4210205078125, 335.0379638671875, 0.40447133779525757], [4, 165.80615234375, 621.8338623046875, 190.5513916015625, 640.0, 0.36688318848609924], [0, 332.5341796875, 293.13751220703125, 342.72552490234375, 308.67303466796875, 0.34883835911750793], [4, 331.24090576171875, 246.39151000976562, 335.34259033203125, 252.71798706054688, 0.29169097542762756], [0, 353.6448974609375, 259.69598388671875, 364.1405029296875, 271.87506103515625, 0.26628953218460083], [4, 322.56573486328125, 376.41424560546875, 329.81756591796875, 391.95220947265625, 0.260209321975708]], "patched": [[2, 417.2861328125, 527.6192626953125, 488.21466064453125, 604.2611083984375, 0.7584256529808044], [0, 284.65240478515625, 341.06298828125, 298.15093994140625, 360.996337890625, 0.5955727100372314], [1, 332.64727783203125, 293.068115234375, 342.65325927734375, 308.8798828125, 0.48732563853263855], [4, 334.84088134765625, 324.41015625, 339.4210205078125, 335.0379638671875, 0.40447133779525757], [4, 165.80615234375, 621.8338623046875, 190.5513916015625, 640.0, 0.36688318848609924], [0, 332.5341796875, 293.13751220703125, 342.72552490234375, 308.67303466796875, 0.34883835911750793], [4, 331.24090576171875, 246.39151000976562, 335.34259033203125, 252.71798706054688, 0.29169097542762756], [0, 353.6448974609375, 259.69598388671875, 364.1405029296875, 271.87506103515625, 0.26628953218460083], [4, 322.56573486328125, 376.41424560546875, 329.81756591796875, 391.95220947265625, 0.260209321975708]]}