{"clean": [[0, 357.1217041015625, 160.6884765625, 396.9853515625, 211.86785888671875, 0.8871471285820007], [1, 86.1032485961914, 26.583738327026367, 114.38704681396484, 71.28915405273438, 0.877378523349762], [0, 388.9283447265625, 139.71426391601562, 432.12884521484375, 190.0897216796875, 0.8748806715011597], [0, 314.3717956542969, 137.78707885742188, 344.4533386230469, 181.52243041992188, 0.8626974821090698], [0, 292.01580810546875, 34.97727966308594, 319.31939697265625, 66.62796783447266, 0.860605001449585], [0, 67.88909912109375, 150.05816650390625, 101.99838256835938, 216.3843994140625, 0.8555055260658264], [0, 403.27294921875, 85.05840301513672, 454.3818359375, 120.2614517211914, 0.8465223908424377], [0, 383.82666015625, 63.53330993652344, 432.4500732421875, 95.94134521484375, 0.8319342136383057], [0, 280.06109619140625, 9.503776550292969, 306.09808349609375, 38.049232482910156, 0.818413496017456], [0, 308.78271484375, 0.054126739501953125, 329.329345703125, 20.287906646728516, 0.7304401397705078], [0, 336.2479248046875, 119.59300994873047, 367.9447021484375, 164.2916259765625, 0.7043187618255615], [0, 509.8695068359375, 216.96865844726562, 573.468505859375, 260.8008117675781, 0.7037385106086731], [0, 385.08392333984375, 39.83799743652344, 422.39971923828125, 64.97642517089844, 0.7011356949806213], [0, 268.93768310546875, 0.0, 293.6583251953125, 10.769414901733398, 0.6920514702796936], [3, 231.53900146484375, 42.436248779296875, 292.47821044921875, 183.63369750976562, 0.6816483736038208], [0, 314.49676513671875, 17.297767639160156, 337.08807373046875, 45.90443420410156, 0.6755338907241821], [2, 505.54803466796875, 251.19911193847656, 613.7691040039062, 327.9859619140625, 0.6369644403457642], [4, 472.84869384765625, 117.67105102539062, 484.68878173828125, 137.91940307617188, 0.4296334981918335], [2, 232.27052307128906, 41.9744873046875, 292.009033203125, 181.58816528320312, 0.31698930263519287]], "patched": [[0, 357.1217041015625, 160.6884765625, 396.9853515625, 211.86785888671875, 0.8871471285820007], [1, 86.1032485961914, 26.583738327026367, 114.38704681396484, 71.28915405273438, 0.877378523349762], [0, 388.9283447265625, 139.71426391601562, 432.12884521484375, 190.0897216796875, 0.8748806715011597], [0, 314.3717956542969, 137.78707885742188, 344.4533386230469, 181.52243041992188, 0.8626974821090698], [0, 292.01580810546875, 34.97727966308594, 319.31939697265625, 66.62796783447266, 0.860605001449585], [0, 67.88909912109375, 150.05816650390625, 101.99838256835938, 216.3843994140625, 0.8555055260658264], [0, 403.27294921875, 85.05840301513672, 454.3818359375, 120.2614517211914, 0.8465223908424377], [0, 383.82666015625, 63.53330993652344, 432.4500732421875, 95.94134521484375, 0.8319342136383057], [0, 280.06109619140625, 9.503776550292969, 306.09808349609375, 38.049232482910156, 0.818413496017456], [0, 308.78271484375, 0.054126739501953125, 329.329345703125, 20.287906646728516, 0.7304401397705078], [0, 336.2479248046875, 119.59300994873047, 367.9447021484375, 164.2916259765625, 0.7043187618255615], [0, 509.8695068359375, 216.96865844726562, 573.468505859375, 260.8008117675781, 0.7037385106086731], [0, 385.08392333984375, 39.83799743652344, 422.39971923828125, 64.97642517089844, 0.7011356949806213], [0, 268.93768310546875, 0.0, 293.6583251953125, 10.769414901733398, 0.6920514702796936], [3, 231.53900146484375, 42.436248779296875, 292.47821044921875, 183.63369750976562, 0.6816483736038208], [0, 314.49676513671875, 17.297767639160156, 337.08807373046875, 45.90443420410156, 0.6755338907241821], [2, 505.54803466796875, 251.19911193847656, 613.7691040039062, 327.9859619140625, 0.6369644403457642], [4, 472.84869384765625, 117.67105102539062, 484.68878173828125, 137.91940307617188, 0.4296334981918335], [2, 232.27052307128906, 41.9744873046875, 292.009033203125, 181.58816528320312, 0.31698930263519287]]}