{"clean": [[0, 341.2131042480469, 397.6048583984375, 381.7088317871094, 443.53497314453125, 0.9086613655090332], [0, 331.6760559082031, 361.8819580078125, 371.1327819824219, 406.97509765625, 0.8954676985740662], [0, 319.4696960449219, 319.2253112792969, 357.1120300292969, 363.2394104003906, 0.8929223418235779], [0, 208.80892944335938, 190.67507934570312, 253.33401489257812, 228.35000610351562, 0.8438460826873779], [0, 181.90570068359375, 114.5014419555664, 235.00433349609375, 146.59921264648438, 0.7055027484893799], [0, 170.998046875, 66.88862609863281, 210.41033935546875, 94.55410766601562, 0.6181741952896118], [0, 159.90020751953125, 6.5755615234375, 200.53439331054688, 30.97623062133789, 0.6179542541503906]], "patched": [[0, 341.2131042480469, 397.6048583984375, 381.7088317871094, 443.53497314453125, 0.9086613655090332], [0, 331.6760559082031, 361.8819580078125, 371.1327819824219, 406.97509765625, 0.8954676985740662], [0, 319.4696960449219, 319.2253112792969, 357.1120300292969, 363.2394104003906, 0.8929223418235779], [0, 208.80892944335938, 190.67507934570312, 253.33401489257812, 228.35000610351562, 0.8438460826873779], [0, 181.90570068359375, 114.5014419555664, 235.00433349609375, 146.59921264648438, 0.7055027484893799], [0, 170.998046875, 66.88862609863281, 210.41033935546875, 94.55410766601562, 0.6181741952896118], [0, 159.90020751953125, 6.5755615234375, 200.53439331054688, 30.97623062133789, 0.6179542541503906]]}