{"clean": [[0, 243.92901611328125, 316.8586120605469, 256.2890625, 354.4837341308594, 0.8236067891120911], [0, 276.6569519042969, 104.50830078125, 287.8905944824219, 121.99627685546875, 0.7606860995292664], [0, 286.377197265625, 617.075927734375, 299.9942626953125, 640.0, 0.7416490316390991], [0, 353.2696533203125, 181.22640991210938, 365.5078125, 211.72732543945312, 0.7394624948501587], [0, 206.8594970703125, 318.28936767578125, 221.64154052734375, 352.77532958984375, 0.7186686396598816], [0, 323.50189208984375, 288.20440673828125, 335.19439697265625, 324.23223876953125, 0.6895913481712341], [0, 240.7288818359375, 402.049560546875, 251.65966796875, 444.291015625, 0.6700904965400696], [0, 342.5152587890625, 129.10560607910156, 354.431640625, 159.54563903808594, 0.6166349649429321], [0, 279.3147888183594, 497.4534606933594, 293.2279968261719, 548.3311767578125, 0.5770788788795471], [2, 254.27481079101562, 466.28131103515625, 275.0954284667969, 586.0635375976562, 0.5595980882644653], [0, 277.95269775390625, 168.73817443847656, 289.91485595703125, 188.9466094970703, 0.535182535648346], [0, 238.21044921875, 520.5291748046875, 251.74810791015625, 575.7291259765625, 0.4956108331680298], [0, 616.461669921875, 260.6539611816406, 635.6668701171875, 292.0361633300781, 0.4805856943130493], [0, 325.37774658203125, 169.01588439941406, 337.16046142578125, 202.1735076904297, 0.36667200922966003]], "patched": [[0, 243.92901611328125, 316.8586120605469, 256.2890625, 354.4837341308594, 0.8236067891120911], [0, 276.6569519042969, 104.50830078125, 287.8905944824219, 121.99627685546875, 0.7606860995292664], [0, 286.377197265625, 617.075927734375, 299.9942626953125, 640.0, 0.7416490316390991], [0, 353.2696533203125, 181.22640991210938, 365.5078125, 211.72732543945312, 0.7394624948501587], [0, 206.8594970703125, 318.28936767578125, 221.64154052734375, 352.77532958984375, 0.7186686396598816], [0, 323.50189208984375, 288.20440673828125, 335.19439697265625, 324.23223876953125, 0.6895913481712341], [0, 240.7288818359375, 402.049560546875, 251.65966796875, 444.291015625, 0.6700904965400696], [0, 342.5152587890625, 129.10560607910156, 354.431640625, 159.54563903808594, 0.6166349649429321], [0, 279.3147888183594, 497.4534606933594, 293.2279968261719, 548.3311767578125, 0.5770788788795471], [2, 254.27481079101562, 466.28131103515625, 275.0954284667969, 586.0635375976562, 0.5595980882644653], [0, 277.95269775390625, 168.73817443847656, 289.91485595703125, 188.9466094970703, 0.535182535648346], [0, 238.21044921875, 520.5291748046875, 251.74810791015625, 575.7291259765625, 0.4956108331680298], [0, 616.461669921875, 260.6539611816406, 635.6668701171875, 292.0361633300781, 0.4805856943130493], [0, 325.37774658203125, 169.01588439941406, 337.16046142578125, 202.1735076904297, 0.36667200922966003]]}