{"clean": [[0, 350.9057312011719, 541.385986328125, 384.3359069824219, 577.4525146484375, 0.861850380897522], [0, 284.3121337890625, 298.07696533203125, 303.8568115234375, 316.61041259765625, 0.8119670748710632], [0, 14.502264976501465, 69.12136840820312, 23.01769256591797, 79.09970092773438, 0.7719820141792297], [0, 316.6600646972656, 234.62103271484375, 327.4796447753906, 252.17962646484375, 0.76729416847229], [0, 387.3349609375, 556.4232177734375, 415.73736572265625, 585.2132568359375, 0.7578484416007996], [0, 24.638717651367188, 64.46514892578125, 31.94293975830078, 73.51113891601562, 0.7496030926704407], [0, 33.079925537109375, 49.26148986816406, 41.4654541015625, 59.73805236816406, 0.7346571683883667], [0, 26.503150939941406, 47.8166389465332, 34.837669372558594, 56.44636917114258, 0.6993047595024109], [0, 73.71607971191406, 12.728865623474121, 82.20149230957031, 21.117385864257812, 0.6644564867019653], [0, 38.675567626953125, 195.79544067382812, 51.302978515625, 213.32034301757812, 0.6450017690658569], [0, 353.7975769042969, 100.6720199584961, 361.3648986816406, 111.21231842041016, 0.5972187519073486], [0, 21.167987823486328, 33.00210952758789, 27.936145782470703, 41.36972427368164, 0.5861572623252869], [0, 354.77874755859375, 109.79292297363281, 362.9737548828125, 119.66777038574219, 0.5267115235328674], [3, 330.2105712890625, 446.1750793457031, 345.92193603515625, 492.0505676269531, 0.5166720747947693], [1, 330.30548095703125, 446.0869140625, 345.56597900390625, 491.38134765625, 0.47920462489128113], [0, 333.0732116699219, 150.9992218017578, 344.0608215332031, 168.73374938964844, 0.4518877863883972], [0, 54.02153015136719, 21.847599029541016, 64.02876281738281, 33.65597152709961, 0.4513988792896271], [0, 108.85260009765625, 397.60675048828125, 130.9440460205078, 437.72991943359375, 0.4446614682674408], [0, 350.98748779296875, 120.8594970703125, 359.38433837890625, 131.73672485351562, 0.4061232805252075], [0, 92.9852066040039, 3.5062055587768555, 100.77181243896484, 11.62597942352295, 0.402021586894989], [0, 106.53878784179688, 384.8337097167969, 131.22836303710938, 438.9208068847656, 0.3822627067565918], [0, 50.007843017578125, 32.75703430175781, 57.647979736328125, 41.953590393066406, 0.35121825337409973], [0, 351.2790222167969, 130.01907348632812, 360.6391906738281, 142.63330078125, 0.33015698194503784], [0, 362.44378662109375, 110.02174377441406, 370.79742431640625, 123.18185424804688, 0.26621928811073303]], "patched": [[0, 350.9057312011719, 541.385986328125, 384.3359069824219, 577.4525146484375, 0.861850380897522], [0, 284.3121337890625, 298.07696533203125, 303.8568115234375, 316.61041259765625, 0.8119670748710632], [0, 14.502264976501465, 69.12136840820312, 23.01769256591797, 79.09970092773438, 0.7719820141792297], [0, 316.6600646972656, 234.62103271484375, 327.4796447753906, 252.17962646484375, 0.76729416847229], [0, 387.3349609375, 556.4232177734375, 415.73736572265625, 585.2132568359375, 0.7578484416007996], [0, 24.638717651367188, 64.46514892578125, 31.94293975830078, 73.51113891601562, 0.7496030926704407], [0, 33.079925537109375, 49.26148986816406, 41.4654541015625, 59.73805236816406, 0.7346571683883667], [0, 26.503150939941406, 47.8166389465332, 34.837669372558594, 56.44636917114258, 0.6993047595024109], [0, 73.71607971191406, 12.728865623474121, 82.20149230957031, 21.117385864257812, 0.6644564867019653], [0, 38.675567626953125, 195.79544067382812, 51.302978515625, 213.32034301757812, 0.6450017690658569], [0, 353.7975769042969, 100.6720199584961, 361.3648986816406, 111.21231842041016, 0.5972187519073486], [0, 21.167987823486328, 33.00210952758789, 27.936145782470703, 41.36972427368164, 0.5861572623252869], [0, 354.77874755859375, 109.79292297363281, 362.9737548828125, 119.66777038574219, 0.5267115235328674], [3, 330.2105712890625, 446.1750793457031, 345.92193603515625, 492.0505676269531, 0.5166720747947693], [1, 330.30548095703125, 446.0869140625, 345.56597900390625, 491.38134765625, 0.47920462489128113], [0, 333.0732116699219, 150.9992218017578, 344.0608215332031, 168.73374938964844, 0.4518877863883972], [0, 54.02153015136719, 21.847599029541016, 64.02876281738281, 33.65597152709961, 0.4513988792896271], [0, 108.85260009765625, 397.60675048828125, 130.9440460205078, 437.72991943359375, 0.4446614682674408], [0, 350.98748779296875, 120.8594970703125, 359.38433837890625, 131.73672485351562, 0.4061232805252075], [0, 92.9852066040039, 3.5062055587768555, 100.77181243896484, 11.62597942352295, 0.402021586894989], [0, 106.53878784179688, 384.8337097167969, 131.22836303710938, 438.9208068847656, 0.3822627067565918], [0, 50.007843017578125, 32.75703430175781, 57.647979736328125, 41.953590393066406, 0.35121825337409973], [0, 351.2790222167969, 130.01907348632812, 360.6391906738281, 142.63330078125, 0.33015698194503784], [0, 362.44378662109375, 110.02174377441406, 370.79742431640625, 123.18185424804688, 0.26621928811073303]]}