{"clean": [[0, 300.2237548828125, 203.01219177246094, 309.7413330078125, 235.45045471191406, 0.7199767827987671], [0, 353.8769226074219, 499.05426025390625, 365.9241638183594, 545.7692260742188, 0.67879319190979], [0, 148.71437072753906, 356.62969970703125, 161.85377502441406, 391.19549560546875, 0.6536381840705872], [0, 436.9627990722656, 115.28681945800781, 450.3163146972656, 149.54978942871094, 0.649109959602356], [0, 268.34918212890625, 259.823486328125, 281.93682861328125, 297.3216552734375, 0.5877448916435242], [0, 398.53350830078125, 145.06698608398438, 410.33917236328125, 180.46542358398438, 0.5639475584030151], [0, 265.64874267578125, 566.2672729492188, 280.35394287109375, 622.6023559570312, 0.5449670553207397], [0, 464.47979736328125, 185.5363006591797, 488.39178466796875, 230.1180877685547, 0.5378479361534119], [0, 335.0760498046875, 339.08209228515625, 346.33245849609375, 373.88446044921875, 0.5374157428741455], [0, 443.30096435546875, 58.20452117919922, 455.47979736328125, 86.84827423095703, 0.516151487827301], [0, 480.60858154296875, 337.59088134765625, 494.18560791015625, 381.013916015625, 0.4454284608364105], [0, 411.3758544921875, 357.31329345703125, 425.06640625, 405.83648681640625, 0.3973761200904846], [0, 287.5486145019531, 156.57748413085938, 297.1806335449219, 171.05050659179688, 0.3729526996612549], [0, 423.711181640625, 507.3281555175781, 439.0113525390625, 562.0205078125, 0.31685346364974976]], "patched": [[0, 300.2237548828125, 203.01219177246094, 309.7413330078125, 235.45045471191406, 0.7199767827987671], [0, 353.8769226074219, 499.05426025390625, 365.9241638183594, 545.7692260742188, 0.67879319190979], [0, 148.71437072753906, 356.62969970703125, 161.85377502441406, 391.19549560546875, 0.6536381840705872], [0, 436.9627990722656, 115.28681945800781, 450.3163146972656, 149.54978942871094, 0.649109959602356], [0, 268.34918212890625, 259.823486328125, 281.93682861328125, 297.3216552734375, 0.5877448916435242], [0, 398.53350830078125, 145.06698608398438, 410.33917236328125, 180.46542358398438, 0.5639475584030151], [0, 265.64874267578125, 566.2672729492188, 280.35394287109375, 622.6023559570312, 0.5449670553207397], [0, 464.47979736328125, 185.5363006591797, 488.39178466796875, 230.1180877685547, 0.5378479361534119], [0, 335.0760498046875, 339.08209228515625, 346.33245849609375, 373.88446044921875, 0.5374157428741455], [0, 443.30096435546875, 58.20452117919922, 455.47979736328125, 86.84827423095703, 0.516151487827301], [0, 480.60858154296875, 337.59088134765625, 494.18560791015625, 381.013916015625, 0.4454284608364105], [0, 411.3758544921875, 357.31329345703125, 425.06640625, 405.83648681640625, 0.3973761200904846], [0, 287.5486145019531, 156.57748413085938, 297.1806335449219, 171.05050659179688, 0.3729526996612549], [0, 423.711181640625, 507.3281555175781, 439.0113525390625, 562.0205078125, 0.31685346364974976]]}