{"clean": [[0, 477.41217041015625, 574.1412353515625, 517.5805053710938, 613.328125, 0.8697430491447449], [0, 157.23199462890625, 573.069580078125, 184.1737060546875, 622.003173828125, 0.8522511124610901], [0, 406.4526672363281, 508.10626220703125, 428.0837707519531, 530.1244506835938, 0.8360567688941956], [0, 369.51629638671875, 488.94525146484375, 389.14031982421875, 508.78887939453125, 0.8333157300949097], [0, 309.3465576171875, 395.0205078125, 316.5721435546875, 401.9371337890625, 0.7455345988273621], [0, 237.482666015625, 390.4381103515625, 244.06439208984375, 397.717041015625, 0.7243642210960388], [0, 316.5133972167969, 391.6064453125, 323.3987731933594, 398.72320556640625, 0.7111210823059082], [0, 304.4892272949219, 376.46600341796875, 310.1051940917969, 382.02520751953125, 0.7075890302658081], [0, 227.0714569091797, 455.4356689453125, 239.1276397705078, 471.5848388671875, 0.6797603964805603], [0, 231.72076416015625, 384.5853271484375, 237.8248291015625, 390.8240966796875, 0.6233068108558655], [0, 227.1004638671875, 379.416015625, 233.2569580078125, 384.83282470703125, 0.6197933554649353], [0, 312.8757629394531, 378.31280517578125, 318.8354187011719, 384.18798828125, 0.6113592982292175], [0, 292.31817626953125, 370.008544921875, 297.49896240234375, 375.098876953125, 0.5998203158378601], [0, 238.19827270507812, 402.41253662109375, 246.32186889648438, 412.48516845703125, 0.59401535987854], [0, 297.3056640625, 377.2845458984375, 302.76593017578125, 383.3028564453125, 0.5334270000457764], [0, 221.33399963378906, 390.52191162109375, 228.41026306152344, 398.86151123046875, 0.505053699016571], [0, 297.122802734375, 367.30096435546875, 301.5689697265625, 371.89984130859375, 0.46906399726867676], [4, 398.09417724609375, 463.2136535644531, 408.64251708984375, 475.0474548339844, 0.41954711079597473], [0, 244.40289306640625, 358.6505126953125, 248.38589477539062, 362.2501220703125, 0.38790735602378845], [0, 230.95339965820312, 368.60833740234375, 235.92327880859375, 374.0018310546875, 0.34893929958343506], [0, 229.03173828125, 403.6744384765625, 234.67303466796875, 412.0452880859375, 0.3409319519996643], [0, 293.5621337890625, 361.66400146484375, 297.4056396484375, 365.67938232421875, 0.3104800581932068], [0, 235.3207244873047, 361.25469970703125, 238.73341369628906, 364.51409912109375, 0.30709001421928406], [0, 286.38714599609375, 358.2518310546875, 290.05963134765625, 362.071044921875, 0.2909895181655884]], "patched": [[0, 477.41217041015625, 574.1412353515625, 517.5805053710938, 613.328125, 0.8697430491447449], [0, 157.23199462890625, 573.069580078125, 184.1737060546875, 622.003173828125, 0.8522511124610901], [0, 406.4526672363281, 508.10626220703125, 428.0837707519531, 530.1244506835938, 0.8360567688941956], [0, 369.51629638671875, 488.94525146484375, 389.14031982421875, 508.78887939453125, 0.8333157300949097], [0, 309.3465576171875, 395.0205078125, 316.5721435546875, 401.9371337890625, 0.7455345988273621], [0, 237.482666015625, 390.4381103515625, 244.06439208984375, 397.717041015625, 0.7243642210960388], [0, 316.5133972167969, 391.6064453125, 323.3987731933594, 398.72320556640625, 0.7111210823059082], [0, 304.4892272949219, 376.46600341796875, 310.1051940917969, 382.02520751953125, 0.7075890302658081], [0, 227.0714569091797, 455.4356689453125, 239.1276397705078, 471.5848388671875, 0.6797603964805603], [0, 231.72076416015625, 384.5853271484375, 237.8248291015625, 390.8240966796875, 0.6233068108558655], [0, 227.1004638671875, 379.416015625, 233.2569580078125, 384.83282470703125, 0.6197933554649353], [0, 312.8757629394531, 378.31280517578125, 318.8354187011719, 384.18798828125, 0.6113592982292175], [0, 292.31817626953125, 370.008544921875, 297.49896240234375, 375.098876953125, 0.5998203158378601], [0, 238.19827270507812, 402.41253662109375, 246.32186889648438, 412.48516845703125, 0.59401535987854], [0, 297.3056640625, 377.2845458984375, 302.76593017578125, 383.3028564453125, 0.5334270000457764], [0, 221.33399963378906, 390.52191162109375, 228.41026306152344, 398.86151123046875, 0.505053699016571], [0, 297.122802734375, 367.30096435546875, 301.5689697265625, 371.89984130859375, 0.46906399726867676], [4, 398.09417724609375, 463.2136535644531, 408.64251708984375, 475.0474548339844, 0.41954711079597473], [0, 244.40289306640625, 358.6505126953125, 248.38589477539062, 362.2501220703125, 0.38790735602378845], [0, 230.95339965820312, 368.60833740234375, 235.92327880859375, 374.0018310546875, 0.34893929958343506], [0, 229.03173828125, 403.6744384765625, 234.67303466796875, 412.0452880859375, 0.3409319519996643], [0, 293.5621337890625, 361.66400146484375, 297.4056396484375, 365.67938232421875, 0.3104800581932068], [0, 235.3207244873047, 361.25469970703125, 238.73341369628906, 364.51409912109375, 0.30709001421928406], [0, 286.38714599609375, 358.2518310546875, 290.05963134765625, 362.071044921875, 0.2909895181655884]]}