{"clean": [[0, 368.5648498535156, 495.82867431640625, 396.1622009277344, 563.4450073242188, 0.8856965899467468], [0, 233.92971801757812, 205.15756225585938, 261.6596374511719, 229.19558715820312, 0.8350152969360352], [0, 303.7357177734375, 133.48226928710938, 318.832763671875, 148.13101196289062, 0.7064986228942871], [0, 210.3292236328125, 209.57772827148438, 247.97613525390625, 237.05825805664062, 0.6685696244239807], [4, 325.3395080566406, 350.28948974609375, 337.1853332519531, 369.38482666015625, 0.6240526437759399], [0, 326.803955078125, 128.83096313476562, 341.66180419921875, 143.50860595703125, 0.5615835189819336], [1, 366.00048828125, 133.45460510253906, 380.4793701171875, 152.97325134277344, 0.5420663356781006], [0, 336.08245849609375, 211.671875, 355.71112060546875, 230.681640625, 0.5351954698562622], [0, 275.7158203125, 169.0792694091797, 298.225830078125, 188.14808654785156, 0.5154456496238708], [4, 328.3809814453125, 490.30413818359375, 340.427490234375, 526.9240112304688, 0.4609079658985138], [4, 352.0023193359375, 255.42660522460938, 364.313232421875, 270.9772644042969, 0.4388920068740845], [0, 370.7541809082031, 100.3720703125, 378.7099914550781, 113.950439453125, 0.3811240792274475], [4, 396.56390380859375, 124.39366149902344, 400.72528076171875, 132.2870330810547, 0.31883880496025085], [4, 429.7432861328125, 479.71380615234375, 439.3931884765625, 498.45855712890625, 0.27781736850738525], [1, 370.8746643066406, 99.91920471191406, 378.8466491699219, 113.80265808105469, 0.26432013511657715]], "patched": [[1, 368.08197021484375, 496.1435241699219, 396.743896484375, 563.16259765625, 0.7606328725814819], [4, 325.1269836425781, 349.0843505859375, 337.6877136230469, 369.470947265625, 0.6328276991844177], [4, 328.09564208984375, 489.5836181640625, 340.76251220703125, 526.7777099609375, 0.5220903158187866], [4, 352.03961181640625, 252.88800048828125, 364.43280029296875, 271.13409423828125, 0.44009339809417725], [0, 235.1036376953125, 205.4794158935547, 261.453857421875, 229.77232360839844, 0.3940613567829132], [0, 370.46612548828125, 119.53889465332031, 379.69635009765625, 131.89723205566406, 0.3085901141166687], [4, 396.5602722167969, 123.41424560546875, 400.8172302246094, 132.24105834960938, 0.30316710472106934], [0, 365.92901611328125, 136.83432006835938, 382.10882568359375, 153.14639282226562, 0.2998540997505188]]}