{"clean": [[0, 206.4814453125, 194.64129638671875, 234.65850830078125, 227.65811157226562, 0.8757565021514893], [0, 319.7703857421875, 311.416259765625, 368.981201171875, 367.3232421875, 0.8709359169006348], [2, 288.10302734375, 231.90777587890625, 330.86767578125, 288.62109375, 0.8453025817871094], [0, 280.08709716796875, 194.89715576171875, 309.21026611328125, 222.49819946289062, 0.829805314540863], [0, 175.48385620117188, 190.9169464111328, 200.70053100585938, 222.6243438720703, 0.8193814754486084], [1, 398.320556640625, 192.023193359375, 435.91351318359375, 227.75787353515625, 0.7398877739906311], [0, 149.75624084472656, 302.759033203125, 187.21250915527344, 363.4599609375, 0.7274144291877747], [0, 126.24029541015625, 98.49737548828125, 138.62225341796875, 113.61599731445312, 0.6970512866973877], [0, 339.39569091796875, 165.621337890625, 362.50067138671875, 192.1024169921875, 0.6911766529083252], [0, 121.94598388671875, 75.39785766601562, 132.73757934570312, 87.52688598632812, 0.6759634613990784], [0, 137.27647399902344, 87.7103271484375, 151.51878356933594, 102.66275024414062, 0.6636222004890442], [4, 311.38665771484375, 194.7930908203125, 321.62445068359375, 210.0367431640625, 0.573300838470459], [0, 243.829345703125, 112.11141967773438, 260.93231201171875, 128.13491821289062, 0.5631659626960754], [0, 287.34722900390625, 138.90924072265625, 308.58941650390625, 155.66055297851562, 0.5226506590843201], [0, 225.61508178710938, 105.33543395996094, 239.68222045898438, 116.72560119628906, 0.4372963011264801], [0, 124.25260925292969, 46.25922393798828, 132.6920623779297, 55.42247772216797, 0.42628446221351624], [0, 116.1083984375, 108.01715850830078, 129.35348510742188, 123.2074203491211, 0.3595956265926361], [0, 404.6773681640625, 141.20980834960938, 427.7196044921875, 155.64627075195312, 0.3193024694919586], [4, 578.5186767578125, 299.09344482421875, 596.197021484375, 316.30133056640625, 0.31878143548965454], [4, 571.2801513671875, 529.3797607421875, 610.0872802734375, 583.1282958984375, 0.3110508918762207], [0, 307.7858581542969, 150.88905334472656, 334.1787414550781, 168.5870819091797, 0.25665146112442017]], "patched": [[1, 399.023193359375, 192.24688720703125, 436.11328125, 228.173583984375, 0.8012190461158752], [0, 206.4876708984375, 194.1314697265625, 235.5350341796875, 227.3804931640625, 0.782106339931488], [2, 288.40045166015625, 232.49917602539062, 336.43865966796875, 291.0043029785156, 0.7657408118247986], [0, 279.58551025390625, 194.0669708251953, 308.31317138671875, 223.07090759277344, 0.584416389465332], [4, 311.47418212890625, 194.1322021484375, 321.81256103515625, 210.01654052734375, 0.4757377803325653], [0, 137.70538330078125, 87.99436950683594, 152.03668212890625, 102.52227783203125, 0.4542567729949951], [4, 578.149169921875, 296.11187744140625, 596.99609375, 316.78631591796875, 0.3222135901451111], [4, 571.2150268554688, 530.265869140625, 610.7542114257812, 583.89990234375, 0.2951506972312927], [4, 462.67071533203125, 202.09347534179688, 478.07879638671875, 218.86294555664062, 0.2742127776145935], [4, 0.0, 542.2252197265625, 25.894515991210938, 589.3297119140625, 0.260958731174469]]}