{"clean": [[0, 450.5769348144531, 216.29791259765625, 480.7773742675781, 282.39080810546875, 0.7796028256416321], [0, 445.6427001953125, 49.448516845703125, 463.3465576171875, 107.72557067871094, 0.776810884475708], [0, 325.48162841796875, 12.247756958007812, 343.14434814453125, 70.00528717041016, 0.7595307230949402], [3, 248.94760131835938, 552.43701171875, 298.0639343261719, 639.67431640625, 0.7492678761482239], [0, 129.92861938476562, 384.47320556640625, 162.53707885742188, 450.30975341796875, 0.6912609338760376], [0, 275.3822021484375, 269.37646484375, 299.55755615234375, 338.869384765625, 0.6828057765960693], [0, 222.72222900390625, 602.132080078125, 246.26739501953125, 639.845947265625, 0.6390545964241028], [0, 249.31045532226562, 37.38245391845703, 266.8020324707031, 84.9130859375, 0.6127179861068726], [1, 319.8860778808594, 105.38627624511719, 339.9437561035156, 177.4893341064453, 0.6119645833969116], [0, 303.88458251953125, 0.0, 318.304931640625, 8.726452827453613, 0.584680438041687], [0, 130.97412109375, 226.3115234375, 155.068115234375, 291.75750732421875, 0.3362619876861572]], "patched": [[0, 446.62335205078125, 71.79301452636719, 462.47503662109375, 108.02732849121094, 0.7987407445907593], [0, 327.365966796875, 38.08025360107422, 342.025634765625, 70.44515991210938, 0.7373238801956177], [3, 248.95948791503906, 552.7635498046875, 297.4605712890625, 639.6229248046875, 0.7370190024375916], [1, 321.2299499511719, 105.21295166015625, 339.6421203613281, 177.482666015625, 0.7027645707130432], [0, 304.376708984375, 0.0, 317.98504638671875, 8.523941040039062, 0.6792525053024292], [0, 249.88143920898438, 49.30181121826172, 264.4581604003906, 84.38520050048828, 0.6731274724006653], [0, 222.0574951171875, 615.9962158203125, 244.92276000976562, 640.0, 0.588789165019989], [0, 451.42413330078125, 216.40560913085938, 473.19183349609375, 274.3754577636719, 0.5780253410339355], [0, 329.1248779296875, 12.906200408935547, 341.78643798828125, 44.9671516418457, 0.4611998498439789], [0, 222.076416015625, 605.2244262695312, 246.0889892578125, 640.0, 0.3939249813556671], [0, 131.23483276367188, 419.67120361328125, 148.62960815429688, 451.16326904296875, 0.35445600748062134], [0, 447.38226318359375, 49.713138580322266, 461.21368408203125, 80.88385009765625, 0.3031144142150879], [0, 451.1629638671875, 216.5579833984375, 472.289794921875, 257.5323486328125, 0.2961440086364746], [1, 136.24468994140625, 399.497314453125, 158.82232666015625, 417.70166015625, 0.28663069009780884], [3, 280.17401123046875, 269.36865234375, 298.40008544921875, 308.4522705078125, 0.28319084644317627], [0, 131.99302673339844, 227.94369506835938, 153.7098846435547, 291.8627014160156, 0.25925251841545105]]}