{"clean": [[0, 374.27935791015625, 368.27593994140625, 424.70831298828125, 400.10650634765625, 0.8988556265830994], [0, 212.483154296875, 250.2079315185547, 231.570068359375, 281.14849853515625, 0.8719269633293152], [4, 61.45466232299805, 370.9296875, 75.16056823730469, 393.022216796875, 0.7750512957572937], [4, 5.343757629394531, 397.506591796875, 27.756519317626953, 411.659912109375, 0.7488315105438232], [4, 2.969858169555664, 421.40582275390625, 26.05806541442871, 434.33416748046875, 0.7471134066581726], [4, 0.008008956909179688, 378.05450439453125, 10.472721099853516, 398.26116943359375, 0.7225277423858643], [4, 11.889540672302246, 376.33648681640625, 24.010406494140625, 397.80731201171875, 0.44243553280830383], [4, 16.886634826660156, 378.3135986328125, 28.657798767089844, 398.3492431640625, 0.3882174789905548]], "patched": [[0, 374.23553466796875, 368.32159423828125, 424.82281494140625, 400.44891357421875, 0.8876409530639648], [0, 212.58538818359375, 250.19351196289062, 231.547607421875, 281.1495056152344, 0.8610116839408875], [4, 61.52037048339844, 371.0009460449219, 75.25477600097656, 393.0162048339844, 0.7728388905525208], [4, 5.345451354980469, 397.564453125, 27.76197052001953, 411.659423828125, 0.7489886283874512], [4, 2.973968505859375, 421.47027587890625, 26.055688858032227, 434.33526611328125, 0.7467568516731262], [4, 0.008331298828125, 378.0690002441406, 10.452619552612305, 398.2526550292969, 0.7233632802963257], [4, 11.909743309020996, 376.3656311035156, 23.959197998046875, 397.7539367675781, 0.4377594292163849], [4, 16.971843719482422, 378.43408203125, 28.66419219970703, 398.33197021484375, 0.384464293718338]]}