{"clean": [[0, 383.12811279296875, 437.72613525390625, 417.8321533203125, 507.70391845703125, 0.8950972557067871], [0, 367.90948486328125, 374.6820068359375, 401.71148681640625, 425.19427490234375, 0.89384925365448], [0, 276.58245849609375, 297.11187744140625, 310.98492431640625, 322.29486083984375, 0.8838946223258972], [0, 324.343017578125, 181.66201782226562, 347.1258544921875, 194.57144165039062, 0.7949269413948059], [0, 275.89215087890625, 278.70068359375, 312.30572509765625, 302.1466064453125, 0.7830618023872375], [0, 342.7752990722656, 266.95086669921875, 377.8089294433594, 288.29095458984375, 0.7711554765701294], [0, 345.62628173828125, 221.755615234375, 373.6142578125, 239.00448608398438, 0.7473099231719971], [0, 322.00726318359375, 172.2227325439453, 346.040283203125, 182.5719451904297, 0.6132024526596069], [0, 325.63720703125, 168.55462646484375, 344.45855712890625, 176.7490234375, 0.294001042842865], [4, 538.649169921875, 470.4644775390625, 553.9718017578125, 496.3355712890625, 0.2639158070087433]], "patched": [[0, 276.6343078613281, 297.0959167480469, 310.8690490722656, 322.2304382324219, 0.8675761818885803], [0, 324.37847900390625, 181.6870880126953, 346.92181396484375, 194.45802307128906, 0.7921629548072815], [0, 388.18292236328125, 471.55816650390625, 417.67010498046875, 507.67462158203125, 0.7472551465034485], [0, 345.6519775390625, 222.00860595703125, 373.29364013671875, 238.97967529296875, 0.7327840328216553], [0, 342.79791259765625, 268.36468505859375, 378.01629638671875, 288.29486083984375, 0.6891508102416992], [0, 322.02093505859375, 172.20562744140625, 346.06060791015625, 182.56982421875, 0.6153510808944702], [2, 367.86334228515625, 374.40777587890625, 401.55242919921875, 425.22412109375, 0.6013197898864746], [0, 275.876220703125, 278.80029296875, 311.5623779296875, 300.412353515625, 0.5846291184425354], [0, 368.03814697265625, 374.5999755859375, 401.67022705078125, 425.14013671875, 0.5606836676597595], [0, 382.900634765625, 437.3701171875, 413.1348876953125, 479.9549560546875, 0.3607178330421448], [0, 325.6119384765625, 168.53036499023438, 344.4713134765625, 176.76419067382812, 0.2909993529319763]]}