{"clean": [[1, 402.9968566894531, 201.50704956054688, 449.7201843261719, 258.7601623535156, 0.8713085651397705], [1, 336.54071044921875, 176.93673706054688, 356.80303955078125, 241.66140747070312, 0.7043575644493103], [1, 357.3092041015625, 148.65341186523438, 378.7388916015625, 212.48434448242188, 0.6563951373100281], [0, 269.19232177734375, 555.9287109375, 291.64459228515625, 610.643310546875, 0.5847819447517395], [1, 453.2934875488281, 476.1209716796875, 509.9689025878906, 526.032958984375, 0.5843647718429565], [0, 0.0, 408.52227783203125, 15.418021202087402, 463.55841064453125, 0.4869288206100464], [0, 228.34054565429688, 347.45098876953125, 258.3004455566406, 394.942138671875, 0.3718763291835785], [2, 226.65640258789062, 251.19178771972656, 262.3213195800781, 395.5562744140625, 0.31024104356765747], [1, 24.680673599243164, 248.67410278320312, 58.324302673339844, 313.6289978027344, 0.266236811876297], [2, 94.2125015258789, 422.0184631347656, 168.43533325195312, 462.7798156738281, 0.2505781948566437]], "patched": [[1, 403.0025634765625, 201.50946044921875, 449.72119140625, 258.7560119628906, 0.8696901798248291], [0, 269.5633544921875, 561.1612548828125, 294.1256103515625, 610.8223876953125, 0.7894485592842102], [1, 336.53955078125, 176.93214416503906, 356.7996826171875, 241.65370178222656, 0.6904524564743042], [1, 357.3053894042969, 148.6555633544922, 378.7403869628906, 212.4880828857422, 0.6491919755935669], [1, 453.2982177734375, 476.086181640625, 509.9617919921875, 526.0859985351562, 0.5894213318824768], [0, 439.47869873046875, 611.3734741210938, 469.94091796875, 640.0, 0.4461296498775482], [0, 0.0, 408.517333984375, 15.421390533447266, 463.628662109375, 0.436312735080719], [0, 228.3421630859375, 347.4449462890625, 258.3035888671875, 394.9534912109375, 0.3639209270477295], [3, 335.8350830078125, 177.09384155273438, 356.3702392578125, 241.28860473632812, 0.3380792737007141], [2, 226.74642944335938, 251.18206787109375, 262.344482421875, 395.5987548828125, 0.2941383421421051], [2, 94.27346801757812, 421.87139892578125, 168.4786376953125, 462.96905517578125, 0.2590186297893524], [1, 24.66978645324707, 248.83094787597656, 58.28460693359375, 313.6417236328125, 0.2554178535938263]]}