{"clean": [[0, 13.803958892822266, 183.80508422851562, 28.821067810058594, 197.47006225585938, 0.7989823222160339], [0, 40.46974182128906, 183.8232421875, 57.255340576171875, 198.72711181640625, 0.7956318855285645], [0, 53.90754699707031, 194.8478546142578, 70.10615539550781, 209.12486267089844, 0.7848682999610901], [0, 615.2837524414062, 86.74320983886719, 626.9281616210938, 101.09220886230469, 0.7732948064804077], [0, 30.00876235961914, 196.0895233154297, 43.41756820678711, 209.8760528564453, 0.7703920602798462], [0, 1.5041422843933105, 173.2340850830078, 16.172096252441406, 187.2157440185547, 0.7531614899635315], [0, 509.0945129394531, 151.82418823242188, 528.7724609375, 176.10092163085938, 0.741546094417572], [0, 80.10773468017578, 103.723388671875, 96.2670669555664, 114.36195373535156, 0.7363581657409668], [0, 567.194580078125, 60.822547912597656, 583.154052734375, 76.66106414794922, 0.7347515225410461], [0, 26.637039184570312, 173.0006103515625, 41.37982940673828, 187.3797607421875, 0.7309153079986572], [0, 205.304931640625, 340.124267578125, 240.9603271484375, 370.57958984375, 0.7292914390563965], [0, 394.576171875, 257.5642395019531, 425.9486083984375, 285.3431091308594, 0.7185496687889099], [0, 16.47049331665039, 165.44314575195312, 27.965534210205078, 177.62973022460938, 0.6861492991447449], [0, 216.61825561523438, 306.56011962890625, 256.2583312988281, 343.57794189453125, 0.5804954767227173], [1, 467.8816223144531, 351.59820556640625, 508.7284851074219, 382.38055419921875, 0.579289972782135]], "patched": [[0, 394.53167724609375, 258.5558166503906, 425.92864990234375, 284.9430847167969, 0.8217325806617737], [0, 13.797877311706543, 183.79412841796875, 28.82314682006836, 197.47027587890625, 0.8006258010864258], [0, 40.469120025634766, 183.81671142578125, 57.25217819213867, 198.72064208984375, 0.7965442538261414], [0, 53.909507751464844, 194.84170532226562, 70.08954620361328, 209.09793090820312, 0.7860162854194641], [0, 30.008197784423828, 196.0865478515625, 43.425106048583984, 209.8759765625, 0.7743682861328125], [0, 615.28466796875, 86.73474884033203, 626.927001953125, 101.07962799072266, 0.774345338344574], [0, 1.5199394226074219, 173.22756958007812, 16.174489974975586, 187.19949340820312, 0.7541132569313049], [0, 509.0904235839844, 151.81124877929688, 528.7930908203125, 176.09567260742188, 0.7418761849403381], [0, 80.09976196289062, 103.71014404296875, 96.28170776367188, 114.3623046875, 0.7376789450645447], [0, 567.201171875, 60.74999237060547, 583.171142578125, 76.6569595336914, 0.7342369556427002], [0, 26.62460708618164, 172.98922729492188, 41.38325119018555, 187.38522338867188, 0.7319431900978088], [0, 205.6235809326172, 340.74334716796875, 241.0894012451172, 370.83984375, 0.7247148752212524], [0, 16.461345672607422, 165.4368896484375, 27.974376678466797, 177.59133911132812, 0.6889677047729492], [1, 467.889404296875, 351.47613525390625, 508.640380859375, 382.34356689453125, 0.5811625123023987], [0, 216.69659423828125, 306.37298583984375, 256.3758544921875, 343.68414306640625, 0.394835501909256]]}