{"clean": [[0, 508.05438232421875, 488.9345703125, 538.2294311523438, 551.541259765625, 0.8972770571708679], [1, 525.8936767578125, 463.09112548828125, 561.0623779296875, 534.9302978515625, 0.8617031574249268], [0, 609.5692138671875, 498.8157958984375, 633.597900390625, 560.634521484375, 0.8599194288253784], [0, 251.8219451904297, 390.969482421875, 274.59295654296875, 446.19500732421875, 0.856106698513031], [0, 65.37919616699219, 446.84027099609375, 105.23530578613281, 494.06060791015625, 0.8548258543014526], [0, 577.010009765625, 223.5906982421875, 592.762939453125, 260.16424560546875, 0.8449957370758057], [0, 297.27947998046875, 407.7418212890625, 319.07635498046875, 464.2576904296875, 0.8404976725578308], [0, 558.76708984375, 219.32742309570312, 574.35498046875, 254.17050170898438, 0.8379852771759033], [0, 338.32025146484375, 417.62249755859375, 358.31060791015625, 476.94818115234375, 0.8136816620826721], [0, 502.1978759765625, 353.08013916015625, 525.3739013671875, 399.95892333984375, 0.8061872124671936], [0, 0.08296012878417969, 440.88287353515625, 29.82451057434082, 471.64642333984375, 0.8045061230659485], [2, 37.78814697265625, 0.0, 56.70831298828125, 27.823631286621094, 0.7885282039642334], [0, 358.173828125, 426.74884033203125, 378.56689453125, 483.75567626953125, 0.764431357383728], [0, 3.480487823486328, 370.3246154785156, 50.02938461303711, 396.5502624511719, 0.7594932913780212], [0, 634.4681396484375, 239.28070068359375, 639.9334716796875, 279.86138916015625, 0.6959271430969238], [0, 41.663551330566406, 239.52157592773438, 84.49645233154297, 262.9010314941406, 0.6822659969329834], [0, 27.2999210357666, 278.9300231933594, 75.2040786743164, 302.6739196777344, 0.6316348314285278], [4, 190.48236083984375, 403.7254333496094, 199.03805541992188, 422.6061706542969, 0.45143845677375793]], "patched": [[0, 338.681884765625, 439.96368408203125, 357.14166259765625, 477.02984619140625, 0.8525357246398926], [0, 577.1455078125, 223.55490112304688, 592.75732421875, 260.19873046875, 0.8478676080703735], [0, 300.39483642578125, 407.739990234375, 318.65740966796875, 439.64697265625, 0.834185779094696], [0, 558.806884765625, 219.34278869628906, 574.24169921875, 254.20423889160156, 0.8198139071464539], [0, 255.51556396484375, 391.00439453125, 273.95538330078125, 422.7745361328125, 0.8170185685157776], [0, 297.41168212890625, 431.77349853515625, 315.07928466796875, 464.43017578125, 0.8118405342102051], [0, 252.2294921875, 416.85107421875, 270.26190185546875, 446.7091064453125, 0.8107824325561523], [2, 37.853431701660156, 0.0, 56.683067321777344, 27.83488655090332, 0.7868712544441223], [1, 526.2314453125, 463.22760009765625, 561.350341796875, 534.8226928710938, 0.7548116445541382], [0, 508.79241943359375, 488.9984130859375, 532.4152221679688, 524.0009765625, 0.7510867714881897], [0, 514.5631103515625, 516.453125, 537.5399169921875, 551.4384765625, 0.7437463998794556], [0, 510.66259765625, 376.86444091796875, 525.1177978515625, 399.47686767578125, 0.718746542930603], [0, 0.06508064270019531, 441.3157653808594, 29.708730697631836, 463.9575500488281, 0.7162792682647705], [0, 358.22821044921875, 427.368896484375, 377.87249755859375, 483.573974609375, 0.7114679217338562], [0, 341.66192626953125, 417.40655517578125, 357.96588134765625, 448.22369384765625, 0.6996117234230042], [0, 634.4209594726562, 239.23422241210938, 639.9370727539062, 279.8273010253906, 0.6573711633682251], [0, 9.162490844726562, 370.492919921875, 50.001956939697266, 396.64801025390625, 0.5587145090103149], [0, 358.3104248046875, 446.79156494140625, 375.89892578125, 483.69366455078125, 0.5514512658119202], [1, 65.61151123046875, 446.72821044921875, 109.18585205078125, 493.13238525390625, 0.4340607523918152], [0, 27.019699096679688, 279.2225646972656, 74.90801239013672, 302.2491149902344, 0.4316851794719696], [4, 190.62814331054688, 403.76837158203125, 198.93826293945312, 421.84356689453125, 0.4115695059299469], [2, 510.630615234375, 376.66558837890625, 525.1064453125, 399.29412841796875, 0.37274107336997986], [0, 610.120849609375, 498.75616455078125, 633.6708984375, 560.9981079101562, 0.32198986411094666], [0, 511.77105712890625, 504.28985595703125, 537.9469604492188, 551.2957153320312, 0.2998836934566498], [2, 205.9987030029297, 398.3366394042969, 223.3316192626953, 439.5121765136719, 0.29411932826042175], [0, 65.41236877441406, 447.05535888671875, 108.89759826660156, 493.412841796875, 0.259114533662796]]}