{"clean": [[0, 290.66204833984375, 245.7096405029297, 331.19281005859375, 287.14215087890625, 0.8781600594520569], [0, 464.76580810546875, 300.7570495605469, 503.84210205078125, 343.0107727050781, 0.7868712544441223], [0, 287.8379211425781, 616.399169921875, 343.5896911621094, 640.0, 0.5650553107261658], [3, 562.7225341796875, 362.4291076660156, 638.2528076171875, 453.2952575683594, 0.34774765372276306], [2, 125.76408386230469, 607.4688110351562, 195.36842346191406, 639.9395141601562, 0.29525062441825867]], "patched": [[0, 290.8421936035156, 245.71624755859375, 331.2209167480469, 287.20281982421875, 0.8099044561386108], [0, 464.7370910644531, 300.6380920410156, 503.9525451660156, 342.9725036621094, 0.7557693719863892], [3, 562.7098388671875, 362.2117919921875, 638.2545166015625, 453.294677734375, 0.3337925374507904], [2, 122.09832763671875, 607.78466796875, 195.30523681640625, 640.0, 0.3072769045829773]]}