{"clean": [[0, 113.00508880615234, 176.253173828125, 180.25363159179688, 241.71954345703125, 0.9278175234794617], [0, 3.5824966430664062, 238.85757446289062, 89.73960876464844, 310.7882995605469, 0.916279137134552], [0, 343.3874206542969, 200.18557739257812, 394.6779479980469, 281.37664794921875, 0.8827770352363586], [0, 263.5641784667969, 217.01535034179688, 312.2673645019531, 285.4743957519531, 0.8775873184204102], [0, 152.2057647705078, 120.43160247802734, 203.92237854003906, 167.44497680664062, 0.8759121298789978], [0, 390.52764892578125, 111.01793670654297, 423.66949462890625, 160.3123779296875, 0.8651893138885498], [3, 271.4420471191406, 0.0, 344.3438415527344, 60.709110260009766, 0.8608723878860474], [0, 326.35736083984375, 114.72001647949219, 366.6319580078125, 166.5010528564453, 0.8302083015441895], [2, 197.08489990234375, 39.43678283691406, 265.8930358886719, 113.55435180664062, 0.8131600618362427], [0, 445.20452880859375, 519.9346923828125, 587.0385131835938, 637.7867431640625, 0.8079757690429688], [0, 349.6447448730469, 79.94453430175781, 380.3052673339844, 117.76841735839844, 0.7304693460464478], [4, 506.0447692871094, 111.51046752929688, 520.7493896484375, 139.73037719726562, 0.6855844855308533], [4, 116.6007080078125, 146.83575439453125, 136.79022216796875, 168.57733154296875, 0.5661068558692932], [1, 407.361328125, 58.3544921875, 439.41082763671875, 93.96684265136719, 0.5389065742492676], [0, 145.0972900390625, 43.299015045166016, 178.38531494140625, 94.68829345703125, 0.478809654712677], [0, 407.5540771484375, 58.39875030517578, 439.1842041015625, 93.75409698486328, 0.45898640155792236], [3, 252.40455627441406, 169.73907470703125, 336.0833740234375, 286.651611328125, 0.4378165900707245], [4, 493.93841552734375, 101.20234680175781, 520.0059204101562, 120.00007629394531, 0.4101265072822571], [4, 138.2610626220703, 108.07403564453125, 164.2069854736328, 129.71469116210938, 0.3852340579032898], [0, 367.3511962890625, 42.86688232421875, 389.2393798828125, 76.90510559082031, 0.3131212592124939], [4, 202.44021606445312, 19.017711639404297, 213.425048828125, 39.11973571777344, 0.2897220551967621], [1, 254.12960815429688, 0.0, 289.4185485839844, 14.73349380493164, 0.25176551938056946]], "patched": [[0, 113.19017028808594, 176.234375, 180.36705017089844, 242.02764892578125, 0.8764801025390625], [3, 272.08966064453125, 0.0, 344.39251708984375, 60.6573371887207, 0.8724656701087952], [0, 263.42974853515625, 215.7591552734375, 312.50140380859375, 285.1483459472656, 0.8721421957015991], [0, 152.42416381835938, 120.55766296386719, 203.84323120117188, 167.3202667236328, 0.8401204943656921], [2, 196.32421875, 39.601932525634766, 264.88232421875, 113.8638916015625, 0.8318060040473938], [0, 390.58258056640625, 110.72305297851562, 423.62628173828125, 160.10693359375, 0.7369404435157776], [2, 343.5195007324219, 199.81069946289062, 394.9050598144531, 281.4005126953125, 0.7368233799934387], [0, 3.2592391967773438, 238.92742919921875, 89.8709945678711, 310.2998046875, 0.7005054950714111], [1, 407.8944091796875, 58.39072036743164, 439.25830078125, 93.49716186523438, 0.6368589997291565], [4, 505.95343017578125, 111.56707763671875, 520.8419799804688, 139.86386108398438, 0.6074225902557373], [0, 326.8770751953125, 114.5675048828125, 365.19091796875, 166.20449829101562, 0.5001994371414185], [2, 3.7974853515625, 238.47799682617188, 89.51797485351562, 310.6614685058594, 0.4661289155483246], [4, 116.75236511230469, 147.7010498046875, 136.8511199951172, 168.44732666015625, 0.442728728055954], [2, 390.46014404296875, 110.66830444335938, 423.76495361328125, 159.98831176757812, 0.43096616864204407], [0, 145.4587860107422, 43.20738220214844, 178.3556671142578, 95.33108520507812, 0.38575342297554016], [0, 343.59271240234375, 200.52920532226562, 394.47100830078125, 281.0917663574219, 0.3770231008529663], [0, 370.96527099609375, 48.12245178222656, 392.45452880859375, 76.86544036865234, 0.37291380763053894], [4, 493.87322998046875, 101.11531066894531, 520.2111206054688, 120.20753479003906, 0.3655805289745331], [4, 138.5994415283203, 108.46913146972656, 164.7849578857422, 129.2593994140625, 0.3338397145271301], [1, 498.18048095703125, 583.2677001953125, 544.6331176757812, 607.2393798828125, 0.3180495798587799], [1, 497.5760498046875, 558.055908203125, 543.380615234375, 589.51513671875, 0.26861661672592163], [4, 202.48019409179688, 19.196128845214844, 213.468505859375, 39.13270568847656, 0.26069456338882446], [1, 253.7774658203125, 0.0, 289.28948974609375, 14.841450691223145, 0.25325578451156616]]}