{"clean": [[0, 213.7725830078125, 212.4962158203125, 234.4559326171875, 235.46746826171875, 0.6988955140113831], [0, 182.13204956054688, 170.16233825683594, 192.86172485351562, 182.32554626464844, 0.622327983379364], [0, 247.03643798828125, 253.39984130859375, 266.841796875, 271.12884521484375, 0.6013985872268677], [2, 199.15704345703125, 284.4630126953125, 220.76849365234375, 317.7496337890625, 0.49925681948661804], [0, 76.69305419921875, 174.275634765625, 89.61680603027344, 189.716064453125, 0.35244041681289673], [0, 239.4962158203125, 247.97955322265625, 259.67205810546875, 264.22967529296875, 0.2762303948402405]], "patched": [[0, 213.76406860351562, 212.49813842773438, 234.44534301757812, 235.46871948242188, 0.6985172033309937], [0, 182.1292266845703, 170.17355346679688, 192.86293029785156, 182.32730102539062, 0.6214063167572021], [0, 247.09335327148438, 253.35577392578125, 266.8347473144531, 271.1182861328125, 0.5449289679527283], [2, 199.1563720703125, 284.4666748046875, 220.76791381835938, 317.7503662109375, 0.4981403648853302], [0, 76.68949890136719, 174.27638244628906, 89.63310241699219, 189.7187957763672, 0.34935322403907776]]}