{"clean": [[3, 373.2363586425781, 74.77793884277344, 437.6020812988281, 132.04312133789062, 0.8471235632896423], [0, 453.8924865722656, 238.71826171875, 481.7978820800781, 261.24420166015625, 0.7157174348831177], [1, 101.91937255859375, 386.11669921875, 131.17054748535156, 413.786376953125, 0.6781436204910278], [0, 154.23239135742188, 192.92062377929688, 182.34426879882812, 216.06466674804688, 0.6684356927871704], [0, 299.8083190917969, 302.2958068847656, 326.6708068847656, 329.3700256347656, 0.6458699703216553], [0, 171.52386474609375, 327.61480712890625, 200.55230712890625, 353.52850341796875, 0.5832664966583252], [3, 593.0905151367188, 54.03585433959961, 640.0, 113.38571166992188, 0.5754624605178833], [0, 123.93170166015625, 415.82684326171875, 153.5272216796875, 441.24261474609375, 0.5342304706573486], [4, 586.2198486328125, 284.64434814453125, 595.627685546875, 298.03912353515625, 0.4680746793746948]], "patched": [[3, 373.2716369628906, 74.82929992675781, 437.5747375488281, 131.3389892578125, 0.8229864835739136], [1, 101.89974975585938, 386.0553894042969, 131.16879272460938, 413.6783142089844, 0.7460913062095642], [0, 453.89642333984375, 238.53823852539062, 481.74285888671875, 261.1871643066406, 0.6023243069648743], [0, 123.93118286132812, 415.83551025390625, 153.60418701171875, 441.19512939453125, 0.5929070711135864], [3, 593.07373046875, 54.60492706298828, 639.948486328125, 113.54509735107422, 0.5688060522079468], [4, 586.2166748046875, 284.73480224609375, 595.5665283203125, 297.92584228515625, 0.31521183252334595], [0, 300.129638671875, 303.87030029296875, 326.43634033203125, 329.05999755859375, 0.313691645860672], [0, 154.56887817382812, 192.93228149414062, 182.41073608398438, 215.91754150390625, 0.2726204991340637]]}