{"clean": [[0, 381.8634033203125, 491.7099609375, 402.3974609375, 547.2840576171875, 0.860323965549469], [0, 256.95233154296875, 407.83197021484375, 279.95452880859375, 449.45355224609375, 0.8588067293167114], [1, 394.5816345214844, 278.48223876953125, 411.1983947753906, 315.56475830078125, 0.759914219379425], [0, 335.9925537109375, 38.59999084472656, 343.52801513671875, 51.850341796875, 0.7250364422798157], [3, 424.93695068359375, 414.76129150390625, 474.90765380859375, 585.214111328125, 0.7213549613952637], [0, 330.2081604003906, 0.7800092697143555, 337.1763000488281, 12.583622932434082, 0.6663729548454285], [1, 345.9490051269531, 105.32795715332031, 355.0057067871094, 121.57377624511719, 0.4786066710948944], [0, 104.45925903320312, 625.285888671875, 147.85694885253906, 640.0, 0.4210599362850189], [0, 345.91082763671875, 105.40019226074219, 355.09405517578125, 121.74519348144531, 0.3429996967315674]], "patched": [[2, 257.0418701171875, 407.74700927734375, 280.0379638671875, 449.90130615234375, 0.7455568909645081], [3, 425.5078430175781, 415.24530029296875, 475.2814636230469, 584.7937622070312, 0.7334536910057068], [0, 336.0252990722656, 38.62530517578125, 343.4847106933594, 51.818511962890625, 0.7288503050804138], [0, 330.2969665527344, 0.7039871215820312, 337.0300598144531, 12.543006896972656, 0.6690152287483215], [3, 394.6630554199219, 278.3804931640625, 411.1980895996094, 315.44927978515625, 0.6192693710327148], [2, 382.06268310546875, 491.89129638671875, 402.06549072265625, 547.3987426757812, 0.6101619005203247], [0, 382.00177001953125, 491.58447265625, 402.08233642578125, 547.644287109375, 0.5892430543899536], [1, 394.6435546875, 278.5184326171875, 411.103515625, 315.577880859375, 0.5266371369361877], [1, 346.0059814453125, 105.37510681152344, 354.946044921875, 121.55162048339844, 0.49259763956069946], [0, 109.52999877929688, 624.9656982421875, 147.878173828125, 639.9808349609375, 0.3171360194683075]]}