{"clean": [[0, 257.78314208984375, 563.2101440429688, 277.55462646484375, 633.6050415039062, 0.795120120048523], [0, 27.999330520629883, 80.26627349853516, 54.31001281738281, 105.7113265991211, 0.7945670485496521], [0, 331.9283447265625, 254.98031616210938, 347.057861328125, 303.4262390136719, 0.7558351755142212], [0, 316.1806640625, 41.9873046875, 329.21826171875, 65.23130798339844, 0.7414106130599976], [0, 269.9775390625, 389.79754638671875, 284.3638916015625, 412.97088623046875, 0.7208350300788879], [0, 268.4429931640625, 413.35858154296875, 283.8751220703125, 448.28289794921875, 0.6967087984085083], [0, 256.00457763671875, 17.627063751220703, 266.92059326171875, 33.354705810546875, 0.6833780407905579], [0, 375.74615478515625, 260.6544189453125, 394.83905029296875, 299.120849609375, 0.6157947778701782], [0, 315.7873229980469, 340.9718017578125, 330.5590515136719, 393.55133056640625, 0.5557525753974915], [0, 220.39602661132812, 269.01153564453125, 236.30307006835938, 301.67401123046875, 0.3192079961299896], [0, 317.19775390625, 362.60906982421875, 330.5281982421875, 394.0616455078125, 0.3078109622001648]], "patched": [[0, 268.74951171875, 413.83941650390625, 283.521240234375, 448.24005126953125, 0.7548701763153076], [0, 270.55279541015625, 390.08966064453125, 284.06756591796875, 412.15301513671875, 0.7504810094833374], [0, 316.40264892578125, 42.11029052734375, 328.88177490234375, 65.15684509277344, 0.7430041432380676], [0, 332.8003234863281, 255.0374755859375, 344.5294494628906, 281.9461669921875, 0.7032900452613831], [0, 332.76800537109375, 255.00497436523438, 345.47906494140625, 302.6091003417969, 0.6910111904144287], [0, 256.28582763671875, 18.06035614013672, 266.72808837890625, 33.433189392089844, 0.6870266199111938], [0, 316.804443359375, 361.7389831542969, 330.1939697265625, 394.4138488769531, 0.651197612285614], [0, 258.51361083984375, 566.9031372070312, 275.6612548828125, 633.7426147460938, 0.642145574092865], [0, 258.5281982421875, 591.5416259765625, 275.5736083984375, 633.9259033203125, 0.6094078421592712], [0, 376.18994140625, 260.76202392578125, 394.5018310546875, 296.66290283203125, 0.5014005899429321], [0, 333.7536315917969, 276.73681640625, 346.6878967285156, 303.32879638671875, 0.47847267985343933], [0, 256.05401611328125, 11.77200698852539, 266.81781005859375, 33.317413330078125, 0.43405982851982117], [0, 317.4456481933594, 341.98358154296875, 329.0128479003906, 369.47381591796875, 0.42796674370765686], [0, 30.119945526123047, 79.93373107910156, 53.85356521606445, 103.20466613769531, 0.42377331852912903], [1, 220.84584045410156, 269.0921630859375, 235.94309997558594, 300.5870361328125, 0.2771144509315491], [0, 319.12640380859375, 28.545190811157227, 328.17132568359375, 43.047142028808594, 0.2728288769721985]]}