{"clean": [[0, 250.4004364013672, 363.3466796875, 279.58624267578125, 384.34344482421875, 0.8539574146270752], [0, 251.08714294433594, 496.30767822265625, 284.9273681640625, 523.2236938476562, 0.8474103212356567], [0, 43.20442199707031, 437.80572509765625, 79.18895721435547, 461.8896484375, 0.8426984548568726], [0, 0.0, 595.3306274414062, 34.694549560546875, 631.8019409179688, 0.8398549556732178], [1, 262.77703857421875, 288.60260009765625, 281.68206787109375, 306.66009521484375, 0.8012862205505371], [0, 122.5771484375, 218.24952697753906, 142.36984252929688, 230.37705993652344, 0.7812485098838806], [0, 251.36105346679688, 521.330322265625, 284.3878479003906, 547.67919921875, 0.7793997526168823], [0, 263.69329833984375, 281.4361877441406, 287.28411865234375, 296.3871154785156, 0.7718505859375], [0, 263.384521484375, 269.9185791015625, 285.63995361328125, 283.1668701171875, 0.7700086236000061], [0, 120.07867431640625, 227.56161499023438, 142.90676879882812, 241.45663452148438, 0.764898955821991], [0, 107.84283447265625, 245.63134765625, 136.47401428222656, 260.7980041503906, 0.7577089667320251], [0, 252.57623291015625, 623.5863037109375, 290.51849365234375, 639.95166015625, 0.6960046887397766], [0, 59.61022186279297, 394.9148254394531, 92.68392181396484, 416.5971374511719, 0.6896376013755798], [0, 100.17388916015625, 276.3802490234375, 126.22720336914062, 291.95440673828125, 0.6869131922721863], [0, 139.33444213867188, 171.7014617919922, 163.15036010742188, 182.9722137451172, 0.6535042524337769], [0, 259.48614501953125, 179.52593994140625, 280.93707275390625, 190.70916748046875, 0.5948480367660522], [1, 321.4501953125, 147.81640625, 344.0430908203125, 162.4083251953125, 0.5432640314102173], [0, 245.4862518310547, 450.76995849609375, 278.52325439453125, 473.00836181640625, 0.5304762125015259], [0, 258.04913330078125, 203.66883850097656, 282.6363525390625, 217.0988311767578, 0.5048879981040955], [2, 362.4128112792969, 15.91296672821045, 385.2064514160156, 30.117328643798828, 0.38854101300239563]], "patched": [[0, 0.0, 595.90185546875, 34.6666259765625, 631.72900390625, 0.862769603729248], [0, 251.26536560058594, 496.51910400390625, 284.69384765625, 523.04541015625, 0.8566595315933228], [0, 43.200416564941406, 437.8692626953125, 78.42932891845703, 461.8067626953125, 0.8478960394859314], [0, 250.50338745117188, 363.49542236328125, 279.5856628417969, 384.3028564453125, 0.8440225720405579], [1, 262.7291259765625, 288.6039123535156, 281.689208984375, 306.6687927246094, 0.7999954223632812], [0, 251.4347686767578, 521.2696533203125, 284.16851806640625, 547.26806640625, 0.7919386029243469], [0, 122.5569076538086, 218.2334442138672, 142.38748168945312, 230.3856658935547, 0.7783254981040955], [0, 263.67510986328125, 281.4163513183594, 287.29559326171875, 296.3919372558594, 0.7690619826316833], [0, 263.31787109375, 269.90997314453125, 285.6490478515625, 283.17303466796875, 0.7674359679222107], [0, 120.05229949951172, 227.54852294921875, 142.9327392578125, 241.45938110351562, 0.7613165974617004], [0, 107.88917541503906, 245.614990234375, 136.4910430908203, 260.80615234375, 0.7555559873580933], [0, 100.14828491210938, 276.37152099609375, 126.17715454101562, 291.95428466796875, 0.6849384307861328], [0, 139.32293701171875, 171.68003845214844, 163.21649169921875, 183.0044708251953, 0.6508336067199707], [0, 252.71583557128906, 624.9500732421875, 290.4732666015625, 639.8153076171875, 0.6146506071090698], [0, 259.4683837890625, 179.51629638671875, 280.9447021484375, 190.74761962890625, 0.5856895446777344], [1, 321.4185791015625, 147.80587768554688, 344.0618896484375, 162.41970825195312, 0.5341342091560364], [0, 258.083740234375, 203.65115356445312, 282.65093994140625, 217.11050415039062, 0.501789927482605], [0, 248.01043701171875, 450.3912658691406, 278.67218017578125, 473.7679138183594, 0.44384291768074036], [2, 362.38348388671875, 15.879936218261719, 385.22308349609375, 30.124065399169922, 0.3865422308444977]]}