{"clean": [[0, 128.32614135742188, 338.83294677734375, 162.68569946289062, 361.09429931640625, 0.4847915470600128], [0, 119.5428466796875, 338.69708251953125, 162.41946411132812, 363.85357666015625, 0.3998507857322693], [0, 114.88520812988281, 344.0384521484375, 156.1934356689453, 364.56494140625, 0.2790898382663727]], "patched": [[0, 128.32687377929688, 338.8325500488281, 162.67892456054688, 360.9800720214844, 0.48856669664382935], [0, 119.54312133789062, 338.69830322265625, 162.40298461914062, 363.84197998046875, 0.3967233896255493], [0, 114.88101196289062, 344.04205322265625, 156.14761352539062, 364.57049560546875, 0.2844754159450531]]}