{"clean": [[0, 330.75323486328125, 4.589912414550781, 345.19073486328125, 45.989967346191406, 0.7993460893630981], [0, 301.4902038574219, 400.5010986328125, 323.7616882324219, 489.78271484375, 0.7768189311027527], [0, 560.4639892578125, 473.5350036621094, 594.8023681640625, 588.3729248046875, 0.7597144246101379], [0, 554.546875, 11.026531219482422, 575.588623046875, 47.4516487121582, 0.624098002910614]], "patched": [[0, 330.91558837890625, 4.097599029541016, 345.13031005859375, 45.7703971862793, 0.7584925889968872], [0, 301.498046875, 400.447265625, 323.140869140625, 490.35400390625, 0.5095261931419373], [0, 302.07745361328125, 436.9420166015625, 323.39337158203125, 490.3944091796875, 0.4872758686542511], [3, 561.06787109375, 471.75506591796875, 595.548583984375, 588.1609497070312, 0.4474138021469116]]}