{"clean": [[1, 231.88668823242188, 396.96270751953125, 250.11471557617188, 442.23797607421875, 0.8707948327064514], [0, 232.12017822265625, 515.3695068359375, 254.34375, 577.2615966796875, 0.8614550232887268], [1, 218.4725341796875, 240.3555908203125, 230.40530395507812, 267.6007080078125, 0.8195027709007263], [1, 227.3245849609375, 357.91204833984375, 242.20822143554688, 397.83160400390625, 0.8069894909858704], [1, 220.31405639648438, 304.15435791015625, 235.52096557617188, 342.54486083984375, 0.7987821698188782], [0, 220.42398071289062, 197.087158203125, 231.87448120117188, 218.58065795898438, 0.698762834072113], [1, 221.1278076171875, 178.53013610839844, 230.9681396484375, 196.7989044189453, 0.6949572563171387], [1, 230.4076385498047, 449.9547119140625, 251.2639617919922, 502.2479248046875, 0.6842390298843384], [4, 180.172119140625, 408.4108581542969, 186.5537109375, 425.9252624511719, 0.6282998323440552], [0, 230.0623779296875, 449.7259216308594, 251.34967041015625, 502.4087829589844, 0.6158783435821533], [0, 222.39761352539062, 281.6924133300781, 236.16824340820312, 307.7389221191406, 0.5388806462287903], [4, 218.21856689453125, 219.3065948486328, 225.2694091796875, 229.5652313232422, 0.501657247543335], [2, 193.86807250976562, 629.2437744140625, 210.68069458007812, 639.9180908203125, 0.3919839859008789], [0, 237.38430786132812, 589.806640625, 259.3861083984375, 640.0, 0.3689023554325104], [1, 222.37754821777344, 281.7945251464844, 235.89183044433594, 307.3066711425781, 0.3463520407676697], [1, 217.36468505859375, 132.2120819091797, 236.20733642578125, 143.5131378173828, 0.3180645704269409], [0, 580.5941162109375, 238.43338012695312, 635.0638427734375, 263.0772705078125, 0.3026847839355469], [4, 219.9635772705078, 228.10227966308594, 228.23118591308594, 238.6324920654297, 0.25118696689605713]], "patched": [[1, 231.88819885253906, 396.96185302734375, 250.1118621826172, 442.22930908203125, 0.8701483607292175], [1, 218.47918701171875, 240.35595703125, 230.40325927734375, 267.598876953125, 0.8195286393165588], [0, 232.40768432617188, 515.4740600585938, 254.52334594726562, 577.1704711914062, 0.8188733458518982], [1, 227.33294677734375, 357.919189453125, 242.20220947265625, 397.7965087890625, 0.8065613508224487], [1, 220.320556640625, 304.156494140625, 235.51513671875, 342.5384521484375, 0.798728346824646], [1, 230.65228271484375, 449.9007568359375, 251.1646728515625, 502.2489013671875, 0.7893355488777161], [0, 220.429443359375, 197.08966064453125, 231.8753662109375, 218.578857421875, 0.6988447308540344], [1, 221.13134765625, 178.52963256835938, 230.96795654296875, 196.79879760742188, 0.6948517560958862], [4, 180.1842803955078, 408.4289855957031, 186.54273986816406, 425.9006042480469, 0.6252591609954834], [0, 222.40597534179688, 281.695068359375, 236.15286254882812, 307.74127197265625, 0.5378040671348572], [4, 218.21923828125, 219.31094360351562, 225.2742919921875, 229.56582641601562, 0.5049039125442505], [2, 237.344970703125, 590.0748291015625, 259.1546325683594, 639.9632568359375, 0.4171614646911621], [2, 193.951904296875, 629.2659912109375, 210.63140869140625, 639.9163818359375, 0.37972670793533325], [1, 222.38531494140625, 281.79718017578125, 235.8797607421875, 307.31256103515625, 0.34271886944770813], [1, 217.36585998535156, 132.1844940185547, 236.2420196533203, 143.50941467285156, 0.3134177029132843], [0, 237.28567504882812, 589.885009765625, 259.2131042480469, 640.0, 0.303562194108963], [0, 580.5966796875, 238.442138671875, 634.8365478515625, 263.020751953125, 0.29070261120796204], [4, 219.96470642089844, 228.10568237304688, 228.2190704345703, 238.62271118164062, 0.25295570492744446]]}