{"clean": [[0, 347.05133056640625, 168.11602783203125, 361.20867919921875, 187.10601806640625, 0.8291160464286804], [0, 319.3924255371094, 168.0177001953125, 332.1640930175781, 187.230712890625, 0.8214194178581238], [0, 418.514404296875, 198.97042846679688, 437.86981201171875, 228.47299194335938, 0.8210716843605042], [0, 319.6100769042969, 268.07928466796875, 336.2801818847656, 298.89886474609375, 0.8193263411521912], [0, 346.438720703125, 405.72967529296875, 367.6356201171875, 458.4208984375, 0.8023372292518616], [0, 282.46868896484375, 63.02040100097656, 292.96551513671875, 74.02061462402344, 0.7600584030151367], [0, 323.509521484375, 67.74876403808594, 337.05218505859375, 83.47990417480469, 0.7190527319908142], [0, 239.08480834960938, 31.77505111694336, 247.373046875, 40.5224494934082, 0.7053646445274353], [0, 255.10354614257812, 34.420188903808594, 264.0250549316406, 46.045806884765625, 0.6022489070892334], [0, 340.4080810546875, 610.1722412109375, 369.2655029296875, 640.0, 0.47298550605773926], [1, 111.63912963867188, 292.3533935546875, 140.9141845703125, 326.0682373046875, 0.4053265452384949]], "patched": [[0, 347.09222412109375, 168.14590454101562, 361.18536376953125, 187.05813598632812, 0.8317742347717285], [0, 319.4100341796875, 168.02438354492188, 332.1463623046875, 187.22256469726562, 0.8234350681304932], [0, 319.7907409667969, 268.17816162109375, 336.3038024902344, 298.46026611328125, 0.8217284083366394], [0, 346.52252197265625, 405.22613525390625, 367.46282958984375, 458.4271240234375, 0.8060550093650818], [0, 282.47332763671875, 62.99678039550781, 292.96783447265625, 73.99954223632812, 0.7624284029006958], [0, 323.46966552734375, 67.60376739501953, 337.0443115234375, 83.46350860595703, 0.7248976230621338], [0, 239.08334350585938, 31.74799346923828, 247.37100219726562, 40.515647888183594, 0.7092549800872803], [0, 418.57373046875, 199.0570068359375, 437.7728271484375, 228.63433837890625, 0.6727184057235718], [0, 255.11056518554688, 34.407142639160156, 264.0278625488281, 46.03278350830078, 0.6146476864814758], [0, 340.5267333984375, 610.2003173828125, 369.214599609375, 640.0, 0.47302135825157166], [1, 111.65382385253906, 292.3321838378906, 140.71463012695312, 325.9602966308594, 0.4153968095779419]]}