{"clean": [[0, 262.33734130859375, 41.66505432128906, 275.37066650390625, 68.90827178955078, 0.8028557896614075], [0, 322.13916015625, 61.522216796875, 330.677978515625, 83.40390014648438, 0.7932963371276855], [3, 350.2660217285156, 348.52734375, 367.2036437988281, 415.6812744140625, 0.7390514612197876], [1, 301.62457275390625, 116.771240234375, 313.17431640625, 145.21524047851562, 0.7244451642036438], [0, 251.0875244140625, 134.95956420898438, 260.2149658203125, 165.79293823242188, 0.7175415754318237], [3, 369.5176696777344, 398.18023681640625, 384.8229064941406, 463.0870361328125, 0.7148489356040955], [0, 331.1075439453125, 418.888916015625, 343.4725341796875, 445.50982666015625, 0.6977344751358032], [3, 347.0808410644531, 456.20318603515625, 366.7698669433594, 622.6536254882812, 0.6921088099479675], [0, 337.82379150390625, 165.31588745117188, 347.73675537109375, 193.09506225585938, 0.5912003517150879], [3, 320.96588134765625, 523.8470458984375, 340.71173095703125, 640.0, 0.5599121451377869], [1, 250.7532958984375, 271.83575439453125, 261.057373046875, 302.96124267578125, 0.536260724067688], [1, 337.8720703125, 165.29995727539062, 347.8115234375, 192.73977661132812, 0.4440564513206482], [1, 343.5509033203125, 230.54547119140625, 354.1187744140625, 265.24151611328125, 0.3863590955734253], [1, 282.73028564453125, 260.069580078125, 295.63616943359375, 300.244384765625, 0.3701635003089905], [0, 341.6183166503906, 1.5326194763183594, 351.1269226074219, 22.221275329589844, 0.2555212378501892], [1, 343.44189453125, 241.21896362304688, 354.17083740234375, 265.4283447265625, 0.2531563341617584]], "patched": [[0, 262.33782958984375, 41.663246154785156, 275.37152099609375, 68.90599060058594, 0.8023360371589661], [0, 322.14013671875, 61.52625274658203, 330.67626953125, 83.4010238647461, 0.7933541536331177], [0, 330.8663024902344, 417.67474365234375, 343.4423522949219, 445.4075927734375, 0.7609493136405945], [3, 350.2684326171875, 348.55780029296875, 367.1988525390625, 415.67486572265625, 0.7463677525520325], [1, 301.6270446777344, 116.77206420898438, 313.1739196777344, 145.212158203125, 0.7270113825798035], [3, 369.5128173828125, 398.20867919921875, 384.81378173828125, 463.08697509765625, 0.7193793654441833], [0, 251.08999633789062, 134.96090698242188, 260.2146911621094, 165.79061889648438, 0.7150829434394836], [3, 347.0856628417969, 456.1826171875, 366.7718811035156, 622.64599609375, 0.6928390860557556], [0, 337.8228454589844, 165.31558227539062, 347.7361145019531, 193.09402465820312, 0.5802755355834961], [1, 250.82406616210938, 271.8126220703125, 260.8628234863281, 296.8587646484375, 0.5785037279129028], [3, 320.96990966796875, 523.8490600585938, 340.71173095703125, 640.0, 0.5624194145202637], [0, 331.5455322265625, 398.72747802734375, 341.630859375, 418.14910888671875, 0.5139707922935486], [1, 337.8729553222656, 165.2996826171875, 347.8106994628906, 192.73843383789062, 0.458304226398468], [1, 282.70758056640625, 260.065673828125, 295.62347412109375, 300.127197265625, 0.3840954601764679], [0, 341.61993408203125, 1.5237998962402344, 351.12652587890625, 22.219379425048828, 0.254742294549942]]}