{"clean": [[0, 581.7271728515625, 462.04205322265625, 607.4771728515625, 513.7197875976562, 0.8576337099075317], [0, 387.6009521484375, 144.28817749023438, 405.705322265625, 164.66873168945312, 0.7810905575752258], [0, 356.822021484375, 176.24351501464844, 376.975830078125, 201.2522430419922, 0.7729704976081848], [0, 323.34429931640625, 215.4680938720703, 347.41485595703125, 242.54310607910156, 0.7726449966430664], [0, 507.749755859375, 10.287147521972656, 517.9490966796875, 21.633235931396484, 0.705154299736023], [0, 459.37310791015625, 63.8467903137207, 472.545654296875, 79.72218322753906, 0.698060929775238], [0, 467.71038818359375, 54.796913146972656, 480.63824462890625, 68.43534088134766, 0.6926506757736206], [0, 400.6676025390625, 129.21554565429688, 418.91754150390625, 148.88827514648438, 0.6893989443778992], [0, 449.10418701171875, 76.90245056152344, 462.53125, 93.44911193847656, 0.6818981170654297], [0, 501.31634521484375, 18.047868728637695, 512.3179321289062, 30.766984939575195, 0.6683536767959595], [0, 520.8260498046875, 6.181852340698242, 531.6500244140625, 18.106117248535156, 0.6449089646339417], [0, 275.1683044433594, 268.9859619140625, 299.7843933105469, 300.7264404296875, 0.6238422393798828], [2, 226.33609008789062, 287.1195068359375, 280.9664001464844, 357.9390869140625, 0.5819542407989502], [0, 522.3634033203125, 131.8155517578125, 539.5042724609375, 154.49871826171875, 0.5754812955856323], [0, 494.15057373046875, 24.815906524658203, 505.42218017578125, 40.03506851196289, 0.4149502217769623], [0, 436.89801025390625, 90.44857788085938, 451.27020263671875, 107.69854736328125, 0.33304348587989807], [0, 484.0483093261719, 35.38024139404297, 496.0478820800781, 49.75237274169922, 0.32416287064552307], [0, 476.82427978515625, 41.38762664794922, 488.70220947265625, 58.53981018066406, 0.3227809965610504], [0, 515.3881225585938, 2.5625362396240234, 524.4171752929688, 12.972299575805664, 0.3056212067604065], [1, 476.8553466796875, 41.015037536621094, 488.5960693359375, 58.391197204589844, 0.27319228649139404]], "patched": [[0, 387.5631408691406, 144.29623413085938, 405.7074279785156, 164.68545532226562, 0.7729982733726501], [0, 581.9375610351562, 462.01544189453125, 607.3469848632812, 513.8027954101562, 0.7365038394927979], [0, 507.7456359863281, 10.272676467895508, 517.9541015625, 21.62710952758789, 0.7020513415336609], [0, 459.32647705078125, 63.84442901611328, 472.55426025390625, 79.7227554321289, 0.6936110258102417], [0, 357.28765869140625, 176.25726318359375, 376.95599365234375, 201.09506225585938, 0.6894967555999756], [0, 467.6753234863281, 54.77960205078125, 480.6394958496094, 68.43035125732422, 0.6889384984970093], [0, 400.67022705078125, 129.17922973632812, 418.90948486328125, 148.88943481445312, 0.6761897206306458], [0, 449.09368896484375, 76.86238098144531, 462.56317138671875, 93.44544982910156, 0.6740276217460632], [0, 501.2904052734375, 18.035690307617188, 512.31689453125, 30.771610260009766, 0.6628702282905579], [0, 520.82568359375, 6.195610046386719, 531.650390625, 18.105884552001953, 0.6359915733337402], [2, 225.82571411132812, 283.66180419921875, 282.1722106933594, 358.0518798828125, 0.5965448021888733], [0, 522.3568115234375, 131.8108673095703, 539.5428466796875, 154.49818420410156, 0.5716128349304199], [0, 494.1421203613281, 24.830650329589844, 505.4112854003906, 40.04673767089844, 0.4051239490509033], [0, 484.04638671875, 35.351966857910156, 496.0552978515625, 49.74147033691406, 0.3323008716106415], [0, 476.7657470703125, 41.357147216796875, 488.69775390625, 58.53852844238281, 0.3210238218307495], [0, 515.3807373046875, 2.5713911056518555, 524.409912109375, 12.975860595703125, 0.30137139558792114], [0, 436.88739013671875, 90.46389770507812, 451.26312255859375, 107.69912719726562, 0.28996822237968445], [1, 476.7861022949219, 40.99739074707031, 488.5924377441406, 58.38905334472656, 0.2707585394382477]]}