{"clean": [[0, 354.8744201660156, 397.5984191894531, 379.4030456542969, 451.0861511230469, 0.8729528188705444], [0, 388.6033935546875, 303.3562927246094, 409.6531982421875, 344.6548767089844, 0.8716663718223572], [0, 308.9906005859375, 334.39007568359375, 334.080078125, 385.52203369140625, 0.8605658411979675], [0, 231.37179565429688, 545.071533203125, 273.3592834472656, 606.809326171875, 0.8316443562507629], [0, 471.4394226074219, 167.38067626953125, 485.7945251464844, 203.32720947265625, 0.8259742259979248], [0, 443.0245361328125, 104.87631225585938, 454.887451171875, 128.9078826904297, 0.825610876083374], [1, 504.4842529296875, 82.79395294189453, 532.4337158203125, 103.33162689208984, 0.8131816387176514], [0, 366.42828369140625, 260.815673828125, 385.79669189453125, 293.27789306640625, 0.7824442386627197], [0, 461.29437255859375, 108.1815185546875, 472.7799072265625, 133.78369140625, 0.7687740325927734], [0, 401.6876220703125, 481.02178955078125, 438.798095703125, 538.4242553710938, 0.7582635283470154], [0, 510.4085693359375, 155.29736328125, 542.858642578125, 174.5950927734375, 0.756184458732605], [0, 432.3489990234375, 402.36785888671875, 475.295166015625, 436.60552978515625, 0.5972201228141785], [0, 464.91314697265625, 272.03643798828125, 498.0355224609375, 303.822265625, 0.5504168272018433], [4, 448.79949951171875, 295.0040283203125, 457.41400146484375, 311.11474609375, 0.29295259714126587]], "patched": [[0, 443.0223693847656, 104.92643737792969, 454.8894958496094, 128.86656188964844, 0.8215441107749939], [1, 504.49163818359375, 82.81378173828125, 532.4030151367188, 103.32673645019531, 0.8134313821792603], [0, 471.02349853515625, 167.37155151367188, 485.58416748046875, 203.23257446289062, 0.7974493503570557], [0, 354.6163024902344, 397.4687805175781, 379.2836608886719, 450.8007507324219, 0.7870171666145325], [0, 461.43011474609375, 108.26065063476562, 472.90203857421875, 133.51373291015625, 0.7659955024719238], [0, 510.4033203125, 155.31381225585938, 542.8597412109375, 174.55673217773438, 0.7553967237472534], [0, 309.00592041015625, 334.152099609375, 334.05706787109375, 386.38555908203125, 0.661400318145752], [0, 432.26995849609375, 402.3594055175781, 473.9676513671875, 435.2434997558594, 0.6110998392105103], [0, 366.6399841308594, 261.63092041015625, 385.8261413574219, 293.09234619140625, 0.39031675457954407], [0, 389.7198486328125, 302.7040100097656, 409.75244140625, 344.8389587402344, 0.384725421667099], [0, 312.0480041503906, 334.44891357421875, 333.8245544433594, 367.36529541015625, 0.36718639731407166], [1, 291.3787841796875, 206.33714294433594, 328.380126953125, 231.6735076904297, 0.25891339778900146]]}