{"clean": [[0, 269.267822265625, 50.13443374633789, 311.29376220703125, 109.89334106445312, 0.909052848815918], [0, 240.716552734375, 203.75607299804688, 274.5478515625, 295.0142822265625, 0.9063214063644409], [0, 465.14727783203125, 23.42140769958496, 521.5302124023438, 60.87963104248047, 0.894963264465332], [1, 231.56854248046875, 298.33282470703125, 266.17413330078125, 388.17498779296875, 0.8923879265785217], [0, 197.77224731445312, 176.75491333007812, 229.56289672851562, 258.0799255371094, 0.8922669291496277], [0, 323.31591796875, 211.72848510742188, 354.5330810546875, 300.18829345703125, 0.8862786293029785], [0, 62.949771881103516, 22.946531295776367, 119.65234375, 58.87074279785156, 0.8847547769546509], [0, 450.2347412109375, 250.19400024414062, 489.740478515625, 338.9629821777344, 0.8802496790885925], [1, 286.49560546875, 177.60333251953125, 311.5438232421875, 239.4705810546875, 0.8753600120544434], [0, 219.353515625, 407.386474609375, 258.60455322265625, 516.0750732421875, 0.861983060836792], [1, 328.74237060546875, 427.5126953125, 362.049560546875, 532.6367797851562, 0.8518747091293335], [0, 324.42401123046875, 4.016441345214844, 348.99737548828125, 62.61383056640625, 0.8432960510253906], [0, 211.40646362304688, 546.7542724609375, 256.5830993652344, 639.9078369140625, 0.8299888968467712], [1, 189.88916015625, 381.5699462890625, 223.62646484375, 475.2069091796875, 0.820193350315094], [2, 370.95208740234375, 161.56817626953125, 407.13299560546875, 271.75006103515625, 0.8049865365028381], [1, 326.6964416503906, 306.5315856933594, 358.7438049316406, 399.2032165527344, 0.7999157905578613], [4, 155.49061584472656, 335.3969421386719, 174.63099670410156, 372.7195739746094, 0.7167902588844299], [4, 483.06866455078125, 594.79248046875, 515.9046020507812, 609.27294921875, 0.672554612159729], [0, 473.12237548828125, 94.38787841796875, 533.1771850585938, 126.7991943359375, 0.658999502658844], [0, 331.70953369140625, 597.4986572265625, 369.25396728515625, 640.0, 0.6564391255378723], [1, 507.4242858886719, 60.92555618286133, 562.9365234375, 92.72630310058594, 0.5891409516334534], [0, 539.790283203125, 30.987560272216797, 592.736572265625, 62.12642288208008, 0.5527164340019226], [0, 455.0086975097656, 50.044281005859375, 503.1545104980469, 82.71321105957031, 0.537686288356781], [0, 18.592758178710938, 1.6860771179199219, 51.519508361816406, 40.36374282836914, 0.25390082597732544]], "patched": [[0, 269.527587890625, 50.14644241333008, 311.2392578125, 110.03300476074219, 0.8992294669151306], [1, 286.60589599609375, 177.7164306640625, 311.44024658203125, 239.36505126953125, 0.8719742894172668], [1, 231.9136962890625, 298.14923095703125, 265.1650085449219, 388.10577392578125, 0.8693271279335022], [0, 198.12718200683594, 177.009765625, 229.23194885253906, 257.9201965332031, 0.8652502298355103], [0, 465.26654052734375, 23.51670265197754, 521.5419311523438, 60.636695861816406, 0.8620781302452087], [1, 327.43414306640625, 306.87603759765625, 358.30718994140625, 399.13873291015625, 0.8461670875549316], [0, 241.29104614257812, 203.885986328125, 274.3824157714844, 294.87066650390625, 0.8408592939376831], [1, 189.9854736328125, 381.899169921875, 223.52908325195312, 480.2698974609375, 0.8325961232185364], [2, 371.180908203125, 161.60623168945312, 406.9627685546875, 271.7153625488281, 0.804560124874115], [0, 62.681827545166016, 23.22357177734375, 118.76937866210938, 57.712013244628906, 0.8009498119354248], [1, 220.41525268554688, 408.1224365234375, 258.4204406738281, 515.4508056640625, 0.7803528904914856], [0, 332.16314697265625, 597.6048583984375, 369.16253662109375, 640.0, 0.7650139927864075], [1, 329.1956787109375, 427.29852294921875, 361.5802001953125, 532.8980712890625, 0.7635174989700317], [1, 450.16632080078125, 250.5149383544922, 489.42926025390625, 339.04132080078125, 0.7145729660987854], [4, 155.57542419433594, 335.4866943359375, 174.35755920410156, 371.9005126953125, 0.6844949126243591], [1, 211.29800415039062, 547.2879638671875, 256.0250549316406, 639.9599609375, 0.6765645742416382], [4, 483.1405029296875, 595.13671875, 515.59765625, 609.0048828125, 0.6577108502388], [1, 323.84454345703125, 212.0763702392578, 353.79473876953125, 300.03314208984375, 0.6405698657035828], [0, 325.21881103515625, 3.990032196044922, 347.85467529296875, 62.06064224243164, 0.632765531539917], [0, 323.8807373046875, 211.85855102539062, 353.825439453125, 299.6835021972656, 0.5120674967765808], [1, 324.9697265625, 4.26426887512207, 347.9512939453125, 62.54296875, 0.4632297456264496], [0, 450.56365966796875, 250.55625915527344, 489.47235107421875, 339.049560546875, 0.4225245416164398], [0, 325.11968994140625, 26.705177307128906, 347.53411865234375, 62.87419891357422, 0.3876475691795349], [0, 18.695201873779297, 1.9535903930664062, 51.488094329833984, 40.4981689453125, 0.320011168718338], [0, 325.51416015625, 4.025177001953125, 345.904296875, 38.11195373535156, 0.2887064516544342]]}