{"clean": [[0, 424.11920166015625, 191.04327392578125, 450.98760986328125, 249.701171875, 0.8753190636634827], [3, 529.830322265625, 198.7906494140625, 623.2210693359375, 260.55859375, 0.8605625629425049], [0, 502.59613037109375, 493.22454833984375, 536.8643188476562, 523.2239379882812, 0.8128171563148499], [0, 210.08602905273438, 0.06749725341796875, 241.8763427734375, 19.401203155517578, 0.7014588713645935], [3, 58.12300109863281, 18.34644317626953, 144.20054626464844, 96.28305053710938, 0.6925804615020752], [1, 350.6786193847656, 409.5799560546875, 374.9782409667969, 466.237548828125, 0.6760601997375488], [3, 470.5821533203125, 219.04611206054688, 547.0291137695312, 279.7795104980469, 0.6639690399169922], [3, 543.54833984375, 439.957275390625, 639.201904296875, 496.3873291015625, 0.6379097104072571], [0, 445.6590576171875, 569.873291015625, 479.2216796875, 600.70556640625, 0.6042401194572449], [2, 529.58837890625, 198.29461669921875, 622.4521484375, 260.4621887207031, 0.42147356271743774], [3, 202.440185546875, 309.6824645996094, 281.5718994140625, 372.1151428222656, 0.3364924192428589], [2, 57.95619201660156, 18.312156677246094, 143.99526977539062, 97.35610961914062, 0.3349931836128235], [2, 202.3292236328125, 310.0752868652344, 281.3624267578125, 372.0017395019531, 0.3127496838569641]], "patched": [[3, 529.8248291015625, 198.80209350585938, 623.2113037109375, 260.5556945800781, 0.8582953810691833], [0, 424.1786804199219, 191.479248046875, 450.8645324707031, 249.659423828125, 0.8030032515525818], [0, 210.0858612060547, 0.06878662109375, 241.8770294189453, 19.413938522338867, 0.7041273713111877], [3, 58.12785339355469, 18.353111267089844, 144.18580627441406, 96.281494140625, 0.6971399784088135], [3, 470.53509521484375, 218.91650390625, 547.0321044921875, 279.79443359375, 0.647426962852478], [3, 543.533447265625, 439.93096923828125, 639.189697265625, 496.7059326171875, 0.6262430548667908], [0, 350.9607238769531, 435.75091552734375, 367.2953186035156, 466.0859375, 0.4735516607761383], [0, 502.529296875, 493.17218017578125, 537.1796875, 523.1747436523438, 0.43397256731987], [2, 529.5861206054688, 198.30194091796875, 622.4415893554688, 260.4576416015625, 0.42416247725486755], [0, 424.0215148925781, 210.2017822265625, 447.4741516113281, 249.86065673828125, 0.3506130874156952], [2, 57.96473693847656, 18.323570251464844, 143.98135375976562, 97.3615493774414, 0.3325277268886566], [2, 202.32354736328125, 310.070556640625, 281.36627197265625, 372.2242431640625, 0.3152487874031067], [3, 202.43109130859375, 309.67230224609375, 281.57061767578125, 372.36529541015625, 0.29876023530960083]]}