{"clean": [[0, 251.12127685546875, 55.13713073730469, 265.28594970703125, 81.77105712890625, 0.8073764443397522], [0, 226.48171997070312, 160.1688232421875, 242.77078247070312, 192.06951904296875, 0.7881550192832947], [0, 366.568603515625, 95.05868530273438, 378.55609130859375, 123.4630126953125, 0.7648016810417175], [0, 369.69744873046875, 3.734682083129883, 379.32440185546875, 25.448890686035156, 0.7092087864875793], [3, 381.43414306640625, 0.0, 393.23162841796875, 34.04764175415039, 0.7007496356964111], [0, 162.46542358398438, 467.26971435546875, 188.83697509765625, 519.2894897460938, 0.6984162330627441], [0, 351.18115234375, 275.56170654296875, 367.18377685546875, 318.49053955078125, 0.6667707562446594], [0, 264.44061279296875, 0.24190330505371094, 276.65399169921875, 21.994037628173828, 0.5932471752166748], [0, 266.1171875, 71.33705139160156, 278.2366943359375, 91.40461730957031, 0.5472638607025146], [0, 116.85171508789062, 624.9656982421875, 145.1881103515625, 639.9637451171875, 0.5030959844589233], [0, 273.75030517578125, 193.29891967773438, 290.10491943359375, 237.54281616210938, 0.45711660385131836], [0, 205.78817749023438, 314.6627197265625, 222.96701049804688, 342.69952392578125, 0.3730708956718445]], "patched": [[0, 251.13714599609375, 55.14719772338867, 265.26898193359375, 81.76899719238281, 0.807699978351593], [0, 366.58990478515625, 95.07927703857422, 378.52752685546875, 123.4629135131836, 0.7642861604690552], [0, 226.61514282226562, 160.31399536132812, 242.71591186523438, 191.93634033203125, 0.7360841035842896], [0, 351.25469970703125, 275.26751708984375, 366.91925048828125, 318.47320556640625, 0.727740466594696], [0, 369.7239990234375, 3.744945526123047, 379.2862548828125, 25.43686294555664, 0.7091076374053955], [3, 381.44439697265625, 0.0, 393.21258544921875, 34.04341506958008, 0.7084683179855347], [0, 264.44903564453125, 0.24782371520996094, 276.630126953125, 21.9934139251709, 0.5877990126609802], [0, 266.15875244140625, 71.3753662109375, 278.20172119140625, 91.40965270996094, 0.5516570210456848], [0, 206.8670654296875, 314.7732849121094, 223.1324462890625, 342.7784118652344, 0.5149851441383362], [0, 117.05144500732422, 624.9752197265625, 145.14459228515625, 639.9652099609375, 0.4709576964378357], [0, 163.03561401367188, 477.77496337890625, 186.53756713867188, 519.3346557617188, 0.4241408109664917], [0, 273.80316162109375, 193.25460815429688, 290.04412841796875, 237.59140014648438, 0.41654688119888306], [1, 273.6610107421875, 193.44656372070312, 289.8685302734375, 237.56912231445312, 0.33621907234191895]]}