{"clean": [[3, 247.94094848632812, 187.86856079101562, 260.4143371582031, 256.0303039550781, 0.7448418140411377], [0, 285.02935791015625, 53.572715759277344, 299.93743896484375, 63.91753387451172, 0.7138217687606812], [0, 549.29296875, 52.52350616455078, 565.4749755859375, 63.64983367919922, 0.7045892477035522], [3, 213.19888305664062, 478.1341552734375, 225.55343627929688, 520.02783203125, 0.6522715091705322], [2, 277.2647705078125, 202.128173828125, 294.28399658203125, 241.08489990234375, 0.5735552310943604], [1, 213.20626831054688, 477.8665771484375, 225.7716064453125, 520.526123046875, 0.3908430337905884], [0, 28.83245849609375, 568.044921875, 68.97742462158203, 586.886474609375, 0.37435024976730347], [1, 598.2674560546875, 0.0026655197143554688, 618.52734375, 4.406833648681641, 0.25382858514785767]], "patched": [[3, 247.941650390625, 187.874267578125, 260.41241455078125, 256.03076171875, 0.7443791627883911], [0, 285.029296875, 53.57212448120117, 299.937255859375, 63.91751480102539, 0.713840663433075], [0, 549.2933959960938, 52.52386474609375, 565.4747924804688, 63.6497802734375, 0.7048861384391785], [3, 213.2142791748047, 478.13726806640625, 225.54307556152344, 520.0185546875, 0.6517159938812256], [2, 277.26544189453125, 202.12738037109375, 294.28460693359375, 241.08685302734375, 0.573118269443512], [0, 29.8382568359375, 568.2452392578125, 69.00376892089844, 586.9332275390625, 0.44279417395591736], [1, 213.21841430664062, 477.87109375, 225.76034545898438, 520.51904296875, 0.3942691683769226], [1, 598.2679443359375, 0.0026268959045410156, 618.5274658203125, 4.406830310821533, 0.25415945053100586]]}