{"clean": [[0, 262.359375, 381.82550048828125, 276.8759765625, 433.70062255859375, 0.7959451079368591], [3, 255.7798309326172, 61.913204193115234, 274.49725341796875, 172.47665405273438, 0.7856221199035645], [3, 206.04751586914062, 251.90013122558594, 237.90231323242188, 378.0457763671875, 0.7739306688308716], [3, 411.3764953613281, 595.2664184570312, 443.1674499511719, 639.8749389648438, 0.7628209590911865], [2, 269.68817138671875, 606.939208984375, 290.86309814453125, 639.79638671875, 0.758783221244812], [0, 360.47222900390625, 26.401273727416992, 371.12213134765625, 61.29151916503906, 0.7039763927459717], [3, 155.587646484375, 478.21875, 201.20437622070312, 566.8758544921875, 0.6202886700630188], [3, 375.834228515625, 486.146728515625, 394.2298583984375, 547.434326171875, 0.4426691234111786], [1, 360.3641662597656, 26.49066925048828, 370.9212951660156, 61.22167205810547, 0.3929479122161865], [2, 155.7860107421875, 477.7361755371094, 201.4339599609375, 566.9146728515625, 0.3900874853134155], [0, 424.106689453125, 370.06591796875, 446.810302734375, 417.1158447265625, 0.3607299327850342], [1, 376.2066650390625, 485.9752197265625, 394.0184326171875, 547.509765625, 0.35882794857025146], [1, 424.6640319824219, 370.10894775390625, 446.1271057128906, 417.37115478515625, 0.27220210433006287]], "patched": [[0, 262.2840576171875, 381.7924499511719, 276.741943359375, 433.7010803222656, 0.7916916608810425], [3, 255.779541015625, 61.9119873046875, 274.49456787109375, 172.49093627929688, 0.7871773838996887], [3, 411.39697265625, 595.3046264648438, 443.1590576171875, 639.8759155273438, 0.7749390006065369], [3, 206.06936645507812, 251.90789794921875, 237.83975219726562, 378.04705810546875, 0.7741681337356567], [0, 360.48114013671875, 26.396514892578125, 371.11895751953125, 61.29405212402344, 0.699536144733429], [3, 155.64100646972656, 478.2178039550781, 201.2057342529297, 566.844970703125, 0.6374991536140442], [3, 269.6133728027344, 607.0851440429688, 290.5174255371094, 639.9946899414062, 0.6246931552886963], [3, 375.8990173339844, 486.1519775390625, 394.0260314941406, 547.4525146484375, 0.4741566479206085], [2, 155.8170166015625, 477.75274658203125, 201.43792724609375, 566.8998413085938, 0.44187799096107483], [1, 360.36767578125, 26.490530014038086, 370.90948486328125, 61.22406768798828, 0.40678879618644714], [1, 379.86248779296875, 391.870361328125, 391.68341064453125, 414.71630859375, 0.4031011760234833], [1, 378.65447998046875, 368.77655029296875, 390.43792724609375, 394.80230712890625, 0.36174649000167847], [2, 269.78948974609375, 606.8883056640625, 290.7144775390625, 639.7530517578125, 0.2999829351902008]]}