{"clean": [[0, 295.194091796875, 169.95721435546875, 309.83203125, 203.135498046875, 0.8631104230880737], [0, 314.16522216796875, 57.96587371826172, 328.07025146484375, 85.6160659790039, 0.8365637063980103], [0, 354.9931335449219, 66.12905883789062, 367.7295837402344, 97.474853515625, 0.8321149349212646], [0, 250.0019073486328, 174.5889129638672, 268.99481201171875, 206.0144805908203, 0.8206714987754822], [0, 326.1324462890625, 130.4016571044922, 340.2552490234375, 169.09507751464844, 0.8135198354721069], [0, 254.6225128173828, 410.9118957519531, 272.49957275390625, 458.8350524902344, 0.8066997528076172], [0, 272.8795471191406, 296.84222412109375, 286.6256408691406, 328.95660400390625, 0.7965325713157654], [0, 333.8875732421875, 390.7672119140625, 351.1044921875, 439.7403564453125, 0.7899313569068909], [0, 232.20953369140625, 627.3477172851562, 249.45758056640625, 640.0, 0.7468913793563843], [4, 210.67958068847656, 279.2014465332031, 221.23731994628906, 297.4321594238281, 0.45445477962493896], [3, 0.37314605712890625, 465.45751953125, 78.9696273803711, 555.474365234375, 0.2938450574874878]], "patched": [[0, 314.17254638671875, 57.95808792114258, 328.081298828125, 85.61549377441406, 0.8345611691474915], [0, 354.99700927734375, 66.16848754882812, 367.71942138671875, 97.48837280273438, 0.8324661254882812], [0, 295.3033142089844, 169.9959716796875, 309.8005676269531, 203.15505981445312, 0.8305574655532837], [0, 326.115234375, 130.42669677734375, 340.2264404296875, 169.13824462890625, 0.8104473948478699], [0, 272.85833740234375, 295.2821960449219, 287.273193359375, 328.9790954589844, 0.7639011144638062], [0, 333.930908203125, 390.84613037109375, 351.1285400390625, 439.7183837890625, 0.7571410536766052], [0, 232.23733520507812, 627.3209228515625, 249.47512817382812, 640.0, 0.751765787601471], [0, 254.65350341796875, 410.8194274902344, 272.3743896484375, 458.4006652832031, 0.7380741238594055], [0, 251.34072875976562, 174.7017059326172, 268.7394714355469, 205.09922790527344, 0.6910054087638855], [0, 254.8040771484375, 429.7274475097656, 270.315673828125, 458.9352722167969, 0.6304911971092224], [4, 210.58631896972656, 279.2153015136719, 221.3105926513672, 297.4555358886719, 0.4378894567489624], [0, 251.80203247070312, 174.47901916503906, 268.9977722167969, 196.5463409423828, 0.28488579392433167], [3, 0.367340087890625, 465.713623046875, 78.9765625, 555.9964599609375, 0.26184412837028503]]}