{"clean": [[0, 224.4966278076172, 347.27166748046875, 234.5070343017578, 374.46490478515625, 0.8182569146156311], [3, 214.66537475585938, 174.16433715820312, 234.54843139648438, 236.97781372070312, 0.800140917301178], [3, 195.58334350585938, 276.91754150390625, 213.95791625976562, 345.4462890625, 0.7896956205368042], [3, 504.2851867675781, 534.2342529296875, 526.6181640625, 639.3905029296875, 0.7785876989364624], [0, 307.513671875, 357.0155029296875, 317.0701904296875, 387.2724609375, 0.7632659077644348], [0, 234.02488708496094, 254.46316528320312, 243.37721252441406, 277.2179870605469, 0.7187762260437012], [0, 508.8773498535156, 497.751220703125, 525.9327392578125, 526.17138671875, 0.6793548464775085], [0, 403.3109130859375, 608.5400390625, 429.23858642578125, 629.228515625, 0.6220069527626038], [0, 321.27301025390625, 119.67164611816406, 329.2137451171875, 136.21678161621094, 0.48824751377105713], [0, 309.97454833984375, 477.0621337890625, 319.77203369140625, 514.0304565429688, 0.30716192722320557], [0, 310.84136962890625, 620.64306640625, 321.07745361328125, 639.953857421875, 0.27171456813812256], [1, 267.2535400390625, 51.87419128417969, 277.29248046875, 71.60328674316406, 0.2650338113307953]], "patched": [[0, 224.4952850341797, 347.26971435546875, 234.5085906982422, 374.46832275390625, 0.8181210160255432], [3, 214.66311645507812, 174.1645965576172, 234.54971313476562, 236.98304748535156, 0.7998257279396057], [3, 195.57864379882812, 276.92266845703125, 213.97024536132812, 345.45257568359375, 0.7893794178962708], [3, 504.2441101074219, 534.22607421875, 526.615478515625, 639.411865234375, 0.7753317952156067], [0, 307.5133972167969, 357.0133056640625, 317.0701599121094, 387.275390625, 0.7641196846961975], [0, 234.0242919921875, 254.46112060546875, 243.37884521484375, 277.220458984375, 0.7150920629501343], [0, 508.8792724609375, 497.70489501953125, 525.9539794921875, 526.1847534179688, 0.6784461736679077], [0, 321.2734375, 119.67098999023438, 329.212646484375, 136.216064453125, 0.4858313500881195], [0, 310.06591796875, 477.0435791015625, 319.797119140625, 514.6066284179688, 0.31831222772598267], [0, 403.5583190917969, 612.7759399414062, 429.3438415527344, 629.1410522460938, 0.30563703179359436], [0, 310.83099365234375, 620.6427001953125, 321.10546875, 639.9559326171875, 0.30121076107025146], [1, 267.2537841796875, 51.87397003173828, 277.2919921875, 71.60308074951172, 0.2637777030467987]]}