{"clean": [[3, 18.29302215576172, 61.05000686645508, 55.035118103027344, 99.66435241699219, 0.5712393522262573]], "patched": [[3, 18.300582885742188, 61.05033874511719, 55.03358459472656, 99.65684509277344, 0.5720401406288147]]}