{"clean": [[0, 612.2129516601562, 355.4163818359375, 639.9453735351562, 414.6475830078125, 0.6388887763023376], [4, 588.91259765625, 355.33575439453125, 602.7935791015625, 377.67584228515625, 0.3148829936981201], [4, 605.8321533203125, 341.49407958984375, 621.1875, 357.69781494140625, 0.3060564398765564]], "patched": [[0, 612.251708984375, 355.38397216796875, 639.939697265625, 415.29449462890625, 0.6094407439231873], [4, 589.31494140625, 355.8759765625, 602.739990234375, 377.681640625, 0.3428196609020233], [4, 605.9075927734375, 341.3592529296875, 621.1668701171875, 357.5841064453125, 0.33193522691726685]]}