{"clean": [[0, 567.0120849609375, 515.8486328125, 592.3585205078125, 540.091796875, 0.7853068113327026], [0, 537.6085205078125, 561.14453125, 564.2037353515625, 586.812744140625, 0.7579922676086426], [2, 592.8391723632812, 480.00262451171875, 639.9826049804688, 529.0219116210938, 0.5609786510467529], [0, 344.278564453125, 466.6172180175781, 360.1282958984375, 487.7761535644531, 0.5392997860908508], [2, 429.9769287109375, 565.4888916015625, 473.8758544921875, 593.0482177734375, 0.3945164084434509]], "patched": [[0, 567.28173828125, 515.9627685546875, 591.88916015625, 540.0555419921875, 0.6157909035682678], [2, 592.84375, 480.09051513671875, 639.9810791015625, 529.2879028320312, 0.5738789439201355], [0, 344.24322509765625, 466.57318115234375, 360.15386962890625, 487.73626708984375, 0.5296463370323181], [2, 429.9256591796875, 565.3023681640625, 473.9383544921875, 593.2828369140625, 0.3040693402290344], [0, 133.3814239501953, 609.6619262695312, 157.3907012939453, 622.8190307617188, 0.27226871252059937], [0, 538.431884765625, 561.14599609375, 563.906005859375, 588.624267578125, 0.2598496675491333]]}