{"clean": [[0, 22.064666748046875, 334.6704406738281, 100.71812438964844, 482.9009094238281, 0.9296849966049194], [0, 52.47829055786133, 121.40851593017578, 114.07359313964844, 224.48516845703125, 0.9183917045593262], [0, 7.5040130615234375, 221.59323120117188, 76.56622314453125, 346.9749450683594, 0.9156380295753479], [0, 298.2702331542969, 206.09251403808594, 345.1736755371094, 328.6014404296875, 0.9118724465370178], [1, 62.933895111083984, 30.167831420898438, 119.0631103515625, 113.60357666015625, 0.9073221683502197], [1, 104.45905303955078, 46.58233642578125, 155.06463623046875, 146.37416076660156, 0.9025490880012512], [1, 466.2724609375, 0.0, 517.705078125, 97.07696533203125, 0.9022058248519897], [0, 399.0442199707031, 505.92626953125, 461.3482971191406, 640.0, 0.892694354057312], [1, 309.7768859863281, 90.84662628173828, 346.3202209472656, 180.7083740234375, 0.8803020715713501], [4, 570.442626953125, 404.81207275390625, 599.328857421875, 446.6514892578125, 0.7818111181259155], [0, 197.64404296875, 455.32403564453125, 261.7595520019531, 640.0, 0.77312171459198], [0, 313.841064453125, 0.06566619873046875, 345.114013671875, 32.136756896972656, 0.7700269818305969], [4, 586.8839721679688, 457.4625244140625, 628.8688354492188, 480.8489990234375, 0.6086440682411194], [0, 272.5882263183594, 373.74359130859375, 357.8558044433594, 543.9110717773438, 0.6030656099319458], [4, 29.34651756286621, 550.9744873046875, 76.70531463623047, 602.8741455078125, 0.4886447787284851], [0, 0.0, 385.6549072265625, 21.83228302001953, 529.515380859375, 0.45085468888282776], [1, 261.85791015625, 618.9281005859375, 324.070556640625, 640.0, 0.3491164445877075], [0, 256.0283508300781, 618.814208984375, 323.6031188964844, 640.0, 0.2824452519416809]], "patched": [[1, 63.054351806640625, 30.2203369140625, 118.98841857910156, 113.476318359375, 0.9058272242546082], [0, 8.169448852539062, 222.03257751464844, 76.64179992675781, 347.1934814453125, 0.9023798704147339], [1, 466.32525634765625, 0.0, 517.6683959960938, 96.98835754394531, 0.9022748470306396], [1, 104.60528564453125, 46.63994216918945, 155.01510620117188, 146.17527770996094, 0.8980028033256531], [1, 309.8026123046875, 90.89363861083984, 346.2708740234375, 180.70248413085938, 0.879849910736084], [4, 570.505126953125, 404.79290771484375, 599.7357177734375, 446.66131591796875, 0.7628128528594971], [1, 204.06201171875, 546.061279296875, 258.6394348144531, 579.039794921875, 0.7428911924362183], [0, 279.61737060546875, 453.4229736328125, 331.88421630859375, 542.3395385742188, 0.7328985929489136], [1, 200.0814208984375, 517.231689453125, 257.8047790527344, 547.11767578125, 0.7116873264312744], [1, 401.49700927734375, 569.3318481445312, 460.6331787109375, 640.0, 0.679796576499939], [0, 197.93426513671875, 558.7041625976562, 255.18731689453125, 639.9055786132812, 0.6775537133216858], [0, 35.86347961425781, 336.24554443359375, 100.07838439941406, 426.76361083984375, 0.6634713411331177], [0, 313.92987060546875, 0.035991668701171875, 345.835205078125, 32.10966491699219, 0.6529062986373901], [1, 52.50680160522461, 121.1296157836914, 109.84515380859375, 224.50491333007812, 0.6504180431365967], [1, 7.926055908203125, 221.6573486328125, 76.39958190917969, 345.46612548828125, 0.6275196671485901], [1, 298.14013671875, 206.06442260742188, 343.8812255859375, 328.9381408691406, 0.6210933923721313], [1, 415.6294860839844, 561.293701171875, 451.6337585449219, 582.224365234375, 0.6122127771377563], [1, 210.22467041015625, 532.1510009765625, 255.90289306640625, 556.5035400390625, 0.5789631605148315], [0, 0.0, 384.96270751953125, 24.366092681884766, 527.960693359375, 0.5698922872543335], [1, 208.92312622070312, 452.8050537109375, 262.81768798828125, 543.2890625, 0.5678672194480896], [1, 22.264184951782227, 407.6481628417969, 85.57630157470703, 483.0450744628906, 0.5467544794082642], [4, 586.80517578125, 455.9725646972656, 628.6490478515625, 480.8738708496094, 0.5373806953430176], [1, 282.0567626953125, 454.05230712890625, 331.2491455078125, 490.78070068359375, 0.5171877145767212], [1, 399.86029052734375, 506.4012756347656, 457.60601806640625, 640.0, 0.5004169940948486], [1, 70.54669952392578, 164.3328399658203, 102.96326446533203, 181.4111785888672, 0.449832022190094], [4, 29.445497512817383, 550.6791381835938, 76.94953918457031, 602.5368041992188, 0.4431869089603424], [1, 409.36639404296875, 549.5708618164062, 452.08856201171875, 568.9553833007812, 0.43989890813827515], [0, 22.053085327148438, 406.2567138671875, 86.08174133300781, 483.05645751953125, 0.4248518943786621], [1, 271.2588806152344, 454.4427490234375, 331.8288269042969, 541.6019287109375, 0.42022478580474854], [1, 200.447509765625, 486.03631591796875, 259.93780517578125, 546.5009155273438, 0.41356873512268066], [1, 43.039859771728516, 397.4312744140625, 85.99447631835938, 420.433837890625, 0.382811576128006], [1, 287.5914306640625, 375.34088134765625, 351.404296875, 457.91094970703125, 0.37225112318992615], [1, 63.765899658203125, 174.53228759765625, 104.61079406738281, 197.64236450195312, 0.36308717727661133], [1, 287.2230224609375, 433.430419921875, 335.75091552734375, 456.7728271484375, 0.35266202688217163], [0, 52.672706604003906, 122.26615142822266, 102.24512481689453, 181.19668579101562, 0.3315523564815521], [1, 289.22857666015625, 447.7788391113281, 336.35711669921875, 471.4135437011719, 0.3167731463909149], [1, 198.32196044921875, 547.07763671875, 256.55120849609375, 639.815185546875, 0.2848922908306122], [0, 298.60638427734375, 206.69003295898438, 343.98345947265625, 305.7793273925781, 0.2561269998550415], [0, 288.3232421875, 375.49603271484375, 351.25909423828125, 457.3978271484375, 0.2537076771259308], [1, 402.5892333984375, 507.581787109375, 452.5533447265625, 571.4307861328125, 0.25350791215896606]]}