{"clean": [[1, 221.00344848632812, 178.60894775390625, 250.74630737304688, 224.6341552734375, 0.8635063767433167], [0, 242.88134765625, 448.1017761230469, 269.70660400390625, 490.6535339355469, 0.8631207346916199], [0, 131.71640014648438, 282.0454406738281, 158.00027465820312, 324.5290222167969, 0.8461002111434937], [0, 5.426300048828125, 574.0289916992188, 39.35755157470703, 622.8090209960938, 0.8318852782249451], [3, 180.49273681640625, 0.5378570556640625, 208.3800048828125, 77.77885437011719, 0.7923220992088318], [0, 16.22663116455078, 533.3008422851562, 50.40019226074219, 585.1774291992188, 0.6994040012359619], [0, 0.0, 612.3287353515625, 29.782657623291016, 640.0, 0.6807298064231873], [0, 0.0, 478.2017822265625, 17.572416305541992, 528.7725830078125, 0.4925954043865204]], "patched": [[1, 221.11993408203125, 178.60116577148438, 250.63409423828125, 224.50515747070312, 0.8557261228561401], [3, 180.53421020507812, 0.5279693603515625, 208.24188232421875, 77.760498046875, 0.8105658888816833], [1, 159.8416748046875, 164.36077880859375, 186.81277465820312, 180.0364990234375, 0.7705274820327759], [1, 8.424832344055176, 599.4116821289062, 30.504955291748047, 614.1779174804688, 0.688761830329895], [1, 11.173332214355469, 593.6126708984375, 32.1340217590332, 605.4466552734375, 0.6174123883247375], [1, 243.01046752929688, 448.3741149902344, 263.9417419433594, 470.8905334472656, 0.5793123245239258], [1, 17.724536895751953, 534.235107421875, 49.508541107177734, 585.2626953125, 0.523002028465271], [1, 247.76495361328125, 468.3258056640625, 269.2784423828125, 489.7470703125, 0.4998300075531006], [0, 0.0, 482.72955322265625, 17.22211456298828, 528.8357543945312, 0.4766438603401184], [0, 23.899185180664062, 559.1854248046875, 49.47679901123047, 585.3385009765625, 0.46996331214904785], [1, 0.16891098022460938, 488.46728515625, 17.322898864746094, 528.791259765625, 0.4493458569049835], [1, 23.983562469482422, 559.3798828125, 49.50648880004883, 585.3310546875, 0.3639967441558838], [1, 10.040557861328125, 589.1824951171875, 32.70654296875, 600.4132080078125, 0.2652253806591034]]}