{"clean": [[0, 407.7631530761719, 366.4512634277344, 431.3904113769531, 416.8872985839844, 0.8508886098861694], [0, 432.2913818359375, 168.9383544921875, 447.25537109375, 196.6435546875, 0.8453570604324341], [2, 412.3212585449219, 129.23013305664062, 437.6033020019531, 185.74459838867188, 0.8365851044654846], [0, 393.2182922363281, 245.25421142578125, 407.3292541503906, 280.30560302734375, 0.8190441131591797], [0, 440.1549072265625, 145.083740234375, 455.7021484375, 169.99725341796875, 0.8008500337600708], [0, 435.6962890625, 117.52668762207031, 450.97625732421875, 138.60511779785156, 0.7827485799789429], [0, 141.06129455566406, 358.50030517578125, 173.69895935058594, 381.10406494140625, 0.7395728230476379], [0, 419.19586181640625, 293.0494384765625, 437.01312255859375, 341.30877685546875, 0.7306870222091675], [0, 447.62890625, 122.06685638427734, 461.96533203125, 144.43869018554688, 0.7246014475822449], [1, 419.86993408203125, 202.95242309570312, 437.4197998046875, 241.1229248046875, 0.5404899716377258], [0, 419.91058349609375, 202.87774658203125, 437.18414306640625, 240.8720703125, 0.5285776257514954], [3, 460.12188720703125, 213.65176391601562, 483.83367919921875, 289.1816101074219, 0.45974981784820557], [0, 141.79281616210938, 369.65911865234375, 174.10757446289062, 388.50885009765625, 0.4298892915248871], [3, 439.6301574707031, 29.77489471435547, 461.8266906738281, 73.0607681274414, 0.3667573630809784]], "patched": [[0, 432.331787109375, 168.95791625976562, 447.2266845703125, 196.64071655273438, 0.8460365533828735], [2, 412.427001953125, 129.27142333984375, 437.58551025390625, 185.75030517578125, 0.8408817648887634], [0, 440.1956481933594, 145.08389282226562, 455.6551818847656, 169.97866821289062, 0.8020377159118652], [0, 435.7799072265625, 117.56703186035156, 450.920166015625, 138.59449768066406, 0.782900869846344], [0, 447.65338134765625, 122.12924194335938, 461.80267333984375, 144.46343994140625, 0.7199553847312927], [0, 419.3612060546875, 293.06268310546875, 436.8238525390625, 341.26678466796875, 0.7083647847175598], [0, 141.3701171875, 359.46173095703125, 173.8145751953125, 378.01641845703125, 0.6367387771606445], [2, 407.93988037109375, 366.94927978515625, 431.53460693359375, 416.59112548828125, 0.6113367080688477], [1, 419.9325256347656, 202.98110961914062, 437.3579406738281, 241.13876342773438, 0.5681135058403015], [0, 419.9681396484375, 202.9129180908203, 437.14678955078125, 240.8461456298828, 0.49402931332588196], [3, 460.2945556640625, 213.5968017578125, 483.5799560546875, 289.283203125, 0.45101574063301086], [0, 393.364990234375, 245.16714477539062, 406.9471435546875, 280.6715393066406, 0.4067330062389374], [3, 439.6947021484375, 29.88018798828125, 461.7479248046875, 73.04283142089844, 0.38129717111587524], [0, 407.96734619140625, 366.60150146484375, 431.26544189453125, 416.81988525390625, 0.34123533964157104], [1, 393.3835144042969, 245.14691162109375, 407.0726013183594, 280.09661865234375, 0.3235792815685272]]}