{"clean": [[0, 126.32087707519531, 389.12713623046875, 143.1053924560547, 434.91070556640625, 0.8215005993843079], [0, 128.5319366455078, 247.0504150390625, 142.66831970214844, 276.744873046875, 0.8091682195663452], [0, 128.72598266601562, 356.9007568359375, 141.80661010742188, 385.041259765625, 0.7711107730865479], [0, 125.99553680419922, 502.7427978515625, 143.8492431640625, 552.116943359375, 0.7706437110900879], [0, 80.25306701660156, 586.559326171875, 101.65480041503906, 638.5966796875, 0.7595179677009583], [4, 186.56845092773438, 403.77178955078125, 194.56588745117188, 421.38836669921875, 0.40924271941185]], "patched": [[0, 128.5587158203125, 247.0972900390625, 142.5147705078125, 276.636474609375, 0.8034078478813171], [0, 125.83804321289062, 389.92315673828125, 142.16574096679688, 435.06622314453125, 0.7354790568351746], [0, 128.654296875, 357.8321228027344, 141.9085693359375, 385.0350646972656, 0.579882800579071], [4, 186.58316040039062, 403.7351989746094, 194.56210327148438, 421.1061096191406, 0.3936839699745178], [0, 125.4232177734375, 402.43853759765625, 141.70721435546875, 434.98004150390625, 0.3723750114440918], [2, 80.67953491210938, 586.473388671875, 101.513671875, 639.101318359375, 0.3048909902572632], [0, 128.49777221679688, 320.04522705078125, 140.08450317382812, 343.5316162109375, 0.2745460271835327]]}