{"clean": [[0, 325.9197998046875, 394.41729736328125, 354.0496826171875, 475.382568359375, 0.8098214864730835], [1, 406.6998291015625, 120.9291763305664, 462.660888671875, 180.77297973632812, 0.8039106130599976], [0, 354.76397705078125, 403.3759765625, 385.37823486328125, 485.48193359375, 0.7565849423408508], [0, 205.83212280273438, 250.43252563476562, 235.939697265625, 331.8908386230469, 0.7425511479377747], [0, 19.628725051879883, 190.55764770507812, 65.3458251953125, 231.90518188476562, 0.7355080842971802], [0, 613.600341796875, 535.0199584960938, 639.9718017578125, 609.2090454101562, 0.7176606059074402], [0, 417.9945068359375, 437.3529052734375, 449.9578857421875, 520.389404296875, 0.6715614199638367], [1, 298.6900634765625, 384.81671142578125, 323.56121826171875, 462.91290283203125, 0.6314167976379395], [0, 448.9956359863281, 455.0845947265625, 481.9957580566406, 538.6055908203125, 0.6015099287033081], [0, 435.2502746582031, 534.1392822265625, 497.9247741699219, 573.37548828125, 0.5870131850242615], [0, 471.4964599609375, 318.48870849609375, 531.3485717773438, 362.60748291015625, 0.5765668749809265], [1, 478.9044189453125, 467.703857421875, 512.136474609375, 552.8381958007812, 0.5745334625244141], [0, 511.6488037109375, 479.2182312011719, 544.9813232421875, 564.802734375, 0.5733764171600342], [0, 298.20062255859375, 384.49041748046875, 323.13861083984375, 462.05621337890625, 0.5020577311515808], [0, 479.230712890625, 467.83160400390625, 512.1998291015625, 553.7179565429688, 0.47648152709007263], [1, 541.8541870117188, 494.1016845703125, 576.6635131835938, 577.40966796875, 0.47088736295700073], [1, 511.4606628417969, 478.9429931640625, 544.98388671875, 564.5531005859375, 0.46950918436050415], [0, 237.09722900390625, 278.2689208984375, 280.6639404296875, 313.3270263671875, 0.43274474143981934], [0, 541.0888061523438, 493.4761962890625, 577.0982055664062, 577.51025390625, 0.3938961625099182]], "patched": [[1, 406.6444396972656, 120.88796997070312, 461.5837097167969, 180.59353637695312, 0.7917869091033936], [0, 514.4822998046875, 517.1778564453125, 544.2764892578125, 564.49755859375, 0.7801322937011719], [0, 452.980712890625, 490.9187316894531, 481.11358642578125, 538.422119140625, 0.7258217334747314], [0, 205.80337524414062, 250.34552001953125, 235.13619995117188, 331.9146728515625, 0.7142872214317322], [0, 484.47833251953125, 505.896484375, 512.474609375, 552.9642333984375, 0.5335407853126526], [0, 19.698394775390625, 191.13026428222656, 64.79689025878906, 232.9832000732422, 0.5298296809196472], [0, 354.5384521484375, 403.4874572753906, 383.054931640625, 451.6547546386719, 0.5272369980812073], [1, 243.536376953125, 251.90335083007812, 277.95013427734375, 272.4527893066406, 0.5053329467773438], [0, 511.027587890625, 478.98883056640625, 540.74169921875, 522.5607299804688, 0.4903004467487335], [0, 435.34393310546875, 534.23828125, 497.82586669921875, 573.47412109375, 0.47537651658058167], [0, 236.94778442382812, 278.18304443359375, 280.6855163574219, 313.17474365234375, 0.4617699384689331], [1, 298.74786376953125, 384.833740234375, 323.12225341796875, 462.69091796875, 0.45909565687179565], [1, 418.4830017089844, 437.7017822265625, 449.0068054199219, 519.8640747070312, 0.44006800651550293], [0, 299.71343994140625, 386.915283203125, 323.43878173828125, 463.058349609375, 0.413472056388855], [0, 545.54443359375, 530.25927734375, 576.24365234375, 576.9737548828125, 0.40656039118766785], [1, 545.7086181640625, 529.2154541015625, 576.1754150390625, 577.1878662109375, 0.37355029582977295], [0, 419.10931396484375, 440.2147216796875, 449.66033935546875, 520.4898681640625, 0.3490842580795288], [0, 298.9808349609375, 384.624267578125, 322.205810546875, 425.6253662109375, 0.34045007824897766], [1, 325.42608642578125, 394.8813781738281, 353.59014892578125, 475.3199157714844, 0.3309226930141449], [0, 471.63604736328125, 319.3297119140625, 517.7460327148438, 360.2994384765625, 0.2524530589580536]]}