{"clean": [[2, 265.95037841796875, 398.97021484375, 316.35626220703125, 516.76904296875, 0.8183042407035828], [0, 411.1004638671875, 87.61260223388672, 423.8792724609375, 112.2938003540039, 0.8065730333328247], [1, 382.845703125, 368.5794677734375, 403.4354248046875, 424.089599609375, 0.8063686490058899], [0, 421.9010009765625, 39.506202697753906, 434.80596923828125, 61.66706085205078, 0.7957168817520142], [2, 405.765869140625, 1.4272232055664062, 426.87103271484375, 52.78083419799805, 0.7945852279663086], [1, 406.5068664550781, 355.7438659667969, 429.2372131347656, 410.9007263183594, 0.7903363704681396], [2, 374.94927978515625, 94.88923645019531, 400.13873291015625, 155.8419952392578, 0.7697622179985046], [0, 526.9549560546875, 244.826171875, 559.4512939453125, 265.1292724609375, 0.6676311492919922], [0, 149.4185028076172, 345.8800048828125, 176.9331512451172, 383.95745849609375, 0.4426317811012268], [3, 374.83990478515625, 94.90357971191406, 400.52508544921875, 155.8544158935547, 0.4280865788459778], [0, 427.22296142578125, 94.74945068359375, 440.89056396484375, 113.31019592285156, 0.4088734984397888], [3, 382.5059814453125, 367.9769592285156, 403.324462890625, 424.3647766113281, 0.36563339829444885], [0, 0.0, 483.20050048828125, 13.458358764648438, 525.2909545898438, 0.346116840839386]], "patched": [[2, 266.1427307128906, 399.21856689453125, 316.3111267089844, 516.5975952148438, 0.8137989044189453], [0, 411.1007080078125, 87.60435485839844, 423.89794921875, 112.28965759277344, 0.8063021302223206], [1, 382.8086853027344, 368.53631591796875, 403.4858703613281, 424.0999755859375, 0.7987513542175293], [0, 421.890869140625, 39.49408721923828, 434.82080078125, 61.66619873046875, 0.7958444356918335], [2, 405.7464599609375, 1.4046058654785156, 426.8853759765625, 52.8196907043457, 0.7902545928955078], [1, 406.48846435546875, 355.70635986328125, 429.29010009765625, 410.92938232421875, 0.7806879878044128], [2, 374.93951416015625, 94.88467407226562, 400.14727783203125, 155.8544921875, 0.7566623687744141], [0, 527.0, 244.83209228515625, 559.467529296875, 265.0203552246094, 0.6752905249595642], [3, 374.83331298828125, 94.89102172851562, 400.53912353515625, 155.86659240722656, 0.48693034052848816], [0, 427.20758056640625, 94.77469635009766, 440.85272216796875, 113.31639862060547, 0.4309098422527313], [3, 382.4749755859375, 367.9302062988281, 403.35980224609375, 424.3630676269531, 0.4109106957912445], [0, 0.0, 483.23602294921875, 13.546987533569336, 525.3085327148438, 0.32475152611732483]]}