{"clean": [[0, 387.79327392578125, 579.6544189453125, 410.10308837890625, 632.3148193359375, 0.8311206698417664], [0, 284.3724365234375, 333.9149169921875, 297.30548095703125, 350.9256591796875, 0.804286777973175], [0, 318.2093505859375, 371.58685302734375, 331.0972900390625, 390.82183837890625, 0.8004752397537231], [0, 303.7177734375, 282.32806396484375, 316.439697265625, 298.81976318359375, 0.7805765271186829], [0, 465.99334716796875, 451.9058837890625, 489.75543212890625, 501.865966796875, 0.775043785572052], [0, 307.1877746582031, 536.9476318359375, 327.9733581542969, 581.2193603515625, 0.7583122849464417], [0, 332.797607421875, 257.66448974609375, 346.8070068359375, 277.43194580078125, 0.6100077629089355], [0, 225.9136962890625, 196.11627197265625, 238.42779541015625, 208.74398803710938, 0.6034387350082397], [0, 395.8170471191406, 261.8275146484375, 414.6110534667969, 286.9464111328125, 0.5930390954017639], [3, 447.562255859375, 494.6715393066406, 492.87158203125, 628.0079345703125, 0.5818310379981995], [0, 338.0935974121094, 383.35430908203125, 351.7461242675781, 409.97235107421875, 0.579746425151825], [0, 222.353759765625, 163.09962463378906, 233.84326171875, 173.60389709472656, 0.5559621453285217], [1, 385.12646484375, 361.582763671875, 403.7958984375, 397.43609619140625, 0.5487229824066162], [2, 448.073974609375, 494.7220458984375, 492.47265625, 632.618408203125, 0.43710121512413025], [0, 342.4928894042969, 247.58148193359375, 363.0510559082031, 278.076171875, 0.38222736120224]], "patched": [[0, 284.3902587890625, 333.93707275390625, 297.2962646484375, 350.91802978515625, 0.80516117811203], [0, 318.22088623046875, 371.68072509765625, 331.06402587890625, 390.82684326171875, 0.8005268573760986], [0, 303.7328796386719, 282.3424987792969, 316.4335632324219, 298.8191833496094, 0.7802781462669373], [0, 307.3302917480469, 537.07373046875, 327.8580627441406, 581.21923828125, 0.7558010816574097], [0, 387.72210693359375, 579.7408447265625, 409.98150634765625, 632.0369873046875, 0.7490803599357605], [3, 447.59796142578125, 494.66107177734375, 492.79962158203125, 629.0003051757812, 0.6261888146400452], [1, 385.174560546875, 361.5941162109375, 403.77276611328125, 397.405029296875, 0.6156463027000427], [0, 332.7955322265625, 257.70721435546875, 346.801025390625, 277.44598388671875, 0.6065817475318909], [0, 225.904296875, 196.11795043945312, 238.4259033203125, 208.74832153320312, 0.5979670882225037], [0, 395.8245849609375, 261.8441162109375, 414.63720703125, 286.945556640625, 0.5882987380027771], [0, 470.56939697265625, 478.0877685546875, 489.40484619140625, 502.02099609375, 0.5527865886688232], [0, 222.3492431640625, 163.10202026367188, 233.84033203125, 173.60885620117188, 0.546868622303009], [0, 338.1104736328125, 383.37017822265625, 351.7281494140625, 409.95440673828125, 0.537050724029541], [2, 448.136474609375, 494.744873046875, 492.37158203125, 632.6490478515625, 0.4422960579395294], [0, 469.896484375, 467.7174072265625, 489.39111328125, 501.7630615234375, 0.4239758551120758], [0, 342.50885009765625, 247.577392578125, 363.04156494140625, 278.07183837890625, 0.36627909541130066], [0, 345.9781799316406, 259.3997802734375, 362.7192687988281, 278.16357421875, 0.25460341572761536]]}