{"clean": [[0, 242.57705688476562, 156.01785278320312, 258.158935546875, 183.02883911132812, 0.8525710701942444], [0, 489.2081298828125, 581.2957763671875, 515.3436889648438, 602.9508056640625, 0.8509464263916016], [0, 589.6846313476562, 539.3385009765625, 615.9214477539062, 562.1907958984375, 0.7731741070747375], [0, 241.65597534179688, 544.7769775390625, 266.7843322753906, 562.927734375, 0.7147427797317505], [0, 252.38775634765625, 74.54635620117188, 269.0108642578125, 98.6328125, 0.6638762950897217], [0, 339.7633056640625, 537.0966796875, 362.4949951171875, 551.777099609375, 0.6583630442619324], [3, 200.58056640625, 56.802520751953125, 213.5770263671875, 113.82260131835938, 0.6424523591995239], [3, 211.5701904296875, 487.8726806640625, 274.54754638671875, 528.6217041015625, 0.5949623584747314], [0, 503.31610107421875, 627.3011474609375, 531.2868041992188, 639.8963623046875, 0.5598976016044617], [1, 285.026611328125, 260.7691650390625, 304.653564453125, 285.1441650390625, 0.4782473146915436], [1, 145.46475219726562, 566.3452758789062, 170.88314819335938, 588.3209838867188, 0.4415857791900635], [2, 211.81985473632812, 487.75323486328125, 274.3898620605469, 528.9287719726562, 0.43659013509750366]], "patched": [[0, 242.5831298828125, 156.02645874023438, 258.15069580078125, 183.02371215820312, 0.8526697754859924], [0, 489.20343017578125, 581.1087646484375, 515.5651245117188, 602.7952880859375, 0.7882166504859924], [0, 241.69866943359375, 544.793701171875, 266.7623291015625, 562.888916015625, 0.7026830911636353], [0, 252.39114379882812, 74.55172729492188, 269.0057067871094, 98.62971496582031, 0.6640017628669739], [0, 339.8404846191406, 537.1507568359375, 362.4454650878906, 551.7425537109375, 0.649616003036499], [3, 200.58319091796875, 56.809783935546875, 213.56494140625, 113.81565856933594, 0.6421217322349548], [3, 211.60577392578125, 487.89129638671875, 274.5096435546875, 528.6065063476562, 0.5908883810043335], [1, 285.043212890625, 260.78985595703125, 304.6407470703125, 285.12054443359375, 0.4954725503921509], [1, 145.47683715820312, 566.3594970703125, 170.85501098632812, 588.3262939453125, 0.4543663561344147], [2, 211.86175537109375, 487.77197265625, 274.36248779296875, 528.8997802734375, 0.45139211416244507], [0, 503.33770751953125, 627.3297119140625, 531.5573120117188, 639.8929443359375, 0.38239678740501404], [3, 503.3215026855469, 627.3746337890625, 530.375244140625, 639.9185791015625, 0.26048287749290466]]}