{"clean": [[0, 393.06866455078125, 309.9795227050781, 406.50799560546875, 328.4137268066406, 0.8231999278068542], [0, 416.142333984375, 408.03436279296875, 431.16357421875, 435.2564697265625, 0.8228096961975098], [0, 0.19033241271972656, 381.3598327636719, 20.899198532104492, 414.1380310058594, 0.8205575942993164], [0, 379.2813415527344, 267.7760009765625, 392.5282287597656, 284.6842041015625, 0.8096750378608704], [0, 0.01990509033203125, 333.801513671875, 22.003456115722656, 356.5244140625, 0.8008967638015747], [0, 447.58905029296875, 379.78155517578125, 464.53082275390625, 412.59716796875, 0.7959956526756287], [2, 419.06903076171875, 249.20770263671875, 442.96221923828125, 300.29266357421875, 0.7941718101501465], [0, 366.72833251953125, 351.78533935546875, 379.17327880859375, 374.897216796875, 0.79412442445755], [0, 477.69793701171875, 560.2674560546875, 502.74920654296875, 620.6363525390625, 0.736797034740448]], "patched": [[0, 393.125244140625, 309.99658203125, 406.432861328125, 328.3265380859375, 0.8125016093254089], [0, 379.3062744140625, 267.8001403808594, 392.5035400390625, 284.6789245605469, 0.8095912337303162], [2, 419.15423583984375, 249.24111938476562, 442.90716552734375, 300.2729187011719, 0.8091198801994324], [0, 415.8016357421875, 407.85321044921875, 430.632568359375, 434.38946533203125, 0.7565112709999084], [0, 366.78851318359375, 351.8203125, 379.09796142578125, 374.71630859375, 0.7488234639167786], [0, 447.49786376953125, 379.3018493652344, 462.08917236328125, 401.7891540527344, 0.4998323917388916], [0, 479.1846923828125, 576.3092041015625, 502.6270751953125, 620.7249755859375, 0.47616514563560486], [1, 447.37890625, 379.2528076171875, 462.12548828125, 401.78082275390625, 0.39246734976768494], [0, 0.38407325744628906, 336.427734375, 19.119903564453125, 357.460205078125, 0.3913912773132324], [0, 451.47418212890625, 397.1881103515625, 464.31280517578125, 413.3721923828125, 0.3773786425590515], [0, 0.14769744873046875, 381.5880126953125, 19.756511688232422, 414.315673828125, 0.34796714782714844], [1, 0.13730430603027344, 381.41241455078125, 20.157764434814453, 414.11480712890625, 0.280790239572525]]}