{"clean": [[0, 249.56451416015625, 296.76519775390625, 263.85546875, 332.22222900390625, 0.8551527261734009], [0, 304.16436767578125, 182.14303588867188, 313.96954345703125, 203.16586303710938, 0.7805280089378357], [2, 291.38958740234375, 302.0430603027344, 310.08099365234375, 355.0987854003906, 0.7610169649124146], [0, 294.3001708984375, 360.04901123046875, 308.6689453125, 398.82489013671875, 0.5778687596321106], [3, 518.7277221679688, 98.8397445678711, 575.9153442382812, 127.59435272216797, 0.5738011002540588], [0, 271.0851135253906, 131.26303100585938, 281.0588073730469, 150.48629760742188, 0.5694796442985535], [0, 243.83438110351562, 331.1040344238281, 259.5530090332031, 378.2469787597656, 0.5628884434700012], [0, 267.22357177734375, 149.99935913085938, 279.77117919921875, 175.03500366210938, 0.5617161393165588], [0, 303.03125, 216.87802124023438, 313.7398681640625, 235.79122924804688, 0.5589516162872314], [0, 307.04779052734375, 149.56085205078125, 315.78302001953125, 164.862060546875, 0.5555490851402283], [3, 527.321533203125, 119.52134704589844, 590.24609375, 160.60716247558594, 0.5432149767875671], [2, 260.76812744140625, 194.3626708984375, 275.28631591796875, 226.2039794921875, 0.5426964163780212], [1, 412.6273498535156, 420.4532470703125, 445.9515075683594, 448.4825439453125, 0.4748111963272095], [4, 378.702392578125, 548.126708984375, 399.6412353515625, 568.3116455078125, 0.4663512110710144], [0, 306.9144287109375, 135.57728576660156, 315.965576171875, 150.8294219970703, 0.440357506275177], [1, 244.03704833984375, 330.95599365234375, 259.7176513671875, 378.1402587890625, 0.38456687331199646], [4, 34.85438537597656, 556.52294921875, 47.168304443359375, 580.36279296875, 0.32839974761009216]], "patched": [[0, 294.9757080078125, 373.388916015625, 307.97021484375, 398.7891845703125, 0.7898522019386292], [0, 304.1601867675781, 182.124267578125, 313.9825744628906, 203.07223510742188, 0.7808391451835632], [2, 291.4053039550781, 301.99566650390625, 310.0684509277344, 355.06121826171875, 0.7652994990348816], [0, 249.98321533203125, 312.2281494140625, 263.1683349609375, 332.47900390625, 0.6369972825050354], [0, 306.99530029296875, 149.58596801757812, 315.82122802734375, 164.90200805664062, 0.626724123954773], [3, 518.757568359375, 98.87662506103516, 575.606689453125, 127.3364028930664, 0.5936512351036072], [0, 303.0211181640625, 216.8930206298828, 313.7366943359375, 235.82810974121094, 0.5704144239425659], [3, 527.2884521484375, 119.66751861572266, 590.2366943359375, 160.66433715820312, 0.5679696202278137], [0, 271.17523193359375, 132.33554077148438, 281.04547119140625, 150.48141479492188, 0.5620658993721008], [0, 251.47348022460938, 296.745361328125, 263.7455139160156, 316.100341796875, 0.5459855198860168], [0, 243.89068603515625, 331.13262939453125, 259.607421875, 378.27032470703125, 0.5325198769569397], [2, 260.76800537109375, 194.3485107421875, 275.34149169921875, 226.24713134765625, 0.5229511857032776], [0, 267.50018310546875, 149.94305419921875, 279.80584716796875, 175.050537109375, 0.5130488872528076], [0, 306.93597412109375, 135.56053161621094, 315.97052001953125, 150.8595428466797, 0.4684537649154663], [1, 412.61126708984375, 420.49066162109375, 445.9625244140625, 448.52923583984375, 0.46514618396759033], [4, 378.67236328125, 548.0731201171875, 399.6551513671875, 568.45068359375, 0.4540080726146698], [0, 250.85101318359375, 296.75701904296875, 263.96063232421875, 332.93878173828125, 0.3486243486404419], [1, 244.09262084960938, 330.9765625, 259.8218078613281, 378.1619873046875, 0.33962032198905945], [2, 294.4697265625, 269.8982238769531, 311.548583984375, 304.4017639160156, 0.3347053527832031], [4, 34.55467224121094, 556.4724731445312, 47.136680603027344, 580.3458862304688, 0.3320882320404053], [3, 260.81573486328125, 194.210205078125, 275.16436767578125, 226.2041015625, 0.2862033545970917]]}