{"clean": [[0, 31.9896240234375, 443.3349609375, 106.50119018554688, 520.4246826171875, 0.930595338344574], [0, 350.72137451171875, 385.4530334472656, 421.51007080078125, 437.1770324707031, 0.9278630018234253], [0, 265.45904541015625, 362.45068359375, 333.34234619140625, 407.325439453125, 0.9192019701004028], [0, 536.4661865234375, 415.147705078125, 610.3839111328125, 460.3634033203125, 0.9177558422088623], [0, 39.64306640625, 278.4625244140625, 83.46058654785156, 347.29107666015625, 0.9124170541763306], [0, 0.0, 422.86004638671875, 66.18124389648438, 509.31317138671875, 0.7839739322662354], [1, 514.0010375976562, 138.29257202148438, 563.5232543945312, 175.19448852539062, 0.7223873734474182], [0, 509.4168395996094, 172.60983276367188, 572.7218017578125, 204.61666870117188, 0.7042941451072693], [4, 499.00067138671875, 232.0484619140625, 509.8033447265625, 258.35614013671875, 0.6170757412910461], [4, 433.5696105957031, 487.31427001953125, 457.2672424316406, 501.22454833984375, 0.5647934079170227], [4, 436.87042236328125, 538.2744140625, 450.00274658203125, 572.52197265625, 0.41211947798728943], [4, 550.2052001953125, 246.24722290039062, 566.427001953125, 271.3469543457031, 0.334410160779953], [0, 623.04931640625, 0.0, 640.0, 9.583600997924805, 0.284186989068985]], "patched": [[0, 536.57080078125, 415.30047607421875, 609.974853515625, 459.24334716796875, 0.853786289691925], [0, 265.7681884765625, 362.6572265625, 333.2392578125, 406.1688232421875, 0.7716196775436401], [1, 32.26570129394531, 481.3917236328125, 87.60276794433594, 519.1863403320312, 0.7391643524169922], [1, 514.0283813476562, 138.33541870117188, 563.2888793945312, 175.03878784179688, 0.7331118583679199], [1, 46.23247146606445, 278.67352294921875, 83.05125427246094, 313.75006103515625, 0.7310352921485901], [0, 350.8916015625, 385.5976257324219, 421.1868896484375, 436.5479431152344, 0.7129006385803223], [4, 498.58221435546875, 232.14431762695312, 509.62969970703125, 258.147705078125, 0.60624760389328], [1, 369.08984375, 418.7482604980469, 398.0225830078125, 439.7997131347656, 0.5989177823066711], [1, 0.085113525390625, 422.7250061035156, 65.87535095214844, 509.9488830566406, 0.5729967355728149], [4, 433.7181396484375, 487.2486572265625, 457.2366943359375, 501.53240966796875, 0.5527818202972412], [2, 0.0, 423.07720947265625, 65.35052490234375, 507.82757568359375, 0.48897531628608704], [1, 351.07196044921875, 385.697021484375, 421.34735107421875, 436.6202392578125, 0.45559775829315186], [1, 509.2290954589844, 171.806396484375, 571.2113037109375, 202.370361328125, 0.4008258283138275], [1, 50.51115036010742, 443.47454833984375, 106.38059997558594, 484.5078125, 0.3634129762649536], [1, 39.99382019042969, 308.5240173339844, 75.56629943847656, 346.7967224121094, 0.31940585374832153], [0, 50.35314178466797, 443.5611572265625, 106.33330535888672, 484.711181640625, 0.30724239349365234], [0, 39.866371154785156, 306.94134521484375, 75.74365234375, 346.63525390625, 0.2852347493171692], [0, 623.0720825195312, 0.0, 640.0, 9.579025268554688, 0.26242390275001526], [4, 550.2657470703125, 246.136474609375, 566.4007568359375, 271.1807861328125, 0.25842878222465515]]}