{"clean": [[0, 247.3816375732422, 450.3848876953125, 297.63067626953125, 551.580322265625, 0.8698740601539612], [0, 467.58758544921875, 359.423095703125, 510.43438720703125, 407.336669921875, 0.7633247971534729], [1, 334.16259765625, 334.5777587890625, 359.31109619140625, 370.3294677734375, 0.7551570534706116], [0, 522.822265625, 417.2813415527344, 598.388427734375, 509.1650085449219, 0.7417465448379517], [0, 178.38059997558594, 315.65191650390625, 206.4062042236328, 345.64947509765625, 0.650920033454895], [1, 120.17611694335938, 364.07861328125, 161.71343994140625, 417.5626220703125, 0.6334472298622131], [0, 363.2904968261719, 279.66412353515625, 382.4352111816406, 303.80694580078125, 0.6121010184288025], [1, 398.8057556152344, 262.00079345703125, 443.6782531738281, 283.41766357421875, 0.6084985136985779], [0, 154.42965698242188, 337.4183044433594, 189.39144897460938, 373.2007141113281, 0.5991771221160889], [4, 403.1590270996094, 379.75653076171875, 415.5807189941406, 402.96002197265625, 0.582342267036438], [4, 445.21966552734375, 418.06402587890625, 459.286865234375, 445.59210205078125, 0.5681814551353455], [4, 163.44100952148438, 456.5705871582031, 186.98507690429688, 506.0782165527344, 0.533195972442627], [1, 311.4846496582031, 250.68423461914062, 319.9226989746094, 263.6747741699219, 0.5144794583320618], [0, 422.60302734375, 277.92999267578125, 469.308837890625, 297.53863525390625, 0.45236921310424805], [0, 120.2712631225586, 364.11883544921875, 161.78024291992188, 416.48797607421875, 0.39710521697998047], [4, 412.7958984375, 365.10418701171875, 422.6495361328125, 383.86846923828125, 0.34793636202812195], [4, 139.54052734375, 484.45977783203125, 158.14544677734375, 538.6024169921875, 0.3349018394947052], [0, 292.48760986328125, 224.23223876953125, 297.759521484375, 230.2972412109375, 0.3033849895000458]], "patched": [[0, 247.39764404296875, 450.36077880859375, 301.18560791015625, 551.5872192382812, 0.771489143371582], [0, 523.648681640625, 417.1048278808594, 598.50732421875, 509.4881286621094, 0.7618615627288818], [1, 334.0206298828125, 334.766845703125, 359.4794921875, 370.4771728515625, 0.7572078108787537], [0, 467.55120849609375, 359.7039794921875, 509.63360595703125, 406.376708984375, 0.7251362204551697], [4, 403.0584411621094, 379.0321044921875, 415.6729431152344, 403.01800537109375, 0.6045638918876648], [0, 400.75579833984375, 262.72882080078125, 442.19451904296875, 283.16851806640625, 0.5944883227348328], [4, 163.2934112548828, 456.27862548828125, 187.1233367919922, 506.1456298828125, 0.5907893180847168], [4, 445.2088317871094, 417.88421630859375, 459.3306579589844, 445.6065673828125, 0.5768634676933289], [0, 363.22015380859375, 279.8145446777344, 382.12860107421875, 303.3954162597656, 0.5364729166030884], [1, 119.83638763427734, 363.56878662109375, 161.33071899414062, 418.541748046875, 0.5300248861312866], [4, 139.47801208496094, 484.26470947265625, 158.2861785888672, 538.7045288085938, 0.4211561381816864], [1, 311.61602783203125, 250.66754150390625, 320.66033935546875, 263.86578369140625, 0.3659779727458954], [4, 412.7388916015625, 364.70355224609375, 422.70928955078125, 383.90435791015625, 0.36039528250694275], [0, 292.0794677734375, 223.36676025390625, 297.7291259765625, 229.96322631835938, 0.2929689884185791], [0, 422.55133056640625, 276.4980773925781, 468.57769775390625, 297.0779724121094, 0.2625970244407654], [1, 154.59132385253906, 337.09722900390625, 185.45143127441406, 372.24395751953125, 0.2523401081562042]]}