{"clean": [[0, 498.482177734375, 413.218505859375, 518.8826904296875, 451.8199462890625, 0.8336052298545837], [0, 407.0006408691406, 152.94371032714844, 419.2727966308594, 174.3500518798828, 0.7959184646606445], [1, 333.3251953125, 560.4879150390625, 354.3123779296875, 634.6883544921875, 0.6885430812835693], [1, 286.8285217285156, 572.687255859375, 305.0114440917969, 630.65576171875, 0.6779297590255737], [1, 289.00994873046875, 485.1053466796875, 308.68536376953125, 533.7067260742188, 0.6227335333824158], [0, 324.3736572265625, 276.1470947265625, 337.4459228515625, 309.6434326171875, 0.602294385433197], [4, 564.44384765625, 541.1937255859375, 583.06201171875, 562.0218505859375, 0.553043782711029], [0, 300.9724426269531, 131.09970092773438, 311.9045715332031, 156.19302368164062, 0.5143925547599792], [4, 429.94482421875, 360.24261474609375, 441.34423828125, 388.39654541015625, 0.49026909470558167], [0, 293.1766357421875, 443.3556213378906, 308.49517822265625, 475.7075500488281, 0.47777798771858215], [0, 287.08966064453125, 572.8143310546875, 304.87799072265625, 630.6973876953125, 0.46321791410446167], [4, 559.8016357421875, 560.6263427734375, 569.5518798828125, 585.2789306640625, 0.4434252977371216], [4, 519.2522583007812, 406.7608337402344, 526.2190551757812, 423.4629821777344, 0.4108227491378784], [0, 425.753173828125, 86.12793731689453, 438.5501708984375, 100.7582778930664, 0.3846784830093384], [0, 444.2685852050781, 145.7801971435547, 473.3453674316406, 159.88905334472656, 0.36357471346855164], [0, 543.83349609375, 439.1287841796875, 575.9853515625, 485.64208984375, 0.3302045464515686]], "patched": [[0, 498.92291259765625, 412.893798828125, 518.7102661132812, 451.3702392578125, 0.8184814453125], [0, 406.99725341796875, 152.94610595703125, 419.271240234375, 174.35369873046875, 0.7949066162109375], [0, 288.2391052246094, 572.724609375, 303.6279602050781, 605.02734375, 0.7526611685752869], [0, 293.439453125, 444.9891357421875, 308.1912841796875, 475.5423583984375, 0.7212775349617004], [1, 289.268798828125, 485.2076416015625, 308.4332275390625, 533.69921875, 0.6120603680610657], [0, 324.4002685546875, 276.16522216796875, 337.4429931640625, 309.64788818359375, 0.5531619787216187], [4, 564.4364013671875, 541.1953125, 583.0433349609375, 561.998779296875, 0.5238475799560547], [0, 300.979736328125, 131.09902954101562, 311.9022216796875, 156.20266723632812, 0.5116446018218994], [4, 429.95892333984375, 360.2373046875, 441.34527587890625, 388.37384033203125, 0.4711694121360779], [1, 333.2939453125, 560.3959350585938, 353.2247314453125, 634.5792846679688, 0.4659465551376343], [2, 333.4559326171875, 560.908447265625, 353.9290771484375, 634.500732421875, 0.45898470282554626], [1, 287.3196105957031, 600.99951171875, 302.4133605957031, 630.8153076171875, 0.4348367154598236], [0, 287.20843505859375, 600.1968994140625, 302.69000244140625, 630.8607177734375, 0.4174044728279114], [4, 559.8199462890625, 560.6375122070312, 569.5328369140625, 584.9445190429688, 0.41194576025009155], [4, 519.3001098632812, 406.77166748046875, 526.1647338867188, 423.019287109375, 0.3854465186595917], [0, 425.75244140625, 86.12103271484375, 438.5679931640625, 100.76246643066406, 0.38147592544555664], [1, 324.49945068359375, 276.3477783203125, 337.4544677734375, 309.7081298828125, 0.3696085810661316], [0, 444.2694091796875, 145.77557373046875, 473.314208984375, 159.90020751953125, 0.34464460611343384], [0, 543.8626708984375, 439.1341552734375, 575.9473876953125, 485.32177734375, 0.307526558637619], [0, 474.014892578125, 239.1552734375, 494.8004150390625, 277.4169921875, 0.26056811213493347]]}