{"clean": [[0, 454.0282897949219, 409.1171875, 471.2851257324219, 434.98284912109375, 0.8220158815383911], [0, 436.2891845703125, 450.885986328125, 453.6236572265625, 482.0633544921875, 0.8152021765708923], [0, 540.4888916015625, 518.974853515625, 567.8323974609375, 561.7451171875, 0.8006658554077148], [0, 407.4158935546875, 387.6399841308594, 422.268310546875, 411.2185974121094, 0.7979460954666138], [0, 394.6888427734375, 303.83563232421875, 405.310546875, 317.42413330078125, 0.7876446843147278], [0, 438.9505920410156, 258.590576171875, 451.4219665527344, 275.4886474609375, 0.7449659705162048], [0, 373.68988037109375, 201.56454467773438, 381.303955078125, 210.05303955078125, 0.7321770191192627], [0, 391.34014892578125, 227.83331298828125, 399.62188720703125, 238.29763793945312, 0.6927281022071838], [0, 397.45745849609375, 251.53659057617188, 406.88482666015625, 261.3444519042969, 0.6711530089378357], [0, 383.28106689453125, 236.16070556640625, 392.20068359375, 246.86968994140625, 0.6587976813316345], [0, 412.6971740722656, 221.0697021484375, 422.4103698730469, 233.17840576171875, 0.6232571005821228], [0, 382.6295471191406, 202.49072265625, 389.9038391113281, 210.22482299804688, 0.6212732791900635], [0, 377.437744140625, 189.6842041015625, 385.220947265625, 198.58462524414062, 0.603132426738739], [0, 415.9493103027344, 211.7462158203125, 423.6359558105469, 221.20724487304688, 0.5667638182640076], [3, 414.5968933105469, 311.16766357421875, 435.1052551269531, 364.74285888671875, 0.5309094786643982], [0, 400.144775390625, 183.60137939453125, 408.295166015625, 192.492919921875, 0.5226114392280579], [0, 413.66839599609375, 193.18023681640625, 422.26544189453125, 203.8975830078125, 0.5096038579940796], [1, 500.554931640625, 394.73919677734375, 525.475830078125, 440.17791748046875, 0.47575896978378296], [3, 500.50341796875, 394.39697265625, 525.6011962890625, 440.2308349609375, 0.4643224775791168], [0, 417.4625549316406, 334.6661376953125, 434.9315490722656, 364.92803955078125, 0.379984050989151], [0, 500.6117858886719, 395.19970703125, 525.756103515625, 440.2415771484375, 0.33833208680152893], [0, 386.07958984375, 190.22767639160156, 393.0802001953125, 198.7361297607422, 0.2732636034488678], [0, 399.94903564453125, 193.53883361816406, 407.56378173828125, 201.2237091064453, 0.271319180727005]], "patched": [[0, 454.0577697753906, 409.12469482421875, 471.2751770019531, 434.9722900390625, 0.82254958152771], [0, 436.40087890625, 450.94366455078125, 453.6134033203125, 481.99371337890625, 0.8174134492874146], [0, 407.44219970703125, 387.648681640625, 422.247802734375, 411.2064208984375, 0.7995736598968506], [0, 394.70703125, 303.84027099609375, 405.3050537109375, 317.4091796875, 0.7886719107627869], [0, 438.9603271484375, 258.587158203125, 451.3983154296875, 275.487060546875, 0.74318528175354], [0, 373.688232421875, 201.554443359375, 381.313720703125, 210.06060791015625, 0.7328648567199707], [0, 540.8388671875, 518.9022827148438, 567.667724609375, 561.9066772460938, 0.6991658806800842], [0, 391.35504150390625, 227.8325653076172, 399.62445068359375, 238.2941436767578, 0.6979369521141052], [0, 397.4571838378906, 251.545166015625, 406.8838195800781, 261.34375, 0.6726862192153931], [0, 383.27587890625, 236.15309143066406, 392.21173095703125, 246.86778259277344, 0.6604893803596497], [0, 382.628173828125, 202.48971557617188, 389.9097900390625, 210.22613525390625, 0.6248065233230591], [0, 412.69781494140625, 221.06500244140625, 422.40509033203125, 233.1773681640625, 0.62051922082901], [0, 377.43359375, 189.67535400390625, 385.224365234375, 198.58795166015625, 0.6039560437202454], [0, 415.9532470703125, 211.74838256835938, 423.6376953125, 221.20968627929688, 0.5663649439811707], [3, 414.60986328125, 311.1051025390625, 435.09698486328125, 364.736572265625, 0.5516512393951416], [0, 400.1444091796875, 183.5970458984375, 408.3004150390625, 192.50119018554688, 0.5196554660797119], [0, 413.671630859375, 193.15347290039062, 422.272216796875, 203.89706420898438, 0.49944499135017395], [3, 500.5245361328125, 394.377197265625, 525.56005859375, 440.22381591796875, 0.4888630211353302], [1, 500.5784912109375, 394.7244873046875, 525.43798828125, 440.1632080078125, 0.4758553206920624], [0, 417.35284423828125, 333.85870361328125, 434.92364501953125, 364.92254638671875, 0.35666218400001526], [0, 500.6402282714844, 395.18377685546875, 525.7152099609375, 440.22711181640625, 0.32881107926368713], [0, 386.0746765136719, 190.20245361328125, 393.0963439941406, 198.73245239257812, 0.274969220161438], [0, 399.94482421875, 193.52127075195312, 407.55511474609375, 201.2178955078125, 0.26895445585250854]]}