{"clean": [[3, 354.24468994140625, 331.8553161621094, 389.19976806640625, 407.5619201660156, 0.8698656558990479], [0, 252.93055725097656, 467.37469482421875, 270.267333984375, 501.11419677734375, 0.8569672107696533], [0, 314.37200927734375, 312.34918212890625, 330.76947021484375, 340.08709716796875, 0.8563371896743774], [0, 551.70556640625, 312.5322265625, 572.242431640625, 332.82843017578125, 0.8451473712921143], [0, 513.4000854492188, 43.509010314941406, 526.4750366210938, 68.3686294555664, 0.8391013741493225], [0, 450.69757080078125, 29.409637451171875, 464.05340576171875, 50.46375274658203, 0.8217896223068237], [3, 249.400146484375, 482.19915771484375, 287.22174072265625, 565.4038696289062, 0.7992432713508606], [0, 494.367919921875, 0.6179218292236328, 506.8287353515625, 19.676753997802734, 0.7760412096977234], [0, 470.35565185546875, 239.01641845703125, 484.892822265625, 268.02740478515625, 0.7632360458374023], [1, 410.7197265625, 176.30148315429688, 423.1776123046875, 198.82992553710938, 0.7491776943206787], [0, 331.0672607421875, 333.765625, 347.12249755859375, 361.802490234375, 0.7441253662109375], [1, 271.5704650878906, 336.15875244140625, 291.5079650878906, 355.43536376953125, 0.7357024550437927], [2, 428.5988464355469, 322.34197998046875, 453.4268493652344, 373.88507080078125, 0.7339515686035156], [0, 389.7716064453125, 341.01116943359375, 404.3133544921875, 369.258056640625, 0.7109163403511047], [1, 280.80352783203125, 550.6822509765625, 300.283203125, 591.3619384765625, 0.6397417783737183], [0, 586.1239624023438, 12.002326965332031, 598.0232543945312, 35.655235290527344, 0.6034209728240967], [0, 453.7720947265625, 186.85459899902344, 467.44659423828125, 212.4248504638672, 0.5906556248664856], [3, 75.29861450195312, 503.1439208984375, 128.44775390625, 554.566650390625, 0.5896154046058655], [0, 448.4266357421875, 553.24267578125, 462.99169921875, 588.39990234375, 0.5790826678276062], [2, 280.65777587890625, 550.8746337890625, 300.19195556640625, 591.4990234375, 0.5033792853355408], [0, 411.57177734375, 497.7564697265625, 428.6497802734375, 535.5357666015625, 0.38510724902153015]], "patched": [[3, 354.2850341796875, 331.9195556640625, 389.15667724609375, 407.49462890625, 0.8601728081703186], [0, 314.3892822265625, 312.3731689453125, 330.75128173828125, 340.025634765625, 0.8455759286880493], [0, 513.40771484375, 43.514305114746094, 526.47119140625, 68.35417175292969, 0.8382324576377869], [0, 450.70501708984375, 29.458547592163086, 464.03948974609375, 50.44982147216797, 0.822434663772583], [3, 249.58413696289062, 482.1370849609375, 286.7369689941406, 565.517822265625, 0.8041877746582031], [0, 551.8466186523438, 312.4806823730469, 572.1657104492188, 332.7527160644531, 0.7979055047035217], [0, 494.3805236816406, 0.6630744934082031, 506.7917785644531, 19.66067886352539, 0.7730504274368286], [1, 410.7357177734375, 176.32583618164062, 423.1693115234375, 198.76751708984375, 0.7655264139175415], [2, 428.6259460449219, 322.3368835449219, 453.4546203613281, 373.8019714355469, 0.7520609498023987], [1, 271.58294677734375, 336.16796875, 291.50091552734375, 355.4141845703125, 0.7276107668876648], [2, 280.66827392578125, 550.9144897460938, 300.20916748046875, 591.4341430664062, 0.6920638680458069], [0, 586.0648193359375, 12.009632110595703, 598.0660400390625, 35.58582305908203, 0.6034864783287048], [3, 75.31582641601562, 503.1607666015625, 128.39382934570312, 554.51806640625, 0.6022690534591675], [1, 280.81854248046875, 550.6910400390625, 300.30364990234375, 591.3226318359375, 0.5329208374023438], [0, 453.79248046875, 186.9535675048828, 467.44384765625, 212.36158752441406, 0.520443856716156], [0, 448.73968505859375, 565.433349609375, 461.43072509765625, 588.42333984375, 0.5145022869110107], [0, 389.7869567871094, 341.6037902832031, 404.0177917480469, 369.2422180175781, 0.5038582682609558], [1, 453.76068115234375, 186.64431762695312, 467.29815673828125, 212.29049682617188, 0.4585939943790436], [1, 389.99609375, 341.0195007324219, 404.0269775390625, 369.6601867675781, 0.4062667191028595], [2, 331.13330078125, 333.5185546875, 347.2681884765625, 362.14599609375, 0.3874090909957886], [0, 253.26470947265625, 467.7951965332031, 270.232666015625, 500.9900207519531, 0.37353232502937317], [0, 470.24505615234375, 238.95822143554688, 484.10406494140625, 268.0389709472656, 0.35635268688201904], [1, 253.36663818359375, 479.1183166503906, 268.41864013671875, 501.2464904785156, 0.3074173033237457], [0, 448.5901794433594, 556.0057373046875, 462.2842712402344, 588.3450927734375, 0.3066301643848419], [0, 470.40399169921875, 251.60623168945312, 483.12371826171875, 268.0992126464844, 0.27609333395957947], [0, 253.3453369140625, 478.9668884277344, 267.275390625, 501.0003967285156, 0.25927799940109253], [1, 470.4617919921875, 238.99285888671875, 484.21435546875, 267.8607177734375, 0.25269052386283875], [0, 256.01123046875, 467.6189270019531, 270.0833740234375, 487.8982238769531, 0.2509380578994751]]}