{"clean": [[0, 84.34274291992188, 213.03811645507812, 105.22825622558594, 257.2181701660156, 0.8678907155990601], [0, 129.25119018554688, 305.69964599609375, 161.11752319335938, 355.5179443359375, 0.8250553011894226], [3, 90.35369873046875, 310.6192626953125, 156.31027221679688, 479.68798828125, 0.823798656463623], [2, 61.4669189453125, 126.82551574707031, 86.00654602050781, 184.09129333496094, 0.7806265354156494], [0, 102.19442749023438, 268.2139892578125, 124.51275634765625, 306.934326171875, 0.7285987734794617], [0, 52.08259582519531, 69.42851257324219, 68.78805541992188, 102.78282165527344, 0.647683322429657], [1, 367.4495544433594, 473.23291015625, 414.1285095214844, 513.5946655273438, 0.47135215997695923], [1, 52.08246612548828, 69.59239196777344, 68.53515625, 102.7530517578125, 0.4207245111465454], [3, 61.36740493774414, 126.7377700805664, 86.2208251953125, 184.02859497070312, 0.3678085505962372]], "patched": [[3, 90.45053100585938, 310.4044189453125, 156.15505981445312, 479.9461669921875, 0.8034157752990723], [2, 61.573246002197266, 126.74449920654297, 85.53952026367188, 183.90887451171875, 0.7790727615356445], [3, 61.42469787597656, 126.78842163085938, 85.70272827148438, 183.82595825195312, 0.6119188070297241], [1, 84.5684814453125, 212.98910522460938, 104.97216796875, 257.1853332519531, 0.5121620893478394], [1, 129.73953247070312, 305.9654235839844, 161.07864379882812, 355.5229797363281, 0.4919043481349945], [1, 367.4622497558594, 473.1448974609375, 414.1136779785156, 513.5625, 0.46688371896743774], [1, 102.58830261230469, 267.81402587890625, 124.22233581542969, 306.56817626953125, 0.46668702363967896], [3, 52.34941101074219, 69.37932586669922, 68.66007995605469, 102.71749114990234, 0.45997312664985657], [1, 52.339439392089844, 69.699462890625, 68.21931457519531, 102.46023559570312, 0.3871222734451294], [0, 129.65570068359375, 306.25146484375, 160.85617065429688, 355.7286376953125, 0.3239327669143677]]}