{"clean": [[0, 306.7265625, 387.00604248046875, 320.7196044921875, 419.57598876953125, 0.8396148681640625], [0, 322.62542724609375, 447.572265625, 339.23870849609375, 489.1085205078125, 0.8102551698684692], [0, 327.4994812011719, 194.75567626953125, 338.4048156738281, 207.91943359375, 0.7858043909072876], [0, 283.6185302734375, 179.54852294921875, 292.9256591796875, 190.21072387695312, 0.7855188250541687], [0, 339.0795593261719, 258.83172607421875, 351.2089538574219, 278.05615234375, 0.7776453495025635], [0, 252.609375, 96.81845092773438, 259.8267822265625, 106.02998352050781, 0.7739942073822021], [0, 260.71685791015625, 117.0145263671875, 268.9615478515625, 126.76971435546875, 0.7678411602973938], [0, 308.71173095703125, 185.75308227539062, 319.03619384765625, 198.62533569335938, 0.7470645904541016], [0, 420.52801513671875, 609.9332275390625, 441.97955322265625, 639.8519287109375, 0.7179480791091919], [0, 222.22048950195312, 97.30418395996094, 229.69927978515625, 105.95362854003906, 0.7108117938041687], [0, 262.3646240234375, 158.60443115234375, 271.484130859375, 168.8411865234375, 0.7074922323226929], [0, 234.98851013183594, 78.74310302734375, 241.3833465576172, 86.63241577148438, 0.6848655343055725], [0, 318.1374206542969, 204.14840698242188, 327.9942321777344, 218.73886108398438, 0.6728546619415283], [0, 220.06793212890625, 83.13565063476562, 228.0018310546875, 94.29098510742188, 0.6620344519615173], [0, 328.3475646972656, 159.8508758544922, 338.4785461425781, 172.6619110107422, 0.605541467666626], [2, 386.4991455078125, 365.01690673828125, 408.02783203125, 415.45245361328125, 0.5992431044578552], [0, 291.809814453125, 146.67041015625, 301.5882568359375, 157.9013671875, 0.5688624978065491], [0, 239.23593139648438, 130.05035400390625, 249.0399169921875, 146.2149658203125, 0.4071965515613556], [0, 238.01914978027344, 172.44229125976562, 247.46336364746094, 181.80575561523438, 0.341995507478714], [0, 221.27772521972656, 74.25495147705078, 228.19715881347656, 83.81458282470703, 0.34043431282043457]], "patched": [[0, 306.8463134765625, 387.0128173828125, 320.727294921875, 419.5621337890625, 0.8363434672355652], [0, 322.4958190917969, 447.486083984375, 339.1465148925781, 489.208740234375, 0.8035967946052551], [0, 327.5098571777344, 194.7531280517578, 338.3937072753906, 207.9078826904297, 0.7869380116462708], [0, 283.636474609375, 179.553955078125, 292.917724609375, 190.19964599609375, 0.7854979038238525], [0, 339.0915832519531, 258.84259033203125, 351.1867370605469, 278.05084228515625, 0.7781466245651245], [0, 252.60971069335938, 96.78807067871094, 259.8228454589844, 106.01991271972656, 0.7741644978523254], [0, 260.72650146484375, 117.00459289550781, 268.95159912109375, 126.76542663574219, 0.7681255340576172], [0, 308.7197265625, 185.73141479492188, 319.0150146484375, 198.61141967773438, 0.746762216091156], [0, 420.6492919921875, 609.9961547851562, 441.8321533203125, 639.8513793945312, 0.7211845517158508], [0, 222.22515869140625, 97.27420043945312, 229.70025634765625, 105.947265625, 0.7114317417144775], [0, 262.376953125, 158.60568237304688, 271.4703369140625, 168.83084106445312, 0.7074459195137024], [0, 234.98681640625, 78.71256256103516, 241.38995361328125, 86.63188934326172, 0.6874656677246094], [0, 318.15606689453125, 204.15866088867188, 327.97454833984375, 218.74813842773438, 0.6754763722419739], [0, 220.0679931640625, 83.05923461914062, 228.00479125976562, 94.28616333007812, 0.666585385799408], [2, 386.51556396484375, 364.9723815917969, 407.98675537109375, 415.4505310058594, 0.6175093650817871], [0, 328.3352966308594, 159.83396911621094, 338.4857482910156, 172.65626525878906, 0.615996241569519], [0, 291.8045959472656, 146.64532470703125, 301.5758361816406, 157.89437866210938, 0.5664879679679871], [0, 239.22537231445312, 129.83160400390625, 249.03024291992188, 146.1995849609375, 0.4295540452003479], [0, 221.27005004882812, 74.14673614501953, 228.2078857421875, 83.7976303100586, 0.3435235321521759], [0, 237.98765563964844, 172.40811157226562, 247.4753875732422, 181.79122924804688, 0.33737000823020935]]}