{"clean": [[1, 99.39069366455078, 8.616470336914062, 121.02875518798828, 30.858516693115234, 0.7721431255340576], [2, 293.81494140625, 353.7481384277344, 329.1539306640625, 376.6896667480469, 0.6590242981910706], [0, 101.8489761352539, 0.0026388168334960938, 120.69966888427734, 7.778787136077881, 0.6006534099578857], [0, 405.27874755859375, 383.6986083984375, 427.06317138671875, 401.0068359375, 0.5971888303756714], [0, 154.3778076171875, 378.4727478027344, 175.37353515625, 395.4531555175781, 0.48508191108703613], [4, 223.46218872070312, 401.35894775390625, 231.52523803710938, 416.98577880859375, 0.310213178396225]], "patched": [[0, 99.46029663085938, 8.668070793151855, 121.02090454101562, 30.752613067626953, 0.8014623522758484], [2, 293.8157958984375, 353.7509765625, 329.1531982421875, 376.68798828125, 0.6590227484703064], [0, 102.277587890625, 0.005685329437255859, 120.64581298828125, 7.687038421630859, 0.6045916080474854], [0, 405.2796325683594, 383.6962890625, 427.0620422363281, 401.0052490234375, 0.5938065648078918], [0, 154.37799072265625, 378.473388671875, 175.37335205078125, 395.4505615234375, 0.47708529233932495], [4, 223.45944213867188, 401.3559875488281, 231.52664184570312, 416.9866027832031, 0.31061238050460815], [1, 293.6881103515625, 353.8833312988281, 329.0487060546875, 376.6585388183594, 0.2954215407371521]]}