{"clean": [[0, 355.9903869628906, 305.81695556640625, 373.5957336425781, 331.06756591796875, 0.8748775124549866], [0, 207.4349365234375, 578.3377685546875, 243.19610595703125, 632.7559814453125, 0.8723896741867065], [0, 224.88645935058594, 477.94696044921875, 254.84303283691406, 523.1301879882812, 0.8662558794021606], [0, 331.57183837890625, 291.80999755859375, 350.08087158203125, 316.30108642578125, 0.8644905090332031], [0, 32.586326599121094, 280.1265869140625, 53.83189392089844, 300.6319580078125, 0.8514003157615662], [1, 154.09124755859375, 410.3683166503906, 181.23504638671875, 448.5389709472656, 0.8394825458526611], [0, 130.9705810546875, 526.8421630859375, 161.16461181640625, 567.2049560546875, 0.836411714553833], [0, 408.8589782714844, 262.98394775390625, 422.4700012207031, 283.85614013671875, 0.8349093198776245], [0, 414.70062255859375, 245.01641845703125, 427.52325439453125, 265.0465393066406, 0.8159692883491516], [0, 266.777587890625, 528.0501708984375, 293.0078125, 571.9127197265625, 0.8123179078102112], [0, 434.8929748535156, 151.1912384033203, 445.3587951660156, 167.53990173339844, 0.7994738221168518], [0, 426.55718994140625, 170.32029724121094, 438.33111572265625, 185.18251037597656, 0.7904982566833496], [0, 6.528018951416016, 302.21319580078125, 29.281002044677734, 326.02410888671875, 0.7837334871292114], [0, 401.0129089355469, 194.6705780029297, 411.9781799316406, 210.62034606933594, 0.7823521494865417], [0, 429.81005859375, 114.63495635986328, 441.5546875, 126.0085220336914, 0.7744411826133728], [1, 413.8144226074219, 189.83462524414062, 425.5875549316406, 212.33889770507812, 0.7662384510040283], [0, 51.285797119140625, 259.12518310546875, 73.56459045410156, 281.4222412109375, 0.7411143183708191], [0, 379.51312255859375, 220.97576904296875, 399.84588623046875, 240.968505859375, 0.7138702273368835], [0, 318.0456848144531, 285.6680908203125, 334.9653625488281, 309.1019287109375, 0.5864370465278625], [0, 422.1043701171875, 107.67413330078125, 436.044921875, 122.19146728515625, 0.3868020176887512]], "patched": [[0, 32.575111389160156, 280.09588623046875, 53.835655212402344, 300.66204833984375, 0.8492597341537476], [0, 331.9720458984375, 291.74224853515625, 349.940673828125, 316.35003662109375, 0.8473479151725769], [1, 154.10494995117188, 410.3743591308594, 181.21499633789062, 448.5546569824219, 0.8345553278923035], [0, 408.89013671875, 263.0117492675781, 422.4478759765625, 283.8321838378906, 0.8325232863426208], [0, 414.73529052734375, 245.02572631835938, 427.497802734375, 265.0379943847656, 0.8132133483886719], [0, 434.890380859375, 151.18692016601562, 445.3623046875, 167.54611206054688, 0.7957433462142944], [0, 131.63363647460938, 532.9575805664062, 160.83578491210938, 567.0255737304688, 0.7938346862792969], [0, 426.5674743652344, 170.3175048828125, 438.3324890136719, 185.1922607421875, 0.786743700504303], [0, 401.0156555175781, 194.666748046875, 411.9745178222656, 210.62838745117188, 0.7799153327941895], [0, 356.0218505859375, 305.61712646484375, 373.77685546875, 331.55712890625, 0.7696294188499451], [0, 429.81793212890625, 114.63426208496094, 441.54901123046875, 126.00923156738281, 0.7672330737113953], [1, 413.83563232421875, 189.83045959472656, 425.59368896484375, 212.3480682373047, 0.7582224011421204], [0, 51.292137145996094, 259.1181640625, 73.58379364013672, 281.39434814453125, 0.7383657693862915], [0, 379.7397155761719, 220.99620056152344, 399.8414001464844, 240.7753143310547, 0.7296885251998901], [0, 225.06546020507812, 477.860107421875, 254.78530883789062, 522.9976806640625, 0.6380831003189087], [0, 318.285888671875, 286.9190673828125, 332.7777099609375, 309.0875244140625, 0.6197068095207214], [1, 208.16860961914062, 578.8951416015625, 235.14492797851562, 606.6524658203125, 0.5261801481246948], [1, 210.4536590576172, 601.5607299804688, 234.10975646972656, 614.1211547851562, 0.460898756980896], [2, 355.95404052734375, 305.8375244140625, 373.78778076171875, 331.7041015625, 0.3843555152416229], [0, 422.10296630859375, 107.66452026367188, 436.0357666015625, 122.2066650390625, 0.3686792254447937], [0, 267.2041931152344, 544.5936889648438, 290.0885314941406, 572.4575805664062, 0.34622541069984436], [1, 225.07461547851562, 477.93389892578125, 254.77688598632812, 523.1038208007812, 0.2893730700016022], [1, 267.4644775390625, 547.3131103515625, 290.0948486328125, 572.3720703125, 0.26653483510017395]]}