{"clean": [[3, 132.62405395507812, 154.469970703125, 150.73855590820312, 186.94320678710938, 0.8623180985450745], [1, 338.8751220703125, 378.9183349609375, 374.5340576171875, 401.5189208984375, 0.7223588824272156], [0, 313.5594482421875, 205.00201416015625, 331.919921875, 216.7723388671875, 0.5887414813041687], [1, 349.04266357421875, 399.13568115234375, 381.04656982421875, 424.37188720703125, 0.5744283199310303], [0, 306.75830078125, 97.22537994384766, 320.5316162109375, 104.18889617919922, 0.5629457831382751], [0, 262.4581298828125, 30.322132110595703, 269.7955322265625, 35.49819564819336, 0.5026776790618896], [0, 305.9705505371094, 115.7679443359375, 319.9474792480469, 125.5101318359375, 0.4608548879623413], [0, 349.1430969238281, 399.331298828125, 380.9873962402344, 424.4466552734375, 0.4090454578399658], [0, 308.1722717285156, 92.03841400146484, 320.3723449707031, 98.76091766357422, 0.3328489363193512], [0, 178.5297393798828, 89.33146667480469, 184.94773864746094, 95.95109558105469, 0.2680221498012543]], "patched": [[3, 132.65628051757812, 154.44424438476562, 150.75778198242188, 186.97415161132812, 0.8608303070068359], [0, 313.960205078125, 205.20327758789062, 331.8587646484375, 216.71994018554688, 0.6028436422348022], [0, 307.0592041015625, 97.28031921386719, 320.4444580078125, 104.21060180664062, 0.5938542485237122], [0, 262.44512939453125, 30.260601043701172, 269.78106689453125, 35.521121978759766, 0.5432997941970825], [1, 349.03326416015625, 399.7322998046875, 380.92352294921875, 424.1737060546875, 0.5043658018112183], [1, 338.3853759765625, 378.9000244140625, 373.9273681640625, 401.1822509765625, 0.4194962978363037], [0, 306.5106506347656, 116.84461212158203, 319.9452209472656, 125.5384750366211, 0.35275083780288696], [0, 308.18072509765625, 92.13662719726562, 320.38763427734375, 98.69671630859375, 0.3449760675430298], [0, 309.6748962402344, 169.07101440429688, 324.8080139160156, 178.19332885742188, 0.33400845527648926], [0, 178.55398559570312, 89.3676528930664, 184.96719360351562, 95.97228240966797, 0.30024003982543945], [0, 348.9525146484375, 399.5807800292969, 381.14990234375, 424.2364807128906, 0.2981101870536804]]}