{"clean": [[3, 369.3649597167969, 97.54640197753906, 389.9929504394531, 167.28187561035156, 0.855960488319397], [3, 353.13970947265625, 8.563098907470703, 368.20904541015625, 61.37154006958008, 0.8167833089828491], [3, 164.92074584960938, 508.414306640625, 219.97305297851562, 640.0, 0.8089379668235779], [3, 395.6206970214844, 191.38580322265625, 416.2145080566406, 290.74005126953125, 0.7659251689910889], [1, 261.1629638671875, 174.7874755859375, 271.580810546875, 198.72698974609375, 0.7430975437164307], [1, 411.87066650390625, 592.1541748046875, 432.21954345703125, 640.0, 0.6820633411407471], [3, 265.64739990234375, 322.1448974609375, 280.6881103515625, 363.32904052734375, 0.6537654995918274], [1, 278.4747314453125, 60.481712341308594, 287.0234375, 77.07129669189453, 0.6090807914733887], [3, 258.59814453125, 75.8880844116211, 272.6353759765625, 116.86656951904297, 0.5890424251556396], [1, 266.6656494140625, 322.14776611328125, 280.3765869140625, 362.86480712890625, 0.588289737701416], [3, 258.2123107910156, 75.4586181640625, 273.4938659667969, 143.21005249023438, 0.5757434964179993], [2, 369.3728332519531, 97.03820037841797, 390.4992980957031, 167.49810791015625, 0.45498207211494446], [0, 343.17364501953125, 47.28026580810547, 351.80059814453125, 63.829200744628906, 0.4489768445491791], [3, 479.40789794921875, 622.2125854492188, 517.4775390625, 640.0, 0.401081383228302], [2, 259.35198974609375, 113.26544952392578, 271.92510986328125, 142.9754638671875, 0.39158129692077637], [4, 154.13400268554688, 564.081298828125, 163.70376586914062, 585.7626953125, 0.288108229637146]], "patched": [[3, 369.37139892578125, 97.54850006103516, 389.991943359375, 167.27792358398438, 0.8555436730384827], [3, 353.14013671875, 8.566680908203125, 368.1971435546875, 61.375648498535156, 0.8163033723831177], [3, 164.895751953125, 508.38653564453125, 219.886962890625, 640.0, 0.7959686517715454], [3, 395.6378173828125, 191.3843994140625, 416.1942138671875, 290.7256774902344, 0.7717812061309814], [1, 261.2069091796875, 174.81802368164062, 271.56201171875, 198.61123657226562, 0.746307373046875], [1, 412.44732666015625, 592.6307373046875, 429.98126220703125, 622.4954833984375, 0.6996825933456421], [1, 412.4105224609375, 592.4776611328125, 430.7821044921875, 639.3526611328125, 0.670269787311554], [1, 267.13525390625, 322.32940673828125, 280.26220703125, 345.34075927734375, 0.6593695878982544], [1, 278.46575927734375, 60.502140045166016, 286.94000244140625, 77.01382446289062, 0.6135830283164978], [3, 258.60101318359375, 75.88941955566406, 272.62969970703125, 116.88699340820312, 0.59493488073349], [3, 258.21087646484375, 75.4617919921875, 273.48175048828125, 143.21713256835938, 0.5639834403991699], [0, 343.171142578125, 47.33473205566406, 351.80517578125, 63.833702087402344, 0.451649010181427], [3, 479.29437255859375, 622.244384765625, 517.9522705078125, 639.9921875, 0.4404833912849426], [2, 369.3795471191406, 97.03971099853516, 390.4961242675781, 167.49606323242188, 0.4371124804019928], [2, 259.35382080078125, 113.27474975585938, 271.924072265625, 142.97146606445312, 0.399371862411499], [4, 154.14199829101562, 564.1973876953125, 163.67984008789062, 585.6397705078125, 0.34847313165664673], [0, 413.850830078125, 615.290771484375, 431.532470703125, 640.0, 0.3440808951854706], [3, 479.66156005859375, 622.2310791015625, 506.53668212890625, 639.8760986328125, 0.34142616391181946]]}