{"clean": [[0, 382.0406494140625, 513.731689453125, 404.052490234375, 558.768310546875, 0.8582273721694946], [0, 190.77273559570312, 237.09486389160156, 217.54074096679688, 255.83396911621094, 0.8443149328231812], [0, 171.02012634277344, 178.8084716796875, 189.91871643066406, 192.2069091796875, 0.8341951370239258], [0, 403.709228515625, 276.1473083496094, 417.7681884765625, 301.8324279785156, 0.7884050607681274], [0, 388.4022216796875, 426.3631591796875, 411.6822509765625, 477.34521484375, 0.7000280618667603], [1, 388.49053955078125, 426.69171142578125, 411.750244140625, 477.52825927734375, 0.46145913004875183], [4, 68.3565673828125, 204.169921875, 74.93539428710938, 214.42047119140625, 0.2983839511871338]], "patched": [[0, 388.4476013183594, 426.4013671875, 411.7231750488281, 477.60595703125, 0.8424352407455444], [0, 171.0139923095703, 178.81488037109375, 189.92506408691406, 192.20755004882812, 0.8336455821990967], [0, 190.80360412597656, 238.30038452148438, 217.4243927001953, 255.78079223632812, 0.8190051913261414], [0, 382.06976318359375, 513.9254150390625, 403.8447265625, 558.5709228515625, 0.7917960286140442], [0, 403.688720703125, 276.142333984375, 417.78466796875, 301.83935546875, 0.7850530743598938], [4, 68.34980010986328, 204.15673828125, 74.94330596923828, 214.41717529296875, 0.30363237857818604]]}