{"clean": [[3, 201.49349975585938, 114.38818359375, 221.81521606445312, 147.81277465820312, 0.825297474861145], [0, 137.738037109375, 166.84112548828125, 149.81298828125, 179.10516357421875, 0.8030971884727478], [0, 67.37855529785156, 266.73040771484375, 82.98341369628906, 285.52581787109375, 0.8018559217453003], [0, 51.00170135498047, 385.6298828125, 73.26432037353516, 421.506103515625, 0.7827448844909668], [0, 191.9605712890625, 137.78433227539062, 202.6142578125, 150.47286987304688, 0.7675296068191528], [0, 188.68447875976562, 113.09947204589844, 198.13006591796875, 123.09419250488281, 0.752988338470459], [0, 27.96441650390625, 282.07489013671875, 43.537353515625, 298.21160888671875, 0.7236000895500183], [0, 413.57427978515625, 122.98880004882812, 422.17779541015625, 134.80984497070312, 0.6669955849647522], [0, 610.334716796875, 110.13858032226562, 620.4248046875, 117.58694458007812, 0.6070561408996582], [0, 281.1760559082031, 65.99734497070312, 289.7539978027344, 75.56454467773438, 0.577868640422821], [0, 223.88992309570312, 92.11949157714844, 231.89315795898438, 101.75477600097656, 0.5730775594711304], [0, 459.77020263671875, 196.2783966064453, 473.6298828125, 212.5801239013672, 0.5301578640937805], [0, 250.03280639648438, 85.79092407226562, 258.58843994140625, 94.78933715820312, 0.3518581688404083], [0, 355.440185546875, 24.570838928222656, 371.0208740234375, 39.10074234008789, 0.33459973335266113], [0, 452.2515869140625, 281.96539306640625, 471.195556640625, 308.76861572265625, 0.3094049394130707]], "patched": [[3, 201.49411010742188, 114.38818359375, 221.81524658203125, 147.81683349609375, 0.8252924680709839], [0, 137.74081420898438, 166.84039306640625, 149.81353759765625, 179.1064453125, 0.8028704524040222], [0, 67.40193176269531, 266.74371337890625, 82.97642517089844, 285.53460693359375, 0.8003334403038025], [0, 191.96205139160156, 137.78115844726562, 202.6172637939453, 150.47439575195312, 0.7674916982650757], [0, 188.68734741210938, 113.10005187988281, 198.13235473632812, 123.10166931152344, 0.7528231739997864], [0, 27.975055694580078, 282.12286376953125, 43.52627182006836, 298.19415283203125, 0.723376452922821], [0, 413.5732421875, 122.98704528808594, 422.1790771484375, 134.81272888183594, 0.6668341755867004], [0, 51.095497131347656, 387.09381103515625, 72.21320343017578, 421.55023193359375, 0.6474671959877014], [0, 610.3363037109375, 110.13848876953125, 620.435302734375, 117.59120178222656, 0.6038328409194946], [0, 281.17742919921875, 65.99708557128906, 289.74407958984375, 75.56321716308594, 0.5768581032752991], [0, 223.89080810546875, 92.11737060546875, 231.89407348632812, 101.75732421875, 0.5731627345085144], [0, 459.773193359375, 196.27944946289062, 473.62872314453125, 212.5797119140625, 0.5303466320037842], [0, 51.31410217285156, 398.07305908203125, 69.76296997070312, 421.6585693359375, 0.49078911542892456], [0, 250.03302001953125, 85.78849792480469, 258.58868408203125, 94.78977966308594, 0.35160237550735474], [0, 355.44073486328125, 24.570343017578125, 371.02777099609375, 39.1016845703125, 0.3291183114051819], [0, 452.2524719238281, 281.99481201171875, 471.1633605957031, 308.76702880859375, 0.3041217029094696]]}