{"clean": [[0, 438.74285888671875, 388.23046875, 465.77618408203125, 423.2503662109375, 0.8468373417854309], [0, 442.9686279296875, 503.18377685546875, 469.47607421875, 543.5128784179688, 0.8398907780647278], [0, 298.886474609375, 198.72218322753906, 315.503662109375, 216.4150848388672, 0.8062157034873962], [0, 407.994873046875, 487.27716064453125, 434.77935791015625, 527.8076782226562, 0.8060690760612488], [0, 334.7864990234375, 348.15338134765625, 353.05255126953125, 371.09014892578125, 0.8015199899673462], [0, 106.99996948242188, 72.67247772216797, 114.70364379882812, 81.08678436279297, 0.7936343550682068], [0, 97.18800354003906, 82.90673828125, 105.92341613769531, 93.41293334960938, 0.7734164595603943], [0, 157.0242462158203, 139.96665954589844, 168.6799774169922, 152.0717010498047, 0.7706515789031982], [0, 154.62454223632812, 117.36070251464844, 165.46893310546875, 127.75637817382812, 0.7622585296630859], [0, 113.95440673828125, 65.3778076171875, 121.38945007324219, 73.96875, 0.7143837213516235], [0, 126.48784637451172, 94.31639099121094, 136.06475830078125, 102.48698425292969, 0.6882409453392029], [0, 81.55802917480469, 24.78905487060547, 87.46000671386719, 31.292739868164062, 0.6798476576805115], [0, 85.09518432617188, 50.741695404052734, 91.81695556640625, 58.8182487487793, 0.6345866322517395], [0, 124.02395629882812, 66.18241882324219, 131.4797821044922, 75.45310974121094, 0.6113765239715576], [0, 122.85626220703125, 100.89364624023438, 131.16445922851562, 109.15875244140625, 0.601208508014679], [0, 213.50762939453125, 108.78785705566406, 225.0150146484375, 120.82575988769531, 0.5851869583129883], [0, 206.17416381835938, 158.6088409423828, 220.44943237304688, 171.62986755371094, 0.5579168200492859], [0, 269.5388488769531, 150.92501831054688, 283.3890686035156, 164.6942138671875, 0.4913526475429535], [2, 90.27810668945312, 0.0, 101.55792236328125, 7.829083442687988, 0.35488948225975037], [0, 121.45046997070312, 41.504722595214844, 128.517822265625, 50.54084777832031, 0.34409359097480774]], "patched": [[0, 299.02783203125, 198.73216247558594, 315.40826416015625, 216.5312042236328, 0.8077666163444519], [0, 334.96258544921875, 348.20269775390625, 352.9647216796875, 370.93450927734375, 0.8002460598945618], [0, 106.9974594116211, 72.67367553710938, 114.70110321044922, 81.09271240234375, 0.7925704121589661], [0, 97.19166564941406, 82.90203094482422, 105.92314147949219, 93.41956329345703, 0.7739542126655579], [0, 157.04556274414062, 139.99343872070312, 168.65182495117188, 152.0572509765625, 0.7700398564338684], [0, 154.63595581054688, 117.37862396240234, 165.46829223632812, 127.74639129638672, 0.7622345089912415], [0, 113.94842529296875, 65.36029052734375, 121.392578125, 73.97463989257812, 0.7124618291854858], [0, 126.48826599121094, 94.3271713256836, 136.0597381591797, 102.48450469970703, 0.6849550604820251], [0, 443.3154296875, 503.08111572265625, 463.09661865234375, 531.5081176757812, 0.678528368473053], [0, 81.55584716796875, 24.776824951171875, 87.4661865234375, 31.297500610351562, 0.6773273348808289], [0, 85.09085083007812, 50.73588943481445, 91.81594848632812, 58.82136154174805, 0.6355719566345215], [0, 124.02210998535156, 66.16094970703125, 131.48583984375, 75.46099853515625, 0.6075478792190552], [0, 122.85725402832031, 100.90704345703125, 131.15481567382812, 109.15959167480469, 0.605170726776123], [0, 439.1517639160156, 388.33709716796875, 457.8691711425781, 410.21087646484375, 0.5830637812614441], [0, 213.50698852539062, 108.79405975341797, 225.00827026367188, 120.82854461669922, 0.5817790627479553], [0, 206.21380615234375, 158.83421325683594, 220.32708740234375, 171.59031677246094, 0.5753963589668274], [0, 269.5594482421875, 150.91616821289062, 283.3929443359375, 164.69461059570312, 0.4672164022922516], [1, 409.06060791015625, 486.92156982421875, 433.60101318359375, 528.6412353515625, 0.45997145771980286], [1, 409.1453552246094, 487.4172668457031, 429.9756164550781, 511.4688415527344, 0.42599695920944214], [2, 90.28250885009766, 0.0011334419250488281, 101.6011734008789, 7.829236030578613, 0.3571460247039795], [0, 121.42613220214844, 41.4700927734375, 128.52565002441406, 50.54179382324219, 0.32164818048477173], [0, 446.4306640625, 405.8509521484375, 464.8995361328125, 423.530517578125, 0.282717764377594], [0, 408.8826904296875, 487.0772705078125, 433.9886474609375, 529.033935546875, 0.25861623883247375], [0, 117.41155242919922, 0.14220333099365234, 125.81990814208984, 6.104938507080078, 0.25125378370285034]]}