{"clean": [[3, 37.821449279785156, 332.8526611328125, 76.86256408691406, 458.7930908203125, 0.832003116607666], [0, 22.176589965820312, 157.4849090576172, 40.621826171875, 177.01597595214844, 0.8031654953956604], [0, 0.045485496520996094, 129.94338989257812, 11.731472969055176, 148.71554565429688, 0.7038723826408386], [1, 95.45976257324219, 382.9112548828125, 111.72413635253906, 421.67822265625, 0.6572188138961792], [3, 0.0, 139.82089233398438, 11.027517318725586, 198.5518798828125, 0.6152650713920593]], "patched": [[3, 37.81263732910156, 332.9620361328125, 76.80430603027344, 458.684814453125, 0.8200233578681946], [0, 22.222557067871094, 157.5676727294922, 40.52526092529297, 176.94606018066406, 0.8015086650848389], [0, 0.04215049743652344, 130.26107788085938, 11.676721572875977, 148.64877319335938, 0.7022619247436523], [3, 0.0, 140.3017578125, 10.993955612182617, 198.54046630859375, 0.6146572232246399]]}