{"clean": [[4, 351.07794189453125, 460.8565673828125, 366.95758056640625, 490.49365234375, 0.6038733720779419], [4, 324.11029052734375, 573.8911743164062, 335.52740478515625, 614.5455932617188, 0.47433045506477356], [4, 352.6525573730469, 582.3272705078125, 362.0438537597656, 614.0911865234375, 0.46498581767082214], [0, 263.23150634765625, 617.6141357421875, 299.19049072265625, 640.0, 0.45400741696357727], [0, 314.88848876953125, 158.48828125, 326.18414306640625, 171.59585571289062, 0.399476021528244], [0, 319.4921875, 148.15841674804688, 330.19775390625, 160.81106567382812, 0.3417006731033325], [4, 383.4434814453125, 559.160400390625, 404.9066162109375, 620.9375, 0.31353625655174255], [4, 339.6346435546875, 526.3275146484375, 351.5513916015625, 563.5211181640625, 0.2885572612285614], [0, 339.71337890625, 273.8939514160156, 352.24267578125, 298.4184875488281, 0.2868326008319855], [4, 352.2708740234375, 568.3777465820312, 362.335693359375, 614.2964477539062, 0.25509586930274963]], "patched": [[4, 351.155029296875, 460.7293701171875, 366.892333984375, 490.48193359375, 0.580092191696167], [0, 339.866943359375, 273.9835205078125, 352.045654296875, 298.4212646484375, 0.5623840093612671], [4, 352.71258544921875, 586.4002685546875, 361.96063232421875, 614.0728759765625, 0.4954492151737213], [4, 324.17523193359375, 577.025390625, 335.43701171875, 614.5615234375, 0.47957319021224976], [0, 263.3729248046875, 617.6016845703125, 299.0850830078125, 640.0, 0.46982789039611816], [0, 316.16046142578125, 160.06927490234375, 326.00201416015625, 171.81781005859375, 0.36306166648864746], [4, 339.64239501953125, 526.0498046875, 351.48284912109375, 563.534423828125, 0.26704999804496765], [4, 383.4501953125, 559.1278076171875, 404.9073486328125, 620.9410400390625, 0.2668795883655548], [4, 352.377685546875, 568.8682861328125, 362.24853515625, 614.2506103515625, 0.2612440586090088]]}