{"clean": [[1, 176.9738311767578, 461.7918701171875, 224.56361389160156, 560.629150390625, 0.8796147704124451], [0, 335.00830078125, 298.6271667480469, 356.0640869140625, 334.9178771972656, 0.8296213746070862], [0, 188.03936767578125, 361.1055603027344, 226.62094116210938, 405.7173156738281, 0.8175699710845947], [2, 203.68743896484375, 398.9453125, 274.8246765136719, 460.3333740234375, 0.7950623035430908], [0, 406.5684509277344, 258.011962890625, 428.6069641113281, 287.57763671875, 0.7200437784194946], [0, 406.17486572265625, 314.03814697265625, 435.41839599609375, 353.63861083984375, 0.6200027465820312], [4, 345.07891845703125, 208.80477905273438, 353.83551025390625, 223.21603393554688, 0.5541514754295349], [0, 390.381591796875, 136.83892822265625, 401.115234375, 148.76568603515625, 0.5220496654510498], [0, 410.427001953125, 289.428955078125, 436.9793701171875, 314.6583251953125, 0.5062631964683533], [4, 354.66912841796875, 435.58587646484375, 374.20404052734375, 485.45684814453125, 0.41482213139533997], [4, 370.01068115234375, 297.97894287109375, 377.49072265625, 314.30902099609375, 0.4023897051811218], [1, 53.0792236328125, 551.1544189453125, 156.17730712890625, 639.5833740234375, 0.349026083946228], [0, 395.88232421875, 127.98222351074219, 405.5592041015625, 139.8165740966797, 0.3108612895011902]], "patched": [[1, 176.92337036132812, 461.76336669921875, 224.60806274414062, 560.6642456054688, 0.8795495629310608], [0, 334.9841003417969, 298.99078369140625, 356.6447448730469, 334.88641357421875, 0.8347985744476318], [0, 187.97830200195312, 361.069091796875, 226.64581298828125, 405.828857421875, 0.8119471669197083], [2, 203.83258056640625, 398.9307861328125, 274.8893737792969, 460.47369384765625, 0.794893205165863], [0, 404.14453125, 257.6044616699219, 428.4990234375, 287.7895202636719, 0.5673863291740417], [4, 344.9820556640625, 209.08087158203125, 353.8975830078125, 223.2982177734375, 0.5398485064506531], [0, 390.31005859375, 136.8233642578125, 401.2098388671875, 148.93350219726562, 0.5029252171516418], [4, 354.6400451660156, 435.88031005859375, 374.2687683105469, 485.52459716796875, 0.4210992157459259], [4, 370.02606201171875, 298.4770812988281, 377.51995849609375, 314.3053283691406, 0.39866843819618225], [1, 54.0005989074707, 551.1300048828125, 156.3841094970703, 639.6927490234375, 0.33436447381973267], [0, 410.5172119140625, 289.9293212890625, 440.14190673828125, 315.8892822265625, 0.3184022009372711], [0, 395.8548278808594, 128.00856018066406, 405.6588439941406, 140.0005340576172, 0.29098671674728394]]}