{"clean": [[0, 355.2764892578125, 454.0367431640625, 418.45574951171875, 539.464111328125, 0.9157707095146179], [0, 419.861572265625, 547.4158325195312, 503.789794921875, 640.0, 0.9062416553497314], [0, 302.67205810546875, 376.55072021484375, 354.27313232421875, 444.67657470703125, 0.8987508416175842], [0, 260.03985595703125, 316.0023193359375, 303.76263427734375, 373.76849365234375, 0.8874616622924805], [0, 572.1866455078125, 331.7895812988281, 637.2869873046875, 395.9511413574219, 0.8837865591049194], [0, 198.13021850585938, 201.86749267578125, 232.61062622070312, 249.372802734375, 0.8356055021286011], [0, 612.7132568359375, 319.52838134765625, 639.9005126953125, 381.68585205078125, 0.7709627747535706], [0, 110.72996520996094, 79.9921875, 132.18138122558594, 105.91070556640625, 0.7282178401947021], [0, 246.89755249023438, 160.90524291992188, 282.1460266113281, 201.88235473632812, 0.6596119999885559], [0, 536.9283447265625, 346.64031982421875, 603.3292236328125, 406.17974853515625, 0.6577185392379761], [0, 142.26315307617188, 116.47725677490234, 167.91513061523438, 148.24832153320312, 0.5293198227882385], [0, 78.28587341308594, 46.74559020996094, 94.14097595214844, 67.09361267089844, 0.501305341720581], [0, 224.38446044921875, 107.1934814453125, 274.09710693359375, 137.85507202148438, 0.3316844701766968], [0, 62.20136260986328, 24.339200973510742, 84.79315948486328, 53.013702392578125, 0.2902448773384094]], "patched": [[0, 302.65283203125, 376.42437744140625, 354.26776123046875, 444.61077880859375, 0.8947359919548035], [0, 355.2503662109375, 454.15380859375, 418.36285400390625, 539.3648681640625, 0.8872235417366028], [0, 419.71978759765625, 547.0653076171875, 503.76959228515625, 640.0, 0.8800618648529053], [0, 260.05596923828125, 316.0332946777344, 303.75531005859375, 374.3318786621094, 0.863823652267456], [0, 571.697265625, 331.9747009277344, 636.871826171875, 396.4100646972656, 0.8530293703079224], [0, 198.06582641601562, 201.84201049804688, 232.63742065429688, 249.43557739257812, 0.8325785994529724], [0, 612.026123046875, 319.67767333984375, 639.875732421875, 382.98077392578125, 0.7261891961097717], [0, 548.4158935546875, 352.70513916015625, 602.4019775390625, 404.76568603515625, 0.6316835284233093], [0, 245.89109802246094, 157.88087463378906, 282.291015625, 202.32798767089844, 0.4778258800506592], [4, 111.27432250976562, 82.58743286132812, 131.88507080078125, 105.65985107421875, 0.36925333738327026], [0, 78.58334350585938, 46.681724548339844, 94.0037841796875, 67.0708999633789, 0.3468247056007385], [0, 110.87028503417969, 79.60224151611328, 131.94422912597656, 105.54619598388672, 0.32295915484428406], [0, 222.01025390625, 106.90472412109375, 274.11993408203125, 137.85479736328125, 0.29733362793922424], [0, 61.409996032714844, 24.299089431762695, 84.69210052490234, 52.90202331542969, 0.2946620285511017]]}