{"clean": [[0, 408.2660217285156, 333.6627197265625, 446.1204528808594, 391.970947265625, 0.9086297750473022], [0, 421.669677734375, 228.50808715820312, 458.5325927734375, 272.8296813964844, 0.8941558599472046], [1, 259.1814270019531, 89.11825561523438, 285.0289001464844, 140.04571533203125, 0.8542991876602173], [3, 225.5989990234375, 0.4280242919921875, 276.1446838378906, 69.19224548339844, 0.8460909724235535], [0, 283.21929931640625, 87.9478759765625, 307.99420166015625, 129.93724060058594, 0.8189699053764343], [0, 292.0068359375, 152.35101318359375, 318.9222412109375, 198.30963134765625, 0.8082334995269775], [1, 381.2577819824219, 180.65261840820312, 414.5182189941406, 233.64584350585938, 0.7969077229499817], [3, 309.3254089355469, 106.33784484863281, 380.4632263183594, 218.74156188964844, 0.7965651154518127], [3, 255.41064453125, 0.0, 306.1214599609375, 74.9480209350586, 0.7507685422897339], [1, 309.39691162109375, 88.14903259277344, 335.07525634765625, 121.08302307128906, 0.7120550274848938], [0, 283.1937255859375, 149.27706909179688, 318.9176025390625, 198.82614135742188, 0.6831185817718506], [0, 419.4549560546875, 301.42120361328125, 455.275634765625, 354.4361572265625, 0.6551626324653625], [0, 94.76278686523438, 61.61936569213867, 111.88558959960938, 90.81205749511719, 0.6104380488395691], [3, 309.337158203125, 177.3585205078125, 410.6171875, 371.41973876953125, 0.4662657678127289], [1, 94.94146728515625, 61.711246490478516, 111.93138122558594, 90.53790283203125, 0.44369596242904663]], "patched": [[0, 408.22998046875, 333.6876220703125, 446.12646484375, 391.9884033203125, 0.8991961479187012], [0, 421.5455322265625, 228.49951171875, 458.605224609375, 272.8917236328125, 0.8583081960678101], [3, 225.62655639648438, 0.4286346435546875, 276.0943908691406, 69.16046142578125, 0.8522327542304993], [1, 259.203125, 89.1724853515625, 285.03564453125, 140.0460205078125, 0.8394142389297485], [0, 283.25946044921875, 88.034912109375, 307.99224853515625, 129.99749755859375, 0.8321338295936584], [3, 309.4517822265625, 109.20562744140625, 380.2572021484375, 223.60379028320312, 0.8028935194015503], [1, 381.2616882324219, 180.64759826660156, 414.5033874511719, 233.66651916503906, 0.8011902570724487], [0, 419.352294921875, 300.9488830566406, 455.2230224609375, 354.4757385253906, 0.7731326222419739], [3, 255.6732177734375, 0.0, 306.2342529296875, 74.79756164550781, 0.7614354491233826], [0, 291.95989990234375, 152.1959686279297, 318.7149658203125, 198.3385772705078, 0.7534528374671936], [0, 277.4308166503906, 149.63490295410156, 318.8816833496094, 198.9147491455078, 0.7170944809913635], [0, 94.97517395019531, 61.656471252441406, 111.82829284667969, 90.5422134399414, 0.5713695883750916], [3, 306.54119873046875, 176.51210021972656, 410.6812744140625, 371.43408203125, 0.4795316457748413], [1, 309.4344177246094, 88.1697998046875, 334.8340759277344, 121.34869384765625, 0.39827707409858704], [0, 309.4529113769531, 88.15531921386719, 334.8207702636719, 121.59757995605469, 0.35737037658691406]]}