{"clean": [[0, 131.4781494140625, 178.87484741210938, 192.06500244140625, 255.57827758789062, 0.9143916368484497], [0, 186.4993438720703, 128.45956420898438, 235.46571350097656, 185.05343627929688, 0.9022006988525391], [0, 111.083984375, 160.87069702148438, 160.2252197265625, 210.85177612304688, 0.8913930058479309], [0, 156.78048706054688, 102.93179321289062, 207.49209594726562, 153.65948486328125, 0.8889141082763672], [0, 96.16255187988281, 129.6630859375, 148.17913818359375, 177.80328369140625, 0.8873937726020813], [0, 138.286376953125, 92.88975524902344, 181.4781494140625, 131.32080078125, 0.8726452589035034], [0, 403.25457763671875, 478.3541259765625, 462.74835205078125, 635.5609130859375, 0.8722241520881653], [3, 457.3385009765625, 23.328205108642578, 504.8541259765625, 133.86302185058594, 0.8718916177749634], [0, 252.43106079101562, 56.406532287597656, 286.5477600097656, 95.2146224975586, 0.8715011477470398], [0, 452.686279296875, 246.73944091796875, 494.2156982421875, 321.26605224609375, 0.863271951675415], [1, 259.70367431640625, 0.0, 306.37286376953125, 23.85523796081543, 0.8599339127540588], [0, 438.466552734375, 356.28680419921875, 487.4581298828125, 461.55584716796875, 0.8565976023674011], [0, 88.09832763671875, 102.46771240234375, 140.28836059570312, 146.0113983154297, 0.8503472805023193], [0, 208.9183349609375, 53.13517761230469, 252.2467041015625, 94.68408203125, 0.8459547162055969], [0, 182.17526245117188, 48.39760208129883, 221.27981567382812, 88.66511535644531, 0.8438234925270081], [0, 309.1150817871094, 0.5253715515136719, 338.1606140136719, 34.14399337768555, 0.8314177989959717], [1, 224.97244262695312, 83.77909851074219, 264.5500793457031, 134.58445739746094, 0.8212814927101135], [0, 497.193115234375, 10.430228233337402, 516.624755859375, 38.12422180175781, 0.8001548051834106], [0, 404.6475830078125, 38.26795959472656, 431.54925537109375, 82.35525512695312, 0.7128117680549622], [0, 425.4683837890625, 0.5218896865844727, 447.401123046875, 32.233055114746094, 0.7114855647087097], [0, 503.85272216796875, 0.0, 523.8267211914062, 13.329034805297852, 0.6050037145614624]], "patched": [[0, 186.37838745117188, 128.1982421875, 235.62261962890625, 184.89898681640625, 0.8917732834815979], [0, 131.53515625, 179.02523803710938, 191.99102783203125, 255.64108276367188, 0.8830230832099915], [0, 111.1610107421875, 160.8892822265625, 160.11184692382812, 210.66900634765625, 0.877450704574585], [0, 96.34539794921875, 129.75949096679688, 148.0732421875, 176.76907348632812, 0.8747116327285767], [0, 156.8813018798828, 102.9334716796875, 207.4490509033203, 153.33352661132812, 0.8734581470489502], [3, 457.3131103515625, 23.30706787109375, 504.846435546875, 133.93301391601562, 0.8682988286018372], [0, 252.1685791015625, 56.473392486572266, 286.814208984375, 95.15231323242188, 0.8627490997314453], [1, 259.69573974609375, 0.0, 306.37017822265625, 23.85275650024414, 0.8624692559242249], [0, 88.34675598144531, 102.70549011230469, 140.0843048095703, 145.86550903320312, 0.8452786803245544], [0, 138.4509735107422, 92.84617614746094, 181.35215759277344, 131.0159912109375, 0.8439363837242126], [0, 438.4847717285156, 356.0664978027344, 487.9147644042969, 461.2897033691406, 0.84233558177948], [0, 453.115966796875, 246.59487915039062, 494.1416015625, 321.2655334472656, 0.8350402116775513], [0, 182.1839141845703, 48.447357177734375, 222.2933807373047, 88.47605895996094, 0.8216097950935364], [1, 225.02139282226562, 83.84114074707031, 264.789306640625, 134.61997985839844, 0.8168095350265503], [0, 402.90362548828125, 478.1089172363281, 462.90277099609375, 635.372802734375, 0.8066051602363586], [0, 497.4449462890625, 10.317363739013672, 516.6361083984375, 38.17939758300781, 0.7627933621406555], [0, 308.8961486816406, 0.43813323974609375, 338.5307312011719, 34.12948226928711, 0.6686191558837891], [0, 208.9461669921875, 53.56538009643555, 252.37466430664062, 94.42134094238281, 0.661891758441925], [0, 503.8755798339844, 0.0, 523.8306884765625, 13.231554985046387, 0.586083710193634], [0, 425.03759765625, 0.669189453125, 447.156494140625, 36.439178466796875, 0.49462100863456726], [0, 404.29107666015625, 39.352394104003906, 431.32598876953125, 82.60993957519531, 0.3216495215892792]]}