{"clean": [[0, 316.59613037109375, 33.338340759277344, 396.88397216796875, 88.42019653320312, 0.9135512709617615], [0, 529.259033203125, 46.79518508911133, 613.663818359375, 113.76631164550781, 0.9111639261245728], [0, 331.256103515625, 544.986083984375, 379.23583984375, 640.0, 0.8994375467300415], [0, 340.134521484375, 241.1060791015625, 388.9852294921875, 364.7952880859375, 0.8979620337486267], [0, 123.49018859863281, 261.1884460449219, 172.19786071777344, 388.0879821777344, 0.891386091709137], [1, 119.3639907836914, 404.2431640625, 170.12637329101562, 507.17852783203125, 0.8740410208702087], [0, 384.94439697265625, 397.4110107421875, 437.06610107421875, 537.2337036132812, 0.8724967837333679], [0, 283.15625, 0.0, 363.2431640625, 36.88771057128906, 0.8716005682945251], [0, 271.9637451171875, 85.84695434570312, 352.5089111328125, 143.569091796875, 0.8651754856109619], [0, 225.14447021484375, 100.02406311035156, 269.478759765625, 215.46519470214844, 0.8628020286560059], [4, 481.59442138671875, 416.9050598144531, 515.2191772460938, 439.3283996582031, 0.8352177739143372], [0, 1.4530868530273438, 0.0, 125.12648010253906, 71.53630828857422, 0.8300274610519409], [0, 536.7157592773438, 0.0, 624.6564331054688, 43.9805908203125, 0.8175150156021118], [0, 371.8494873046875, 103.42578125, 434.79498291015625, 211.74996948242188, 0.7510383129119873], [0, 15.878555297851562, 313.28131103515625, 89.04391479492188, 439.64422607421875, 0.6813390851020813], [0, 105.66204833984375, 549.943115234375, 162.36328125, 640.0, 0.6574471592903137], [0, 401.9521789550781, 590.56396484375, 465.3595886230469, 639.896484375, 0.6183286905288696], [2, 513.773681640625, 594.9278564453125, 594.0849609375, 640.0, 0.5724347829818726], [0, 429.50067138671875, 0.034610748291015625, 530.0602416992188, 49.33190155029297, 0.5531859993934631], [1, 106.271484375, 550.3857421875, 162.63739013671875, 640.0, 0.5292097330093384], [1, 513.452392578125, 595.459228515625, 591.2139892578125, 640.0, 0.31522223353385925]], "patched": [[0, 529.0408935546875, 46.74346923828125, 613.8004150390625, 114.03016662597656, 0.8987920880317688], [0, 283.2735595703125, 0.0, 363.3250732421875, 36.95193099975586, 0.8820450305938721], [1, 119.31033325195312, 404.19293212890625, 170.18316650390625, 507.17987060546875, 0.8741791248321533], [4, 481.46685791015625, 416.93902587890625, 515.2368774414062, 439.39825439453125, 0.8317655920982361], [0, 331.09710693359375, 544.8969116210938, 379.00225830078125, 639.9592895507812, 0.8006592392921448], [1, 386.36846923828125, 397.0198974609375, 436.74188232421875, 537.703857421875, 0.7881421446800232], [0, 539.7200317382812, 0.0, 624.7061157226562, 44.27391815185547, 0.7669451236724854], [0, 122.85055541992188, 261.2125244140625, 172.32061767578125, 387.86053466796875, 0.7379521131515503], [1, 339.54827880859375, 240.762939453125, 388.89532470703125, 364.32073974609375, 0.6978539228439331], [0, 105.61654663085938, 549.9183349609375, 162.39727783203125, 640.0, 0.6272180080413818], [2, 513.765869140625, 594.7811279296875, 593.1650390625, 640.0, 0.5695159435272217], [1, 106.19035339355469, 550.38134765625, 162.66416931152344, 640.0, 0.547666072845459], [1, 122.96000671386719, 261.10931396484375, 172.38307189941406, 388.12921142578125, 0.5312268137931824], [0, 225.16656494140625, 99.71485900878906, 269.6611633300781, 215.51792907714844, 0.5245043635368347], [0, 372.11572265625, 101.38792419433594, 434.96728515625, 214.37962341308594, 0.5230382680892944], [0, 429.0771484375, 0.0, 533.99267578125, 50.457542419433594, 0.47999128699302673], [0, 316.5931701660156, 33.80522155761719, 397.0398864746094, 88.54920959472656, 0.44461706280708313], [1, 224.6923828125, 99.591064453125, 269.51507568359375, 215.76419067382812, 0.4231242835521698], [0, 15.663856506347656, 312.7744140625, 110.466064453125, 439.99041748046875, 0.42176008224487305], [1, 316.8990478515625, 33.440765380859375, 396.6654052734375, 88.34487915039062, 0.3658592700958252], [1, 401.84515380859375, 590.7254638671875, 466.20220947265625, 640.0, 0.3558599352836609], [1, 513.4429321289062, 595.34521484375, 590.8994750976562, 640.0, 0.33226320147514343], [0, 414.79022216796875, 229.2884063720703, 461.26861572265625, 332.61029052734375, 0.3062888979911804], [0, 401.7752380371094, 590.7847900390625, 468.5370788574219, 640.0, 0.294285386800766], [0, 271.716552734375, 86.08309936523438, 352.48065185546875, 147.16761779785156, 0.26291751861572266], [1, 16.149642944335938, 312.41021728515625, 87.78358459472656, 440.46795654296875, 0.2628374993801117]]}