{"clean": [[3, 140.61141967773438, 312.52020263671875, 208.16305541992188, 379.77764892578125, 0.8909744024276733], [0, 248.1610107421875, 326.8034362792969, 271.35272216796875, 361.7441711425781, 0.8537564873695374], [0, 0.37841033935546875, 250.11471557617188, 23.78647232055664, 274.7964172363281, 0.8312280774116516], [0, 286.3546142578125, 91.25140380859375, 299.99371337890625, 117.81552124023438, 0.8236321806907654], [0, 304.0252685546875, 339.40374755859375, 320.38525390625, 386.59552001953125, 0.7929107546806335], [0, 255.44000244140625, 19.581043243408203, 267.2066650390625, 41.81752014160156, 0.7608813643455505], [0, 20.34982681274414, 255.47055053710938, 49.351741790771484, 284.3011779785156, 0.679337203502655], [1, 0.7833938598632812, 563.197021484375, 63.26538848876953, 640.0, 0.5365485548973083], [0, 77.94187927246094, 294.48297119140625, 100.98347473144531, 316.71649169921875, 0.4640900790691376], [0, 113.8907470703125, 25.40688705444336, 129.58917236328125, 40.8189811706543, 0.26979681849479675], [0, 49.30805206298828, 618.9100341796875, 83.8670425415039, 640.0, 0.2545088827610016]], "patched": [[3, 140.63839721679688, 312.5204772949219, 208.146728515625, 379.7931213378906, 0.8891689777374268], [0, 248.20599365234375, 326.7530517578125, 271.306396484375, 361.73931884765625, 0.8565237522125244], [0, 0.11868095397949219, 250.18211364746094, 23.986953735351562, 274.9326171875, 0.8457080125808716], [0, 286.35919189453125, 91.24746704101562, 299.99017333984375, 117.83294677734375, 0.8239737153053284], [0, 255.4370880126953, 19.572772979736328, 267.21063232421875, 41.816864013671875, 0.7643212676048279], [0, 304.2611389160156, 339.160888671875, 320.4793395996094, 386.60882568359375, 0.7605516910552979], [0, 20.227920532226562, 255.32235717773438, 49.07347106933594, 282.9726867675781, 0.6807209849357605], [0, 77.98861694335938, 294.67193603515625, 100.02255249023438, 316.33721923828125, 0.6222004294395447], [1, 0.7833995819091797, 563.186279296875, 63.26615905761719, 640.0, 0.5481266975402832], [0, 113.7490234375, 25.37725830078125, 129.59971618652344, 40.84015655517578, 0.2559252679347992], [0, 49.15351867675781, 618.8948364257812, 83.87129211425781, 640.0, 0.2514004707336426]]}