{"clean": [[1, 132.02560424804688, 228.36793518066406, 146.73788452148438, 255.96229553222656, 0.7810080051422119], [3, 53.166343688964844, 154.47381591796875, 78.7486801147461, 177.09405517578125, 0.763745903968811], [2, 86.83251953125, 168.27008056640625, 117.67887878417969, 202.39129638671875, 0.7245464324951172], [0, 161.2447967529297, 316.7903137207031, 174.04945373535156, 346.0408020019531, 0.6861976385116577], [3, 29.51276397705078, 152.0710906982422, 54.593971252441406, 172.89796447753906, 0.656577467918396], [1, 190.40487670898438, 494.9620361328125, 204.19625854492188, 535.839111328125, 0.6541264653205872], [0, 293.67462158203125, 526.556884765625, 316.30218505859375, 555.4111328125, 0.604148268699646], [1, 117.34089660644531, 202.4771728515625, 132.83448791503906, 227.09588623046875, 0.5920211672782898], [0, 148.7032012939453, 269.40936279296875, 161.9416046142578, 298.59112548828125, 0.5633799433708191], [2, 157.85882568359375, 374.8567199707031, 180.46832275390625, 430.2952575683594, 0.5208756327629089], [1, 148.537841796875, 269.3475341796875, 162.017578125, 298.66015625, 0.49276089668273926]], "patched": [[1, 132.0242156982422, 228.36769104003906, 146.74012756347656, 255.95924377441406, 0.7832706570625305], [3, 53.16584777832031, 154.47305297851562, 78.74864196777344, 177.0941162109375, 0.7636834979057312], [2, 86.82974243164062, 168.26885986328125, 117.67898559570312, 202.39117431640625, 0.7247228622436523], [0, 161.24453735351562, 316.7898254394531, 174.04791259765625, 346.0400085449219, 0.6780917644500732], [3, 29.51220703125, 152.06967163085938, 54.594886779785156, 172.89804077148438, 0.6568480730056763], [1, 190.4046173095703, 494.96063232421875, 204.19615173339844, 535.8375854492188, 0.6475456357002258], [1, 117.34016418457031, 202.47689819335938, 132.83438110351562, 227.09451293945312, 0.590011715888977], [0, 148.70211791992188, 269.40863037109375, 161.94070434570312, 298.59039306640625, 0.5594860911369324], [2, 157.8626708984375, 374.85845947265625, 180.46783447265625, 430.29345703125, 0.524789035320282], [1, 148.53677368164062, 269.3470458984375, 162.0159912109375, 298.6590576171875, 0.4905308783054352], [0, 293.8198547363281, 526.9581298828125, 316.7794494628906, 555.8597412109375, 0.3371598422527313]]}