{"clean": [[0, 228.61605834960938, 244.8663330078125, 243.142822265625, 277.2569580078125, 0.851331889629364], [0, 374.214111328125, 132.9471435546875, 390.6358642578125, 161.64791870117188, 0.8300631046295166], [3, 173.7434844970703, 175.033203125, 204.8815155029297, 210.79544067382812, 0.8130698800086975], [3, 97.43672180175781, 40.341064453125, 152.78749084472656, 73.01947021484375, 0.8068209886550903], [3, 119.22686004638672, 19.296367645263672, 174.55560302734375, 57.5530891418457, 0.7967725396156311], [0, 299.3595886230469, 0.0, 307.7402648925781, 14.654677391052246, 0.776094913482666], [3, 239.03604125976562, 341.52325439453125, 257.4214782714844, 453.27587890625, 0.7518259882926941], [3, 277.75701904296875, 147.6411895751953, 290.19354248046875, 200.6042022705078, 0.7291890382766724], [1, 367.0160217285156, 404.05877685546875, 380.6358337402344, 451.47137451171875, 0.724180281162262], [1, 357.9417419433594, 188.40721130371094, 368.9878234863281, 213.3094024658203, 0.7086520791053772], [3, 127.52970123291016, 13.42302417755127, 151.21908569335938, 31.27457046508789, 0.6938480734825134], [1, 377.44110107421875, 490.32110595703125, 390.5084228515625, 538.1128540039062, 0.67745441198349], [1, 295.17962646484375, 311.2984619140625, 306.59869384765625, 350.93963623046875, 0.6380020380020142], [3, 51.24380111694336, 104.45425415039062, 131.02261352539062, 142.62315368652344, 0.6004626750946045], [0, 333.57421875, 290.4223937988281, 349.810791015625, 321.8373718261719, 0.5227840542793274], [0, 326.0242919921875, 423.9408874511719, 336.27838134765625, 442.0860900878906, 0.4411815404891968], [1, 305.9873046875, 87.25416564941406, 314.63714599609375, 112.52357482910156, 0.4131661057472229], [0, 243.4925079345703, 115.16860961914062, 270.10015869140625, 131.58187866210938, 0.3746585249900818], [0, 314.2762451171875, 0.017182230949401855, 322.19598388671875, 4.010994911193848, 0.31356388330459595], [1, 369.33758544921875, 422.5318603515625, 381.07757568359375, 451.5068359375, 0.3034763038158417], [1, 306.0234375, 96.61167907714844, 314.61669921875, 112.40678405761719, 0.2827967703342438]], "patched": [[3, 173.7415313720703, 175.0248260498047, 204.9302520751953, 210.95973205566406, 0.8133447170257568], [3, 97.51904296875, 40.35289001464844, 152.78866577148438, 73.04161071777344, 0.8062362670898438], [3, 119.24913787841797, 19.290945053100586, 174.54730224609375, 57.570091247558594, 0.797097384929657], [0, 299.3634948730469, 0.0, 307.7271423339844, 14.63570499420166, 0.7759357690811157], [3, 239.0313720703125, 341.51995849609375, 257.4288330078125, 453.25115966796875, 0.7520458102226257], [0, 228.5709228515625, 244.84170532226562, 243.12362670898438, 277.2104187011719, 0.7511208653450012], [3, 277.7564697265625, 147.64004516601562, 290.1923828125, 200.58810424804688, 0.7312115430831909], [1, 367.0159912109375, 404.05560302734375, 380.6070556640625, 451.44622802734375, 0.7193302512168884], [1, 357.935302734375, 188.30526733398438, 369.0078125, 213.29806518554688, 0.7041672468185425], [3, 127.52935791015625, 13.424938201904297, 151.21334838867188, 31.286632537841797, 0.6973652243614197], [0, 324.3455810546875, 398.45294189453125, 335.1492919921875, 421.4442138671875, 0.6832857728004456], [1, 377.4375, 490.318115234375, 390.5035400390625, 538.099609375, 0.6758553385734558], [2, 332.27423095703125, 287.58978271484375, 349.97308349609375, 321.82958984375, 0.6280269622802734], [1, 295.17803955078125, 311.3009948730469, 306.59600830078125, 350.9148254394531, 0.6240183711051941], [0, 374.2640686035156, 139.49838256835938, 389.9877014160156, 161.6351318359375, 0.6089054346084595], [3, 51.90771484375, 104.44453430175781, 131.0154571533203, 142.60780334472656, 0.5949656963348389], [0, 325.6026611328125, 421.433837890625, 336.33251953125, 441.903076171875, 0.5485262274742126], [1, 306.0091857910156, 90.35859680175781, 314.5998229980469, 112.50376892089844, 0.4239160716533661], [1, 325.858642578125, 421.01824951171875, 336.24847412109375, 442.15093994140625, 0.3641928434371948], [0, 243.51528930664062, 115.17234802246094, 270.0659484863281, 131.55152893066406, 0.3477131724357605], [1, 369.33587646484375, 422.5775146484375, 381.06475830078125, 451.48492431640625, 0.311936616897583], [0, 314.2913818359375, 0.01745748519897461, 322.17987060546875, 4.002729892730713, 0.30555960536003113], [1, 306.11456298828125, 96.75688171386719, 314.53082275390625, 112.44044494628906, 0.2862670421600342]]}