{"clean": [[3, 345.92950439453125, 162.6707763671875, 387.26239013671875, 263.2911376953125, 0.8962541222572327], [0, 316.64312744140625, 345.2581787109375, 335.66876220703125, 382.0458984375, 0.8709649443626404], [0, 300.4857177734375, 357.86676025390625, 318.37109375, 396.71209716796875, 0.8677945733070374], [0, 303.96954345703125, 263.09490966796875, 320.96539306640625, 296.79998779296875, 0.8316202759742737], [0, 279.6294250488281, 189.8024139404297, 298.8412780761719, 222.7639617919922, 0.7527048587799072], [0, 267.82769775390625, 149.8108367919922, 283.3697509765625, 177.20106506347656, 0.7204456925392151], [0, 117.56631469726562, 229.79965209960938, 133.86123657226562, 269.1144104003906, 0.5540434122085571], [1, 79.69485473632812, 222.237548828125, 97.14967346191406, 260.24005126953125, 0.44934436678886414], [3, 79.82150268554688, 222.3685302734375, 97.18511962890625, 260.3947448730469, 0.37018224596977234], [0, 256.7452087402344, 118.633056640625, 270.7293395996094, 140.79141235351562, 0.3547402620315552], [1, 536.7264404296875, 623.9323120117188, 566.4661865234375, 639.8998413085938, 0.2576780617237091]], "patched": [[3, 345.9388122558594, 162.69625854492188, 387.2209167480469, 263.2232971191406, 0.8955217003822327], [0, 316.58929443359375, 345.54931640625, 335.3306884765625, 382.1478271484375, 0.8148369789123535], [0, 303.8106689453125, 263.11529541015625, 320.7032470703125, 296.71185302734375, 0.7786178588867188], [0, 300.5133056640625, 357.732177734375, 318.01593017578125, 396.39178466796875, 0.7472281455993652], [0, 119.3048095703125, 229.706298828125, 133.57583618164062, 256.24615478515625, 0.6224008798599243], [0, 267.802001953125, 149.89804077148438, 282.19970703125, 170.99395751953125, 0.48192670941352844], [3, 79.84043884277344, 222.375732421875, 97.14613342285156, 260.39434814453125, 0.46670106053352356], [0, 279.6356201171875, 190.18801879882812, 299.1326904296875, 222.79483032226562, 0.3548830449581146], [1, 79.70684814453125, 222.2430419921875, 97.09291076660156, 260.2369079589844, 0.35252729058265686], [0, 118.19645690917969, 229.7974853515625, 133.6382598876953, 267.5626220703125, 0.32599350810050964], [0, 256.06817626953125, 117.88423919677734, 270.48382568359375, 140.34829711914062, 0.30416539311408997]]}