{"clean": [[3, 246.22084045410156, 375.3892822265625, 282.22509765625, 519.186279296875, 0.8433852195739746], [2, 266.95263671875, 194.26153564453125, 291.991943359375, 277.0015563964844, 0.8403834104537964], [1, 282.64080810546875, 292.99298095703125, 298.00494384765625, 324.33294677734375, 0.8376599550247192], [3, 375.623291015625, 428.3360595703125, 401.395263671875, 591.6806640625, 0.8043697476387024], [0, 394.2890625, 235.7938232421875, 404.3330078125, 263.54437255859375, 0.7771830558776855], [1, 239.23464965820312, 276.63037109375, 258.3210144042969, 313.92803955078125, 0.7013878226280212], [1, 392.68603515625, 302.9552917480469, 404.0289306640625, 332.2948303222656, 0.684926450252533], [0, 392.96514892578125, 356.913818359375, 407.19281005859375, 397.770263671875, 0.5907812714576721]], "patched": [[3, 246.21815490722656, 375.376953125, 282.2291259765625, 519.196533203125, 0.8429073691368103], [2, 266.94677734375, 194.26071166992188, 291.9979248046875, 277.0111083984375, 0.8391476273536682], [3, 375.6044921875, 428.333740234375, 401.4256591796875, 591.6949462890625, 0.8039352297782898], [0, 394.2871398925781, 235.79119873046875, 404.3398742675781, 263.5587158203125, 0.7777147889137268], [1, 282.6131286621094, 293.019775390625, 298.0529479980469, 324.48516845703125, 0.741490364074707], [1, 239.2186279296875, 276.6248779296875, 258.3253173828125, 313.96484375, 0.7036743760108948], [1, 392.68798828125, 302.954833984375, 404.0245361328125, 332.3043212890625, 0.6838194727897644], [0, 394.07843017578125, 356.9227294921875, 407.16986083984375, 398.2598876953125, 0.6592103242874146], [0, 394.53564453125, 370.44482421875, 407.0386962890625, 398.1199951171875, 0.6506790518760681]]}