{"clean": [[0, 183.35556030273438, 225.24539184570312, 210.20071411132812, 253.81423950195312, 0.855187177658081], [0, 36.48585510253906, 160.0704803466797, 62.646148681640625, 179.2480010986328, 0.8153154850006104], [0, 7.436923980712891, 175.22911071777344, 33.55471420288086, 194.0102996826172, 0.8074453473091125], [0, 338.2943420410156, 169.85177612304688, 350.6683654785156, 205.83248901367188, 0.7037177085876465], [0, 244.243408203125, 65.92463684082031, 257.581787109375, 86.60206604003906, 0.6276835799217224], [0, 318.3487548828125, 228.1558837890625, 331.01025390625, 262.5844421386719, 0.5990099906921387], [0, 289.3671875, 547.1453247070312, 306.259765625, 597.7509155273438, 0.3335515558719635]], "patched": [[0, 183.68597412109375, 225.32650756835938, 209.95880126953125, 253.86953735351562, 0.8592531085014343], [0, 36.677703857421875, 161.45135498046875, 62.70947265625, 178.98956298828125, 0.7902370691299438], [0, 338.4122009277344, 169.78167724609375, 350.5470275878906, 205.82135009765625, 0.6964012384414673], [0, 7.672308921813965, 179.90673828125, 32.00128936767578, 194.67486572265625, 0.6729559898376465], [0, 244.31246948242188, 65.77192687988281, 257.5190124511719, 86.57154846191406, 0.6300527453422546], [0, 319.325927734375, 227.947509765625, 330.18597412109375, 253.74072265625, 0.3774547278881073]]}