{"clean": [[0, 227.61624145507812, 330.884765625, 248.82412719726562, 372.4969482421875, 0.86534184217453]], "patched": [[4, 228.03076171875, 331.3900146484375, 248.62054443359375, 372.50634765625, 0.6044357419013977]]}