{"clean": [[0, 213.7725830078125, 212.4962158203125, 234.4559326171875, 235.46746826171875, 0.6988955140113831], [0, 182.13204956054688, 170.16233825683594, 192.86172485351562, 182.32554626464844, 0.622327983379364], [0, 247.03643798828125, 253.39984130859375, 266.841796875, 271.12884521484375, 0.6013985872268677], [2, 199.15704345703125, 284.4630126953125, 220.76849365234375, 317.7496337890625, 0.49925681948661804], [0, 76.69305419921875, 174.275634765625, 89.61680603027344, 189.716064453125, 0.35244041681289673], [0, 239.4962158203125, 247.97955322265625, 259.67205810546875, 264.22967529296875, 0.2762303948402405]], "patched": [[0, 213.79400634765625, 212.49993896484375, 234.52044677734375, 235.47653198242188, 0.6763535737991333], [0, 182.13790893554688, 170.14947509765625, 192.86270141601562, 182.32574462890625, 0.6221221685409546], [0, 247.07183837890625, 253.37904357910156, 266.84735107421875, 271.13134765625, 0.5717176795005798], [2, 199.16314697265625, 284.46014404296875, 220.77349853515625, 317.75579833984375, 0.506260335445404], [0, 76.69413757324219, 174.2601318359375, 89.59992980957031, 189.71832275390625, 0.36011624336242676]]}