{"clean": [[2, 65.36764526367188, 113.00247192382812, 84.34626770019531, 164.51605224609375, 0.8237613439559937], [2, 461.6295166015625, 242.76177978515625, 494.59228515625, 310.0694580078125, 0.7873172163963318], [0, 483.04559326171875, 312.5224609375, 504.69805908203125, 360.403076171875, 0.7854185700416565], [0, 34.63017272949219, 419.8972473144531, 67.80445861816406, 480.0359802246094, 0.7751937508583069], [2, 470.924072265625, 141.39691162109375, 503.91497802734375, 207.95123291015625, 0.7304284572601318], [3, 54.056453704833984, 338.1309509277344, 94.29580688476562, 420.1214294433594, 0.6902493834495544], [3, 430.16229248046875, 34.710899353027344, 445.62933349609375, 71.08024597167969, 0.6723333597183228], [2, 87.96516418457031, 116.37723541259766, 105.72047424316406, 160.75186157226562, 0.6527507305145264], [0, 2.7622528076171875, 163.68603515625, 33.03691101074219, 183.98892211914062, 0.51920086145401], [0, 518.7716064453125, 283.78570556640625, 544.324462890625, 333.92510986328125, 0.5145065784454346], [2, 506.04510498046875, 252.10028076171875, 528.6432495117188, 289.98370361328125, 0.4849948585033417], [1, 518.6748657226562, 283.79705810546875, 544.3466186523438, 334.307373046875, 0.39622774720191956], [0, 424.141357421875, 95.97857666015625, 436.1177978515625, 115.42922973632812, 0.34898871183395386], [1, 424.217529296875, 95.94597625732422, 436.1444091796875, 115.53148651123047, 0.3290049433708191], [1, 506.2564697265625, 252.43630981445312, 528.49560546875, 291.1100158691406, 0.25431784987449646]], "patched": [[2, 65.38650512695312, 113.00477600097656, 84.35516357421875, 164.5747833251953, 0.821169912815094], [0, 483.0013427734375, 312.5057373046875, 504.66796875, 360.3726806640625, 0.7888836860656738], [2, 461.576171875, 242.78073120117188, 494.669921875, 310.1324157714844, 0.7612649202346802], [2, 470.8839111328125, 141.3761749267578, 503.853759765625, 207.9706573486328, 0.7480856776237488], [3, 54.007144927978516, 338.08941650390625, 93.94378662109375, 420.0618896484375, 0.7447707653045654], [2, 518.7559204101562, 283.5853271484375, 544.4680786132812, 334.22271728515625, 0.7131853103637695], [3, 430.17913818359375, 34.710693359375, 445.61907958984375, 71.09223937988281, 0.7102245092391968], [2, 87.97137451171875, 116.22840881347656, 105.70870971679688, 160.81886291503906, 0.6644408106803894], [0, 34.53820037841797, 419.91650390625, 67.87493896484375, 480.0721435546875, 0.5733629465103149], [0, 424.17547607421875, 95.97201538085938, 436.14312744140625, 115.43972778320312, 0.3926421105861664], [1, 424.2535400390625, 95.92919921875, 436.1624755859375, 115.5396728515625, 0.32221195101737976]]}