{"clean": [[0, 276.06707763671875, 258.4632568359375, 288.736328125, 277.325927734375, 0.8131787180900574], [0, 369.13409423828125, 260.236328125, 378.8975830078125, 275.0263671875, 0.8085245490074158], [0, 375.8114013671875, 226.72048950195312, 385.2864990234375, 240.21884155273438, 0.8054735064506531], [0, 326.74267578125, 97.29994201660156, 333.6904296875, 105.98884582519531, 0.7983205914497375], [0, 452.7210998535156, 335.15496826171875, 469.4024963378906, 361.60174560546875, 0.7714242339134216], [0, 355.7886962890625, 105.22872924804688, 363.56005859375, 115.69674682617188, 0.7650741934776306], [0, 483.912841796875, 428.32843017578125, 507.1116943359375, 461.82904052734375, 0.7552827000617981], [0, 308.3554382324219, 152.32911682128906, 317.2721252441406, 163.0932159423828, 0.7431640028953552], [0, 361.361328125, 206.13546752929688, 369.538330078125, 217.32192993164062, 0.7414560317993164], [0, 358.34918212890625, 72.2037582397461, 365.35089111328125, 82.07868194580078, 0.7357606887817383], [0, 368.5872802734375, 194.12464904785156, 376.296875, 204.7404327392578, 0.7128962874412537], [0, 331.2589111328125, 70.3592529296875, 338.91119384765625, 79.79393005371094, 0.6727436184883118], [0, 340.7487487792969, 227.73422241210938, 353.8872985839844, 252.94329833984375, 0.6194530725479126], [0, 349.7617492675781, 49.031028747558594, 356.1658630371094, 57.18299102783203, 0.5313140153884888], [1, 337.6597595214844, 170.79873657226562, 345.8481140136719, 185.87753295898438, 0.5135891437530518], [0, 418.58001708984375, 175.26278686523438, 428.30908203125, 189.62960815429688, 0.4593439996242523], [1, 364.5928649902344, 282.9736328125, 374.7314147949219, 303.091552734375, 0.4103717803955078], [0, 364.4906311035156, 282.97564697265625, 374.9355773925781, 303.69451904296875, 0.3710162043571472]], "patched": [[0, 276.0808410644531, 258.4739074707031, 288.7184753417969, 277.3159484863281, 0.8134014010429382], [0, 369.1606750488281, 260.24798583984375, 378.8839416503906, 275.0111083984375, 0.8096693158149719], [0, 375.8291320800781, 226.72640991210938, 385.2774963378906, 240.18093872070312, 0.8059530258178711], [0, 326.75030517578125, 97.30532836914062, 333.6788330078125, 105.98014831542969, 0.7992177605628967], [0, 355.7998046875, 105.23150634765625, 363.5511474609375, 115.68869018554688, 0.7653491497039795], [0, 483.94049072265625, 428.26177978515625, 507.1041259765625, 461.81842041015625, 0.7545486688613892], [0, 308.37103271484375, 152.33816528320312, 317.26336669921875, 163.0704345703125, 0.743634819984436], [0, 361.3856201171875, 206.14639282226562, 369.52825927734375, 217.30880737304688, 0.7430433034896851], [0, 358.3568115234375, 72.20468139648438, 365.3448486328125, 82.07015991210938, 0.7363330721855164], [0, 452.38116455078125, 335.13604736328125, 469.58612060546875, 361.57183837890625, 0.727941632270813], [0, 368.5990295410156, 194.14236450195312, 376.2831726074219, 204.73123168945312, 0.7182581424713135], [0, 331.26165771484375, 70.36187744140625, 338.90472412109375, 79.79132080078125, 0.6732349395751953], [0, 340.7689208984375, 227.72100830078125, 353.8560791015625, 252.93182373046875, 0.618864119052887], [0, 349.76373291015625, 49.03279495239258, 356.16217041015625, 57.180118560791016, 0.5329297184944153], [1, 337.68267822265625, 170.8055419921875, 345.82427978515625, 185.83050537109375, 0.5153868794441223], [0, 418.5926513671875, 175.27056884765625, 428.2884521484375, 189.61843872070312, 0.4574470818042755], [1, 364.61334228515625, 282.9690856933594, 374.71722412109375, 303.0807189941406, 0.4171184301376343], [0, 364.5125732421875, 282.9585266113281, 374.9189453125, 303.6793518066406, 0.3597458302974701]]}