{"clean": [[0, 1.2616004943847656, 277.05987548828125, 28.438640594482422, 298.93804931640625, 0.7900623083114624], [0, 48.684120178222656, 303.844970703125, 73.46900939941406, 326.2611083984375, 0.788385808467865], [0, 30.19650650024414, 291.8682861328125, 54.58461380004883, 312.8504638671875, 0.7832290530204773], [0, 0.054770469665527344, 271.7626953125, 14.494718551635742, 294.07818603515625, 0.6991727948188782], [0, 20.995723724365234, 283.007080078125, 43.20272445678711, 306.8583984375, 0.6976139545440674], [2, 208.14846801757812, 211.5917510986328, 233.33193969726562, 241.48033142089844, 0.5779955387115479], [0, 61.203697204589844, 311.6935119628906, 81.30416107177734, 333.2326354980469, 0.4464080035686493], [0, 38.38789367675781, 300.12261962890625, 63.76153564453125, 320.92547607421875, 0.3758070170879364], [2, 0.0, 351.9766845703125, 19.018739700317383, 402.0419921875, 0.3114301264286041]], "patched": [[0, 1.6041183471679688, 277.98980712890625, 28.714534759521484, 299.14886474609375, 0.7637836337089539], [0, 49.00133514404297, 303.9791564941406, 73.25215911865234, 326.3485412597656, 0.7598209381103516], [0, 30.168338775634766, 291.98028564453125, 54.59257125854492, 312.57025146484375, 0.7467650771141052], [0, 0.07156658172607422, 271.87115478515625, 14.506319046020508, 294.626220703125, 0.6995423436164856], [0, 21.136856079101562, 283.04071044921875, 43.012359619140625, 306.91937255859375, 0.5984584093093872], [0, 60.949886322021484, 309.570556640625, 81.67327880859375, 333.18267822265625, 0.5065279603004456], [2, 208.10137939453125, 211.5633544921875, 233.33819580078125, 241.52716064453125, 0.46646562218666077], [2, 0.0, 351.59228515625, 19.035001754760742, 402.4786376953125, 0.3245815336704254], [1, 21.094959259033203, 283.0762939453125, 42.61449432373047, 306.8096923828125, 0.27628570795059204]]}