{"clean": [[0, 60.75763702392578, 8.922435760498047, 80.1324234008789, 32.31454849243164, 0.7818838357925415], [0, 100.6361083984375, 5.56373405456543, 117.239990234375, 23.525571823120117, 0.7595928907394409], [0, 378.8267517089844, 2.490194797515869, 400.1893615722656, 18.367229461669922, 0.7493468523025513], [0, 84.04573059082031, 0.0, 103.50224304199219, 11.282524108886719, 0.7379170656204224], [0, 573.4679565429688, 14.919410705566406, 595.6708374023438, 33.06462860107422, 0.7341839671134949], [0, 506.3893737792969, 14.170405387878418, 524.492919921875, 29.983936309814453, 0.725825309753418], [0, 429.1546630859375, 0.03678321838378906, 453.8792724609375, 12.937129974365234, 0.7175019383430481], [2, 206.67391967773438, 143.18716430664062, 371.6506652832031, 210.05514526367188, 0.7143659591674805], [0, 442.0256652832031, 4.336025238037109, 462.7273254394531, 19.159595489501953, 0.7120634317398071], [2, 577.2008056640625, 95.72400665283203, 640.0, 255.62811279296875, 0.7002168297767639], [0, 470.08404541015625, 4.330741882324219, 500.85223388671875, 18.413990020751953, 0.6667405366897583], [0, 361.42999267578125, 1.2179794311523438, 373.47271728515625, 19.469970703125, 0.6590257287025452], [1, 602.422119140625, 22.389671325683594, 623.547607421875, 42.978599548339844, 0.5689772367477417], [2, 215.4079132080078, 64.77047729492188, 334.34552001953125, 122.80870056152344, 0.5077140927314758], [2, 0.0, 444.1124572753906, 142.45361328125, 608.4595947265625, 0.4982544481754303], [2, 142.68869018554688, 192.86305236816406, 301.3009948730469, 255.55470275878906, 0.43599915504455566], [2, 98.22418212890625, 208.94078063964844, 298.05657958984375, 381.353515625, 0.4334542155265808], [4, 27.999248504638672, 4.545137405395508, 35.55388641357422, 15.625675201416016, 0.4022916555404663], [2, 0.0, 420.1700439453125, 110.92843627929688, 607.80029296875, 0.38764381408691406], [2, 182.3446044921875, 449.92901611328125, 384.73077392578125, 597.7725219726562, 0.3051290512084961], [2, 415.5214538574219, 52.957515716552734, 441.0142517089844, 82.369140625, 0.28732770681381226], [2, 198.1458740234375, 111.64785766601562, 373.4117431640625, 208.4466552734375, 0.2698088586330414]], "patched": [[0, 378.83721923828125, 2.496641159057617, 400.10894775390625, 18.287796020507812, 0.7466601729393005], [0, 100.62989044189453, 5.570182800292969, 117.2359390258789, 23.529800415039062, 0.7462630867958069], [0, 84.1080551147461, 0.0, 103.4660873413086, 11.281633377075195, 0.7264235019683838], [0, 573.4735107421875, 14.913318634033203, 595.4512939453125, 32.996158599853516, 0.7238879799842834], [0, 429.1656494140625, 0.03439617156982422, 453.65087890625, 12.909941673278809, 0.7211153507232666], [2, 206.59127807617188, 143.58657836914062, 371.7032775878906, 210.0189208984375, 0.7207040786743164], [0, 442.056640625, 4.35299825668335, 462.7091064453125, 19.062040328979492, 0.7161263227462769], [2, 577.1759033203125, 95.72909545898438, 640.0, 255.01882934570312, 0.7005842328071594], [0, 505.96588134765625, 14.249005317687988, 524.5730590820312, 30.484867095947266, 0.6876969337463379], [0, 470.4763488769531, 4.428794860839844, 500.5257263183594, 18.016380310058594, 0.6724791526794434], [0, 361.4419250488281, 1.21875, 373.4488830566406, 19.476009368896484, 0.6713435053825378], [0, 60.88443374633789, 9.2962646484375, 80.10934448242188, 32.298309326171875, 0.5946428179740906], [2, 215.4054412841797, 64.79231262207031, 334.43609619140625, 122.75788879394531, 0.5189425945281982], [2, 0.0, 444.0934143066406, 142.03744506835938, 608.4688720703125, 0.5006300210952759], [2, 142.6446533203125, 192.86807250976562, 301.2821044921875, 255.44192504882812, 0.4363679885864258], [2, 98.23165130615234, 208.88861083984375, 298.0529479980469, 381.43365478515625, 0.43471381068229675], [2, 0.0, 419.73016357421875, 110.71353149414062, 607.8037719726562, 0.39912426471710205], [1, 602.6761474609375, 22.458131790161133, 631.6300048828125, 44.37480163574219, 0.38243013620376587], [4, 28.05032730102539, 4.517927169799805, 35.53514099121094, 15.511749267578125, 0.3787000775337219], [2, 182.4207000732422, 449.92083740234375, 384.64276123046875, 597.7650756835938, 0.3057153522968292], [2, 415.5276184082031, 52.94810104370117, 441.0122375488281, 82.37098693847656, 0.2966260015964508], [2, 198.1996307373047, 111.66891479492188, 373.37652587890625, 207.61273193359375, 0.2726040482521057]]}