{"clean": [[2, 118.32418823242188, 308.50006103515625, 164.98162841796875, 470.55218505859375, 0.8375878930091858], [0, 201.0330352783203, 52.81549835205078, 222.60475158691406, 97.55524444580078, 0.8373895883560181], [0, 223.03903198242188, 49.22564697265625, 248.09942626953125, 95.5880126953125, 0.8196867108345032], [0, 243.09271240234375, 39.5833740234375, 267.926513671875, 86.75343322753906, 0.8058815002441406], [1, 2.161487579345703, 215.59808349609375, 37.24222183227539, 263.78289794921875, 0.7463220953941345], [0, 0.0, 0.0, 11.803569793701172, 40.70355224609375, 0.728768527507782], [0, 264.1527099609375, 7.360748291015625, 297.8206787109375, 41.04954147338867, 0.714417576789856], [0, 260.47515869140625, 0.0, 295.62884521484375, 19.712108612060547, 0.6542810201644897], [4, 184.23190307617188, 405.4593505859375, 195.23867797851562, 432.4840087890625, 0.6195162534713745], [3, 205.53553771972656, 270.31109619140625, 242.2586212158203, 387.63848876953125, 0.554873526096344], [0, 16.893638610839844, 133.63937377929688, 31.922210693359375, 165.68154907226562, 0.38324278593063354], [0, 213.12271118164062, 168.35916137695312, 252.47039794921875, 185.67739868164062, 0.2520677447319031], [0, 211.61834716796875, 173.69825744628906, 258.755126953125, 205.92189025878906, 0.2509782016277313]], "patched": [[2, 118.31143188476562, 308.4849548339844, 164.98992919921875, 470.5478820800781, 0.8367992639541626], [0, 201.2940216064453, 52.929012298583984, 222.0623016357422, 96.85415649414062, 0.7932783961296082], [0, 223.1800537109375, 49.26775360107422, 248.14581298828125, 95.18267059326172, 0.7522922158241272], [1, 2.1621665954589844, 215.60397338867188, 37.25283432006836, 263.7685852050781, 0.7482702136039734], [0, 0.0015439987182617188, 0.0, 11.781452178955078, 40.69214630126953, 0.7195614576339722], [0, 261.808349609375, 0.0, 295.05999755859375, 17.856449127197266, 0.627273440361023], [4, 184.23638916015625, 405.697509765625, 195.2415771484375, 432.4693603515625, 0.6233043074607849], [3, 205.14529418945312, 270.4306640625, 242.96725463867188, 387.815185546875, 0.5649322867393494], [0, 264.1771545410156, 10.364710807800293, 297.7944030761719, 40.76808547973633, 0.5262461304664612], [0, 16.929893493652344, 133.93240356445312, 31.890514373779297, 165.62295532226562, 0.3827909529209137], [0, 211.78060913085938, 172.907470703125, 258.8375549316406, 205.99835205078125, 0.29341378808021545], [0, 213.15382385253906, 168.40126037597656, 252.3604278564453, 185.70347595214844, 0.29101115465164185]]}