{"clean": [[1, 530.0474853515625, 471.8515625, 627.1739501953125, 597.76171875, 0.9191670417785645], [0, 501.4589538574219, 514.2274169921875, 588.286865234375, 640.0, 0.9180086851119995], [1, 456.71600341796875, 150.61074829101562, 511.48358154296875, 231.31826782226562, 0.9172283411026001], [0, 126.80396270751953, 452.98681640625, 188.2115478515625, 592.658935546875, 0.9062159061431885], [1, 453.2711181640625, 278.97662353515625, 516.412353515625, 364.63323974609375, 0.9023523926734924], [0, 246.33737182617188, 360.1566162109375, 292.4642028808594, 482.1258544921875, 0.8763402700424194], [0, 355.48687744140625, 147.35630798339844, 389.99688720703125, 198.70680236816406, 0.8711677193641663], [1, 248.96884155273438, 241.98587036132812, 284.6304016113281, 330.6316223144531, 0.8682447075843811], [0, 319.6661376953125, 37.359642028808594, 340.8203125, 65.6871337890625, 0.8451253771781921], [1, 149.0396728515625, 315.2623291015625, 196.0313720703125, 426.8731689453125, 0.8164157867431641], [0, 412.73260498046875, 175.12030029296875, 453.54937744140625, 227.9068603515625, 0.7985935807228088], [0, 360.72100830078125, 27.93560028076172, 382.6524658203125, 66.53817749023438, 0.7864559292793274], [4, 13.865917205810547, 381.81512451171875, 59.350955963134766, 410.54974365234375, 0.7528973817825317], [4, 4.715089797973633, 453.49517822265625, 28.00681495666504, 505.75518798828125, 0.7269298434257507], [0, 245.63766479492188, 530.3653564453125, 303.8724060058594, 639.779052734375, 0.7042600512504578], [0, 152.67904663085938, 0.0, 190.5743408203125, 9.725957870483398, 0.649479866027832], [0, 312.8583984375, 444.25872802734375, 370.9356689453125, 601.7742309570312, 0.5661565065383911], [2, 373.002197265625, 49.921817779541016, 407.16845703125, 107.75277709960938, 0.5299659371376038], [0, 243.53517150878906, 185.53012084960938, 278.9951171875, 242.70339965820312, 0.46916696429252625], [4, 114.61935424804688, 95.57344055175781, 127.477783203125, 124.28376770019531, 0.4664461016654968], [1, 313.613525390625, 444.02484130859375, 370.7822265625, 601.2836303710938, 0.35602816939353943]], "patched": [[1, 530.276123046875, 471.5853576660156, 627.4547119140625, 599.2747802734375, 0.9192262887954712], [1, 456.68133544921875, 150.54844665527344, 511.49566650390625, 231.4121856689453, 0.918913722038269], [0, 501.3796691894531, 514.1854248046875, 588.6015625, 640.0, 0.9118840098381042], [1, 453.365478515625, 278.986328125, 516.3802490234375, 364.649169921875, 0.9003280997276306], [0, 126.72991943359375, 453.1101379394531, 187.67333984375, 592.707763671875, 0.8986589908599854], [0, 355.65130615234375, 147.37808227539062, 390.00628662109375, 198.58560180664062, 0.8723494410514832], [1, 248.94549560546875, 241.96388244628906, 284.66259765625, 330.6668701171875, 0.8706981539726257], [0, 319.8152770996094, 37.373680114746094, 340.6699523925781, 65.38460540771484, 0.8448776602745056], [1, 149.00289916992188, 315.2305908203125, 196.02630615234375, 426.92889404296875, 0.8129991292953491], [0, 246.82508850097656, 359.25762939453125, 293.0877685546875, 482.57452392578125, 0.8058243989944458], [0, 360.7593078613281, 27.889404296875, 382.6073303222656, 66.35291290283203, 0.7778669595718384], [0, 412.81982421875, 175.07113647460938, 453.43597412109375, 227.64749145507812, 0.777826189994812], [4, 13.8248291015625, 381.8241882324219, 59.362823486328125, 410.5586242675781, 0.7340540289878845], [4, 4.797462463378906, 453.54486083984375, 28.012908935546875, 505.7666015625, 0.7197827696800232], [0, 152.66287231445312, 0.0, 190.47561645507812, 9.61363410949707, 0.657776951789856], [2, 373.0068359375, 49.89114761352539, 407.19342041015625, 107.59542846679688, 0.593355655670166], [1, 313.7898254394531, 446.5172119140625, 370.6157531738281, 601.242919921875, 0.5353778600692749], [0, 244.89825439453125, 527.2171630859375, 303.53411865234375, 639.6944580078125, 0.5077166557312012], [0, 248.7602996826172, 207.1358642578125, 277.62139892578125, 243.344970703125, 0.4988248646259308], [4, 114.58363342285156, 95.48014068603516, 127.52467346191406, 124.30033111572266, 0.4616513252258301], [0, 246.66256713867188, 191.78005981445312, 278.8186950683594, 243.10809326171875, 0.4074048697948456]]}