{"clean": [[0, 470.79327392578125, 140.34530639648438, 490.9161376953125, 206.70184326171875, 0.8167723417282104], [0, 493.52191162109375, 121.67778778076172, 516.836181640625, 198.4027099609375, 0.8148934245109558], [0, 449.3999328613281, 127.32862854003906, 468.9112854003906, 201.36878967285156, 0.8139931559562683], [1, 464.9422302246094, 36.68021011352539, 484.5641784667969, 109.07022094726562, 0.7511242032051086], [0, 464.76129150390625, 36.81561279296875, 483.99908447265625, 108.77902221679688, 0.6326431632041931], [3, 405.27471923828125, 0.0, 444.81707763671875, 188.74411010742188, 0.3544265329837799]], "patched": [[0, 449.34844970703125, 127.33940887451172, 468.79339599609375, 201.410888671875, 0.8093428015708923], [0, 470.78741455078125, 140.34793090820312, 490.59063720703125, 204.88690185546875, 0.7553707957267761], [0, 493.38836669921875, 121.33008575439453, 516.5136108398438, 197.19189453125, 0.5925766825675964], [0, 464.7030029296875, 36.816707611083984, 483.7342529296875, 108.73977661132812, 0.4976291358470917], [0, 465.0604553222656, 68.394287109375, 484.1951599121094, 108.81280517578125, 0.3931919038295746], [3, 405.28021240234375, 0.0, 444.80792236328125, 188.711669921875, 0.3687266409397125], [1, 494.51861572265625, 121.50669860839844, 516.5659790039062, 197.46189880371094, 0.2960982918739319], [1, 464.562255859375, 36.732215881347656, 484.18597412109375, 108.91187286376953, 0.28682318329811096]]}