{"clean": [[0, 414.33209228515625, 484.454345703125, 438.10406494140625, 521.9763793945312, 0.8369948267936707], [0, 393.4350280761719, 362.2989807128906, 410.3144226074219, 382.1040954589844, 0.8163837790489197], [0, 359.65032958984375, 230.85960388183594, 369.67877197265625, 242.1449737548828, 0.8032742738723755], [0, 342.82989501953125, 245.34671020507812, 353.05474853515625, 258.78009033203125, 0.7781001925468445], [0, 366.2237548828125, 328.0095520019531, 380.3682861328125, 347.2567443847656, 0.7668448686599731], [0, 342.8609619140625, 183.626953125, 351.0489501953125, 194.75274658203125, 0.6778818964958191], [2, 315.5078125, 162.6834716796875, 323.8529052734375, 175.014892578125, 0.2984923720359802], [0, 382.50323486328125, 196.86865234375, 393.361572265625, 210.68038940429688, 0.28330644965171814]], "patched": [[0, 393.5142822265625, 362.3114013671875, 410.2802734375, 382.08343505859375, 0.8120492100715637], [0, 359.6795959472656, 230.866455078125, 369.6501770019531, 242.11541748046875, 0.8050472140312195], [0, 413.9317626953125, 484.38446044921875, 437.9901123046875, 521.3147583007812, 0.8045719265937805], [0, 342.864013671875, 245.360107421875, 353.032958984375, 258.7662048339844, 0.7783159017562866], [0, 366.30645751953125, 328.11712646484375, 380.32550048828125, 347.22540283203125, 0.7656277418136597], [0, 342.87225341796875, 183.59866333007812, 351.03594970703125, 194.73934936523438, 0.6784376502037048], [2, 315.51129150390625, 162.66998291015625, 323.840576171875, 175.01202392578125, 0.31076547503471375], [0, 382.51220703125, 196.86114501953125, 393.351318359375, 210.6641845703125, 0.27903053164482117]]}