{"clean": [[0, 477.93328857421875, 438.677001953125, 510.74786376953125, 469.5772705078125, 0.8442139625549316], [0, 369.15966796875, 276.8812255859375, 399.11260986328125, 302.438720703125, 0.7939764857292175], [0, 281.1664733886719, 300.01031494140625, 307.3795471191406, 322.36785888671875, 0.79219651222229], [0, 54.31163787841797, 209.49429321289062, 77.4909896850586, 226.83273315429688, 0.7785746455192566], [0, 613.071044921875, 461.27239990234375, 639.8905029296875, 500.28228759765625, 0.7778443694114685], [0, 138.88558959960938, 228.55419921875, 160.95840454101562, 245.81756591796875, 0.7613568305969238], [0, 195.86561584472656, 267.949951171875, 223.04396057128906, 285.739013671875, 0.7374276518821716], [0, 194.95709228515625, 276.5640869140625, 219.72113037109375, 292.4339599609375, 0.6676544547080994], [0, 334.3432922363281, 247.23782348632812, 360.9367980957031, 268.4021911621094, 0.6347416639328003]], "patched": [[0, 368.569091796875, 276.7755126953125, 399.2015380859375, 302.47314453125, 0.8234358429908752], [0, 281.158935546875, 299.99761962890625, 307.38140869140625, 322.40399169921875, 0.7919015288352966], [0, 54.2974853515625, 209.48606872558594, 77.47981262207031, 226.8420867919922, 0.7769812345504761], [0, 138.87564086914062, 228.5453643798828, 160.96438598632812, 245.8144989013672, 0.7593430876731873], [0, 477.6793212890625, 438.2413024902344, 509.823486328125, 470.0063171386719, 0.7522414326667786], [0, 195.9811248779297, 267.9862060546875, 223.0435333251953, 286.0135498046875, 0.73347407579422], [0, 194.9315643310547, 276.56494140625, 219.69337463378906, 292.4466552734375, 0.6725087761878967], [0, 612.61376953125, 460.6048583984375, 640.0, 501.3924560546875, 0.6516513824462891], [0, 334.1983337402344, 247.0109100341797, 360.9896545410156, 268.45233154296875, 0.6343610882759094]]}