{"clean": [[3, 449.63031005859375, 265.14178466796875, 492.54949951171875, 379.60626220703125, 0.9136631488800049], [3, 414.62060546875, 191.14630126953125, 439.8134765625, 274.6965026855469, 0.8623060584068298], [3, 485.56103515625, 465.3822937011719, 530.8231201171875, 629.38916015625, 0.8477657437324524], [0, 317.7715148925781, 178.1793212890625, 327.6426086425781, 200.3751220703125, 0.8201791644096375], [0, 298.8580627441406, 176.38002014160156, 307.8550109863281, 197.8569793701172, 0.8117149472236633], [1, 284.5904846191406, 477.77008056640625, 302.7593688964844, 533.4647216796875, 0.8104714155197144], [3, 241.21572875976562, 444.5447082519531, 276.8791809082031, 596.718994140625, 0.8100022077560425], [3, 276.94189453125, 125.29613494873047, 291.99884033203125, 196.62579345703125, 0.7630175948143005], [0, 296.8907470703125, 113.36062622070312, 305.11962890625, 130.40176391601562, 0.7553190588951111], [0, 403.2454833984375, 593.2813720703125, 420.8612060546875, 624.3165283203125, 0.6530616283416748], [0, 377.9139404296875, 456.12451171875, 394.911376953125, 488.140380859375, 0.615198016166687], [0, 341.2015380859375, 5.342086315155029, 350.16064453125, 17.620731353759766, 0.574934184551239], [0, 421.96966552734375, 184.82351684570312, 435.73919677734375, 208.43502807617188, 0.46448296308517456], [2, 403.78765869140625, 554.8310546875, 423.5806884765625, 623.222412109375, 0.3815697431564331], [1, 422.727783203125, 183.79446411132812, 435.567138671875, 208.60366821289062, 0.3607787489891052], [1, 341.47271728515625, 5.543163299560547, 350.47552490234375, 17.630393981933594, 0.3455786406993866], [0, 403.2783203125, 560.3812255859375, 421.647705078125, 624.1219482421875, 0.2680113911628723]], "patched": [[3, 449.6318664550781, 265.1426696777344, 492.5446472167969, 379.6024475097656, 0.9139009118080139], [3, 414.6234130859375, 191.14874267578125, 439.8138427734375, 274.6947021484375, 0.8625479340553284], [3, 485.56280517578125, 465.39349365234375, 530.819580078125, 629.3865356445312, 0.8481318950653076], [0, 317.7729187011719, 178.18017578125, 327.6415710449219, 200.37188720703125, 0.8202084302902222], [0, 298.8603515625, 176.38082885742188, 307.853759765625, 197.85427856445312, 0.811714768409729], [3, 241.22186279296875, 444.59661865234375, 276.8922119140625, 596.7068481445312, 0.8092937469482422], [1, 284.3699645996094, 477.783935546875, 302.7148132324219, 533.574951171875, 0.7649210691452026], [3, 276.9444580078125, 125.30250549316406, 291.9981689453125, 196.6240692138672, 0.7633103132247925], [0, 296.8921203613281, 113.36201477050781, 305.1184387207031, 130.40098571777344, 0.7551732659339905], [0, 403.25115966796875, 593.3201904296875, 420.85113525390625, 624.3140869140625, 0.6580068469047546], [0, 377.9184265136719, 456.163330078125, 394.9120178222656, 488.134033203125, 0.6138115525245667], [0, 341.2017822265625, 5.347856521606445, 350.1590576171875, 17.619741439819336, 0.5761021971702576], [0, 421.6873779296875, 189.44700622558594, 435.5792236328125, 208.53724670410156, 0.46345245838165283], [2, 403.864013671875, 554.8360595703125, 423.5738525390625, 623.1552734375, 0.36680856347084045], [1, 422.728271484375, 183.79681396484375, 435.564453125, 208.59710693359375, 0.3610960841178894], [1, 341.472900390625, 5.549957275390625, 350.473876953125, 17.62959098815918, 0.3458535671234131], [0, 422.843505859375, 183.71157836914062, 435.6282958984375, 207.95584106445312, 0.3117402493953705], [0, 403.280029296875, 563.519287109375, 421.5716552734375, 624.107177734375, 0.2897803485393524]]}