{"clean": [[0, 350.5325927734375, 500.21282958984375, 369.683837890625, 545.1109008789062, 0.848595917224884], [0, 270.200439453125, 547.3714599609375, 295.05126953125, 606.4498291015625, 0.843258798122406], [0, 323.241455078125, 608.6678466796875, 345.36328125, 639.9112548828125, 0.8368582725524902], [0, 619.7412109375, 338.62371826171875, 640.0, 357.23199462890625, 0.8314723372459412], [0, 611.8074340820312, 324.9932861328125, 639.7206420898438, 340.79351806640625, 0.8189809322357178], [0, 603.3656005859375, 301.0363464355469, 628.2025146484375, 317.5054626464844, 0.786034107208252], [0, 452.2218017578125, 341.3224792480469, 484.330322265625, 359.4214782714844, 0.7833794355392456], [1, 440.84564208984375, 277.7823791503906, 465.11077880859375, 295.0570373535156, 0.760766327381134], [0, 418.88433837890625, 357.42657470703125, 432.06903076171875, 390.98992919921875, 0.748652458190918], [0, 404.4368896484375, 305.1610107421875, 415.2320556640625, 328.03656005859375, 0.7377337217330933], [0, 390.9781494140625, 251.8074951171875, 400.75146484375, 269.0516357421875, 0.7312639951705933], [0, 352.158203125, 139.64132690429688, 369.77532958984375, 150.06784057617188, 0.7152591347694397], [0, 325.6094055175781, 460.2958068847656, 343.6339416503906, 496.2682189941406, 0.6598060131072998], [0, 635.14111328125, 364.1329650878906, 640.0, 383.4108581542969, 0.6564674973487854], [1, 585.9036865234375, 269.69525146484375, 609.4259033203125, 286.65106201171875, 0.65305495262146], [0, 338.7096252441406, 141.282958984375, 354.9612121582031, 151.45480346679688, 0.6324071884155273], [0, 419.9466552734375, 458.4255676269531, 454.586181640625, 488.7132873535156, 0.5527169704437256], [1, 399.87384033203125, 599.7896118164062, 442.00750732421875, 632.4214477539062, 0.38520774245262146], [4, 407.0851745605469, 483.63995361328125, 415.3842468261719, 500.52215576171875, 0.29364851117134094], [1, 245.58175659179688, 422.5546569824219, 280.8094177246094, 443.0653381347656, 0.2631029188632965]], "patched": [[0, 323.37451171875, 608.4139404296875, 345.12677001953125, 639.8870849609375, 0.8430876135826111], [0, 350.9961853027344, 500.24285888671875, 369.5812683105469, 545.0785522460938, 0.8354346752166748], [0, 619.7379150390625, 338.6339111328125, 640.0, 357.2401123046875, 0.8303022384643555], [0, 611.798828125, 324.993896484375, 639.71630859375, 340.79345703125, 0.818439245223999], [0, 603.3560791015625, 301.02984619140625, 628.1527099609375, 317.51263427734375, 0.7843063473701477], [0, 452.2039794921875, 341.315673828125, 484.2584228515625, 359.4173583984375, 0.7840912938117981], [1, 440.8404541015625, 277.7773742675781, 465.0108642578125, 295.0648498535156, 0.7599904537200928], [0, 272.634521484375, 547.165283203125, 294.7091064453125, 585.9794921875, 0.737910270690918], [0, 390.95831298828125, 251.82843017578125, 400.71563720703125, 269.003173828125, 0.7359434366226196], [0, 404.4154052734375, 305.1392822265625, 415.2452392578125, 328.04541015625, 0.7336065769195557], [0, 418.910888671875, 357.4156494140625, 432.0909423828125, 390.99127197265625, 0.7210748791694641], [0, 352.1888427734375, 139.63034057617188, 369.7811279296875, 150.07479858398438, 0.7150630950927734], [1, 585.89599609375, 269.68353271484375, 609.426513671875, 286.661865234375, 0.6585603356361389], [0, 635.1345825195312, 364.13275146484375, 640.0, 383.41314697265625, 0.6563081741333008], [0, 338.70684814453125, 141.2735137939453, 354.9503173828125, 151.4607696533203, 0.6321936845779419], [0, 271.10968017578125, 547.4093017578125, 294.86297607421875, 599.995849609375, 0.6270800828933716], [0, 325.5484619140625, 459.918701171875, 344.1309814453125, 495.47955322265625, 0.45796340703964233], [0, 420.01708984375, 458.56719970703125, 452.42633056640625, 488.26666259765625, 0.35047805309295654], [0, 399.9033203125, 599.7323608398438, 440.6087646484375, 628.4028930664062, 0.3405039310455322], [4, 407.0818176269531, 483.619384765625, 415.3959045410156, 500.47998046875, 0.27895763516426086], [1, 399.88671875, 600.120849609375, 438.258056640625, 629.116943359375, 0.27549782395362854], [1, 245.57376098632812, 422.5695495605469, 280.5839538574219, 443.0982971191406, 0.2663078010082245], [0, 400.08453369140625, 573.289794921875, 435.9801025390625, 596.7783203125, 0.2644613981246948]]}