{"clean": [[0, 261.87677001953125, 218.30690002441406, 274.06060791015625, 244.56004333496094, 0.8394646048545837], [0, 268.1485595703125, 169.43348693847656, 278.94384765625, 191.70103454589844, 0.8186508417129517], [0, 247.67010498046875, 345.90374755859375, 263.3222961425781, 383.25860595703125, 0.8121321797370911], [0, 273.55169677734375, 130.06398010253906, 282.75274658203125, 148.0399627685547, 0.8102445602416992], [0, 266.1461181640625, 193.44635009765625, 276.17926025390625, 214.69961547851562, 0.8064322471618652], [0, 277.5635986328125, 91.36158752441406, 286.474365234375, 108.70655822753906, 0.7890927791595459], [0, 280.9774169921875, 76.41444396972656, 289.2113037109375, 90.93376159667969, 0.7857335805892944], [0, 285.2018127441406, 35.14773178100586, 293.3870544433594, 47.73366165161133, 0.6756400465965271], [0, 249.814697265625, 147.01956176757812, 259.4476623535156, 167.04043579101562, 0.6734760999679565], [0, 234.05892944335938, 458.2103271484375, 251.06491088867188, 502.6771240234375, 0.46748223900794983], [4, 272.35272216796875, 108.74273681640625, 278.23211669921875, 119.60586547851562, 0.3771463930606842], [0, 282.14971923828125, 61.663936614990234, 289.92877197265625, 75.14926147460938, 0.32212403416633606], [0, 253.23915100097656, 308.863037109375, 267.8028564453125, 341.49127197265625, 0.3219625651836395]], "patched": [[0, 261.87054443359375, 218.30381774902344, 274.06695556640625, 244.56163024902344, 0.8397007584571838], [0, 268.13580322265625, 169.4272918701172, 278.95159912109375, 191.70777893066406, 0.8188696503639221], [0, 273.54217529296875, 130.0491943359375, 282.7611083984375, 148.04446411132812, 0.8102290034294128], [0, 266.1376953125, 193.43814086914062, 276.188720703125, 214.70477294921875, 0.806402325630188], [0, 247.84780883789062, 346.0579833984375, 263.0682678222656, 383.183837890625, 0.8031266331672668], [0, 277.5536804199219, 91.35650634765625, 286.4835510253906, 108.70953369140625, 0.7888096570968628], [0, 280.96856689453125, 76.40743255615234, 289.21954345703125, 90.93724822998047, 0.7854288816452026], [0, 285.19940185546875, 35.13922119140625, 293.4083251953125, 47.738555908203125, 0.6744241714477539], [0, 249.79373168945312, 147.01031494140625, 259.45916748046875, 167.0498046875, 0.6725831031799316], [0, 234.24066162109375, 463.817138671875, 249.140869140625, 502.81231689453125, 0.464878648519516], [4, 272.347900390625, 108.75013732910156, 278.234619140625, 119.61418151855469, 0.39111754298210144], [0, 282.1461181640625, 61.67115020751953, 289.933349609375, 75.1579360961914, 0.3165494501590729], [1, 253.09886169433594, 309.87176513671875, 266.1678466796875, 341.8248291015625, 0.28486043214797974]]}