{"clean": [[0, 251.12127685546875, 55.13713073730469, 265.28594970703125, 81.77105712890625, 0.8073764443397522], [0, 226.48171997070312, 160.1688232421875, 242.77078247070312, 192.06951904296875, 0.7881550192832947], [0, 366.568603515625, 95.05868530273438, 378.55609130859375, 123.4630126953125, 0.7648016810417175], [0, 369.69744873046875, 3.734682083129883, 379.32440185546875, 25.448890686035156, 0.7092087864875793], [3, 381.43414306640625, 0.0, 393.23162841796875, 34.04764175415039, 0.7007496356964111], [0, 162.46542358398438, 467.26971435546875, 188.83697509765625, 519.2894897460938, 0.6984162330627441], [0, 351.18115234375, 275.56170654296875, 367.18377685546875, 318.49053955078125, 0.6667707562446594], [0, 264.44061279296875, 0.24190330505371094, 276.65399169921875, 21.994037628173828, 0.5932471752166748], [0, 266.1171875, 71.33705139160156, 278.2366943359375, 91.40461730957031, 0.5472638607025146], [0, 116.85171508789062, 624.9656982421875, 145.1881103515625, 639.9637451171875, 0.5030959844589233], [0, 273.75030517578125, 193.29891967773438, 290.10491943359375, 237.54281616210938, 0.45711660385131836], [0, 205.78817749023438, 314.6627197265625, 222.96701049804688, 342.69952392578125, 0.3730708956718445]], "patched": [[0, 251.16342163085938, 55.168521881103516, 265.2453918457031, 81.7576904296875, 0.808548629283905], [0, 226.78079223632812, 160.31671142578125, 242.58132934570312, 192.17453002929688, 0.7819591760635376], [0, 366.640869140625, 95.10552978515625, 378.4852294921875, 123.45462036132812, 0.7635454535484314], [3, 381.4635925292969, 0.0, 393.1728820800781, 34.03125762939453, 0.7174170613288879], [0, 369.758056640625, 3.755586624145508, 379.2413330078125, 25.40719985961914, 0.7109692096710205], [0, 351.41204833984375, 275.782958984375, 366.77288818359375, 318.41241455078125, 0.6603715419769287], [0, 264.47686767578125, 0.25635528564453125, 276.604736328125, 21.976913452148438, 0.5845015048980713], [0, 163.17897033691406, 477.45263671875, 186.22215270996094, 519.4906005859375, 0.5836928486824036], [0, 266.17633056640625, 71.42039489746094, 278.15850830078125, 91.39289855957031, 0.5324633717536926], [0, 117.17083740234375, 625.0086669921875, 145.10342407226562, 639.965087890625, 0.48124685883522034], [0, 205.50389099121094, 314.74652099609375, 223.1565399169922, 346.09942626953125, 0.4539893865585327], [0, 273.89300537109375, 193.37428283691406, 289.86553955078125, 237.4943389892578, 0.3814074397087097], [1, 273.7633056640625, 193.50872802734375, 289.797119140625, 237.47537231445312, 0.3407789468765259]]}