{"clean": [[0, 404.86328125, 355.0227355957031, 424.5367431640625, 396.5575866699219, 0.8351504802703857], [0, 481.26202392578125, 547.6729736328125, 501.06463623046875, 589.5823974609375, 0.8326218724250793], [0, 501.5086669921875, 548.7175903320312, 521.9659423828125, 590.9955444335938, 0.8283848762512207], [0, 361.3197021484375, 229.99993896484375, 381.286865234375, 272.34417724609375, 0.8272314071655273], [0, 332.87872314453125, 93.756591796875, 350.907470703125, 137.23672485351562, 0.8240215182304382], [0, 231.25111389160156, 53.3232421875, 249.15785217285156, 96.03846740722656, 0.8177083730697632], [0, 321.46966552734375, 269.7530822753906, 340.83782958984375, 310.5264587402344, 0.8046001195907593], [0, 269.6085205078125, 574.5263671875, 286.9210205078125, 618.454833984375, 0.760426938533783], [0, 279.0426025390625, 534.8726806640625, 289.413818359375, 562.2542724609375, 0.7382848262786865], [0, 388.82373046875, 453.8923034667969, 409.7347412109375, 495.9874572753906, 0.7097195982933044], [0, 411.14581298828125, 553.9116821289062, 433.04937744140625, 593.9070434570312, 0.7064511775970459], [0, 387.8326110839844, 548.3744506835938, 407.8630676269531, 585.1506958007812, 0.6157742738723755], [0, 258.61572265625, 519.3582153320312, 270.7529296875, 563.4913940429688, 0.5987175703048706], [1, 280.764892578125, 454.031982421875, 290.8780517578125, 493.0982666015625, 0.5913814902305603], [0, 430.906494140625, 375.7664794921875, 449.48388671875, 412.364501953125, 0.5876035094261169], [1, 415.0539855957031, 455.3162841796875, 434.6910095214844, 494.60382080078125, 0.5712051391601562], [1, 265.50311279296875, 85.06472778320312, 280.04022216796875, 120.12924194335938, 0.5566741228103638], [0, 263.213134765625, 458.5245361328125, 272.36181640625, 476.30517578125, 0.5433891415596008], [1, 579.388427734375, 230.13961791992188, 600.1019287109375, 260.8363952636719, 0.538701057434082], [1, 262.3138122558594, 470.0960693359375, 272.1460266113281, 503.8070068359375, 0.4444263279438019], [0, 262.3006591796875, 458.2322998046875, 272.19140625, 503.725830078125, 0.43590083718299866], [0, 262.344482421875, 472.60821533203125, 271.777587890625, 503.55206298828125, 0.4319639205932617], [0, 425.33270263671875, 531.2705078125, 449.71466064453125, 574.922119140625, 0.39934754371643066], [0, 247.45449829101562, 634.5883178710938, 264.0408630371094, 640.0, 0.2561340928077698]], "patched": [[0, 404.954345703125, 354.908203125, 424.5048828125, 396.4981689453125, 0.763386607170105], [1, 325.4290771484375, 127.01918029785156, 344.2806396484375, 170.3682098388672, 0.7289446592330933], [0, 321.2147216796875, 269.2689514160156, 340.659423828125, 310.7839050292969, 0.7257677316665649], [0, 388.8326416015625, 453.85919189453125, 409.566650390625, 496.25921630859375, 0.7232533693313599], [0, 262.38995361328125, 473.395263671875, 271.72430419921875, 503.51776123046875, 0.6854463219642639], [0, 263.2099609375, 458.4798583984375, 272.3865966796875, 475.931640625, 0.6716024279594421], [1, 419.72821044921875, 467.5718078613281, 434.13043212890625, 494.2882995605469, 0.6695990562438965], [0, 269.65447998046875, 574.7174682617188, 286.81976318359375, 618.5081176757812, 0.6536058783531189], [0, 361.50445556640625, 230.02053833007812, 380.80377197265625, 272.2644958496094, 0.6430311799049377], [0, 235.29000854492188, 72.78144836425781, 248.14224243164062, 95.87483215332031, 0.6192095875740051], [0, 231.248291015625, 53.37995910644531, 248.88720703125, 95.75086975097656, 0.5398873686790466], [0, 258.76422119140625, 519.476806640625, 270.6778564453125, 563.50244140625, 0.5390689969062805], [0, 279.2113037109375, 537.886962890625, 288.8984375, 562.28271484375, 0.5034181475639343], [1, 280.92181396484375, 453.967041015625, 290.86102294921875, 492.8563232421875, 0.4680083990097046], [0, 333.1323547363281, 93.82936096191406, 350.7637634277344, 137.28067016601562, 0.46194320917129517], [2, 410.8994140625, 553.7803344726562, 433.02685546875, 596.2947387695312, 0.42867350578308105], [1, 333.02081298828125, 94.03501892089844, 350.5343017578125, 136.8804473876953, 0.4150029122829437], [1, 481.1048889160156, 547.48046875, 500.3558044433594, 589.7919921875, 0.40433722734451294], [1, 262.478515625, 473.5821228027344, 271.866943359375, 503.6894836425781, 0.3496900796890259], [1, 501.43292236328125, 548.6844482421875, 521.5346069335938, 591.245361328125, 0.33748963475227356], [0, 249.2218017578125, 634.6656494140625, 264.01422119140625, 640.0, 0.3326832354068756], [0, 481.2484130859375, 547.6158447265625, 500.390625, 589.8380126953125, 0.31444278359413147], [4, 209.56427001953125, 23.648441314697266, 213.1163330078125, 31.714290618896484, 0.3076384663581848], [0, 501.51605224609375, 548.5147705078125, 521.5819702148438, 591.4747314453125, 0.3051075041294098], [0, 271.8555908203125, 574.7730102539062, 286.4442138671875, 603.5775756835938, 0.278457373380661], [1, 265.22119140625, 85.02764892578125, 280.2811279296875, 120.09088134765625, 0.26796311140060425], [1, 280.85260009765625, 472.2487487792969, 289.975830078125, 492.8941345214844, 0.25798800587654114]]}