{"clean": [[0, 474.73681640625, 308.35162353515625, 534.0836181640625, 360.81207275390625, 0.8278771042823792], [0, 172.78305053710938, 319.5130920410156, 237.69448852539062, 368.2980041503906, 0.8101803064346313], [0, 0.0670013427734375, 163.3009033203125, 54.961761474609375, 212.43902587890625, 0.7097340226173401], [0, 154.28253173828125, 488.1572265625, 211.527099609375, 531.7684326171875, 0.6677325367927551]], "patched": [[0, 474.68389892578125, 310.0946960449219, 533.8442993164062, 361.0126647949219, 0.8246414065361023], [0, 172.81161499023438, 319.8197021484375, 237.79232788085938, 368.0528564453125, 0.8039155602455139], [0, 0.19379043579101562, 168.95005798339844, 54.994110107421875, 211.8457489013672, 0.7469556927680969], [0, 154.671630859375, 488.296875, 211.74777221679688, 530.1795654296875, 0.4181673228740692]]}