{"clean": [[4, 338.134521484375, 530.8759155273438, 348.0791015625, 560.9329223632812, 0.5602437257766724], [0, 324.0345153808594, 166.50242614746094, 338.2491149902344, 182.9899444580078, 0.47197404503822327], [4, 332.5867614746094, 420.3077087402344, 340.4027404785156, 439.0176086425781, 0.35825154185295105], [4, 349.71551513671875, 575.43896484375, 368.417724609375, 603.139892578125, 0.2661062777042389], [0, 298.6024169921875, 120.16561889648438, 310.896484375, 134.84996032714844, 0.2627299129962921]], "patched": [[4, 338.131103515625, 530.867919921875, 348.08270263671875, 560.93505859375, 0.5617384314537048], [0, 324.0188293457031, 166.44708251953125, 338.2895812988281, 183.04833984375, 0.45101356506347656], [4, 332.57745361328125, 420.27911376953125, 340.41217041015625, 439.01898193359375, 0.3633972406387329], [0, 298.533447265625, 120.12086486816406, 310.9002685546875, 134.8560028076172, 0.2710407078266144], [4, 349.713134765625, 575.43212890625, 368.4302978515625, 603.147216796875, 0.2648778259754181]]}