{"clean": [[0, 208.68930053710938, 422.21392822265625, 264.3418884277344, 466.63128662109375, 0.890310525894165], [0, 455.7213134765625, 377.30853271484375, 505.37591552734375, 411.290771484375, 0.8858029246330261], [0, 474.42547607421875, 490.7460021972656, 523.023681640625, 541.2384033203125, 0.7950924038887024], [0, 473.95306396484375, 338.6867370605469, 514.6132202148438, 367.8768005371094, 0.7800326943397522], [0, 465.78997802734375, 282.2958984375, 492.3062744140625, 303.465576171875, 0.7674674391746521], [4, 365.23046875, 523.9826049804688, 389.24432373046875, 553.9646606445312, 0.7501727938652039], [2, 137.0401611328125, 364.4249267578125, 188.0970458984375, 413.574951171875, 0.7352208495140076], [4, 428.44647216796875, 569.981689453125, 453.58636474609375, 601.776123046875, 0.7249562740325928], [0, 507.89703369140625, 299.67822265625, 541.3689575195312, 329.0782470703125, 0.7167944312095642], [0, 625.803955078125, 272.050537109375, 639.9927978515625, 295.3563232421875, 0.6976550817489624], [0, 601.0480346679688, 342.89642333984375, 639.6937866210938, 376.99359130859375, 0.6939079761505127], [4, 442.75439453125, 282.1883544921875, 461.043212890625, 295.6033935546875, 0.6077273488044739], [1, 507.90887451171875, 299.5792236328125, 541.3430786132812, 329.1082763671875, 0.55930495262146], [4, 466.00030517578125, 538.162109375, 487.11419677734375, 571.09619140625, 0.5485056638717651], [4, 223.8863525390625, 319.3428039550781, 234.87008666992188, 336.7486877441406, 0.5091010928153992], [4, 157.5030517578125, 254.66217041015625, 165.3599853515625, 268.28875732421875, 0.49560821056365967], [4, 465.47015380859375, 330.29705810546875, 480.84326171875, 347.41387939453125, 0.48884639143943787], [0, 126.3146743774414, 246.98031616210938, 144.25619506835938, 267.1230773925781, 0.44504454731941223], [4, 165.85455322265625, 273.98406982421875, 175.496826171875, 287.2943115234375, 0.400908499956131], [4, 581.3592529296875, 479.1810302734375, 614.6585693359375, 521.9200439453125, 0.3959236145019531], [4, 530.0828857421875, 343.10821533203125, 544.0125732421875, 360.52691650390625, 0.3755292296409607], [4, 236.647705078125, 268.02069091796875, 248.19366455078125, 285.5963134765625, 0.3673502504825592], [0, 129.4435272216797, 250.47645568847656, 144.34837341308594, 267.1038818359375, 0.3315015435218811]], "patched": [[0, 601.238037109375, 343.7500915527344, 639.6251220703125, 377.2561340332031, 0.846590518951416], [0, 465.7742919921875, 282.3433837890625, 493.1484375, 303.3623046875, 0.7946445345878601], [0, 507.9423828125, 299.6910400390625, 541.479248046875, 329.1279296875, 0.7679509520530701], [4, 365.14398193359375, 523.5106811523438, 389.32818603515625, 554.0945434570312, 0.7431460022926331], [2, 137.00086975097656, 364.33294677734375, 188.1616668701172, 413.67510986328125, 0.7371760010719299], [4, 428.42047119140625, 568.9884033203125, 453.60894775390625, 601.928466796875, 0.7220900058746338], [0, 625.7642822265625, 271.7975769042969, 639.9913330078125, 295.4007873535156, 0.683678150177002], [4, 442.75018310546875, 281.9716796875, 461.01007080078125, 295.6019287109375, 0.6825428009033203], [4, 581.2714233398438, 478.78179931640625, 614.8827514648438, 522.0292358398438, 0.5405912399291992], [4, 157.48825073242188, 254.4996337890625, 165.39141845703125, 268.26812744140625, 0.5222738981246948], [4, 466.4364013671875, 537.7882080078125, 487.0919189453125, 571.0748291015625, 0.5060009360313416], [4, 223.85641479492188, 319.1099853515625, 234.90573120117188, 336.78564453125, 0.5017894506454468], [4, 465.34759521484375, 328.587890625, 482.14483642578125, 347.345947265625, 0.4700717031955719], [0, 126.16487884521484, 246.76626586914062, 144.25534057617188, 267.1059265136719, 0.425581157207489], [4, 165.87879943847656, 273.69561767578125, 175.5087432861328, 287.2911376953125, 0.41095155477523804], [4, 236.55758666992188, 267.85345458984375, 248.19915771484375, 285.55194091796875, 0.408415824174881], [1, 507.9379577636719, 299.61944580078125, 541.431396484375, 329.17938232421875, 0.40766847133636475], [0, 129.553955078125, 250.54449462890625, 144.33837890625, 267.07354736328125, 0.29557129740715027], [4, 108.34761047363281, 372.666015625, 127.82492065429688, 399.0455322265625, 0.28898218274116516]]}