{"clean": [[2, 303.12646484375, 307.16192626953125, 343.65087890625, 392.52777099609375, 0.8373436331748962], [1, 364.30474853515625, 273.07342529296875, 380.36968994140625, 297.18609619140625, 0.712260901927948], [0, 429.13037109375, 371.49920654296875, 479.591796875, 450.2935791015625, 0.5315259695053101], [2, 429.20281982421875, 371.67578125, 479.57403564453125, 449.87738037109375, 0.4948055148124695], [0, 370.354248046875, 242.01168823242188, 376.2716064453125, 248.01699829101562, 0.28688424825668335]], "patched": [[2, 303.1483154296875, 307.1461181640625, 343.6754150390625, 392.710693359375, 0.8357493281364441], [2, 429.48919677734375, 371.89642333984375, 479.08380126953125, 450.03741455078125, 0.8164505362510681], [2, 364.35821533203125, 274.5599670410156, 380.14263916015625, 297.0567932128906, 0.2651485204696655], [1, 364.4813232421875, 273.1650085449219, 379.6866455078125, 291.5220642089844, 0.2539084255695343], [2, 360.9129638671875, 240.09613037109375, 366.7164306640625, 247.67816162109375, 0.2523888051509857]]}