{"clean": [[0, 416.59613037109375, 332.6517333984375, 435.28240966796875, 345.2120361328125, 0.7767469882965088], [0, 318.65740966796875, 545.824462890625, 329.32000732421875, 578.091796875, 0.7678751945495605], [3, 208.258544921875, 74.31855773925781, 225.48175048828125, 111.68524169921875, 0.7428357005119324], [0, 136.23582458496094, 10.915101051330566, 147.7362518310547, 32.63159942626953, 0.6380366086959839], [0, 490.14349365234375, 159.5050048828125, 507.46795654296875, 169.434326171875, 0.6284109950065613], [0, 202.67555236816406, 25.745750427246094, 214.7643280029297, 48.22614288330078, 0.5759388208389282], [0, 308.49847412109375, 215.8866424560547, 320.50213623046875, 243.06434631347656, 0.5116048455238342], [0, 535.921630859375, 104.38218688964844, 548.126953125, 130.22157287597656, 0.4200027883052826], [0, 212.21444702148438, 0.0, 222.48995971679688, 15.476699829101562, 0.36897987127304077], [0, 337.40985107421875, 517.328369140625, 344.79327392578125, 529.238525390625, 0.3325003385543823], [0, 337.6433410644531, 518.7659912109375, 348.2343444824219, 549.3135986328125, 0.3305113911628723], [0, 309.6910095214844, 429.1112976074219, 320.1084899902344, 457.1997375488281, 0.3065679967403412], [0, 490.45068359375, 155.92950439453125, 507.002685546875, 164.83892822265625, 0.30180051922798157]], "patched": [[0, 416.5997314453125, 332.6606140136719, 435.2779541015625, 345.2099914550781, 0.7769989371299744], [0, 318.66253662109375, 545.7967529296875, 329.30023193359375, 578.1099853515625, 0.7692983150482178], [3, 208.2602996826172, 74.3189468383789, 225.4787139892578, 111.68802642822266, 0.7435405850410461], [0, 338.1683044433594, 528.5155029296875, 347.5733337402344, 549.2066650390625, 0.6999492645263672], [0, 136.236572265625, 10.91583251953125, 147.7332763671875, 32.63153839111328, 0.640887439250946], [0, 490.1463623046875, 159.54043579101562, 507.4656982421875, 169.43069458007812, 0.630647599697113], [0, 202.6759796142578, 25.747573852539062, 214.7587432861328, 48.226951599121094, 0.5788846015930176], [0, 308.5, 215.8851318359375, 320.50054931640625, 243.06362915039062, 0.5180619955062866], [0, 337.38726806640625, 517.2620849609375, 344.7926025390625, 529.7218017578125, 0.4958769679069519], [0, 535.9229736328125, 104.38218688964844, 548.1268310546875, 130.21983337402344, 0.42342737317085266], [0, 212.21566772460938, 0.0, 222.48983764648438, 15.476373672485352, 0.37025851011276245], [0, 309.705322265625, 429.2120361328125, 320.09417724609375, 457.2056884765625, 0.32739493250846863], [0, 490.45953369140625, 155.9304656982422, 506.98492431640625, 164.7496795654297, 0.3043208420276642]]}