{"clean": [[0, 332.0542907714844, 301.8233642578125, 364.3238830566406, 337.8443603515625, 0.8826253414154053], [0, 369.55474853515625, 268.77679443359375, 395.8212890625, 298.2537841796875, 0.8815411329269409], [0, 376.790771484375, 284.29705810546875, 405.01416015625, 317.5753173828125, 0.8800357580184937], [1, 411.3184814453125, 256.8441467285156, 440.5621337890625, 295.4313659667969, 0.8796575665473938], [2, 434.23236083984375, 214.56045532226562, 468.6571044921875, 261.7642517089844, 0.876049280166626], [2, 341.20904541015625, 310.25567626953125, 388.24835205078125, 369.45782470703125, 0.855988621711731], [0, 14.168745994567871, 163.15005493164062, 33.63038635253906, 180.34951782226562, 0.8335679173469543], [4, 228.26425170898438, 390.087158203125, 243.65115356445312, 412.795166015625, 0.7975739240646362], [0, 544.110107421875, 119.23258972167969, 560.077392578125, 135.6907196044922, 0.7948157787322998], [0, 608.6224975585938, 61.024078369140625, 620.9453735351562, 73.28326416015625, 0.7168712019920349], [1, 580.6681518554688, 94.50076293945312, 594.8356323242188, 112.93594360351562, 0.7114381790161133], [4, 423.0158386230469, 230.53170776367188, 431.8439025878906, 243.38693237304688, 0.7085128426551819], [4, 76.94546508789062, 218.3616943359375, 84.9381103515625, 230.31964111328125, 0.5443786978721619], [2, 624.3634033203125, 22.42821502685547, 639.3524169921875, 43.87493133544922, 0.5368931889533997]], "patched": [[0, 332.066650390625, 301.87744140625, 364.3009033203125, 337.82781982421875, 0.882207453250885], [1, 411.33795166015625, 256.8638000488281, 440.53509521484375, 295.4214172363281, 0.8777114748954773], [2, 434.2421569824219, 214.56869506835938, 468.6495666503906, 261.7511901855469, 0.8755139112472534], [0, 369.49151611328125, 268.73333740234375, 395.92352294921875, 298.15533447265625, 0.8648566603660583], [2, 341.22357177734375, 310.451904296875, 388.17449951171875, 369.444091796875, 0.8557624220848083], [0, 14.17497730255127, 163.15890502929688, 33.62388229370117, 180.3465576171875, 0.8332085013389587], [4, 228.2698974609375, 390.1067810058594, 243.6358642578125, 412.7915344238281, 0.795556366443634], [0, 544.1212158203125, 119.24397277832031, 560.0697021484375, 135.6866912841797, 0.7933222651481628], [0, 376.945556640625, 284.3213806152344, 405.20233154296875, 317.0614318847656, 0.7518554925918579], [0, 608.6281127929688, 61.02988815307617, 620.9414672851562, 73.28309631347656, 0.7161288261413574], [1, 580.676025390625, 94.50816345214844, 594.82763671875, 112.93031311035156, 0.7121500968933105], [4, 423.02734375, 230.6326141357422, 431.8177490234375, 243.3832244873047, 0.7053325176239014], [4, 76.95423889160156, 218.39352416992188, 84.92958068847656, 230.31472778320312, 0.5388251543045044], [2, 624.364501953125, 22.429475784301758, 639.3524169921875, 43.87579345703125, 0.5376819968223572]]}