{"clean": [[2, 583.135986328125, 282.96563720703125, 610.6971435546875, 355.59130859375, 0.8225544095039368], [0, 349.20318603515625, 148.20578002929688, 362.94720458984375, 167.66610717773438, 0.8125540614128113], [0, 394.69256591796875, 102.26103973388672, 406.17340087890625, 118.82825469970703, 0.8049286603927612], [0, 408.041259765625, 74.54619598388672, 418.7218017578125, 88.20870208740234, 0.8038943409919739], [0, 409.00677490234375, 111.93673706054688, 421.64837646484375, 134.24176025390625, 0.7806711196899414], [0, 139.11599731445312, 114.95763397216797, 149.26220703125, 127.16588592529297, 0.7724705338478088], [0, 184.99464416503906, 233.91064453125, 202.13612365722656, 260.30340576171875, 0.7653583288192749], [0, 334.90704345703125, 121.32026672363281, 349.79827880859375, 143.00828552246094, 0.7529436945915222], [2, 241.24856567382812, 289.6751708984375, 261.6653137207031, 331.479248046875, 0.727210521697998], [0, 441.53167724609375, 17.52330780029297, 449.67071533203125, 26.892105102539062, 0.7269517779350281], [2, 606.978759765625, 286.44366455078125, 634.06787109375, 355.69158935546875, 0.6976167559623718], [0, 418.18646240234375, 55.7274169921875, 427.97332763671875, 68.0032958984375, 0.6939811110496521], [0, 452.30474853515625, 11.054709434509277, 460.21875, 21.742332458496094, 0.6887906789779663], [0, 150.0006103515625, 82.30461120605469, 157.0086669921875, 91.02818298339844, 0.683568000793457], [0, 175.68063354492188, 117.53433227539062, 186.39309692382812, 132.35317993164062, 0.676765501499176], [0, 432.55169677734375, 157.28012084960938, 443.79473876953125, 176.83969116210938, 0.6483002305030823], [1, 540.6287841796875, 287.388427734375, 560.9884033203125, 339.255859375, 0.6337165236473083], [1, 612.3780517578125, 247.48171997070312, 640.0, 280.5057678222656, 0.5462386012077332], [0, 282.1908264160156, 133.02496337890625, 294.9297180175781, 145.35214233398438, 0.5298591256141663], [0, 163.92404174804688, 85.89820861816406, 172.41256713867188, 94.99380493164062, 0.4864104986190796], [0, 258.837158203125, 604.3591918945312, 287.4324951171875, 639.8464965820312, 0.4597202241420746], [3, 489.63543701171875, 61.0034065246582, 499.99737548828125, 86.07212829589844, 0.4424760639667511], [3, 480.94061279296875, 60.23253631591797, 491.14630126953125, 81.98279571533203, 0.39801180362701416], [0, 564.3984375, 310.0885009765625, 586.41162109375, 347.706787109375, 0.3182714581489563]], "patched": [[2, 583.13525390625, 282.9660949707031, 610.697021484375, 355.5930480957031, 0.8225112557411194], [0, 349.20355224609375, 148.20596313476562, 362.94708251953125, 167.66595458984375, 0.812628448009491], [0, 394.6929016113281, 102.26085662841797, 406.1735534667969, 118.8277816772461, 0.804918110370636], [0, 408.0412902832031, 74.54620361328125, 418.7222595214844, 88.21009826660156, 0.803857147693634], [0, 409.0072021484375, 111.93681335449219, 421.64801025390625, 134.24107360839844, 0.7805947065353394], [0, 139.11599731445312, 114.95770263671875, 149.26199340820312, 127.16607666015625, 0.7724828720092773], [0, 184.9925537109375, 233.90536499023438, 202.14044189453125, 260.3003845214844, 0.7658700346946716], [0, 334.9072570800781, 121.32170867919922, 349.7983703613281, 143.00836181640625, 0.7529090642929077], [0, 441.5317687988281, 17.522897720336914, 449.6706848144531, 26.89229393005371, 0.7268957495689392], [2, 241.248779296875, 289.67413330078125, 261.6650390625, 331.48297119140625, 0.7267575263977051], [2, 606.976806640625, 286.44671630859375, 634.06396484375, 355.69329833984375, 0.6975964307785034], [0, 418.1856689453125, 55.7275390625, 427.97314453125, 68.00352478027344, 0.6938671469688416], [0, 452.3048400878906, 11.054716110229492, 460.2193908691406, 21.742578506469727, 0.6887676119804382], [0, 150.00021362304688, 82.30451202392578, 157.00961303710938, 91.02947235107422, 0.6836881041526794], [0, 175.68026733398438, 117.53439331054688, 186.39303588867188, 132.35284423828125, 0.6767042279243469], [0, 432.551025390625, 157.27996826171875, 443.794921875, 176.8380126953125, 0.6489144563674927], [1, 540.6263427734375, 287.38427734375, 560.9908447265625, 339.2568359375, 0.6322546601295471], [1, 612.3782958984375, 247.48092651367188, 640.0, 280.5090026855469, 0.5454789996147156], [0, 282.1905517578125, 133.02389526367188, 294.9298095703125, 145.35244750976562, 0.529850423336029], [0, 263.784912109375, 616.5308837890625, 284.1217041015625, 639.8770751953125, 0.5160782933235168], [0, 163.92282104492188, 85.89718627929688, 172.41268920898438, 94.99423217773438, 0.4862958788871765], [3, 489.63519287109375, 61.00347900390625, 499.99798583984375, 86.07228088378906, 0.4417746067047119], [3, 480.9407958984375, 60.23334503173828, 491.145263671875, 81.98204803466797, 0.39728811383247375], [0, 564.398193359375, 310.08880615234375, 586.411865234375, 347.70745849609375, 0.3177422881126404]]}