{"clean": [[0, 242.60189819335938, 397.7994384765625, 264.7476501464844, 442.1807861328125, 0.8028689026832581], [0, 308.47467041015625, 196.87139892578125, 321.85333251953125, 221.35498046875, 0.7877534627914429], [0, 322.10833740234375, 479.4769287109375, 342.09075927734375, 540.3017578125, 0.7759239673614502], [0, 319.002685546875, 0.6705112457275391, 326.4093017578125, 11.157838821411133, 0.7290650606155396], [0, 243.25845336914062, 67.04434204101562, 255.93301391601562, 79.51699829101562, 0.6485671997070312], [3, 254.45089721679688, 159.83995056152344, 280.3360900878906, 243.67579650878906, 0.6406931281089783], [0, 344.5602722167969, 18.165019989013672, 352.2014465332031, 30.614608764648438, 0.6314879655838013], [2, 478.848388671875, 237.47705078125, 525.014404296875, 319.68060302734375, 0.30174389481544495]], "patched": [[0, 308.50152587890625, 196.96490478515625, 321.838134765625, 221.34817504882812, 0.7881914377212524], [0, 322.9762878417969, 501.64044189453125, 340.9413146972656, 540.9413452148438, 0.7367190718650818], [0, 318.9913330078125, 0.6555118560791016, 326.423828125, 11.159570693969727, 0.7251786589622498], [0, 243.56646728515625, 397.68951416015625, 264.01605224609375, 441.72576904296875, 0.713891327381134], [3, 254.30360412597656, 160.447021484375, 280.516845703125, 243.66241455078125, 0.6600771546363831], [0, 243.23175048828125, 67.02143096923828, 255.94512939453125, 79.54280853271484, 0.6493467688560486], [0, 344.53631591796875, 18.001667022705078, 352.21551513671875, 30.62479019165039, 0.6246654391288757], [0, 246.10836791992188, 398.0169677734375, 263.5773620605469, 427.7318115234375, 0.5132163166999817], [2, 478.8670654296875, 243.2808837890625, 524.623779296875, 320.1500244140625, 0.3194007873535156], [0, 322.88677978515625, 482.266845703125, 341.12322998046875, 540.4246826171875, 0.3072510361671448], [0, 324.0947265625, 479.89959716796875, 340.473876953125, 518.3384399414062, 0.2696467339992523]]}