{"clean": [[3, 223.28213500976562, 326.6558837890625, 247.49124145507812, 374.52459716796875, 0.8752180337905884], [0, 173.65615844726562, 494.3656921386719, 209.18972778320312, 555.1787109375, 0.8446723222732544], [0, 317.0653381347656, 67.75981140136719, 329.4855651855469, 87.44242858886719, 0.8306679129600525], [0, 305.7624206542969, 106.12358093261719, 319.6412048339844, 129.6968536376953, 0.8263339996337891], [0, 263.53582763671875, 310.4437255859375, 283.20526123046875, 348.0279541015625, 0.813150942325592], [0, 317.974853515625, 25.641719818115234, 328.1754150390625, 39.522708892822266, 0.7783325910568237], [0, 332.4505615234375, 20.701377868652344, 342.529296875, 37.16069793701172, 0.730491578578949], [3, 326.0126647949219, 34.91722106933594, 337.1146545410156, 57.5003662109375, 0.47862568497657776], [1, 326.12554931640625, 34.623146057128906, 337.11663818359375, 57.75574493408203, 0.4286781847476959]], "patched": [[3, 223.32330322265625, 326.67572021484375, 247.4415283203125, 374.57244873046875, 0.8917143940925598], [0, 317.06494140625, 67.76398468017578, 329.4989013671875, 87.4465103149414, 0.8296762704849243], [0, 305.7724914550781, 106.18365478515625, 319.6437683105469, 129.69363403320312, 0.8249081373214722], [0, 317.97955322265625, 25.649974822998047, 328.16986083984375, 39.522464752197266, 0.7768979072570801], [0, 263.7439880371094, 321.9241027832031, 280.9065246582031, 348.2701721191406, 0.7464688420295715], [0, 332.450927734375, 20.684803009033203, 342.558349609375, 37.16884231567383, 0.7228754162788391], [3, 326.0081787109375, 34.909385681152344, 337.116943359375, 57.507225036621094, 0.48818376660346985], [0, 342.36431884765625, 317.5656433105469, 359.20440673828125, 342.0435485839844, 0.4531381130218506], [1, 326.12457275390625, 34.62031555175781, 337.12188720703125, 57.75640869140625, 0.4214090406894684], [2, 173.86090087890625, 493.78631591796875, 208.786865234375, 555.5055541992188, 0.31206178665161133], [0, 263.6192321777344, 311.0607604980469, 282.3757019042969, 348.2348937988281, 0.28992652893066406]]}