{"clean": [[0, 281.72503662109375, 284.86383056640625, 293.70916748046875, 302.55792236328125, 0.819820761680603], [0, 269.53662109375, 233.72755432128906, 280.4627685546875, 250.2599639892578, 0.8111076951026917], [0, 223.74813842773438, 178.27798461914062, 233.35977172851562, 189.78915405273438, 0.8035898804664612], [0, 237.19839477539062, 96.26564025878906, 245.48587036132812, 105.29682922363281, 0.7927163243293762], [0, 361.42681884765625, 366.61614990234375, 377.58294677734375, 403.39276123046875, 0.7889658212661743], [0, 243.323974609375, 110.72599792480469, 251.9273681640625, 120.08671569824219, 0.7418481111526489], [0, 336.98968505859375, 260.3053283691406, 349.34576416015625, 279.6828918457031, 0.7311897873878479], [2, 287.8846435546875, 136.78802490234375, 307.316650390625, 174.45343017578125, 0.7227380275726318], [0, 203.86117553710938, 102.30683898925781, 211.867919921875, 112.99017333984375, 0.697052538394928], [0, 190.49867248535156, 83.47949981689453, 198.86961364746094, 94.33753204345703, 0.6963746547698975], [0, 292.14727783203125, 176.57302856445312, 302.27130126953125, 190.69992065429688, 0.6346572041511536], [0, 235.47235107421875, 73.85843658447266, 241.93603515625, 81.76776885986328, 0.5863439440727234], [0, 168.604736328125, 59.121315002441406, 175.78277587890625, 66.18485260009766, 0.5356469750404358], [0, 215.510498046875, 71.94353485107422, 222.2056884765625, 80.0930404663086, 0.4801557958126068], [0, 190.8267822265625, 76.9045181274414, 197.88739013671875, 85.08696746826172, 0.408687949180603], [0, 601.1188354492188, 158.8152313232422, 611.0438842773438, 171.7649383544922, 0.38261428475379944], [4, 616.6651611328125, 186.75570678710938, 623.1051025390625, 197.14950561523438, 0.3743606507778168], [0, 214.347412109375, 94.48460388183594, 221.79437255859375, 102.95918273925781, 0.373147577047348], [0, 227.3601531982422, 93.65716552734375, 234.8054656982422, 102.58956909179688, 0.3722167909145355], [1, 236.3902587890625, 154.53065490722656, 249.32147216796875, 178.3212127685547, 0.3705075979232788], [0, 211.86431884765625, 38.010746002197266, 218.02130126953125, 45.95194625854492, 0.34980663657188416], [0, 187.74209594726562, 62.196495056152344, 193.203857421875, 69.03046417236328, 0.33671221137046814], [0, 173.6918182373047, 48.826332092285156, 180.06602478027344, 55.91266632080078, 0.2832023799419403]], "patched": [[0, 281.8170166015625, 284.8990783691406, 293.64794921875, 302.5181579589844, 0.8217637538909912], [0, 269.62274169921875, 233.73553466796875, 280.4217529296875, 250.208251953125, 0.8131532073020935], [0, 223.78256225585938, 178.28912353515625, 233.32864379882812, 189.75152587890625, 0.8035830855369568], [0, 237.2073211669922, 96.25450134277344, 245.4782257080078, 105.28523254394531, 0.7927727103233337], [0, 243.33969116210938, 110.73220825195312, 251.91537475585938, 120.07125854492188, 0.7430296540260315], [0, 337.0165100097656, 260.2685852050781, 349.3091735839844, 279.6518859863281, 0.7343887686729431], [2, 288.0575866699219, 136.74209594726562, 307.2001647949219, 174.34500122070312, 0.7247834801673889], [0, 203.87713623046875, 102.30191802978516, 211.856689453125, 112.9576187133789, 0.7020097970962524], [0, 190.50180053710938, 83.37336730957031, 198.85494995117188, 94.31538391113281, 0.6988722085952759], [0, 292.1409912109375, 176.5263671875, 302.2513427734375, 190.676513671875, 0.641148567199707], [0, 361.6185607910156, 366.63641357421875, 377.6963195800781, 403.45709228515625, 0.5927712321281433], [0, 235.4709014892578, 73.84318542480469, 241.9320526123047, 81.76371765136719, 0.5836948752403259], [0, 168.61268615722656, 59.124755859375, 175.77256774902344, 66.17506408691406, 0.5345838069915771], [0, 215.52322387695312, 71.94638061523438, 222.19552612304688, 80.08282470703125, 0.4799816310405731], [0, 190.8218536376953, 76.90336608886719, 197.8816680908203, 85.06739807128906, 0.40330037474632263], [0, 214.35406494140625, 94.48251342773438, 221.78353881835938, 102.95358276367188, 0.39406418800354004], [1, 236.404541015625, 154.4510955810547, 249.28585815429688, 178.30101013183594, 0.38913679122924805], [0, 601.10205078125, 158.77825927734375, 611.041015625, 171.75973510742188, 0.3802131712436676], [0, 227.36801147460938, 93.64981079101562, 234.78976440429688, 102.57699584960938, 0.373250275850296], [4, 616.6826782226562, 186.7445831298828, 623.0952758789062, 197.1411895751953, 0.3686174154281616], [0, 211.8724822998047, 38.012718200683594, 218.0187225341797, 45.951316833496094, 0.3535853624343872], [0, 187.7501678466797, 62.198524475097656, 193.19676208496094, 69.0252914428711, 0.34716856479644775], [0, 173.69345092773438, 48.805362701416016, 180.06082153320312, 55.9047966003418, 0.28175970911979675]]}