{"clean": [[0, 249.89907836914062, 301.03131103515625, 274.1514587402344, 329.39947509765625, 0.7929160594940186], [0, 443.6825256347656, 132.2178497314453, 455.9335632324219, 142.30503845214844, 0.7305043339729309], [0, 23.96137237548828, 116.37284851074219, 35.52416229248047, 124.35917663574219, 0.7072228789329529], [3, 515.6146240234375, 576.8617553710938, 611.9083251953125, 640.0, 0.6051065921783447], [0, 143.5214080810547, 99.65129089355469, 153.38014221191406, 106.70443725585938, 0.5910228490829468], [4, 173.23828125, 362.4864501953125, 182.68777465820312, 377.8116455078125, 0.42035117745399475], [0, 46.64624786376953, 135.52322387695312, 58.289344787597656, 145.20321655273438, 0.413802832365036]], "patched": [[0, 443.68450927734375, 132.24070739746094, 455.93011474609375, 142.3118133544922, 0.7303394675254822], [0, 23.96115493774414, 116.37144470214844, 35.5222053527832, 124.36714172363281, 0.7076975703239441], [3, 515.6222534179688, 576.8446655273438, 611.7877807617188, 640.0, 0.6457252502441406], [0, 143.52383422851562, 99.64840698242188, 153.37966918945312, 106.70407104492188, 0.5914546847343445], [0, 250.0131072998047, 301.2110595703125, 273.98919677734375, 329.26458740234375, 0.5505969524383545], [1, 249.97238159179688, 301.054443359375, 273.9394836425781, 329.3646240234375, 0.5064914226531982], [4, 173.2485809326172, 362.6042175292969, 182.7086944580078, 377.7229919433594, 0.4388796091079712], [0, 46.82066345214844, 135.6219482421875, 58.29911804199219, 145.20648193359375, 0.41958707571029663]]}