{"clean": [[3, 257.849365234375, 39.94075393676758, 296.5391845703125, 155.94984436035156, 0.8682839274406433], [1, 186.83828735351562, 122.56725311279297, 212.45242309570312, 170.3936767578125, 0.8241506218910217], [0, 215.23968505859375, 54.54601287841797, 236.08746337890625, 94.65103912353516, 0.786133885383606], [1, 240.20877075195312, 98.67677307128906, 260.20916748046875, 143.5160369873047, 0.7855678200721741], [3, 357.92620849609375, 157.03460693359375, 390.17022705078125, 323.2885437011719, 0.7468255162239075], [3, 38.288028717041016, 216.1950225830078, 156.4124755859375, 375.47308349609375, 0.7075937390327454], [0, 399.36572265625, 65.76943969726562, 414.23486328125, 108.8062744140625, 0.6302647590637207], [1, 276.19134521484375, 0.0, 293.86798095703125, 20.10828971862793, 0.5782639980316162], [1, 405.18035888671875, 0.0, 423.69305419921875, 58.53694534301758, 0.527532696723938], [0, 404.6095886230469, 181.94708251953125, 423.4188537597656, 236.90908813476562, 0.5149087905883789], [1, 399.43988037109375, 65.68701171875, 414.15191650390625, 108.79107666015625, 0.5102943778038025], [3, 405.0555725097656, 0.03299713134765625, 427.1405334472656, 58.26481628417969, 0.5101975202560425], [0, 276.1912841796875, 0.0, 293.895751953125, 20.442873001098633, 0.43803322315216064], [0, 397.60498046875, 125.95272827148438, 411.2447509765625, 165.94613647460938, 0.43636074662208557], [1, 404.62628173828125, 182.03140258789062, 423.20654296875, 236.90682983398438, 0.3807380497455597], [1, 405.07257080078125, 25.28177261352539, 420.53076171875, 58.17293167114258, 0.32633936405181885], [3, 40.52389907836914, 215.88226318359375, 156.51800537109375, 321.59381103515625, 0.3250814974308014]], "patched": [[3, 257.8602294921875, 39.95405578613281, 296.261474609375, 155.7919464111328, 0.8571990132331848], [0, 406.716064453125, 202.87246704101562, 422.9296875, 237.06185913085938, 0.8174956440925598], [3, 358.0341796875, 157.04632568359375, 389.8448486328125, 323.2974853515625, 0.7450536489486694], [0, 397.71746826171875, 143.63079833984375, 410.96343994140625, 165.86053466796875, 0.7241998910903931], [3, 38.33913040161133, 216.15478515625, 156.41334533691406, 374.18524169921875, 0.7233266830444336], [1, 186.98147583007812, 122.73747253417969, 212.52816772460938, 170.26719665527344, 0.656511127948761], [1, 276.3310546875, 0.0, 293.5400390625, 20.211341857910156, 0.649865984916687], [3, 405.47137451171875, 0.0, 426.1490478515625, 58.257102966308594, 0.6133384704589844], [1, 239.99603271484375, 98.5604248046875, 260.1725769042969, 143.43267822265625, 0.5381910800933838], [3, 186.74258422851562, 122.49443054199219, 212.30194091796875, 170.4594268798828, 0.5244521498680115], [1, 405.3190002441406, 0.0, 424.0389099121094, 58.51803970336914, 0.47206148505210876], [1, 399.52313232421875, 65.63772583007812, 414.17779541015625, 108.7518310546875, 0.45447781682014465], [0, 240.02719116210938, 98.63522338867188, 260.3315734863281, 143.9712677001953, 0.4511663019657135], [2, 216.0699462890625, 54.34131622314453, 236.3642578125, 94.62606048583984, 0.40370091795921326], [0, 399.0123596191406, 125.9483871459961, 409.9282531738281, 147.37393188476562, 0.3415008783340454], [4, 120.77827453613281, 520.1436767578125, 129.58584594726562, 534.8309326171875, 0.28427067399024963], [0, 215.83778381347656, 54.40890121459961, 236.2262725830078, 94.64822387695312, 0.27705663442611694], [1, 404.99932861328125, 181.88092041015625, 419.88323974609375, 224.17034912109375, 0.2736540138721466], [1, 398.86407470703125, 125.80107116699219, 409.93572998046875, 147.2149200439453, 0.2729056775569916], [3, 40.45930480957031, 215.87118530273438, 156.54757690429688, 321.8898010253906, 0.26918965578079224], [1, 405.34869384765625, 26.522151947021484, 420.72381591796875, 58.14133071899414, 0.25520098209381104]]}