{"clean": [[0, 523.061279296875, 361.6273193359375, 564.6904296875, 469.0762939453125, 0.8055222630500793]], "patched": [[1, 536.8294677734375, 404.2625732421875, 559.4569091796875, 420.14459228515625, 0.26365697383880615]]}