{"clean": [[0, 179.2711181640625, 149.47418212890625, 194.2938232421875, 169.98687744140625, 0.8005903363227844], [0, 260.98883056640625, 197.5648956298828, 277.37786865234375, 225.6653289794922, 0.6813194155693054], [0, 145.89096069335938, 2.495637893676758, 156.05099487304688, 13.952821731567383, 0.5980088114738464], [0, 144.14154052734375, 15.476327896118164, 155.29632568359375, 27.43059730529785, 0.38381442427635193]], "patched": [[0, 179.37469482421875, 149.58001708984375, 194.2161865234375, 169.96109008789062, 0.7979533076286316], [1, 261.643798828125, 197.29541015625, 277.0421142578125, 225.2867431640625, 0.6751177310943604], [0, 146.03973388671875, 2.5884413719177246, 156.0439453125, 13.849771499633789, 0.5899023413658142], [0, 261.42755126953125, 197.58868408203125, 277.0963134765625, 225.6761474609375, 0.4562412202358246], [0, 144.30499267578125, 15.645316123962402, 155.25411987304688, 27.4024658203125, 0.37708818912506104]]}