{"clean": [[3, 331.86572265625, 83.56320190429688, 351.1290283203125, 150.02432250976562, 0.8530031442642212], [0, 223.6139373779297, 275.0310974121094, 239.0909881591797, 305.5543518066406, 0.8448376655578613], [0, 343.4682312011719, 624.9068603515625, 360.4873962402344, 639.9189453125, 0.8006758689880371], [0, 359.47259521484375, 173.9832763671875, 369.85736083984375, 198.9703369140625, 0.769294798374176], [0, 305.0966491699219, 339.12030029296875, 318.6893005371094, 380.30523681640625, 0.7658576369285583], [3, 323.6361999511719, 38.517913818359375, 334.8372497558594, 80.49368286132812, 0.671837568283081], [0, 291.38592529296875, 102.62488555908203, 301.31890869140625, 120.68729400634766, 0.5337613224983215]], "patched": [[3, 331.8740234375, 83.56111145019531, 351.1240234375, 150.0553436279297, 0.8532347083091736], [0, 223.48971557617188, 275.096923828125, 239.08270263671875, 305.6226806640625, 0.8483547568321228], [0, 343.5111083984375, 624.8992309570312, 360.49169921875, 639.9177856445312, 0.7955046892166138], [0, 359.4715576171875, 173.98916625976562, 369.8740234375, 199.01919555664062, 0.7653746008872986], [3, 323.67877197265625, 38.51947784423828, 334.83013916015625, 80.5009536743164, 0.6759373545646667], [0, 305.08953857421875, 339.0762939453125, 318.60601806640625, 380.3060302734375, 0.5834047794342041], [0, 291.4045104980469, 102.74365997314453, 301.2833557128906, 120.70691680908203, 0.5458455085754395], [0, 324.151611328125, 81.15928649902344, 333.5576171875, 94.26039123535156, 0.2560940980911255]]}