{"clean": [[0, 199.5665283203125, 114.01094055175781, 210.80169677734375, 137.83143615722656, 0.7917129993438721], [0, 390.02655029296875, 9.87209701538086, 400.84454345703125, 33.44664764404297, 0.7703254222869873], [0, 424.2127685546875, 47.87030792236328, 433.69256591796875, 69.51731872558594, 0.7522523999214172], [0, 417.31817626953125, 436.27789306640625, 430.93548583984375, 480.20526123046875, 0.6867632865905762], [0, 404.5818176269531, 183.464111328125, 415.5400085449219, 213.04254150390625, 0.6771537661552429], [0, 311.409912109375, 80.71697998046875, 320.430419921875, 101.32041931152344, 0.6016769409179688], [0, 303.13067626953125, 29.633502960205078, 311.80438232421875, 50.32826614379883, 0.5652066469192505], [0, 375.84136962890625, 155.0526123046875, 387.04888916015625, 185.84124755859375, 0.542599618434906], [0, 385.148193359375, 349.8873291015625, 398.0384521484375, 388.1480712890625, 0.35398608446121216], [0, 463.85504150390625, 222.79867553710938, 475.78094482421875, 254.46112060546875, 0.31834402680397034], [0, 427.709716796875, 362.7279052734375, 447.78955078125, 415.226318359375, 0.25402262806892395]], "patched": [[0, 199.58343505859375, 114.0362548828125, 210.78411865234375, 137.83375549316406, 0.7944813966751099], [0, 390.07513427734375, 9.888581275939941, 400.80975341796875, 33.42646026611328, 0.7712100744247437], [0, 424.24530029296875, 47.888343811035156, 433.6572265625, 69.5004653930664, 0.7531726360321045], [0, 404.6387939453125, 183.47427368164062, 415.49609375, 213.03805541992188, 0.6809611320495605], [0, 311.46929931640625, 80.7735595703125, 320.37933349609375, 101.30276489257812, 0.6039249897003174], [0, 303.16156005859375, 29.639415740966797, 311.77044677734375, 50.31844711303711, 0.5701531171798706], [0, 375.9283447265625, 155.10101318359375, 386.94921875, 185.84063720703125, 0.5419861674308777], [1, 418.3047180175781, 436.4622802734375, 429.8569641113281, 480.0858154296875, 0.3121722638607025], [0, 463.8869323730469, 223.23098754882812, 475.7475891113281, 254.43508911132812, 0.3046582043170929], [0, 385.2740478515625, 349.85919189453125, 397.97021484375, 388.1368408203125, 0.3013669550418854], [0, 418.743408203125, 436.3895568847656, 429.228759765625, 462.4589538574219, 0.28775715827941895]]}