{"clean": [[0, 169.1153106689453, 369.5536193847656, 202.3776397705078, 420.3063659667969, 0.8875449299812317], [0, 129.10806274414062, 369.4415283203125, 161.92373657226562, 418.3060302734375, 0.8842774629592896], [0, 306.38616943359375, 159.26979064941406, 323.978759765625, 189.56101989746094, 0.8651236295700073], [0, 397.7093505859375, 318.45123291015625, 419.1552734375, 370.20196533203125, 0.8526456356048584], [3, 301.6017761230469, 60.146663665771484, 336.0258483886719, 148.75186157226562, 0.835852324962616], [1, 336.83074951171875, 83.18255615234375, 350.93304443359375, 114.265625, 0.7941206693649292], [0, 349.775390625, 43.133331298828125, 362.5753173828125, 63.932777404785156, 0.7444210648536682], [1, 504.74359130859375, 192.97296142578125, 519.7507934570312, 238.8218994140625, 0.6765748262405396], [1, 461.6395263671875, 3.7283935546875, 472.4163818359375, 25.91695785522461, 0.6237325668334961], [2, 501.73052978515625, 66.7579345703125, 518.8441162109375, 121.79977416992188, 0.5879217386245728], [0, 247.46853637695312, 251.06036376953125, 270.2689514160156, 287.7559814453125, 0.5476486086845398], [1, 247.38778686523438, 250.8394775390625, 270.3254699707031, 287.901611328125, 0.5297918319702148], [1, 492.710693359375, 51.81714630126953, 506.5853271484375, 87.51920318603516, 0.48220789432525635], [0, 301.9913330078125, 10.960000038146973, 317.4525146484375, 30.362564086914062, 0.4383377432823181], [1, 424.9444580078125, 186.30087280273438, 440.4200439453125, 226.30020141601562, 0.43502727150917053], [0, 424.94549560546875, 186.31561279296875, 440.40655517578125, 226.521728515625, 0.3916498124599457]], "patched": [[0, 169.20654296875, 369.6181335449219, 202.5025634765625, 420.7939758300781, 0.8675746321678162], [3, 301.63848876953125, 60.166778564453125, 335.96075439453125, 148.7559814453125, 0.8365224599838257], [0, 129.26568603515625, 369.5657958984375, 162.26263427734375, 418.76708984375, 0.8341726064682007], [1, 336.8934326171875, 83.22237396240234, 350.880859375, 114.24279022216797, 0.7888158559799194], [0, 349.9422912597656, 43.227638244628906, 362.5188293457031, 63.851112365722656, 0.7363296747207642], [1, 504.7772216796875, 193.0140380859375, 519.497314453125, 238.83074951171875, 0.680857241153717], [2, 501.80706787109375, 66.8157958984375, 518.7929077148438, 121.83143615722656, 0.6405918598175049], [1, 461.6883239746094, 3.9188499450683594, 472.2847595214844, 25.884559631347656, 0.637448787689209], [0, 397.9249267578125, 318.45086669921875, 419.121337890625, 370.25238037109375, 0.6069511771202087], [0, 306.43475341796875, 159.31857299804688, 323.98565673828125, 189.59201049804688, 0.5983071327209473], [1, 398.07421875, 318.74005126953125, 419.22705078125, 370.19012451171875, 0.5876613259315491], [1, 492.75238037109375, 51.55942916870117, 505.29083251953125, 87.58229064941406, 0.5237744450569153], [1, 425.0909729003906, 186.21975708007812, 440.2135925292969, 226.24630737304688, 0.4702179431915283], [1, 247.58367919921875, 250.86819458007812, 270.36572265625, 287.8857727050781, 0.46258458495140076], [2, 247.5556640625, 250.86578369140625, 270.504638671875, 287.8258056640625, 0.4522675573825836], [0, 302.024658203125, 11.123067855834961, 317.29638671875, 30.335588455200195, 0.44267991185188293]]}