{"clean": [[0, 467.6261291503906, 419.1403503417969, 499.9994201660156, 459.3638000488281, 0.8231294751167297], [0, 111.45011901855469, 42.23674774169922, 138.21302795410156, 74.56285858154297, 0.8095577359199524], [0, 25.974517822265625, 18.433147430419922, 52.648231506347656, 49.91501998901367, 0.8051999807357788], [0, 165.9227294921875, 2.018768310546875, 191.8363037109375, 34.60498809814453, 0.7902323007583618], [3, 80.32115173339844, 0.0, 135.09576416015625, 38.48435974121094, 0.7809812426567078], [0, 223.35150146484375, 452.41217041015625, 255.93301391601562, 494.47247314453125, 0.7318198084831238], [0, 210.66465759277344, 12.93348217010498, 234.4875030517578, 43.495601654052734, 0.7233203649520874], [0, 175.848388671875, 143.7707977294922, 203.889404296875, 177.47459411621094, 0.6926661133766174], [0, 478.52276611328125, 465.911865234375, 513.355224609375, 511.38134765625, 0.6880142688751221], [0, 405.0326232910156, 357.364501953125, 434.7449645996094, 391.530517578125, 0.6607502698898315], [3, 559.093505859375, 553.39990234375, 616.5986328125, 624.6900634765625, 0.6022791862487793], [0, 456.88671875, 267.49951171875, 487.1304931640625, 300.68505859375, 0.5153876543045044], [0, 558.9208984375, 553.5499267578125, 616.70654296875, 625.2501220703125, 0.5141310095787048], [0, 427.54736328125, 237.65127563476562, 463.828857421875, 271.39324951171875, 0.4426599144935608], [0, 359.0860595703125, 346.74957275390625, 387.14178466796875, 379.13824462890625, 0.42614421248435974], [0, 299.84869384765625, 100.05580139160156, 330.3179931640625, 114.56214904785156, 0.39790162444114685], [0, 298.94384765625, 90.89006042480469, 330.5838623046875, 107.92776489257812, 0.3707893490791321], [0, 297.7143859863281, 91.18807220458984, 330.4996032714844, 114.81368255615234, 0.2957436144351959]], "patched": [[0, 479.6076965332031, 469.8603820800781, 504.6428527832031, 495.4668884277344, 0.6637147068977356], [3, 82.08064270019531, 0.0, 134.7374267578125, 38.29796600341797, 0.6589715480804443], [1, 112.06954956054688, 42.83856964111328, 130.03773498535156, 65.06111907958984, 0.633359968662262], [3, 559.3419189453125, 553.6163330078125, 616.4464111328125, 626.4801025390625, 0.6196333169937134], [1, 223.72189331054688, 453.95660400390625, 248.69308471679688, 480.917236328125, 0.5927066206932068], [0, 377.417236328125, 76.63368225097656, 388.5576171875, 86.01097106933594, 0.5654085874557495], [1, 26.540456771850586, 19.019954681396484, 45.111595153808594, 40.11199951171875, 0.5518730282783508], [0, 302.317626953125, 102.42552185058594, 329.24053955078125, 114.39900207519531, 0.49984419345855713], [0, 409.53997802734375, 363.97314453125, 434.56097412109375, 391.612548828125, 0.49241137504577637], [0, 476.37481689453125, 431.27740478515625, 499.6759033203125, 459.29913330078125, 0.407935231924057], [1, 176.464111328125, 144.76629638671875, 198.8914794921875, 164.27877807617188, 0.40133100748062134], [1, 479.275634765625, 469.8262939453125, 504.4649658203125, 495.1639404296875, 0.3973492980003357], [2, 166.73284912109375, 2.3317508697509766, 186.4736328125, 24.438302993774414, 0.3958045244216919], [0, 457.0160217285156, 269.88909912109375, 485.1661071777344, 300.19757080078125, 0.3453146815299988], [1, 215.7508544921875, 222.27987670898438, 230.31484985351562, 232.92953491210938, 0.34191665053367615], [0, 211.01873779296875, 12.79422378540039, 227.04388427734375, 32.489749908447266, 0.3376602232456207], [1, 427.75421142578125, 238.51327514648438, 447.95709228515625, 257.5625915527344, 0.33496716618537903], [1, 467.9667053222656, 419.29913330078125, 489.6202087402344, 443.14239501953125, 0.2955576181411743], [1, 183.72190856933594, 153.72901916503906, 199.1678924560547, 164.2610626220703, 0.2844831943511963], [1, 262.8564758300781, 71.03645324707031, 283.4441223144531, 83.96086120605469, 0.2593422830104828]]}