{"clean": [[3, 246.22084045410156, 375.3892822265625, 282.22509765625, 519.186279296875, 0.8433852195739746], [2, 266.95263671875, 194.26153564453125, 291.991943359375, 277.0015563964844, 0.8403834104537964], [1, 282.64080810546875, 292.99298095703125, 298.00494384765625, 324.33294677734375, 0.8376599550247192], [3, 375.623291015625, 428.3360595703125, 401.395263671875, 591.6806640625, 0.8043697476387024], [0, 394.2890625, 235.7938232421875, 404.3330078125, 263.54437255859375, 0.7771830558776855], [1, 239.23464965820312, 276.63037109375, 258.3210144042969, 313.92803955078125, 0.7013878226280212], [1, 392.68603515625, 302.9552917480469, 404.0289306640625, 332.2948303222656, 0.684926450252533], [0, 392.96514892578125, 356.913818359375, 407.19281005859375, 397.770263671875, 0.5907812714576721]], "patched": [[3, 246.219482421875, 375.3994140625, 282.22076416015625, 519.1964111328125, 0.843638002872467], [2, 266.95684814453125, 194.2799072265625, 291.99334716796875, 276.9958190917969, 0.8372273445129395], [3, 375.6201171875, 428.3316650390625, 401.41943359375, 591.6785888671875, 0.8038146495819092], [1, 282.58001708984375, 292.98297119140625, 297.93585205078125, 324.41229248046875, 0.7997433543205261], [0, 394.3025207519531, 235.80645751953125, 404.3281555175781, 263.5472106933594, 0.7763915657997131], [1, 392.70465087890625, 302.97247314453125, 404.01129150390625, 332.28704833984375, 0.6937244534492493], [1, 239.26351928710938, 276.6239929199219, 258.324951171875, 313.9195251464844, 0.5611971020698547], [0, 393.1943664550781, 356.86053466796875, 406.6618957519531, 398.084228515625, 0.5452772974967957], [0, 394.08892822265625, 371.63702392578125, 406.96173095703125, 398.11541748046875, 0.5320053100585938], [3, 239.16647338867188, 276.5937194824219, 258.2383117675781, 314.0918884277344, 0.47981831431388855]]}