{"clean": [[0, 397.29119873046875, 231.40101623535156, 409.46221923828125, 254.4690704345703, 0.8205514550209045], [0, 466.9373779296875, 268.09490966796875, 479.869384765625, 294.70074462890625, 0.8134372234344482], [0, 566.9927978515625, 398.8160400390625, 587.3233642578125, 452.98681640625, 0.8120169043540955], [0, 382.4969787597656, 322.4339904785156, 396.3744201660156, 353.2408752441406, 0.798886239528656], [0, 524.3619384765625, 67.26846313476562, 534.5684814453125, 79.96664428710938, 0.7971839308738708], [3, 457.4774475097656, 325.0516357421875, 473.7652282714844, 376.5745849609375, 0.7861083745956421], [0, 456.21875, 29.13799285888672, 466.6224365234375, 39.39073944091797, 0.7711713910102844], [0, 567.9412841796875, 12.747533798217773, 577.4766845703125, 25.171968460083008, 0.7554295063018799], [0, 558.163330078125, 27.716487884521484, 567.461181640625, 40.491695404052734, 0.753698468208313], [0, 409.564453125, 158.23495483398438, 420.4779052734375, 174.0914306640625, 0.7490655183792114], [0, 335.4345397949219, 67.33403778076172, 346.7031555175781, 78.47052764892578, 0.748896598815918], [0, 576.0411376953125, 102.62916564941406, 588.9666748046875, 122.58366394042969, 0.7485337853431702], [0, 434.7279357910156, 20.444976806640625, 442.4632263183594, 29.882854461669922, 0.735775887966156], [0, 560.7938232421875, 76.04550170898438, 571.4566650390625, 92.08938598632812, 0.7320827841758728], [3, 350.07879638671875, 443.82904052734375, 378.61907958984375, 534.0269165039062, 0.6319632530212402], [1, 505.7258605957031, 224.83779907226562, 521.931884765625, 256.9942626953125, 0.6177359223365784], [0, 228.79812622070312, 173.31356811523438, 247.89559936523438, 185.85446166992188, 0.5261934399604797], [0, 193.83453369140625, 205.45150756835938, 212.23675537109375, 222.5767822265625, 0.4875635504722595], [0, 50.815086364746094, 249.49468994140625, 78.53455352783203, 267.7508544921875, 0.4415622055530548], [0, 353.2035827636719, 42.91468811035156, 360.7665710449219, 52.65843200683594, 0.2926633059978485]], "patched": [[0, 397.32012939453125, 231.4525146484375, 409.42962646484375, 254.4561767578125, 0.8155269622802734], [0, 466.9739990234375, 268.1167907714844, 479.8289794921875, 294.6742248535156, 0.813550591468811], [0, 524.365966796875, 67.27067565917969, 534.565673828125, 79.96905517578125, 0.7969459295272827], [3, 457.5252685546875, 325.09051513671875, 473.6871337890625, 376.561279296875, 0.7948732972145081], [0, 456.2234802246094, 29.141551971435547, 466.6190490722656, 39.39066696166992, 0.7702372074127197], [0, 567.94677734375, 12.755715370178223, 577.477783203125, 25.172088623046875, 0.7541084289550781], [0, 558.16845703125, 27.723421096801758, 567.4599609375, 40.49269104003906, 0.7525627613067627], [0, 335.4428405761719, 67.3507080078125, 346.6952819824219, 78.46949768066406, 0.7484629154205322], [0, 409.5809326171875, 158.37118530273438, 420.42724609375, 174.08053588867188, 0.7468428611755371], [0, 576.0538940429688, 102.64569091796875, 588.9561157226562, 122.57763671875, 0.7468231916427612], [0, 434.7327880859375, 20.450538635253906, 442.4566650390625, 29.88208770751953, 0.7349764108657837], [0, 560.8006591796875, 76.05799865722656, 571.4439697265625, 92.08705139160156, 0.7312479019165039], [0, 382.3147277832031, 322.48370361328125, 396.1919860839844, 353.21697998046875, 0.6986640691757202], [1, 505.9151611328125, 224.8480224609375, 521.736328125, 256.9390869140625, 0.6564230918884277], [1, 567.7750854492188, 399.4490051269531, 586.8877563476562, 452.9538269042969, 0.6423376202583313], [3, 350.55267333984375, 443.8919677734375, 378.57879638671875, 533.7127685546875, 0.6166427731513977], [0, 228.8033447265625, 173.32240295410156, 247.8626708984375, 185.84193420410156, 0.5289051532745361], [0, 193.84136962890625, 205.46603393554688, 212.27761840820312, 222.57357788085938, 0.4901137053966522], [0, 50.82460021972656, 249.51243591308594, 78.53399658203125, 267.74560546875, 0.437638521194458], [0, 353.20867919921875, 42.92026138305664, 360.75946044921875, 52.65700912475586, 0.28557640314102173]]}