{"clean": [[0, 60.75763702392578, 8.922435760498047, 80.1324234008789, 32.31454849243164, 0.7818838357925415], [0, 100.6361083984375, 5.56373405456543, 117.239990234375, 23.525571823120117, 0.7595928907394409], [0, 378.8267517089844, 2.490194797515869, 400.1893615722656, 18.367229461669922, 0.7493468523025513], [0, 84.04573059082031, 0.0, 103.50224304199219, 11.282524108886719, 0.7379170656204224], [0, 573.4679565429688, 14.919410705566406, 595.6708374023438, 33.06462860107422, 0.7341839671134949], [0, 506.3893737792969, 14.170405387878418, 524.492919921875, 29.983936309814453, 0.725825309753418], [0, 429.1546630859375, 0.03678321838378906, 453.8792724609375, 12.937129974365234, 0.7175019383430481], [2, 206.67391967773438, 143.18716430664062, 371.6506652832031, 210.05514526367188, 0.7143659591674805], [0, 442.0256652832031, 4.336025238037109, 462.7273254394531, 19.159595489501953, 0.7120634317398071], [2, 577.2008056640625, 95.72400665283203, 640.0, 255.62811279296875, 0.7002168297767639], [0, 470.08404541015625, 4.330741882324219, 500.85223388671875, 18.413990020751953, 0.6667405366897583], [0, 361.42999267578125, 1.2179794311523438, 373.47271728515625, 19.469970703125, 0.6590257287025452], [1, 602.422119140625, 22.389671325683594, 623.547607421875, 42.978599548339844, 0.5689772367477417], [2, 215.4079132080078, 64.77047729492188, 334.34552001953125, 122.80870056152344, 0.5077140927314758], [2, 0.0, 444.1124572753906, 142.45361328125, 608.4595947265625, 0.4982544481754303], [2, 142.68869018554688, 192.86305236816406, 301.3009948730469, 255.55470275878906, 0.43599915504455566], [2, 98.22418212890625, 208.94078063964844, 298.05657958984375, 381.353515625, 0.4334542155265808], [4, 27.999248504638672, 4.545137405395508, 35.55388641357422, 15.625675201416016, 0.4022916555404663], [2, 0.0, 420.1700439453125, 110.92843627929688, 607.80029296875, 0.38764381408691406], [2, 182.3446044921875, 449.92901611328125, 384.73077392578125, 597.7725219726562, 0.3051290512084961], [2, 415.5214538574219, 52.957515716552734, 441.0142517089844, 82.369140625, 0.28732770681381226], [2, 198.1458740234375, 111.64785766601562, 373.4117431640625, 208.4466552734375, 0.2698088586330414]], "patched": [[0, 378.7630310058594, 2.4567203521728516, 400.2303771972656, 18.337963104248047, 0.7471249103546143], [0, 100.56489562988281, 5.525951385498047, 117.27857971191406, 23.596572875976562, 0.7358572483062744], [0, 84.07379150390625, 0.0, 103.63270568847656, 11.322206497192383, 0.7263363599777222], [0, 429.13970947265625, 0.03538703918457031, 453.6239013671875, 12.942514419555664, 0.7202918529510498], [0, 442.0015869140625, 4.323669910430908, 462.72998046875, 19.213912963867188, 0.7175003886222839], [2, 206.69949340820312, 143.69741821289062, 371.6458435058594, 210.09664916992188, 0.7105560898780823], [0, 573.4635009765625, 14.861930847167969, 595.8087158203125, 33.08458709716797, 0.7081297636032104], [2, 577.1783447265625, 95.66525268554688, 640.0, 255.5875244140625, 0.6928322315216064], [0, 361.38818359375, 1.1649017333984375, 373.50421142578125, 19.53152847290039, 0.6844226717948914], [0, 469.90283203125, 4.333751678466797, 501.44140625, 18.064058303833008, 0.6763015985488892], [2, 215.36575317382812, 64.76020812988281, 334.4045715332031, 122.77143859863281, 0.5234185457229614], [2, 0.0, 444.08343505859375, 141.44943237304688, 608.1775512695312, 0.4942300319671631], [2, 142.690185546875, 192.81814575195312, 301.34503173828125, 255.3643798828125, 0.43970954418182373], [2, 98.20401000976562, 208.82440185546875, 298.0686950683594, 381.2867431640625, 0.43227627873420715], [2, 0.0, 419.9695129394531, 111.01753234863281, 607.570556640625, 0.39789339900016785], [2, 182.35986328125, 449.90924072265625, 384.5888671875, 597.7597045898438, 0.30143725872039795], [4, 28.02484130859375, 4.277744293212891, 35.554840087890625, 15.58401870727539, 0.2948330342769623], [2, 198.19351196289062, 111.6601791381836, 373.2068176269531, 207.06985473632812, 0.279822438955307], [2, 415.470458984375, 52.87638473510742, 441.062744140625, 82.39451599121094, 0.2608150541782379]]}