{"clean": [[0, 253.44192504882812, 154.10562133789062, 264.5204162597656, 188.82699584960938, 0.8009718656539917], [0, 255.793212890625, 240.0929412841797, 269.015625, 277.93560791015625, 0.5244081020355225], [0, 356.8408203125, 586.6124267578125, 372.5228271484375, 635.9971923828125, 0.5152707099914551], [0, 248.02703857421875, 549.0311279296875, 263.7710876464844, 595.5047607421875, 0.5127512216567993], [0, 276.293701171875, 147.3353729248047, 289.310791015625, 182.06724548339844, 0.4639964699745178], [0, 230.70236206054688, 79.60873413085938, 242.98245239257812, 104.12429809570312, 0.4526643455028534], [0, 273.01043701171875, 65.53080749511719, 285.52435302734375, 98.49864196777344, 0.4124176800251007]], "patched": [[0, 253.51095581054688, 154.1368408203125, 264.4659118652344, 188.82376098632812, 0.8031721711158752], [1, 248.57611083984375, 557.261474609375, 264.50506591796875, 595.71728515625, 0.606678307056427], [0, 256.11859130859375, 240.51275634765625, 268.81146240234375, 277.83270263671875, 0.5499247908592224], [0, 230.71774291992188, 79.61308288574219, 242.94772338867188, 104.12258911132812, 0.45902958512306213], [0, 276.4180908203125, 147.50592041015625, 289.1968994140625, 182.070068359375, 0.45543983578681946], [0, 273.162841796875, 65.5535888671875, 285.4798583984375, 98.4903564453125, 0.4203835725784302], [2, 356.5081787109375, 587.0383911132812, 371.0543212890625, 616.9046020507812, 0.37976109981536865]]}