{"clean": [[3, 600.77880859375, 177.47381591796875, 639.82080078125, 252.047119140625, 0.883431613445282], [3, 404.2784729003906, 60.885581970214844, 446.7555236816406, 103.9588394165039, 0.846244215965271], [0, 353.05029296875, 426.90460205078125, 393.714111328125, 527.7711791992188, 0.8345025181770325], [0, 298.49188232421875, 61.26003646850586, 308.7825927734375, 75.1962890625, 0.7957033514976501], [0, 247.55369567871094, 282.07318115234375, 268.298583984375, 314.71929931640625, 0.7917171120643616], [0, 278.776123046875, 37.923851013183594, 288.576904296875, 50.46422576904297, 0.7761241793632507], [0, 274.53973388671875, 71.12753295898438, 284.82342529296875, 86.86697387695312, 0.7746853828430176], [0, 425.0459289550781, 367.31591796875, 455.3628234863281, 438.5513916015625, 0.7612481117248535], [0, 291.73577880859375, 17.821571350097656, 300.13079833984375, 28.203140258789062, 0.74288010597229], [0, 317.3419189453125, 30.96463394165039, 326.3787841796875, 45.82770919799805, 0.7411578893661499], [0, 563.1786499023438, 0.0, 576.3807983398438, 11.13907527923584, 0.7349782586097717], [0, 337.600341796875, 92.14476013183594, 350.59967041015625, 117.44441223144531, 0.6584668159484863], [0, 589.331787109375, 255.44154357910156, 610.460205078125, 289.9425048828125, 0.6016860604286194], [0, 420.2669677734375, 423.91094970703125, 451.5477294921875, 474.30596923828125, 0.4325186312198639]], "patched": [[3, 600.8657836914062, 177.53265380859375, 639.8069458007812, 251.86676025390625, 0.8837621808052063], [3, 404.1848449707031, 60.74839401245117, 446.7448425292969, 104.13801574707031, 0.8408539891242981], [0, 298.5078125, 61.243019104003906, 308.7730712890625, 75.18164825439453, 0.7961888313293457], [0, 278.740234375, 37.880184173583984, 288.6041259765625, 50.47597885131836, 0.7799354195594788], [0, 274.58148193359375, 71.09528350830078, 284.8043212890625, 86.8633041381836, 0.7769857048988342], [0, 317.30633544921875, 30.904064178466797, 326.3961181640625, 45.83015823364258, 0.7542029023170471], [0, 291.718994140625, 17.77264404296875, 300.1571044921875, 28.23529815673828, 0.7440376877784729], [0, 245.814697265625, 282.2643737792969, 269.64825439453125, 314.7524719238281, 0.7432040572166443], [0, 563.1936645507812, 0.0, 576.3440551757812, 11.124177932739258, 0.7309648394584656], [0, 600.739501953125, 142.61849975585938, 618.609619140625, 162.62664794921875, 0.7226199507713318], [0, 337.6629333496094, 92.12835693359375, 350.5782165527344, 117.4403076171875, 0.6458364129066467], [1, 425.6868896484375, 407.82269287109375, 452.53338623046875, 424.98443603515625, 0.5302574038505554], [1, 426.96240234375, 367.3347473144531, 454.881591796875, 410.5309753417969, 0.5260484218597412], [2, 353.54180908203125, 427.57916259765625, 392.7183837890625, 520.3199462890625, 0.4537199139595032], [0, 592.6094970703125, 159.842529296875, 610.1859130859375, 179.500732421875, 0.3964754343032837], [0, 338.0678405761719, 99.07221984863281, 350.5752868652344, 117.58631896972656, 0.31704041361808777], [0, 353.715087890625, 474.945556640625, 391.93048095703125, 528.6153564453125, 0.3058185875415802], [0, 427.08953857421875, 367.0123291015625, 454.92926025390625, 410.216552734375, 0.27365031838417053], [0, 635.296875, 186.50555419921875, 640.0, 209.58016967773438, 0.25294381380081177], [0, 589.5914306640625, 255.088623046875, 610.4212646484375, 285.40228271484375, 0.2525908648967743]]}