{"clean": [[0, 276.06707763671875, 258.4632568359375, 288.736328125, 277.325927734375, 0.8131787180900574], [0, 369.13409423828125, 260.236328125, 378.8975830078125, 275.0263671875, 0.8085245490074158], [0, 375.8114013671875, 226.72048950195312, 385.2864990234375, 240.21884155273438, 0.8054735064506531], [0, 326.74267578125, 97.29994201660156, 333.6904296875, 105.98884582519531, 0.7983205914497375], [0, 452.7210998535156, 335.15496826171875, 469.4024963378906, 361.60174560546875, 0.7714242339134216], [0, 355.7886962890625, 105.22872924804688, 363.56005859375, 115.69674682617188, 0.7650741934776306], [0, 483.912841796875, 428.32843017578125, 507.1116943359375, 461.82904052734375, 0.7552827000617981], [0, 308.3554382324219, 152.32911682128906, 317.2721252441406, 163.0932159423828, 0.7431640028953552], [0, 361.361328125, 206.13546752929688, 369.538330078125, 217.32192993164062, 0.7414560317993164], [0, 358.34918212890625, 72.2037582397461, 365.35089111328125, 82.07868194580078, 0.7357606887817383], [0, 368.5872802734375, 194.12464904785156, 376.296875, 204.7404327392578, 0.7128962874412537], [0, 331.2589111328125, 70.3592529296875, 338.91119384765625, 79.79393005371094, 0.6727436184883118], [0, 340.7487487792969, 227.73422241210938, 353.8872985839844, 252.94329833984375, 0.6194530725479126], [0, 349.7617492675781, 49.031028747558594, 356.1658630371094, 57.18299102783203, 0.5313140153884888], [1, 337.6597595214844, 170.79873657226562, 345.8481140136719, 185.87753295898438, 0.5135891437530518], [0, 418.58001708984375, 175.26278686523438, 428.30908203125, 189.62960815429688, 0.4593439996242523], [1, 364.5928649902344, 282.9736328125, 374.7314147949219, 303.091552734375, 0.4103717803955078], [0, 364.4906311035156, 282.97564697265625, 374.9355773925781, 303.69451904296875, 0.3710162043571472]], "patched": [[0, 276.1181640625, 258.5071716308594, 288.675048828125, 277.3102722167969, 0.8121374249458313], [0, 369.1981201171875, 260.27166748046875, 378.86181640625, 274.97943115234375, 0.8109586238861084], [0, 375.8616943359375, 226.73992919921875, 385.2578125, 240.1624755859375, 0.8053122758865356], [0, 326.76678466796875, 97.31228637695312, 333.65496826171875, 105.97015380859375, 0.7986863851547241], [0, 355.82757568359375, 105.23567962646484, 363.53265380859375, 115.6795425415039, 0.764773428440094], [0, 484.09014892578125, 428.5201416015625, 507.0692138671875, 461.779541015625, 0.7544659972190857], [0, 361.4166564941406, 206.16429138183594, 369.5021057128906, 217.29527282714844, 0.7446287870407104], [0, 308.40032958984375, 152.36209106445312, 317.24395751953125, 163.07681274414062, 0.7420883774757385], [0, 358.3779296875, 72.21337890625, 365.326171875, 82.05824279785156, 0.7362291216850281], [0, 368.6231689453125, 194.15818786621094, 376.25927734375, 204.72096252441406, 0.7206056714057922], [0, 331.27679443359375, 70.373779296875, 338.88739013671875, 79.78628540039062, 0.671216607093811], [0, 340.81072998046875, 227.73880004882812, 353.79998779296875, 252.90792846679688, 0.6124022603034973], [0, 349.7782287597656, 49.04407501220703, 356.1473693847656, 57.17345428466797, 0.5331481099128723], [1, 337.7244873046875, 170.82266235351562, 345.77435302734375, 185.89166259765625, 0.522036075592041], [0, 418.636962890625, 175.283447265625, 428.251220703125, 189.59710693359375, 0.4656212329864502], [1, 364.6500549316406, 282.985107421875, 374.6958312988281, 303.06280517578125, 0.42521917819976807], [0, 364.55377197265625, 282.9562683105469, 374.88677978515625, 303.6481628417969, 0.353977233171463]]}