{"clean": [[0, 264.81219482421875, 340.56243896484375, 273.99481201171875, 358.84466552734375, 0.8218750953674316], [0, 318.83013916015625, 297.7490234375, 328.12677001953125, 314.84539794921875, 0.7990290522575378], [0, 349.7332763671875, 300.69805908203125, 359.94940185546875, 324.54571533203125, 0.7758183479309082], [0, 370.2947692871094, 197.76608276367188, 383.8266296386719, 209.90957641601562, 0.7724015712738037], [0, 341.718994140625, 254.19297790527344, 351.94659423828125, 275.5926513671875, 0.7254100441932678], [0, 389.82684326171875, 529.9442138671875, 405.5299072265625, 570.2091064453125, 0.7166233658790588], [0, 328.807373046875, 436.429443359375, 340.2003173828125, 460.3341064453125, 0.7074024677276611], [3, 367.49700927734375, 326.79852294921875, 387.33575439453125, 402.92962646484375, 0.6964108943939209], [0, 222.98092651367188, 94.50112915039062, 236.88510131835938, 109.74081420898438, 0.6790271997451782], [0, 149.77822875976562, 205.3741455078125, 157.35910034179688, 217.88812255859375, 0.6025034189224243], [0, 364.34075927734375, 420.84674072265625, 376.68133544921875, 456.81207275390625, 0.5846558809280396], [0, 141.10855102539062, 204.52883911132812, 150.26065063476562, 217.70462036132812, 0.5405116677284241], [0, 395.8519592285156, 339.86151123046875, 406.9190368652344, 365.16107177734375, 0.5382992625236511], [4, 382.84796142578125, 221.754638671875, 390.14617919921875, 231.19659423828125, 0.5094993114471436], [0, 119.92864990234375, 159.0110321044922, 133.21640014648438, 167.0471954345703, 0.48710474371910095], [0, 413.344970703125, 301.617431640625, 431.7342529296875, 324.568359375, 0.4334413409233093], [0, 374.85552978515625, 378.9757080078125, 387.16424560546875, 403.425537109375, 0.40998947620391846], [0, 124.47710418701172, 174.90676879882812, 136.09039306640625, 191.85824584960938, 0.406122624874115], [0, 115.92623901367188, 225.8795166015625, 130.71136474609375, 247.3895263671875, 0.3959656357765198], [0, 131.72764587402344, 156.48648071289062, 145.03273010253906, 165.92416381835938, 0.33768731355667114], [0, 92.95127868652344, 205.38519287109375, 103.10450744628906, 221.90838623046875, 0.28965407609939575], [3, 208.82032775878906, 145.80433654785156, 238.1177520751953, 162.33729553222656, 0.27392706274986267], [0, 282.62139892578125, 308.13262939453125, 292.71917724609375, 322.58099365234375, 0.25192323327064514]], "patched": [[0, 264.81683349609375, 340.565673828125, 273.9888916015625, 358.8441162109375, 0.8220795392990112], [0, 318.84381103515625, 297.7566223144531, 328.11688232421875, 314.8407897949219, 0.7993823289871216], [0, 349.75299072265625, 300.7030029296875, 359.93634033203125, 324.53424072265625, 0.7752441167831421], [0, 370.3187561035156, 197.76991271972656, 383.8190002441406, 209.9075164794922, 0.7724258899688721], [0, 341.74700927734375, 254.20327758789062, 351.93572998046875, 275.5845642089844, 0.7253012657165527], [0, 328.8482666015625, 436.87371826171875, 340.1363525390625, 460.31011962890625, 0.7028549909591675], [3, 367.5067138671875, 326.8062744140625, 387.31689453125, 402.9271240234375, 0.69979327917099], [0, 222.98342895507812, 94.50140380859375, 236.87881469726562, 109.73867797851562, 0.6792827844619751], [0, 149.77835083007812, 205.37509155273438, 157.35989379882812, 217.89443969726562, 0.6040287613868713], [0, 364.3914794921875, 420.8922424316406, 376.61181640625, 456.7861633300781, 0.5749908089637756], [0, 141.11349487304688, 204.532958984375, 150.25607299804688, 217.70559692382812, 0.5413046479225159], [0, 395.86920166015625, 339.8669128417969, 406.91558837890625, 365.1597595214844, 0.5366037487983704], [4, 382.8514404296875, 221.76072692871094, 390.1431884765625, 231.19395446777344, 0.509366512298584], [0, 119.92947387695312, 159.01229858398438, 133.20986938476562, 167.0478515625, 0.48825588822364807], [0, 374.87896728515625, 378.99371337890625, 387.14501953125, 403.41900634765625, 0.40912383794784546], [0, 413.2933654785156, 301.8529052734375, 431.7298278808594, 324.341064453125, 0.4062155485153198], [0, 124.47813415527344, 174.90432739257812, 136.0904998779297, 191.85879516601562, 0.4061342179775238], [0, 115.91610717773438, 225.8832550048828, 130.7107696533203, 247.4194793701172, 0.3970653712749481], [3, 390.4969482421875, 528.8714599609375, 403.02734375, 553.3226318359375, 0.3896624445915222], [0, 131.7288818359375, 156.48919677734375, 145.03277587890625, 165.92523193359375, 0.33856579661369324], [0, 92.95487976074219, 205.38583374023438, 103.10360717773438, 221.90744018554688, 0.28923648595809937], [3, 208.82315063476562, 145.81338500976562, 238.11386108398438, 162.33877563476562, 0.27338549494743347], [0, 282.63104248046875, 308.1466979980469, 292.71307373046875, 322.5918273925781, 0.2598135471343994]]}