{"clean": [[0, 397.29119873046875, 231.40101623535156, 409.46221923828125, 254.4690704345703, 0.8205514550209045], [0, 466.9373779296875, 268.09490966796875, 479.869384765625, 294.70074462890625, 0.8134372234344482], [0, 566.9927978515625, 398.8160400390625, 587.3233642578125, 452.98681640625, 0.8120169043540955], [0, 382.4969787597656, 322.4339904785156, 396.3744201660156, 353.2408752441406, 0.798886239528656], [0, 524.3619384765625, 67.26846313476562, 534.5684814453125, 79.96664428710938, 0.7971839308738708], [3, 457.4774475097656, 325.0516357421875, 473.7652282714844, 376.5745849609375, 0.7861083745956421], [0, 456.21875, 29.13799285888672, 466.6224365234375, 39.39073944091797, 0.7711713910102844], [0, 567.9412841796875, 12.747533798217773, 577.4766845703125, 25.171968460083008, 0.7554295063018799], [0, 558.163330078125, 27.716487884521484, 567.461181640625, 40.491695404052734, 0.753698468208313], [0, 409.564453125, 158.23495483398438, 420.4779052734375, 174.0914306640625, 0.7490655183792114], [0, 335.4345397949219, 67.33403778076172, 346.7031555175781, 78.47052764892578, 0.748896598815918], [0, 576.0411376953125, 102.62916564941406, 588.9666748046875, 122.58366394042969, 0.7485337853431702], [0, 434.7279357910156, 20.444976806640625, 442.4632263183594, 29.882854461669922, 0.735775887966156], [0, 560.7938232421875, 76.04550170898438, 571.4566650390625, 92.08938598632812, 0.7320827841758728], [3, 350.07879638671875, 443.82904052734375, 378.61907958984375, 534.0269165039062, 0.6319632530212402], [1, 505.7258605957031, 224.83779907226562, 521.931884765625, 256.9942626953125, 0.6177359223365784], [0, 228.79812622070312, 173.31356811523438, 247.89559936523438, 185.85446166992188, 0.5261934399604797], [0, 193.83453369140625, 205.45150756835938, 212.23675537109375, 222.5767822265625, 0.4875635504722595], [0, 50.815086364746094, 249.49468994140625, 78.53455352783203, 267.7508544921875, 0.4415622055530548], [0, 353.2035827636719, 42.91468811035156, 360.7665710449219, 52.65843200683594, 0.2926633059978485]], "patched": [[0, 397.33599853515625, 231.48431396484375, 409.41534423828125, 254.45172119140625, 0.8157487511634827], [0, 466.99188232421875, 268.1197814941406, 479.8055419921875, 294.6673278808594, 0.8141592741012573], [0, 524.3745727539062, 67.27392578125, 534.5569458007812, 79.95938110351562, 0.7970995306968689], [3, 457.5535888671875, 325.11151123046875, 473.671875, 376.55877685546875, 0.7956230640411377], [0, 456.2275695800781, 29.141616821289062, 466.6152038574219, 39.38822937011719, 0.7703090906143188], [0, 567.9517211914062, 12.753541946411133, 577.4738159179688, 25.16792869567871, 0.7546744346618652], [0, 558.1758422851562, 27.725570678710938, 567.4533081054688, 40.48743438720703, 0.7529069781303406], [0, 335.4512939453125, 67.35591125488281, 346.6861572265625, 78.46595764160156, 0.7491435408592224], [0, 576.060791015625, 102.6493911743164, 588.9456787109375, 122.56990814208984, 0.7466357946395874], [0, 409.59930419921875, 158.4303436279297, 420.3795166015625, 174.06727600097656, 0.7456513047218323], [0, 434.73834228515625, 20.45284652709961, 442.4476318359375, 29.875408172607422, 0.7351236939430237], [0, 560.8056640625, 76.05558776855469, 571.431396484375, 92.08045959472656, 0.7314656376838684], [3, 350.10528564453125, 443.84490966796875, 378.57476806640625, 534.0344848632812, 0.6114583611488342], [0, 381.7923583984375, 322.2430725097656, 395.8740234375, 350.9305114746094, 0.5974988341331482], [0, 382.13446044921875, 329.45037841796875, 395.72943115234375, 353.68267822265625, 0.5402942299842834], [0, 228.80889892578125, 173.33242797851562, 247.79473876953125, 185.82138061523438, 0.5382797122001648], [1, 505.64923095703125, 224.80123901367188, 522.0399780273438, 256.9809265136719, 0.5143648386001587], [0, 382.09552001953125, 322.1470947265625, 395.87127685546875, 342.35552978515625, 0.507498562335968], [0, 193.85348510742188, 205.48150634765625, 212.25894165039062, 222.56317138671875, 0.4868050515651703], [0, 566.9481201171875, 398.7767333984375, 586.7750244140625, 452.547119140625, 0.45371362566947937], [0, 50.84593200683594, 249.52200317382812, 78.53253173828125, 267.7397766113281, 0.4347148835659027], [1, 567.31005859375, 399.05352783203125, 586.9508056640625, 452.70587158203125, 0.4194774627685547], [3, 567.0989379882812, 398.6981201171875, 586.9835815429688, 452.505126953125, 0.35063859820365906], [0, 353.21661376953125, 42.91913986206055, 360.751953125, 52.65463638305664, 0.28874269127845764], [0, 382.36517333984375, 337.80987548828125, 395.71148681640625, 353.84088134765625, 0.26510152220726013]]}