{"clean": [[0, 562.9979248046875, 162.45460510253906, 577.044921875, 184.56614685058594, 0.824371874332428], [0, 228.2754669189453, 585.3280029296875, 249.42930603027344, 614.2747802734375, 0.8087382912635803], [0, 591.780517578125, 212.004638671875, 606.63330078125, 234.36041259765625, 0.7781957983970642], [3, 501.448486328125, 613.8720703125, 531.132080078125, 639.7908935546875, 0.7463371157646179], [1, 389.77081298828125, 403.72100830078125, 412.92193603515625, 429.36346435546875, 0.7296434044837952], [0, 543.5888671875, 402.4007568359375, 561.69970703125, 431.5240478515625, 0.707413375377655], [1, 301.43060302734375, 491.3353271484375, 321.23809814453125, 518.1517333984375, 0.6978148818016052], [1, 469.61077880859375, 238.08197021484375, 482.50030517578125, 260.561279296875, 0.6493999361991882], [0, 518.1519775390625, 580.077880859375, 540.1571044921875, 614.0843505859375, 0.6219797730445862], [1, 407.73388671875, 97.3731918334961, 417.7650146484375, 114.02228546142578, 0.6117845177650452], [0, 281.48944091796875, 515.0797729492188, 301.01837158203125, 542.1859741210938, 0.5648406744003296], [0, 415.96356201171875, 118.73512268066406, 426.22174072265625, 136.00064086914062, 0.46874311566352844], [0, 442.5224609375, 93.72329711914062, 452.5889892578125, 111.73080444335938, 0.41742849349975586], [1, 281.79827880859375, 515.0091552734375, 300.87457275390625, 542.0413818359375, 0.4020722210407257], [2, 53.99070358276367, 581.4466552734375, 102.36445617675781, 639.4537353515625, 0.3881404995918274], [1, 630.5565185546875, 274.1062927246094, 639.632080078125, 288.8166198730469, 0.3569948673248291], [0, 251.71401977539062, 558.167724609375, 269.8435974121094, 586.0205078125, 0.3368676006793976], [4, 620.7172241210938, 453.2802734375, 630.1775512695312, 464.5584716796875, 0.2995966672897339], [1, 368.315673828125, 406.157470703125, 386.489013671875, 432.244140625, 0.29563745856285095], [3, 447.9319763183594, 508.43145751953125, 475.4413146972656, 564.3932495117188, 0.2920539379119873], [2, 391.67529296875, 58.088905334472656, 404.3895263671875, 80.58634185791016, 0.26200148463249207]], "patched": [[0, 562.996337890625, 162.4459228515625, 577.0400390625, 184.5728759765625, 0.8249726891517639], [0, 591.821044921875, 211.99038696289062, 606.637451171875, 234.31777954101562, 0.7645710706710815], [1, 389.4248046875, 403.7061767578125, 412.94451904296875, 429.3751220703125, 0.7357814311981201], [3, 501.4300537109375, 613.8123779296875, 531.5511474609375, 639.7921142578125, 0.7136057019233704], [1, 469.6134948730469, 238.08169555664062, 482.5002136230469, 260.5680236816406, 0.6473899483680725], [1, 407.7370910644531, 97.37571716308594, 417.7622375488281, 114.02513122558594, 0.6181307435035706], [1, 299.69598388671875, 491.2515869140625, 321.25543212890625, 518.34521484375, 0.5521661639213562], [0, 543.501953125, 402.2157897949219, 561.54736328125, 431.2689514160156, 0.4978834390640259], [0, 415.97332763671875, 118.73431396484375, 426.21868896484375, 136.00048828125, 0.4668107032775879], [0, 442.52520751953125, 93.72482299804688, 452.57891845703125, 111.73867797851562, 0.4149809181690216], [2, 52.9541015625, 581.50244140625, 102.35881042480469, 639.462890625, 0.38740095496177673], [1, 368.251708984375, 406.0574951171875, 386.5408935546875, 432.274169921875, 0.3096979558467865], [1, 630.49169921875, 274.01324462890625, 639.61376953125, 288.71807861328125, 0.29581502079963684], [4, 620.703369140625, 453.271728515625, 630.216064453125, 464.619384765625, 0.29286354780197144], [3, 447.91046142578125, 508.2430419921875, 475.51580810546875, 564.5833740234375, 0.2729182839393616], [2, 391.67657470703125, 58.08803176879883, 404.38043212890625, 80.58567810058594, 0.26072800159454346], [0, 325.37249755859375, 601.6292724609375, 339.81134033203125, 621.4051513671875, 0.25657930970191956]]}