{"clean": [[0, 471.28912353515625, 363.0650939941406, 500.84576416015625, 380.3716735839844, 0.7760025858879089], [0, 457.46343994140625, 309.9144592285156, 486.81402587890625, 325.8796081542969, 0.7730972766876221], [0, 302.7415466308594, 112.78121948242188, 311.5401306152344, 122.20022583007812, 0.7625741958618164], [0, 443.3048095703125, 234.12823486328125, 463.689208984375, 244.9627685546875, 0.7604471445083618], [0, 269.6212158203125, 383.48779296875, 284.740966796875, 414.6260986328125, 0.748721182346344], [0, 303.53778076171875, 229.0255126953125, 313.10418701171875, 244.76434326171875, 0.7369332313537598], [1, 298.832275390625, 244.15618896484375, 308.9202880859375, 262.4451599121094, 0.7332218885421753], [0, 450.0221862792969, 273.59332275390625, 477.0735778808594, 290.34747314453125, 0.7185778021812439], [0, 446.23553466796875, 250.67788696289062, 466.74053955078125, 263.3628845214844, 0.7179639339447021], [2, 363.0538330078125, 467.50482177734375, 396.613525390625, 497.84588623046875, 0.7114657163619995], [0, 86.90633392333984, 367.74969482421875, 101.82347869873047, 390.08502197265625, 0.667117178440094], [0, 444.9925537109375, 242.06617736816406, 467.3582763671875, 253.25709533691406, 0.6428722739219666], [0, 310.73870849609375, 167.24546813964844, 324.02435302734375, 179.6312713623047, 0.5969704389572144], [0, 305.00311279296875, 103.33338165283203, 311.04638671875, 111.80010223388672, 0.5356058478355408], [0, 308.7657165527344, 206.90231323242188, 319.8878479003906, 224.99160766601562, 0.48755186796188354], [0, 426.0699768066406, 246.9942626953125, 436.8710021972656, 264.29644775390625, 0.4393134117126465], [0, 253.7212371826172, 451.85784912109375, 289.20013427734375, 479.14007568359375, 0.40825268626213074], [1, 426.0718994140625, 246.9801025390625, 436.81719970703125, 264.20196533203125, 0.398780882358551], [0, 336.90972900390625, 51.41773223876953, 342.38641357421875, 57.888343811035156, 0.3750832676887512], [0, 310.15020751953125, 95.86958312988281, 317.40899658203125, 104.91928100585938, 0.3440629243850708], [0, 320.26385498046875, 52.236297607421875, 329.45208740234375, 57.888641357421875, 0.2932455539703369], [0, 71.03085327148438, 389.66693115234375, 91.29049682617188, 410.72998046875, 0.2895328402519226], [1, 318.7381286621094, 60.25538635253906, 326.6148376464844, 68.9771728515625, 0.2852924168109894], [0, 79.54621887207031, 420.01861572265625, 94.15162658691406, 438.85491943359375, 0.25301021337509155]], "patched": [[0, 302.74786376953125, 112.7744140625, 311.53436279296875, 122.19943237304688, 0.7607504725456238], [0, 443.33135986328125, 234.13197326660156, 463.61480712890625, 244.93101501464844, 0.7547932267189026], [0, 303.5619812011719, 229.02603149414062, 313.0851135253906, 244.75613403320312, 0.7435711622238159], [1, 298.85345458984375, 244.16015625, 308.88531494140625, 262.435546875, 0.7279418110847473], [0, 446.236328125, 250.6680145263672, 466.813232421875, 263.36907958984375, 0.7042580842971802], [2, 363.02325439453125, 467.4840087890625, 396.63787841796875, 498.0272216796875, 0.6578332185745239], [0, 445.0403747558594, 242.11468505859375, 467.1393737792969, 253.24420166015625, 0.62958824634552], [0, 269.36822509765625, 383.4719543457031, 284.72308349609375, 413.7619934082031, 0.6279284358024597], [0, 310.7566833496094, 167.23826599121094, 324.0218811035156, 179.63185119628906, 0.5840644240379333], [0, 450.11126708984375, 274.5289306640625, 476.90325927734375, 290.66741943359375, 0.5541700720787048], [0, 305.00732421875, 103.31108093261719, 311.0426025390625, 111.79872131347656, 0.5323930978775024], [0, 308.77001953125, 206.8944549560547, 319.8511962890625, 224.98606872558594, 0.5110988616943359], [0, 426.083740234375, 247.01580810546875, 436.84521484375, 264.2969970703125, 0.4388883709907532], [1, 426.0921936035156, 246.99807739257812, 436.7959899902344, 264.2068176269531, 0.3814868628978729], [0, 336.9083251953125, 51.41277313232422, 342.383056640625, 57.890968322753906, 0.37319040298461914], [0, 87.11839294433594, 370.55181884765625, 103.52973937988281, 390.12652587890625, 0.3518279492855072], [0, 310.15667724609375, 95.88059997558594, 317.40936279296875, 104.92929077148438, 0.3368527889251709], [0, 320.26300048828125, 52.23026657104492, 329.45208740234375, 57.8925666809082, 0.29204341769218445], [1, 318.73651123046875, 60.2480354309082, 326.615234375, 68.98194885253906, 0.2861146032810211], [4, 464.80950927734375, 310.51678466796875, 476.8953857421875, 317.69183349609375, 0.2752692401409149]]}