{"clean": [[1, 181.91702270507812, 420.29498291015625, 209.19015502929688, 450.26092529296875, 0.766452431678772], [0, 264.8311767578125, 551.142333984375, 286.4254150390625, 596.677490234375, 0.7061570882797241], [4, 128.35604858398438, 116.39849853515625, 136.49053955078125, 131.5670166015625, 0.6641464233398438], [0, 157.36549377441406, 208.25839233398438, 167.2005157470703, 229.89727783203125, 0.6306265592575073], [0, 101.42486572265625, 6.51477575302124, 109.76307678222656, 18.873273849487305, 0.6208077073097229], [1, 616.837158203125, 319.8030090332031, 639.96923828125, 343.3782043457031, 0.6186428070068359], [0, 455.11431884765625, 355.6248474121094, 479.64263916015625, 372.2020568847656, 0.5145291686058044], [0, 275.69940185546875, 121.26142120361328, 285.28680419921875, 138.70318603515625, 0.4366222620010376]], "patched": [[1, 181.94134521484375, 420.3117370605469, 209.17080688476562, 450.2099914550781, 0.7779814004898071], [4, 128.36936950683594, 116.41595458984375, 136.47413635253906, 131.56336975097656, 0.6640307307243347], [0, 157.3851318359375, 208.2730712890625, 167.186279296875, 229.89093017578125, 0.6598921418190002], [1, 616.8413696289062, 319.813720703125, 639.9697875976562, 343.3480224609375, 0.6238440275192261], [0, 101.42678833007812, 6.517817974090576, 109.76156616210938, 18.873645782470703, 0.6237142086029053], [0, 455.1379699707031, 355.63128662109375, 479.6303405761719, 372.19378662109375, 0.518004834651947], [0, 275.71240234375, 121.28164672851562, 285.278076171875, 138.70599365234375, 0.44139742851257324]]}