{"clean": [[0, 162.52439880371094, 524.7587890625, 181.99317932128906, 563.292236328125, 0.844758152961731], [3, 370.8292236328125, 64.86421203613281, 394.2572021484375, 119.80223083496094, 0.8287253379821777], [3, 354.99163818359375, 60.890045166015625, 376.27691650390625, 114.32406616210938, 0.7854962944984436], [1, 136.21920776367188, 301.86279296875, 157.39303588867188, 325.4329833984375, 0.7844645380973816], [3, 363.46844482421875, 15.159603118896484, 383.74578857421875, 61.77384567260742, 0.7762461304664612], [3, 206.32684326171875, 451.3314208984375, 230.34771728515625, 503.864501953125, 0.774093508720398], [0, 130.88302612304688, 598.130859375, 149.12100219726562, 632.1920166015625, 0.7552153468132019], [2, 139.03457641601562, 599.630615234375, 174.24868774414062, 640.0, 0.6728693246841431], [2, 140.76565551757812, 275.1949462890625, 170.00198364257812, 308.334228515625, 0.6678342819213867], [2, 206.30789184570312, 451.464111328125, 230.69088745117188, 503.6226806640625, 0.6126196980476379], [2, 391.6932373046875, 0.013571739196777344, 402.9747314453125, 13.454358100891113, 0.5473577380180359], [1, 370.01239013671875, 130.70668029785156, 380.30743408203125, 154.5576629638672, 0.531062126159668], [0, 584.4862060546875, 7.452619552612305, 592.3931884765625, 21.76247787475586, 0.3747118413448334], [2, 363.57427978515625, 15.121767044067383, 383.97625732421875, 61.97760009765625, 0.36177852749824524], [3, 583.7171630859375, 0.0, 592.8062744140625, 21.830135345458984, 0.29818761348724365]], "patched": [[3, 370.8321228027344, 64.87179565429688, 394.2483825683594, 119.80574035644531, 0.8255428671836853], [3, 355.052734375, 60.892539978027344, 376.279296875, 114.32123565673828, 0.7827557921409607], [3, 363.4638366699219, 15.157939910888672, 383.7384948730469, 61.78989028930664, 0.7726455926895142], [1, 136.49465942382812, 301.7259216308594, 157.0262451171875, 325.3491516113281, 0.7342190742492676], [2, 206.33355712890625, 451.5027160644531, 230.6650390625, 503.5480651855469, 0.7222858667373657], [2, 139.75820922851562, 599.794677734375, 173.44094848632812, 639.99658203125, 0.7112744450569153], [2, 140.77427673339844, 275.1882629394531, 170.00025939941406, 308.3319396972656, 0.7065484523773193], [3, 206.33895874023438, 451.36944580078125, 230.31710815429688, 503.79327392578125, 0.6940513849258423], [2, 391.6954040527344, 0.013966560363769531, 402.9819030761719, 13.459805488586426, 0.5606210231781006], [2, 162.75906372070312, 524.7886352539062, 181.96035766601562, 563.5676879882812, 0.5456967949867249], [2, 131.23240661621094, 598.3515625, 149.11949157714844, 632.462158203125, 0.5324875712394714], [1, 369.9593811035156, 130.70703125, 380.3520812988281, 154.90670776367188, 0.5114530324935913], [2, 363.5747375488281, 15.118192672729492, 383.9688415527344, 61.99568176269531, 0.4017106294631958], [2, 369.74114990234375, 130.52413940429688, 380.293212890625, 154.56570434570312, 0.36867791414260864], [0, 584.4918212890625, 7.44512414932251, 592.3892822265625, 21.760900497436523, 0.36834412813186646], [1, 131.22207641601562, 598.3958129882812, 149.1827392578125, 632.8469848632812, 0.320954829454422], [3, 583.745361328125, 0.0, 592.79638671875, 21.831897735595703, 0.3035019338130951]]}