{"clean": [[0, 175.6934814453125, 433.13592529296875, 195.050048828125, 476.12408447265625, 0.8356243968009949], [0, 396.733642578125, 253.6871337890625, 410.86724853515625, 274.13287353515625, 0.8234779834747314], [3, 262.7958068847656, 232.25314331054688, 318.0691223144531, 303.6524353027344, 0.8208050727844238], [1, 449.7736511230469, 47.024330139160156, 464.3005065917969, 62.505836486816406, 0.7916601896286011], [0, 12.587111473083496, 150.19699096679688, 24.220596313476562, 167.35348510742188, 0.7829753756523132], [0, 484.6221618652344, 89.677734375, 498.0748596191406, 105.72921752929688, 0.774489164352417], [0, 45.166603088378906, 74.18941497802734, 58.332725524902344, 89.4051284790039, 0.7339072823524475], [1, 563.736328125, 406.9796142578125, 579.444580078125, 455.1160888671875, 0.7251026630401611], [1, 11.160646438598633, 104.47483825683594, 22.919137954711914, 123.45835876464844, 0.7190805077552795], [0, 321.72479248046875, 367.5435791015625, 342.26141357421875, 398.0465087890625, 0.6762621402740479], [1, 0.0, 409.59991455078125, 18.726694107055664, 455.76031494140625, 0.6382061243057251], [1, 197.46221923828125, 508.88214111328125, 228.527587890625, 559.2831420898438, 0.6271625757217407], [1, 550.000244140625, 266.283935546875, 563.240234375, 297.5352783203125, 0.5957905054092407], [1, 420.99176025390625, 35.524085998535156, 436.2880859375, 48.57611846923828, 0.5939536094665527], [0, 90.40751647949219, 275.02001953125, 106.84353637695312, 297.8126220703125, 0.5626068115234375], [2, 559.6821899414062, 278.763671875, 578.2429809570312, 333.275634765625, 0.5348142385482788], [0, 0.0060272216796875, 543.3267822265625, 5.680337905883789, 573.1229248046875, 0.33294594287872314], [3, 559.5531005859375, 278.89031982421875, 578.3433837890625, 333.53839111328125, 0.3316352963447571], [1, 267.7904052734375, 458.51165771484375, 293.6644287109375, 494.01373291015625, 0.27035877108573914]], "patched": [[3, 262.82916259765625, 232.26168823242188, 318.02435302734375, 303.6867980957031, 0.8299815058708191], [0, 396.7703552246094, 253.8251953125, 410.8303527832031, 274.07635498046875, 0.8232570886611938], [1, 449.7940979003906, 47.08075714111328, 464.2798156738281, 62.48326873779297, 0.8016208410263062], [0, 12.60690689086914, 150.22018432617188, 24.18679428100586, 167.34109497070312, 0.7778929471969604], [0, 484.6465759277344, 89.72974395751953, 498.0350646972656, 105.7118148803711, 0.7734696865081787], [1, 563.7518920898438, 406.99609375, 579.3933715820312, 455.1124267578125, 0.7324720621109009], [0, 45.198516845703125, 74.20552062988281, 58.32123565673828, 89.39738464355469, 0.7314664125442505], [2, 175.6229705810547, 433.10113525390625, 194.9285125732422, 476.17596435546875, 0.7283579111099243], [1, 11.185611724853516, 104.4937744140625, 22.89946746826172, 123.45631408691406, 0.7002084255218506], [1, 550.028076171875, 266.3114318847656, 563.04248046875, 297.5285949707031, 0.6163023114204407], [1, 421.0028991699219, 35.53092956542969, 436.2586975097656, 48.5430908203125, 0.6147321462631226], [2, 559.7163696289062, 278.7755126953125, 578.2149047851562, 333.27978515625, 0.549774706363678], [1, 204.72561645507812, 527.4393310546875, 232.76010131835938, 546.59765625, 0.47824612259864807], [0, 90.75057983398438, 275.10052490234375, 106.05828857421875, 294.42303466796875, 0.46968793869018555], [1, 0.9395084381103516, 409.5111083984375, 18.671573638916016, 455.7911376953125, 0.42960456013679504], [3, 559.5804443359375, 278.885986328125, 578.3143310546875, 333.535888671875, 0.364350825548172], [1, 322.0959777832031, 367.5910339355469, 342.2225646972656, 397.9559020996094, 0.3317875266075134], [0, 0.007121086120605469, 543.4054565429688, 5.661815643310547, 573.1571655273438, 0.2994123697280884], [0, 324.1200866699219, 367.4175720214844, 342.3074645996094, 387.0795593261719, 0.2572176158428192]]}