{"clean": [[0, 381.3838195800781, 99.76765441894531, 392.0223083496094, 137.67239379882812, 0.7434580326080322], [0, 375.7970886230469, 242.85891723632812, 388.2588195800781, 285.3457336425781, 0.6075022220611572], [0, 379.9158935546875, 150.9176025390625, 391.00140380859375, 189.86270141601562, 0.538245677947998], [0, 559.4822998046875, 0.029490947723388672, 583.309814453125, 4.205497741699219, 0.34648168087005615], [0, 367.53729248046875, 468.1453857421875, 382.33575439453125, 524.1482543945312, 0.32625696063041687], [0, 613.38623046875, 0.014769554138183594, 626.43310546875, 8.274237632751465, 0.31106460094451904], [0, 373.4489440917969, 351.3824462890625, 385.6571960449219, 394.1212158203125, 0.3097858130931854], [0, 368.3240966796875, 492.01983642578125, 381.2138671875, 524.7197265625, 0.2922794818878174]], "patched": [[0, 381.4372863769531, 99.78538513183594, 392.0227966308594, 137.79330444335938, 0.7445515394210815], [0, 376.05267333984375, 259.1465759277344, 387.64019775390625, 285.2520446777344, 0.5579632520675659], [0, 380.13909912109375, 151.068115234375, 390.96441650390625, 189.92559814453125, 0.5047023296356201], [0, 367.7557067871094, 489.0611572265625, 382.0741271972656, 524.7008056640625, 0.47098255157470703], [0, 337.2122497558594, 29.893552780151367, 349.3013000488281, 50.4609375, 0.3952089548110962], [0, 559.46630859375, 0.03083181381225586, 583.37255859375, 4.217423439025879, 0.3178016245365143], [0, 375.9693603515625, 244.5645294189453, 387.792724609375, 284.83160400390625, 0.3133247494697571], [0, 373.5472106933594, 351.9969482421875, 385.1595153808594, 393.7843017578125, 0.30728045105934143], [0, 613.3370971679688, 0.014353752136230469, 626.4506225585938, 8.285901069641113, 0.3042405843734741]]}