{"clean": [[0, 549.0228271484375, 567.307373046875, 639.6766357421875, 638.715087890625, 0.9301155805587769], [0, 518.5709838867188, 432.4797668457031, 605.1625366210938, 492.1589660644531, 0.918341338634491], [0, 111.48773956298828, 238.59539794921875, 148.71868896484375, 320.7510986328125, 0.9153938889503479], [0, 518.1680297851562, 253.84881591796875, 585.7622680664062, 305.6995849609375, 0.9087353944778442], [0, 114.89885711669922, 130.56832885742188, 149.03857421875, 207.73526000976562, 0.8933774828910828], [0, 237.61233520507812, 120.79387664794922, 268.9791564941406, 192.69830322265625, 0.8824265599250793], [0, 572.20751953125, 470.95977783203125, 639.739013671875, 550.5816040039062, 0.8810346126556396], [0, 392.1446533203125, 314.3370361328125, 436.7406005859375, 407.0174560546875, 0.8780797719955444], [0, 277.8673095703125, 244.43240356445312, 313.6337890625, 323.8025817871094, 0.8604512214660645], [0, 605.2723999023438, 406.0130615234375, 639.8571166992188, 461.6234130859375, 0.8414710164070129], [0, 118.8159408569336, 0.021373748779296875, 147.92385864257812, 39.892486572265625, 0.8400086164474487], [0, 182.39569091796875, 569.0443725585938, 268.5312805175781, 639.6979370117188, 0.8384544849395752], [0, 115.92495727539062, 46.3318977355957, 148.29531860351562, 113.30851745605469, 0.8298140168190002], [0, 0.0, 153.6361541748047, 43.24024963378906, 194.6018524169922, 0.7937904596328735], [0, 65.81178283691406, 231.96710205078125, 102.62922668457031, 308.06292724609375, 0.7923580408096313], [0, 282.391357421875, 161.9273681640625, 317.988525390625, 238.75442504882812, 0.742706835269928], [0, 171.68768310546875, 99.435546875, 196.31231689453125, 163.23013305664062, 0.7374709248542786], [0, 0.0, 195.897705078125, 25.435699462890625, 258.2189636230469, 0.6821327805519104], [0, 0.0, 107.0788803100586, 34.153621673583984, 151.82131958007812, 0.6310067176818848], [0, 277.0771484375, 100.35333251953125, 301.272705078125, 155.57861328125, 0.5980489253997803], [0, 0.0, 73.80177307128906, 38.05754089355469, 112.15513610839844, 0.5873724222183228], [0, 334.4588623046875, 212.31533813476562, 372.962890625, 282.90863037109375, 0.427552193403244], [2, 455.3819580078125, 354.46160888671875, 568.5917358398438, 455.35205078125, 0.37372279167175293]], "patched": [[0, 518.697265625, 433.0214538574219, 604.8125, 491.1155700683594, 0.80618816614151], [0, 392.3363037109375, 353.86029052734375, 433.1478271484375, 407.14385986328125, 0.7748528122901917], [1, 268.65997314453125, 107.3082275390625, 299.56365966796875, 129.0635223388672, 0.7684453129768372], [1, 519.1600341796875, 265.7286376953125, 585.4293212890625, 305.0867919921875, 0.7584733963012695], [0, 277.9986572265625, 244.20413208007812, 313.4818115234375, 289.0727233886719, 0.7488503456115723], [1, 116.10626220703125, 130.866455078125, 148.75729370117188, 207.63980102539062, 0.7399694323539734], [0, 286.986572265625, 195.58477783203125, 316.81561279296875, 238.83145141601562, 0.7234866619110107], [0, 549.7979125976562, 570.38818359375, 639.9850463867188, 638.983642578125, 0.7167413830757141], [0, 112.44400024414062, 238.7582244873047, 148.30917358398438, 320.48956298828125, 0.6744714379310608], [1, 342.35797119140625, 242.095458984375, 369.33673095703125, 265.56927490234375, 0.6486902236938477], [1, 312.4326171875, 299.68798828125, 341.0069580078125, 363.03997802734375, 0.6241666078567505], [1, 265.3760986328125, 92.09872436523438, 296.155517578125, 111.95314025878906, 0.6131329536437988], [0, 280.1329345703125, 274.6396484375, 313.0020751953125, 322.74072265625, 0.6022571325302124], [1, 0.04154396057128906, 122.83108520507812, 31.751527786254883, 151.9005126953125, 0.6016849875450134], [0, 116.69407653808594, 66.53036499023438, 147.57579040527344, 112.91671752929688, 0.5475061535835266], [1, 0.10715484619140625, 195.19186401367188, 23.381359100341797, 257.6755065917969, 0.5453096032142639], [1, 66.87044525146484, 232.0684051513672, 101.45528411865234, 307.78265380859375, 0.5392898321151733], [1, 0.01396942138671875, 155.36029052734375, 42.940208435058594, 194.65365600585938, 0.5220009684562683], [2, 170.79501342773438, 98.6340560913086, 196.56216430664062, 163.27908325195312, 0.5018310546875], [1, 0.0, 83.63394165039062, 36.330039978027344, 112.320556640625, 0.4996073246002197], [0, 0.0, 113.81521606445312, 34.153987884521484, 139.800048828125, 0.4772166609764099], [1, 524.2855224609375, 258.84356689453125, 571.0228271484375, 281.0557861328125, 0.4762694537639618], [1, 573.4295654296875, 509.1744384765625, 639.806396484375, 549.417724609375, 0.4709938168525696], [0, 238.8660888671875, 145.00665283203125, 268.9954833984375, 192.61895751953125, 0.44826045632362366], [0, 119.13404083251953, 0.0, 147.62445068359375, 39.970848083496094, 0.4289754331111908], [2, 66.7801513671875, 231.29339599609375, 101.49609375, 307.7802734375, 0.4121921956539154], [0, 277.48419189453125, 126.84004211425781, 301.27947998046875, 155.9871063232422, 0.41176509857177734], [1, 0.3464622497558594, 72.81852722167969, 38.58882522583008, 92.02790832519531, 0.3994865119457245], [2, 0.026943206787109375, 155.61068725585938, 42.96546173095703, 194.7208251953125, 0.38862982392311096], [1, 572.2723999023438, 475.4365234375, 640.0, 528.4498291015625, 0.3856969475746155], [1, 183.290771484375, 568.9921875, 268.87481689453125, 640.0, 0.3826447129249573], [1, 395.9039306640625, 314.6014709472656, 435.96923828125, 366.5486145019531, 0.37519437074661255], [1, 119.220458984375, 0.0, 147.57528686523438, 40.039817810058594, 0.36858344078063965], [0, 66.78781127929688, 232.12130737304688, 101.79310607910156, 307.8576965332031, 0.3678857088088989], [2, 238.07891845703125, 120.16754150390625, 269.0150146484375, 192.6602783203125, 0.35106292366981506], [1, 201.60195922851562, 600.452392578125, 246.32608032226562, 629.972900390625, 0.3421173095703125], [1, 0.06998825073242188, 113.78292846679688, 34.17001724243164, 140.02603149414062, 0.3194652497768402], [2, 518.7266845703125, 433.302490234375, 605.7264404296875, 491.555419921875, 0.30768001079559326], [3, 118.76627349853516, 0.08633041381835938, 147.62557983398438, 40.09104537963867, 0.29705050587654114], [1, 605.7223510742188, 416.87493896484375, 639.9386596679688, 461.24542236328125, 0.2931233048439026], [0, 115.78173828125, 46.27974319458008, 147.73565673828125, 112.61528015136719, 0.28876993060112], [0, 120.79521942138672, 47.535072326660156, 147.22369384765625, 83.05379486083984, 0.287392258644104], [0, 573.358642578125, 510.1767578125, 639.8975830078125, 549.9647216796875, 0.28340017795562744]]}