{"clean": [[0, 369.8882141113281, 260.20123291015625, 413.6420593261719, 368.68756103515625, 0.8842164278030396], [0, 112.85617065429688, 478.6668395996094, 191.21029663085938, 640.0, 0.861701488494873], [1, 69.32221984863281, 0.8770904541015625, 125.44291687011719, 73.21244049072266, 0.8597941994667053], [1, 354.58978271484375, 140.58053588867188, 404.79132080078125, 206.24392700195312, 0.8464086651802063], [1, 277.52569580078125, 288.17718505859375, 324.15618896484375, 411.22662353515625, 0.8269614577293396], [1, 1.6604537963867188, 172.83975219726562, 96.84691619873047, 339.9128723144531, 0.8118400573730469], [0, 377.26922607421875, 539.5172119140625, 438.860107421875, 640.0, 0.7879941463470459], [0, 256.98773193359375, 451.2093505859375, 310.79498291015625, 562.4638671875, 0.7184827327728271], [4, 523.345703125, 233.544921875, 540.39892578125, 276.60394287109375, 0.655524492263794], [0, 289.2921447753906, 109.71321105957031, 322.4288024902344, 175.5144805908203, 0.6355359554290771], [0, 126.6759033203125, 24.21375274658203, 166.83059692382812, 88.81697845458984, 0.558617889881134], [0, 0.2983074188232422, 376.9246826171875, 30.511018753051758, 508.2762451171875, 0.5329285264015198], [0, 286.794921875, 201.01040649414062, 324.6513671875, 275.6812744140625, 0.2570917308330536]], "patched": [[1, 277.6266174316406, 294.3924560546875, 323.9960632324219, 411.1214599609375, 0.8184168338775635], [1, 69.71702575683594, 0.99139404296875, 125.8582763671875, 73.04754638671875, 0.7829073667526245], [1, 259.1795654296875, 496.9511413574219, 301.39678955078125, 530.98779296875, 0.7424960732460022], [0, 369.21429443359375, 260.67645263671875, 411.42034912109375, 325.42022705078125, 0.7259656190872192], [0, 379.0299072265625, 539.5232543945312, 438.484130859375, 640.0, 0.7188564538955688], [0, 260.79522705078125, 450.9755859375, 307.95611572265625, 512.3359375, 0.6637666821479797], [2, 0.6147689819335938, 174.66775512695312, 97.25566864013672, 340.5292663574219, 0.6525725722312927], [1, 127.949462890625, 24.03508758544922, 166.84396362304688, 88.58261108398438, 0.627595841884613], [1, 358.3843078613281, 147.40850830078125, 394.2550964355469, 171.78836059570312, 0.6273189187049866], [4, 523.4617919921875, 234.70001220703125, 538.6448974609375, 276.3428955078125, 0.6031452417373657], [1, 355.67083740234375, 167.14620971679688, 404.8221435546875, 206.37527465820312, 0.5924293398857117], [1, 1.6425323486328125, 172.88980102539062, 96.89735412597656, 339.8853454589844, 0.5815803408622742], [2, 124.24836730957031, 478.4643249511719, 192.3350372314453, 640.0, 0.5803624987602234], [1, 282.6881103515625, 233.54864501953125, 318.0909423828125, 256.9070739746094, 0.572907567024231], [0, 373.08111572265625, 309.78887939453125, 413.18585205078125, 369.0660400390625, 0.5142539143562317], [1, 278.7037353515625, 219.24075317382812, 311.53857421875, 241.19216918945312, 0.5086663365364075], [1, 355.26544189453125, 167.4532012939453, 389.36077880859375, 190.03746032714844, 0.4792230725288391], [1, 258.3572692871094, 596.6512451171875, 289.2349548339844, 616.9576416015625, 0.435200035572052], [1, 373.6513366699219, 309.5551452636719, 413.5363464355469, 368.8769226074219, 0.38461074233055115], [1, 260.71502685546875, 614.4493408203125, 290.79376220703125, 632.2559814453125, 0.35413798689842224], [1, 275.45684814453125, 202.4622344970703, 317.78179931640625, 240.6961212158203, 0.3426983952522278], [2, 0.110382080078125, 376.64825439453125, 30.03299331665039, 496.91192626953125, 0.31130316853523254], [1, 289.91552734375, 130.62939453125, 322.90789794921875, 175.42172241210938, 0.27557462453842163]]}