{"clean": [[0, 290.97674560546875, 301.4004821777344, 303.27435302734375, 335.5296325683594, 0.8665153980255127], [0, 429.76483154296875, 416.31317138671875, 448.97467041015625, 468.90496826171875, 0.8358681201934814], [3, 339.12933349609375, 0.012874603271484375, 360.44842529296875, 26.497629165649414, 0.7272165417671204], [0, 418.14605712890625, 512.123291015625, 437.23431396484375, 576.0372314453125, 0.6875231266021729], [0, 256.74224853515625, 53.03118133544922, 264.77874755859375, 68.52415466308594, 0.5811827182769775], [0, 259.7861022949219, 0.013376235961914062, 269.2774963378906, 5.929373741149902, 0.5435342788696289], [1, 418.4517822265625, 511.9992980957031, 437.2799072265625, 576.35107421875, 0.437274307012558], [0, 5.597938537597656, 438.24725341796875, 43.40711975097656, 466.18353271484375, 0.30129194259643555], [0, 567.5835571289062, 194.33248901367188, 586.4497680664062, 225.81625366210938, 0.28786057233810425], [1, 353.97943115234375, 275.95086669921875, 369.1710205078125, 309.46588134765625, 0.2868167459964752], [1, 0.5335006713867188, 438.35284423828125, 43.475990295410156, 466.31243896484375, 0.26395416259765625]], "patched": [[3, 339.13140869140625, 0.012361526489257812, 360.46697998046875, 26.507707595825195, 0.722601592540741], [0, 256.72662353515625, 53.04585266113281, 264.79052734375, 68.58067321777344, 0.5548122525215149], [0, 259.7767333984375, 0.013154983520507812, 269.28863525390625, 5.947752952575684, 0.5445926785469055], [2, 418.1263122558594, 512.1976318359375, 437.5379943847656, 576.3919677734375, 0.5428650379180908], [0, 429.56402587890625, 416.396240234375, 450.31475830078125, 468.96337890625, 0.4692915081977844], [0, 291.01824951171875, 301.5384216308594, 303.19171142578125, 335.4792175292969, 0.39659637212753296], [0, 417.86468505859375, 511.93731689453125, 434.94915771484375, 548.5999145507812, 0.2802640199661255], [0, 567.582275390625, 194.4190673828125, 586.338623046875, 225.8314208984375, 0.26296085119247437], [1, 353.9784240722656, 276.1950378417969, 369.1846008300781, 309.4712829589844, 0.25424423813819885]]}