{"clean": [[0, 357.1217041015625, 160.6884765625, 396.9853515625, 211.86785888671875, 0.8871471285820007], [1, 86.1032485961914, 26.583738327026367, 114.38704681396484, 71.28915405273438, 0.877378523349762], [0, 388.9283447265625, 139.71426391601562, 432.12884521484375, 190.0897216796875, 0.8748806715011597], [0, 314.3717956542969, 137.78707885742188, 344.4533386230469, 181.52243041992188, 0.8626974821090698], [0, 292.01580810546875, 34.97727966308594, 319.31939697265625, 66.62796783447266, 0.860605001449585], [0, 67.88909912109375, 150.05816650390625, 101.99838256835938, 216.3843994140625, 0.8555055260658264], [0, 403.27294921875, 85.05840301513672, 454.3818359375, 120.2614517211914, 0.8465223908424377], [0, 383.82666015625, 63.53330993652344, 432.4500732421875, 95.94134521484375, 0.8319342136383057], [0, 280.06109619140625, 9.503776550292969, 306.09808349609375, 38.049232482910156, 0.818413496017456], [0, 308.78271484375, 0.054126739501953125, 329.329345703125, 20.287906646728516, 0.7304401397705078], [0, 336.2479248046875, 119.59300994873047, 367.9447021484375, 164.2916259765625, 0.7043187618255615], [0, 509.8695068359375, 216.96865844726562, 573.468505859375, 260.8008117675781, 0.7037385106086731], [0, 385.08392333984375, 39.83799743652344, 422.39971923828125, 64.97642517089844, 0.7011356949806213], [0, 268.93768310546875, 0.0, 293.6583251953125, 10.769414901733398, 0.6920514702796936], [3, 231.53900146484375, 42.436248779296875, 292.47821044921875, 183.63369750976562, 0.6816483736038208], [0, 314.49676513671875, 17.297767639160156, 337.08807373046875, 45.90443420410156, 0.6755338907241821], [2, 505.54803466796875, 251.19911193847656, 613.7691040039062, 327.9859619140625, 0.6369644403457642], [4, 472.84869384765625, 117.67105102539062, 484.68878173828125, 137.91940307617188, 0.4296334981918335], [2, 232.27052307128906, 41.9744873046875, 292.009033203125, 181.58816528320312, 0.31698930263519287]], "patched": [[1, 86.43231964111328, 26.69089698791504, 114.34464263916016, 71.19478607177734, 0.8764402866363525], [0, 357.6144104003906, 160.86593627929688, 396.5206604003906, 211.79055786132812, 0.8738985657691956], [0, 314.1233215332031, 137.80653381347656, 343.7622375488281, 181.31239318847656, 0.8664268851280212], [0, 68.09895324707031, 150.17967224121094, 101.87574768066406, 216.43458557128906, 0.8496457934379578], [0, 336.4532470703125, 119.75570678710938, 367.6407470703125, 164.11947631835938, 0.7581560015678406], [3, 231.72129821777344, 41.778594970703125, 292.400634765625, 183.17337036132812, 0.7495570778846741], [0, 280.44464111328125, 9.558025360107422, 300.72216796875, 29.99651336669922, 0.7494000196456909], [0, 292.6400451660156, 35.068275451660156, 319.3092346191406, 66.4779281616211, 0.7059819102287292], [1, 403.79156494140625, 86.00944519042969, 453.94097900390625, 120.40620422363281, 0.6992796659469604], [0, 272.9221496582031, 0.0, 293.4195861816406, 10.19471549987793, 0.6945394277572632], [2, 505.53179931640625, 252.58340454101562, 613.6220092773438, 327.9148864746094, 0.6558621525764465], [0, 509.6197814941406, 217.160888671875, 573.1114501953125, 259.8575744628906, 0.5882397890090942], [0, 389.29681396484375, 140.24835205078125, 432.18280029296875, 189.46368408203125, 0.587265133857727], [0, 388.581787109375, 63.24034881591797, 431.4786376953125, 82.91657257080078, 0.5580946207046509], [1, 389.28570556640625, 140.41705322265625, 432.05694580078125, 190.0146484375, 0.5360657572746277], [0, 385.70635986328125, 46.92145538330078, 420.4833984375, 65.68669891357422, 0.4785735607147217], [0, 387.89630126953125, 39.81896209716797, 421.65863037109375, 59.548675537109375, 0.4503474831581116], [4, 473.195556640625, 117.68910217285156, 484.59375, 137.21356201171875, 0.4341225028038025], [0, 316.7874450683594, 17.104854583740234, 333.4378356933594, 38.307342529296875, 0.4326692521572113], [0, 386.39129638671875, 42.79467010498047, 421.6258544921875, 63.53313446044922, 0.2769278585910797], [1, 385.5718994140625, 72.01820373535156, 431.7607421875, 94.52362060546875, 0.2671223282814026], [0, 384.53863525390625, 64.009521484375, 431.823974609375, 93.56451416015625, 0.2513212561607361]]}