{"clean": [[0, 287.13079833984375, 113.1318359375, 314.4151611328125, 141.68833923339844, 0.8775623440742493], [0, 260.875, 239.01708984375, 287.49749755859375, 287.4461669921875, 0.8688634634017944], [0, 244.082275390625, 502.69671630859375, 287.5972900390625, 545.7279663085938, 0.8420684337615967], [0, 379.46923828125, 455.3617248535156, 421.70654296875, 490.4062194824219, 0.8390055298805237], [0, 457.4190673828125, 2.957183837890625, 483.401123046875, 22.308673858642578, 0.8310751914978027], [0, 553.6220703125, 301.766845703125, 584.983154296875, 348.3187255859375, 0.8304927349090576], [1, 471.3775634765625, 368.5731201171875, 505.2088623046875, 398.353515625, 0.8261055946350098], [0, 291.1129150390625, 138.14764404296875, 320.400390625, 162.01657104492188, 0.8164013624191284], [0, 420.803466796875, 66.03865051269531, 446.53155517578125, 83.94377136230469, 0.8151882290840149], [0, 472.4056091308594, 73.0885009765625, 503.9438171386719, 90.56149291992188, 0.7758281826972961], [0, 504.2421875, 373.6290283203125, 541.9593505859375, 401.5123291015625, 0.7531476020812988], [1, 416.21240234375, 48.59526824951172, 440.488525390625, 69.4572982788086, 0.7056039571762085], [0, 456.5480041503906, 0.0, 481.7473449707031, 5.891502857208252, 0.6731604337692261], [0, 467.4807434082031, 37.824066162109375, 500.3924865722656, 58.243804931640625, 0.5980672836303711], [0, 259.3897705078125, 63.243568420410156, 273.5009765625, 90.0124282836914, 0.5359780192375183], [4, 523.5728759765625, 353.9363098144531, 532.4095458984375, 374.7308654785156, 0.49510419368743896], [4, 213.68356323242188, 344.6278381347656, 228.35086059570312, 357.4432678222656, 0.4035322070121765], [0, 268.84765625, 90.53717041015625, 282.325927734375, 119.4600830078125, 0.4018433392047882], [0, 424.1562194824219, 369.12554931640625, 453.5257263183594, 395.40765380859375, 0.31816521286964417], [1, 424.1009216308594, 369.03857421875, 453.3105773925781, 395.58892822265625, 0.3073815405368805], [4, 595.0018310546875, 295.21533203125, 603.8016357421875, 315.0501708984375, 0.297696977853775], [0, 34.22968292236328, 187.32965087890625, 50.161216735839844, 216.44549560546875, 0.2558521032333374]], "patched": [[0, 244.11561584472656, 503.0809326171875, 287.3834228515625, 545.6202392578125, 0.8951022028923035], [1, 471.76629638671875, 368.65203857421875, 504.64788818359375, 398.47698974609375, 0.8449646830558777], [0, 259.3554992675781, 65.50888061523438, 273.2897033691406, 89.64569091796875, 0.738781750202179], [1, 504.26611328125, 373.9535827636719, 541.6959228515625, 401.5658264160156, 0.7322245836257935], [1, 416.47955322265625, 48.79435729980469, 439.80316162109375, 69.13365173339844, 0.6793201565742493], [1, 557.9910278320312, 322.90753173828125, 583.2565307617188, 339.20849609375, 0.6548162698745728], [0, 379.63543701171875, 470.0289306640625, 420.89019775390625, 490.1483154296875, 0.6322087645530701], [0, 379.5020446777344, 459.41363525390625, 421.2255554199219, 490.29052734375, 0.627615213394165], [0, 456.7450866699219, 0.0, 480.1353454589844, 5.613347053527832, 0.6127071380615234], [0, 457.8822021484375, 7.806782245635986, 482.91705322265625, 22.353145599365234, 0.6078954935073853], [0, 467.28680419921875, 47.42568588256836, 494.11834716796875, 60.477542877197266, 0.5934439301490784], [0, 457.80804443359375, 2.627105712890625, 481.26556396484375, 15.283708572387695, 0.48140668869018555], [1, 261.01220703125, 239.2816162109375, 286.9598388671875, 287.50177001953125, 0.4802187979221344], [4, 213.77774047851562, 345.0601806640625, 228.32858276367188, 357.3966064453125, 0.45748013257980347], [0, 472.1811828613281, 39.264427185058594, 495.3902893066406, 50.706382751464844, 0.43772682547569275], [0, 287.916748046875, 113.32931518554688, 314.4625244140625, 131.4869384765625, 0.363752156496048], [4, 523.8641357421875, 354.4013671875, 532.15283203125, 374.60693359375, 0.36367732286453247], [0, 420.4459533691406, 66.12355041503906, 446.3691711425781, 86.24775695800781, 0.3587607145309448], [0, 380.24462890625, 455.142578125, 420.8214111328125, 474.1041259765625, 0.34359002113342285], [1, 553.26171875, 303.697021484375, 581.608154296875, 326.471435546875, 0.28491026163101196], [4, 510.7845458984375, 288.9644775390625, 526.9029541015625, 298.58355712890625, 0.28093528747558594]]}