{"clean": [[0, 531.152587890625, 193.24227905273438, 567.2042236328125, 237.83322143554688, 0.84852534532547], [0, 438.972900390625, 56.36296844482422, 454.50189208984375, 76.95914459228516, 0.7975394129753113], [0, 412.3462219238281, 32.23368835449219, 426.1453552246094, 50.78599548339844, 0.7892611026763916], [0, 295.4355773925781, 412.3211669921875, 356.0161437988281, 600.661865234375, 0.782171905040741], [1, 538.4732055664062, 245.04513549804688, 588.4363403320312, 314.0439147949219, 0.7614644765853882], [0, 349.26239013671875, 20.92190170288086, 362.608642578125, 38.97867202758789, 0.7599204778671265], [0, 426.9597473144531, 23.974191665649414, 439.8793029785156, 40.76099395751953, 0.6637985706329346], [0, 508.4656066894531, 24.921520233154297, 539.618408203125, 41.576297760009766, 0.6493347883224487], [0, 207.68455505371094, 48.305702209472656, 221.4008331298828, 68.14132690429688, 0.6446892619132996], [1, 327.4704284667969, 126.74268341064453, 351.5843811035156, 184.42059326171875, 0.6197665333747864], [0, 199.18988037109375, 3.695718765258789, 220.81527709960938, 23.145883560180664, 0.4396880269050598], [0, 527.8236694335938, 59.37931823730469, 567.1970825195312, 79.02090454101562, 0.40136078000068665], [0, 0.0, 465.0435791015625, 32.40724182128906, 551.2094116210938, 0.3925362527370453], [0, 375.1652526855469, 0.010253429412841797, 386.5558166503906, 7.9669318199157715, 0.374569833278656], [0, 355.502197265625, 0.027750134468078613, 363.453125, 3.984956741333008, 0.3450949192047119], [1, 199.25076293945312, 3.0292739868164062, 220.93179321289062, 23.17166519165039, 0.3147175908088684], [4, 326.421142578125, 112.81184387207031, 332.4034423828125, 125.89140319824219, 0.2561905086040497]], "patched": [[0, 530.9853515625, 193.47012329101562, 567.2470703125, 237.65225219726562, 0.8314822316169739], [0, 412.30926513671875, 32.20649719238281, 426.17974853515625, 50.83409881591797, 0.7898585200309753], [0, 439.0109558105469, 56.36329650878906, 454.3667907714844, 76.92814636230469, 0.7842133641242981], [0, 349.2414245605469, 20.888099670410156, 362.6483459472656, 39.02667999267578, 0.7617471814155579], [0, 426.9371337890625, 23.955541610717773, 439.77764892578125, 40.78081512451172, 0.6650261282920837], [1, 327.4175109863281, 126.65154266357422, 351.6273498535156, 184.47589111328125, 0.6484581828117371], [0, 207.66534423828125, 48.269805908203125, 221.29751586914062, 68.25020599365234, 0.644961416721344], [0, 296.07733154296875, 416.4336242675781, 356.20062255859375, 609.6611328125, 0.6140726208686829], [0, 526.8837890625, 60.054813385009766, 568.1484375, 80.04061889648438, 0.5363279581069946], [0, 508.8113098144531, 24.786888122558594, 540.4951171875, 41.88408660888672, 0.5315406918525696], [0, 199.17388916015625, 3.6646385192871094, 220.86740112304688, 23.160886764526367, 0.437568724155426], [0, 375.15679931640625, 0.00959014892578125, 386.57281494140625, 7.989673137664795, 0.37517648935317993], [0, 0.0, 465.3929443359375, 32.43600082397461, 550.739990234375, 0.3652258515357971], [0, 355.49859619140625, 0.027883052825927734, 363.47723388671875, 3.996596336364746, 0.34382590651512146], [1, 199.21533203125, 3.000936508178711, 220.99191284179688, 23.186416625976562, 0.3147227466106415], [4, 326.39105224609375, 112.64962005615234, 332.48773193359375, 125.9513168334961, 0.2599482536315918]]}