{"clean": [[0, 507.9869384765625, 379.47528076171875, 546.31005859375, 412.54339599609375, 0.839573085308075], [1, 390.4002685546875, 270.97137451171875, 431.015625, 309.95452880859375, 0.8307313323020935], [0, 536.791015625, 341.97698974609375, 570.26513671875, 373.5059814453125, 0.8088382482528687], [0, 18.078018188476562, 548.516845703125, 69.9554672241211, 604.028076171875, 0.7835661768913269], [0, 458.42071533203125, 259.15155029296875, 493.74212646484375, 286.36614990234375, 0.7790332436561584], [0, 342.85992431640625, 298.30328369140625, 379.26312255859375, 326.83673095703125, 0.7744613289833069], [0, 443.109619140625, 45.97480010986328, 466.2083740234375, 63.77809143066406, 0.7555829286575317], [1, 430.1669006347656, 267.8330078125, 457.4016418457031, 292.75128173828125, 0.746941328048706], [0, 490.7637939453125, 247.71893310546875, 523.32666015625, 276.60577392578125, 0.7227841019630432], [0, 430.26422119140625, 0.0, 453.13433837890625, 12.426261901855469, 0.661499559879303], [4, 538.078857421875, 479.07647705078125, 555.889404296875, 494.1949462890625, 0.634698748588562], [0, 602.4403076171875, 212.12759399414062, 635.509521484375, 239.76382446289062, 0.6190283298492432], [0, 552.5321044921875, 368.3704833984375, 590.8812255859375, 394.23828125, 0.5656440258026123], [1, 528.4010620117188, 231.74557495117188, 575.0408325195312, 262.2860412597656, 0.5571790337562561], [4, 512.9163818359375, 428.5062255859375, 528.153076171875, 445.8236083984375, 0.405316561460495], [4, 548.2518310546875, 431.98284912109375, 566.9964599609375, 450.528564453125, 0.40302959084510803], [0, 350.69854736328125, 445.07733154296875, 390.75775146484375, 472.90216064453125, 0.3678085505962372], [0, 301.96051025390625, 453.28857421875, 342.84197998046875, 487.1063232421875, 0.3591914772987366], [0, 425.8828125, 0.007900714874267578, 448.61737060546875, 5.080946922302246, 0.3324846625328064], [4, 475.0931396484375, 121.68925476074219, 484.547119140625, 130.3702392578125, 0.2923490107059479], [0, 425.78302001953125, 0.016365528106689453, 441.62237548828125, 5.01936149597168, 0.27096956968307495]], "patched": [[1, 390.40380859375, 270.9724426269531, 430.942626953125, 310.0108947753906, 0.8356034755706787], [0, 536.8292846679688, 341.98651123046875, 569.9955444335938, 373.55999755859375, 0.8059903383255005], [0, 342.697998046875, 298.315185546875, 379.24493408203125, 326.841552734375, 0.764134407043457], [0, 442.05340576171875, 46.15281677246094, 465.36431884765625, 63.834312438964844, 0.6915058493614197], [0, 506.3926086425781, 379.561767578125, 546.351318359375, 412.528076171875, 0.6696129441261292], [4, 538.08984375, 479.09271240234375, 555.8719482421875, 494.16522216796875, 0.6289514899253845], [0, 430.3383483886719, 0.0, 452.7178039550781, 11.788057327270508, 0.6272018551826477], [1, 431.3294677734375, 267.0724182128906, 458.578369140625, 292.5854187011719, 0.6271101832389832], [0, 18.120424270629883, 548.5970458984375, 69.86485290527344, 603.4573974609375, 0.6208029985427856], [0, 492.23748779296875, 247.90731811523438, 522.7171020507812, 276.6773986816406, 0.6162533760070801], [0, 602.4517822265625, 212.24545288085938, 635.5693359375, 239.75753784179688, 0.6132917404174805], [4, 548.194580078125, 431.529296875, 567.000244140625, 450.51507568359375, 0.47961366176605225], [4, 512.8192138671875, 428.3523864746094, 528.1602783203125, 445.7965393066406, 0.45701315999031067], [1, 528.4979858398438, 231.63983154296875, 575.5040893554688, 262.1032409667969, 0.4553426504135132], [0, 455.49346923828125, 259.20855712890625, 492.34027099609375, 286.59112548828125, 0.44624146819114685], [0, 425.93804931640625, 0.009293079376220703, 448.48223876953125, 5.085923671722412, 0.3390086591243744], [0, 430.4635314941406, 4.624100685119629, 453.7914733886719, 14.567627906799316, 0.3279114365577698], [0, 425.833984375, 0.017945289611816406, 441.5313720703125, 5.012939453125, 0.3277040123939514], [4, 475.1127014160156, 121.73298645019531, 484.3167419433594, 130.34596252441406, 0.3127747178077698], [1, 456.3536376953125, 259.14227294921875, 492.5482177734375, 287.29571533203125, 0.3119054138660431], [0, 351.04083251953125, 445.9224853515625, 390.43548583984375, 473.292724609375, 0.29823192954063416], [1, 302.6418151855469, 460.1624450683594, 342.2085876464844, 487.0699768066406, 0.2731277346611023]]}