{"clean": [[0, 300.66424560546875, 445.800048828125, 321.17755126953125, 484.75787353515625, 0.836491584777832], [0, 416.1753234863281, 528.0262451171875, 446.3368225097656, 580.041015625, 0.8192934393882751], [0, 122.52658081054688, 57.454811096191406, 129.47940063476562, 65.11688995361328, 0.7849916815757751], [0, 624.7713623046875, 179.98696899414062, 636.6729736328125, 194.33139038085938, 0.7716516256332397], [0, 146.8724365234375, 43.18846893310547, 154.20806884765625, 52.80943298339844, 0.7526811957359314], [0, 240.41488647460938, 144.0023651123047, 253.04794311523438, 161.26991271972656, 0.7427269220352173], [0, 123.6390380859375, 21.89282989501953, 130.9705810546875, 31.094650268554688, 0.7397616505622864], [0, 115.58242797851562, 61.719337463378906, 123.01632690429688, 70.74910736083984, 0.7231507897377014], [0, 155.78042602539062, 24.997013092041016, 162.37765502929688, 33.84664535522461, 0.7086305618286133], [0, 131.87879943847656, 86.17818450927734, 139.7072296142578, 96.29265594482422, 0.7051090598106384], [0, 140.25643920898438, 101.02345275878906, 149.22213745117188, 111.39004516601562, 0.6941872835159302], [0, 149.56674194335938, 137.11672973632812, 159.9637451171875, 147.62240600585938, 0.6790371537208557], [3, 201.26828002929688, 116.41983032226562, 225.22918701171875, 154.29071044921875, 0.6311870217323303], [0, 268.0708923339844, 167.6837158203125, 283.3332824707031, 184.32611083984375, 0.6261078715324402], [1, 178.5874481201172, 153.7537841796875, 196.80625915527344, 181.6949462890625, 0.5809096097946167], [0, 128.44512939453125, 7.247892379760742, 135.6259765625, 16.627836227416992, 0.5465613603591919], [0, 200.76876831054688, 89.44471740722656, 211.691162109375, 104.01335144042969, 0.5375592112541199], [0, 127.02371215820312, 96.59271240234375, 134.7454833984375, 106.1395263671875, 0.41250818967819214], [3, 178.64537048339844, 153.83682250976562, 197.00355529785156, 181.69638061523438, 0.2917913794517517]], "patched": [[0, 300.9923400878906, 444.97076416015625, 321.3879089355469, 484.45379638671875, 0.8139212727546692], [0, 421.59698486328125, 530.7857666015625, 446.64422607421875, 579.7860107421875, 0.8091018795967102], [0, 122.52565002441406, 57.45399475097656, 129.48046875, 65.12062072753906, 0.7844095230102539], [0, 624.7750244140625, 179.99179077148438, 636.6717529296875, 194.32711791992188, 0.7717005610466003], [0, 146.87144470214844, 43.186614990234375, 154.20945739746094, 52.81117248535156, 0.7520436644554138], [0, 240.4189453125, 144.00184631347656, 253.04339599609375, 161.26576232910156, 0.7428696751594543], [0, 123.63899230957031, 21.892257690429688, 130.9722137451172, 31.09604263305664, 0.739561915397644], [0, 115.578125, 61.71746826171875, 123.01876831054688, 70.751708984375, 0.7222574949264526], [0, 155.77996826171875, 24.995792388916016, 162.37945556640625, 33.84980773925781, 0.7083448171615601], [0, 131.87661743164062, 86.17535400390625, 139.70877075195312, 96.294677734375, 0.7057082056999207], [0, 140.2528533935547, 101.02009582519531, 149.2267608642578, 111.39134216308594, 0.6935769319534302], [0, 149.5772247314453, 137.122314453125, 159.9606475830078, 147.62213134765625, 0.679864227771759], [0, 268.0745849609375, 167.68258666992188, 283.3211669921875, 184.33047485351562, 0.6276707053184509], [3, 201.2743682861328, 116.41996002197266, 225.22975158691406, 154.28726196289062, 0.6247947812080383], [1, 178.5926513671875, 153.75762939453125, 196.79559326171875, 181.68682861328125, 0.578757643699646], [0, 128.4454345703125, 7.239665985107422, 135.63296508789062, 16.628509521484375, 0.5471352934837341], [0, 200.77142333984375, 89.43977355957031, 211.691650390625, 104.01347351074219, 0.5347973108291626], [0, 127.0204086303711, 96.59001159667969, 134.74905395507812, 106.14399719238281, 0.41365188360214233], [3, 178.65139770507812, 153.84030151367188, 196.99234008789062, 181.68869018554688, 0.29855477809906006]]}