{"clean": [[0, 334.08685302734375, 565.6104125976562, 374.41705322265625, 608.8486938476562, 0.8779029846191406], [0, 433.846923828125, 492.26226806640625, 468.5198974609375, 543.0927124023438, 0.8753674030303955], [0, 576.4010009765625, 434.28387451171875, 599.2052001953125, 470.55712890625, 0.8595231175422668], [0, 567.2054443359375, 562.1856079101562, 595.171630859375, 612.3384399414062, 0.8503970503807068], [0, 554.8883666992188, 326.63836669921875, 582.3169555664062, 353.40692138671875, 0.8413730263710022], [0, 532.7037353515625, 371.0206298828125, 558.6417236328125, 404.006591796875, 0.8230332732200623], [0, 538.8433837890625, 499.1620788574219, 567.8067626953125, 545.855224609375, 0.7717979550361633], [0, 498.62567138671875, 406.84954833984375, 527.8973999023438, 441.999267578125, 0.765280544757843], [0, 587.0543212890625, 288.5662536621094, 613.7186279296875, 313.6229553222656, 0.7640342116355896], [0, 631.1793823242188, 488.74456787109375, 639.9082641601562, 543.8381958007812, 0.6812964081764221], [0, 490.53277587890625, 418.91741943359375, 522.1444702148438, 458.84039306640625, 0.6734005212783813], [0, 90.7286605834961, 358.26220703125, 118.96479034423828, 382.10223388671875, 0.6482396125793457], [4, 478.9796447753906, 510.2822265625, 492.4665222167969, 530.8798828125, 0.6044910550117493], [0, 76.0418472290039, 355.37396240234375, 118.86174774169922, 382.22979736328125, 0.28940945863723755], [4, 469.7293701171875, 513.1897583007812, 478.2291259765625, 530.4424438476562, 0.2529560625553131]], "patched": [[0, 334.1107482910156, 564.7603759765625, 374.3013610839844, 609.0853271484375, 0.8473029136657715], [0, 576.4281616210938, 434.21881103515625, 599.2979125976562, 470.46905517578125, 0.8308596014976501], [0, 433.62237548828125, 491.6278076171875, 468.62847900390625, 541.5545654296875, 0.8245670795440674], [0, 567.16259765625, 561.238037109375, 595.2998046875, 612.3731689453125, 0.808412492275238], [0, 555.042236328125, 325.2330627441406, 582.30908203125, 353.6419982910156, 0.7067064046859741], [0, 539.1590576171875, 499.1629638671875, 568.565673828125, 547.0958251953125, 0.6576927900314331], [0, 631.1319580078125, 487.89617919921875, 639.9083251953125, 543.9260864257812, 0.6413760781288147], [4, 478.9877624511719, 510.29010009765625, 492.4458312988281, 530.9497680664062, 0.5415076017379761], [0, 585.4183349609375, 288.4176330566406, 613.5645751953125, 314.9533996582031, 0.43303436040878296], [0, 534.3897705078125, 370.4928894042969, 558.65576171875, 404.6477966308594, 0.29752305150032043]]}