{"clean": [[3, 286.5140380859375, 424.6029052734375, 319.98260498046875, 515.7874755859375, 0.874077558517456], [0, 317.11627197265625, 538.2586059570312, 362.94842529296875, 614.3184204101562, 0.8560327291488647], [0, 327.6788330078125, 456.29766845703125, 364.55615234375, 517.7904663085938, 0.8456602692604065], [0, 187.6718292236328, 277.3096923828125, 205.8097686767578, 310.0247802734375, 0.8372494578361511], [0, 227.0748291015625, 333.9322509765625, 261.5520324707031, 363.44091796875, 0.8281483054161072], [3, 351.7177734375, 32.121559143066406, 370.2691650390625, 66.93988037109375, 0.8272701501846313], [0, 274.0001525878906, 46.37273406982422, 285.4164733886719, 62.79021453857422, 0.7920742630958557], [0, 320.38189697265625, 411.9070739746094, 340.06854248046875, 445.6692199707031, 0.7650068402290344], [3, 367.52325439453125, 40.2891845703125, 385.94451904296875, 77.27652740478516, 0.7589704394340515], [0, 271.9249267578125, 362.12347412109375, 299.3060302734375, 409.375, 0.7489950656890869], [0, 267.18011474609375, 185.60897827148438, 281.15728759765625, 208.46835327148438, 0.6684970259666443], [0, 358.75262451171875, 626.2361450195312, 401.60516357421875, 640.0, 0.6628895998001099], [0, 265.6726989746094, 246.4080352783203, 279.8323059082031, 274.29071044921875, 0.5512051582336426], [3, 360.2921142578125, 18.53260040283203, 379.0172119140625, 39.66670608520508, 0.5262840390205383], [0, 311.92230224609375, 353.739990234375, 329.5289306640625, 391.61138916015625, 0.5035118460655212], [2, 44.966392517089844, 195.063232421875, 81.05870056152344, 266.79132080078125, 0.4768650233745575], [0, 364.20001220703125, 555.5006103515625, 424.01776123046875, 628.9544677734375, 0.45201820135116577]], "patched": [[3, 286.6066589355469, 424.60003662109375, 320.0395812988281, 515.8148803710938, 0.8740156292915344], [0, 327.66082763671875, 456.373046875, 364.55926513671875, 517.8335571289062, 0.8454513549804688], [3, 351.72021484375, 32.11779022216797, 370.269775390625, 66.9382095336914, 0.8284769058227539], [0, 316.86456298828125, 538.2410888671875, 362.20269775390625, 617.6898193359375, 0.8180003762245178], [0, 187.579833984375, 276.86566162109375, 205.72268676757812, 310.03790283203125, 0.8064460754394531], [0, 320.82977294921875, 413.27728271484375, 339.94677734375, 445.67059326171875, 0.8022806644439697], [0, 273.99072265625, 46.360145568847656, 285.42724609375, 62.79692840576172, 0.7926084995269775], [3, 367.519287109375, 40.29002380371094, 385.9500732421875, 77.27679443359375, 0.7596120238304138], [0, 226.73190307617188, 333.87127685546875, 261.5500793457031, 363.3900146484375, 0.731607973575592], [0, 271.9571228027344, 362.19769287109375, 299.3454895019531, 409.41668701171875, 0.7015560269355774], [0, 267.1496276855469, 185.57708740234375, 281.1745910644531, 208.47955322265625, 0.6628989577293396], [0, 364.0001220703125, 555.27490234375, 406.7794189453125, 632.92626953125, 0.6393113136291504], [0, 358.0308837890625, 626.5797729492188, 396.28057861328125, 640.0, 0.5535570383071899], [0, 265.6792907714844, 246.40505981445312, 279.8459777832031, 273.2787780761719, 0.5343811511993408], [3, 360.288330078125, 18.532474517822266, 379.024169921875, 39.67662048339844, 0.5300011038780212], [2, 44.923179626464844, 194.9737548828125, 81.05964660644531, 266.83795166015625, 0.4879586398601532], [1, 312.095703125, 353.95343017578125, 329.691650390625, 391.90020751953125, 0.45535480976104736], [0, 311.941650390625, 353.7959899902344, 329.4603271484375, 391.6549377441406, 0.40083983540534973]]}