{"clean": [[0, 46.424041748046875, 474.36370849609375, 73.12327575683594, 512.1621704101562, 0.8239924311637878], [0, 188.55987548828125, 298.43463134765625, 206.4150390625, 323.5672607421875, 0.8119505047798157], [0, 240.5897979736328, 211.68148803710938, 255.6359405517578, 230.70150756835938, 0.8077826499938965], [0, 111.85404968261719, 437.85162353515625, 136.1594696044922, 486.13787841796875, 0.7917063236236572], [0, 292.84783935546875, 123.22801208496094, 303.35223388671875, 133.7472686767578, 0.7815660238265991], [0, 295.6739501953125, 162.87103271484375, 308.81494140625, 183.32461547851562, 0.7660626173019409], [0, 417.77020263671875, 31.786848068237305, 426.4415283203125, 41.547607421875, 0.7525928020477295], [0, 336.8585205078125, 118.47492980957031, 347.350341796875, 130.21450805664062, 0.7304906249046326], [0, 91.92698669433594, 536.7311401367188, 116.55149841308594, 588.4927368164062, 0.7170950770378113], [0, 350.8702392578125, 67.48942565917969, 360.887451171875, 77.03959655761719, 0.6826130151748657], [0, 425.82440185546875, 47.28678894042969, 435.99676513671875, 57.323585510253906, 0.6699087619781494], [0, 466.12896728515625, 100.76620483398438, 474.44232177734375, 112.44978332519531, 0.6668693423271179], [0, 388.5574645996094, 70.37065124511719, 398.7416076660156, 81.49534606933594, 0.6569544672966003], [0, 290.00341796875, 114.24005126953125, 299.77490234375, 125.20907592773438, 0.6089164018630981], [0, 439.7747802734375, 0.0, 447.5662841796875, 5.297473907470703, 0.600339949131012], [3, 87.96379089355469, 524.380859375, 144.6886444091797, 639.5703125, 0.5684638023376465], [0, 446.209716796875, 9.236743927001953, 454.4779052734375, 18.260353088378906, 0.563312828540802], [3, 577.8261108398438, 136.4624481201172, 607.4212036132812, 168.14381408691406, 0.5630152225494385], [0, 456.5785217285156, 33.19285583496094, 465.2729797363281, 42.918739318847656, 0.39148327708244324], [0, 489.15179443359375, 23.955286026000977, 495.69610595703125, 31.136369705200195, 0.3291908800601959], [0, 378.1724548339844, 109.45634460449219, 394.7248840332031, 121.87504577636719, 0.30213403701782227]], "patched": [[0, 240.58853149414062, 211.68824768066406, 255.62234497070312, 230.7008819580078, 0.8082392811775208], [0, 188.49874877929688, 294.5966796875, 205.53939819335938, 323.3563232421875, 0.7957382202148438], [0, 111.84510803222656, 437.8238525390625, 136.12904357910156, 486.191162109375, 0.786273181438446], [0, 292.84814453125, 123.23119354248047, 303.3531494140625, 133.7470703125, 0.7816739082336426], [0, 46.56587219238281, 474.2919921875, 73.49078369140625, 512.0617065429688, 0.7802747488021851], [0, 295.6796875, 162.87522888183594, 308.8074951171875, 183.3197479248047, 0.7655144333839417], [0, 417.7679443359375, 31.785274505615234, 426.4417724609375, 41.55093765258789, 0.7518174052238464], [0, 336.859130859375, 118.48933410644531, 347.3455810546875, 130.2133331298828, 0.7300561666488647], [0, 92.99458312988281, 537.3726806640625, 116.60798645019531, 588.6773681640625, 0.687328577041626], [0, 350.8677978515625, 67.48991394042969, 360.8917236328125, 77.04396057128906, 0.6825231313705444], [0, 425.81988525390625, 47.2840576171875, 436.00323486328125, 57.32733154296875, 0.6698967218399048], [0, 466.165771484375, 100.8116455078125, 474.4127197265625, 112.4359130859375, 0.6662709712982178], [0, 388.55462646484375, 70.36955261230469, 398.74346923828125, 81.49897766113281, 0.6564928889274597], [0, 290.00274658203125, 114.23999786376953, 299.78045654296875, 125.21105194091797, 0.6097631454467773], [0, 439.7717590332031, 0.0, 447.5706481933594, 5.303449630737305, 0.6005173921585083], [0, 446.20233154296875, 9.228876113891602, 454.48321533203125, 18.2657527923584, 0.5645893216133118], [3, 577.6275634765625, 136.59622192382812, 607.6463623046875, 168.5400390625, 0.5602115392684937], [0, 456.5784912109375, 33.198997497558594, 465.2760009765625, 42.92436981201172, 0.3921544849872589], [3, 88.05313110351562, 522.2824096679688, 144.66957092285156, 639.6022338867188, 0.366105318069458], [0, 489.1478271484375, 23.948772430419922, 495.701416015625, 31.140003204345703, 0.32602107524871826], [0, 378.16864013671875, 109.45307159423828, 394.7230224609375, 121.88777923583984, 0.30297642946243286]]}