{"clean": [[0, 235.51632690429688, 365.04150390625, 251.97726440429688, 414.8790283203125, 0.7780687212944031], [0, 162.3104248046875, 68.80570983886719, 174.86431884765625, 94.52952575683594, 0.7743692994117737], [0, 223.5094757080078, 171.47589111328125, 238.44041442871094, 205.1787109375, 0.774113655090332], [0, 369.048583984375, 86.76365661621094, 384.680419921875, 129.42893981933594, 0.7694931030273438], [0, 322.430419921875, 572.289306640625, 345.1798095703125, 627.932373046875, 0.6675142049789429], [0, 429.50616455078125, 618.940185546875, 453.00994873046875, 640.0, 0.5074611306190491], [3, 399.0513610839844, 114.1800537109375, 437.4363708496094, 265.1344909667969, 0.47145646810531616]], "patched": [[0, 369.58282470703125, 87.37687683105469, 384.64227294921875, 129.2331085205078, 0.7895827889442444], [0, 162.43948364257812, 69.205810546875, 174.78262329101562, 94.48599243164062, 0.7772356271743774], [0, 224.00184631347656, 171.91122436523438, 238.45616149902344, 205.40432739257812, 0.7727376818656921], [0, 235.40692138671875, 357.6796875, 251.8985595703125, 414.647705078125, 0.7604107856750488], [0, 322.7545166015625, 573.5223388671875, 344.859130859375, 638.8397216796875, 0.7046075463294983], [0, 429.64215087890625, 619.1558227539062, 452.90032958984375, 640.0, 0.5452245473861694], [3, 399.16522216796875, 114.3057632446289, 437.19232177734375, 265.0053405761719, 0.5084714889526367]]}