{"clean": [[0, 253.33526611328125, 217.04071044921875, 266.7174072265625, 259.3775329589844, 0.8316713571548462], [0, 272.8380432128906, 100.29833984375, 284.2103576660156, 146.55564880371094, 0.7168922424316406], [0, 246.46878051757812, 391.23406982421875, 261.2894287109375, 443.53253173828125, 0.6957389116287231], [0, 293.48516845703125, 229.00927734375, 309.72967529296875, 280.96148681640625, 0.6928621530532837], [0, 270.3861083984375, 1.6380195617675781, 282.2281494140625, 46.19046401977539, 0.6878591775894165], [0, 299.92645263671875, 79.12762451171875, 312.4610595703125, 109.62237548828125, 0.6572443246841431], [0, 239.75106811523438, 272.21148681640625, 252.87271118164062, 319.36029052734375, 0.6504086852073669], [3, 245.86883544921875, 44.636783599853516, 264.81524658203125, 156.28396606445312, 0.6116200089454651], [0, 353.91656494140625, 0.06907272338867188, 365.89666748046875, 41.99937057495117, 0.5292579531669617], [0, 336.7854309082031, 216.23931884765625, 352.3467712402344, 265.3439025878906, 0.5206339955329895], [0, 312.26629638671875, 226.93319702148438, 328.12493896484375, 273.1409606933594, 0.45695120096206665], [4, 535.8009033203125, 220.88140869140625, 542.6422119140625, 234.37661743164062, 0.40939509868621826], [0, 609.664794921875, 594.324951171875, 639.9952392578125, 618.197021484375, 0.3834487199783325], [0, 301.68780517578125, 457.25531005859375, 318.54522705078125, 490.59478759765625, 0.3787524700164795], [1, 608.9879150390625, 589.6199951171875, 639.9693603515625, 617.3896484375, 0.3517283499240875], [0, 230.78030395507812, 30.507965087890625, 244.3935546875, 71.40274047851562, 0.34162262082099915], [0, 300.02398681640625, 628.1417846679688, 315.63385009765625, 640.0, 0.2874395549297333]], "patched": [[0, 240.8935546875, 285.0828857421875, 252.5872802734375, 319.0303955078125, 0.7352816462516785], [0, 272.71282958984375, 100.41000366210938, 284.33209228515625, 146.3707275390625, 0.6828426122665405], [0, 299.73553466796875, 79.99623107910156, 312.15252685546875, 111.63890075683594, 0.6553321480751038], [0, 253.6110076904297, 216.92596435546875, 266.58612060546875, 259.2757263183594, 0.6418710350990295], [3, 246.08358764648438, 44.65264892578125, 263.9023742675781, 156.38836669921875, 0.6081252694129944], [0, 270.6436462402344, 1.6973762512207031, 282.0970764160156, 45.92608642578125, 0.5889530777931213], [0, 246.41867065429688, 391.11865234375, 260.4562072753906, 445.0196533203125, 0.5790678858757019], [0, 335.5892028808594, 27.86071014404297, 346.6560974121094, 50.558311462402344, 0.5392575263977051], [4, 535.809326171875, 220.927978515625, 542.6085205078125, 234.2994384765625, 0.4940682053565979], [0, 301.8132019042969, 457.0992431640625, 317.6524353027344, 488.3687744140625, 0.2689164876937866], [0, 230.39614868164062, 26.448524475097656, 243.89907836914062, 70.62196350097656, 0.266812801361084], [0, 353.6255187988281, 0.3586006164550781, 366.2243347167969, 42.06692886352539, 0.2647072672843933], [0, 300.10125732421875, 628.2357177734375, 315.6856689453125, 640.0, 0.2604546546936035]]}