{"clean": [[0, 188.70584106445312, 229.9468994140625, 213.66055297851562, 256.17230224609375, 0.7955893874168396], [0, 317.33306884765625, 369.7489318847656, 331.32672119140625, 411.0506896972656, 0.7659406661987305], [3, 259.77423095703125, 242.6565704345703, 278.22076416015625, 344.71478271484375, 0.6986092329025269], [0, 306.303955078125, 183.65626525878906, 332.2681884765625, 204.9320526123047, 0.6948952078819275], [0, 110.83181762695312, 378.3719787597656, 122.93521118164062, 423.9864196777344, 0.6314179301261902], [0, 294.29681396484375, 291.84442138671875, 306.03045654296875, 330.66510009765625, 0.6266839504241943], [1, 624.9091186523438, 246.24981689453125, 640.0, 280.188720703125, 0.5932576656341553], [1, 307.69061279296875, 277.7357177734375, 319.62017822265625, 310.4071044921875, 0.5314157605171204], [0, 307.58941650390625, 277.92547607421875, 320.02703857421875, 310.4832763671875, 0.35884153842926025], [1, 353.2235107421875, 503.6206970214844, 365.755859375, 525.1893310546875, 0.25817060470581055]], "patched": [[0, 306.3397216796875, 183.52117919921875, 332.79510498046875, 204.8280029296875, 0.7122141718864441], [3, 259.89862060546875, 242.8529815673828, 278.15386962890625, 344.60882568359375, 0.7061564326286316], [0, 295.33148193359375, 301.7474670410156, 306.20062255859375, 330.7532653808594, 0.6205746531486511], [0, 319.96124267578125, 382.27276611328125, 331.09246826171875, 411.32000732421875, 0.6036836504936218], [0, 188.0694580078125, 229.8948974609375, 213.6131591796875, 255.95547485351562, 0.6026150584220886], [0, 110.97080993652344, 378.40582275390625, 122.88938903808594, 424.28948974609375, 0.5658746957778931], [1, 295.1239318847656, 302.248046875, 306.0495910644531, 330.6484375, 0.5612592101097107], [1, 624.8790283203125, 246.6757354736328, 639.9705810546875, 280.96917724609375, 0.397308886051178], [0, 307.1248779296875, 277.909423828125, 322.01123046875, 310.7705078125, 0.30096232891082764], [1, 353.18060302734375, 503.5574035644531, 365.72467041015625, 525.18115234375, 0.2827547788619995], [1, 307.20025634765625, 277.86798095703125, 321.0289306640625, 310.68450927734375, 0.273519903421402], [0, 625.1505126953125, 247.08258056640625, 639.9959716796875, 280.47967529296875, 0.25309568643569946]]}