{"clean": [[0, 387.79327392578125, 579.6544189453125, 410.10308837890625, 632.3148193359375, 0.8311206698417664], [0, 284.3724365234375, 333.9149169921875, 297.30548095703125, 350.9256591796875, 0.804286777973175], [0, 318.2093505859375, 371.58685302734375, 331.0972900390625, 390.82183837890625, 0.8004752397537231], [0, 303.7177734375, 282.32806396484375, 316.439697265625, 298.81976318359375, 0.7805765271186829], [0, 465.99334716796875, 451.9058837890625, 489.75543212890625, 501.865966796875, 0.775043785572052], [0, 307.1877746582031, 536.9476318359375, 327.9733581542969, 581.2193603515625, 0.7583122849464417], [0, 332.797607421875, 257.66448974609375, 346.8070068359375, 277.43194580078125, 0.6100077629089355], [0, 225.9136962890625, 196.11627197265625, 238.42779541015625, 208.74398803710938, 0.6034387350082397], [0, 395.8170471191406, 261.8275146484375, 414.6110534667969, 286.9464111328125, 0.5930390954017639], [3, 447.562255859375, 494.6715393066406, 492.87158203125, 628.0079345703125, 0.5818310379981995], [0, 338.0935974121094, 383.35430908203125, 351.7461242675781, 409.97235107421875, 0.579746425151825], [0, 222.353759765625, 163.09962463378906, 233.84326171875, 173.60389709472656, 0.5559621453285217], [1, 385.12646484375, 361.582763671875, 403.7958984375, 397.43609619140625, 0.5487229824066162], [2, 448.073974609375, 494.7220458984375, 492.47265625, 632.618408203125, 0.43710121512413025], [0, 342.4928894042969, 247.58148193359375, 363.0510559082031, 278.076171875, 0.38222736120224]], "patched": [[0, 387.85797119140625, 579.94091796875, 410.0242919921875, 633.724365234375, 0.8296590447425842], [0, 284.38916015625, 333.93011474609375, 297.2994384765625, 350.916015625, 0.8056270480155945], [0, 318.216064453125, 371.6647644042969, 331.07794189453125, 390.8365173339844, 0.8022650480270386], [0, 303.73162841796875, 282.3368835449219, 316.43499755859375, 298.8214416503906, 0.7815178036689758], [0, 307.3085021972656, 537.0029296875, 327.9646301269531, 581.23681640625, 0.7588018774986267], [0, 466.3473815917969, 451.86846923828125, 489.7460021972656, 502.12249755859375, 0.726150631904602], [0, 332.80126953125, 257.6905212402344, 346.8089599609375, 277.4443664550781, 0.6085647940635681], [0, 225.90621948242188, 196.1090087890625, 238.43161010742188, 208.747802734375, 0.602794349193573], [0, 395.80560302734375, 261.81903076171875, 414.60821533203125, 286.95965576171875, 0.5948895812034607], [1, 385.14910888671875, 361.58038330078125, 403.78607177734375, 397.44293212890625, 0.5714889168739319], [0, 338.10687255859375, 383.35772705078125, 351.73992919921875, 409.974365234375, 0.5622060298919678], [3, 447.5810241699219, 494.71197509765625, 492.8893737792969, 628.5620727539062, 0.5505645275115967], [0, 222.35574340820312, 163.0994415283203, 233.83786010742188, 173.6079559326172, 0.542401134967804], [2, 448.09515380859375, 494.7349853515625, 492.4881591796875, 632.65673828125, 0.4921110272407532], [0, 342.4929504394531, 247.5230712890625, 363.0436706542969, 278.07843017578125, 0.3772110641002655]]}