{"clean": [[0, 335.93572998046875, 356.16162109375, 350.42022705078125, 372.1015625, 0.662853479385376], [4, 149.473388671875, 449.24395751953125, 166.99468994140625, 469.70245361328125, 0.6273506283760071], [4, 308.52978515625, 430.45416259765625, 317.36627197265625, 452.84930419921875, 0.5458025336265564], [0, 336.5626220703125, 369.2506103515625, 352.35369873046875, 394.79449462890625, 0.5436075329780579], [0, 320.42694091796875, 310.6243896484375, 331.55096435546875, 325.8753662109375, 0.5432969331741333], [0, 185.27740478515625, 335.86053466796875, 205.93508911132812, 362.41925048828125, 0.5425999760627747], [4, 331.6700439453125, 294.06329345703125, 336.26019287109375, 302.54327392578125, 0.4606742858886719], [4, 206.51239013671875, 394.312255859375, 217.53192138671875, 416.1953125, 0.4561464488506317], [4, 252.0567626953125, 300.48126220703125, 255.77752685546875, 308.63604736328125, 0.30408576130867004], [4, 274.50384521484375, 264.6678466796875, 277.24139404296875, 270.310302734375, 0.25795722007751465]], "patched": [[4, 149.4525604248047, 449.03424072265625, 167.02647399902344, 469.7196044921875, 0.6347920894622803], [4, 308.424072265625, 429.61920166015625, 317.5135498046875, 452.87542724609375, 0.5670910477638245], [0, 320.6341552734375, 310.72308349609375, 331.53021240234375, 326.08978271484375, 0.5449534058570862], [0, 185.20565795898438, 335.7906494140625, 206.06781005859375, 362.4320068359375, 0.5446949005126953], [4, 206.42807006835938, 394.0570068359375, 217.61181640625, 416.23834228515625, 0.46981552243232727], [4, 331.63629150390625, 293.92364501953125, 336.29376220703125, 302.56817626953125, 0.4623105227947235], [4, 335.8614501953125, 338.4014892578125, 341.510986328125, 350.906494140625, 0.3354668617248535], [4, 252.11328125, 300.1341552734375, 255.85647583007812, 308.6063232421875, 0.3117716610431671], [4, 274.4735107421875, 264.539794921875, 277.2569580078125, 270.310546875, 0.26623624563217163]]}