{"clean": [[0, 146.35061645507812, 383.44012451171875, 180.8118896484375, 434.61212158203125, 0.8958587646484375], [0, 215.60476684570312, 584.4628295898438, 252.19039916992188, 640.0, 0.8424733281135559], [1, 171.2674560546875, 348.0433654785156, 195.9459228515625, 394.6095886230469, 0.8274624347686768], [0, 79.05010223388672, 418.27642822265625, 106.14192962646484, 468.275390625, 0.7826976776123047], [0, 242.45938110351562, 400.81951904296875, 268.46875, 465.515625, 0.7813173532485962], [0, 257.6151123046875, 346.41754150390625, 278.905517578125, 396.65045166015625, 0.7781247496604919], [0, 257.15185546875, 281.65155029296875, 274.3514404296875, 316.56488037109375, 0.7275189161300659], [4, 187.86199951171875, 522.2225341796875, 200.65130615234375, 544.2611083984375, 0.7101219296455383], [1, 263.4646911621094, 202.7385711669922, 275.5486755371094, 232.3028106689453, 0.6253646612167358], [4, 488.21337890625, 429.8885498046875, 508.5262451171875, 447.61962890625, 0.6217302680015564], [4, 342.9429931640625, 541.8738403320312, 353.78912353515625, 582.9367065429688, 0.6174944639205933], [0, 365.48492431640625, 545.4291381835938, 390.8170166015625, 601.3070678710938, 0.5808237195014954], [4, 303.5743408203125, 479.2794189453125, 313.75567626953125, 519.5524291992188, 0.5396755933761597], [0, 178.48846435546875, 297.8327331542969, 206.95172119140625, 335.5920715332031, 0.5245643854141235], [4, 150.66571044921875, 607.0499267578125, 164.548828125, 639.7769775390625, 0.4932126998901367], [4, 138.1555633544922, 318.1904296875, 145.65757751464844, 335.841064453125, 0.47211015224456787], [4, 303.400390625, 386.025634765625, 312.28094482421875, 417.47412109375, 0.3190858066082001]], "patched": [[0, 146.36270141601562, 383.4555969238281, 180.81033325195312, 434.5879821777344, 0.8947778940200806], [1, 171.28561401367188, 348.0440979003906, 195.87484741210938, 394.6061096191406, 0.828126072883606], [0, 257.6201477050781, 346.4154052734375, 278.8994445800781, 396.646240234375, 0.7794649004936218], [0, 242.46188354492188, 400.8191223144531, 268.4719543457031, 465.5066833496094, 0.7788666486740112], [4, 187.8915252685547, 522.2626953125, 200.63746643066406, 544.186279296875, 0.6928178668022156], [4, 488.1563720703125, 429.66510009765625, 508.54144287109375, 447.64068603515625, 0.6302390694618225], [1, 263.46051025390625, 202.73812866210938, 275.54693603515625, 232.28399658203125, 0.6179742813110352], [4, 342.94775390625, 541.89404296875, 353.7855224609375, 582.906005859375, 0.6147109866142273], [0, 365.4767761230469, 545.43603515625, 390.8232116699219, 601.283203125, 0.5624554753303528], [4, 303.5892333984375, 479.2947998046875, 313.73443603515625, 519.488037109375, 0.5372998118400574], [0, 178.51535034179688, 297.779296875, 206.73947143554688, 335.5673828125, 0.5173165798187256], [0, 215.8511962890625, 584.5484008789062, 251.94732666015625, 640.0, 0.5167362093925476], [4, 150.7154998779297, 607.5745849609375, 164.43357849121094, 639.7880859375, 0.4846239387989044], [4, 138.14697265625, 318.1601257324219, 145.66754150390625, 335.8451232910156, 0.47836223244667053], [1, 81.0202407836914, 419.44183349609375, 105.16837310791016, 467.54229736328125, 0.40046730637550354], [4, 303.40069580078125, 386.0093994140625, 312.2794189453125, 417.48291015625, 0.32161185145378113]]}