{"clean": [[4, 480.892822265625, 271.44427490234375, 503.0430908203125, 293.15325927734375, 0.7373950481414795], [4, 374.7765808105469, 296.89434814453125, 385.9599304199219, 315.77239990234375, 0.5496036410331726], [4, 565.8240966796875, 167.39596557617188, 573.2784423828125, 178.89846801757812, 0.3372288942337036], [4, 443.5677795410156, 251.6000518798828, 455.2509460449219, 271.97564697265625, 0.3316780626773834]], "patched": [[4, 480.91534423828125, 271.49066162109375, 503.02520751953125, 293.14801025390625, 0.7357944250106812], [4, 374.780029296875, 296.906982421875, 385.9578857421875, 315.7672119140625, 0.5597307682037354], [4, 443.5806884765625, 251.63829040527344, 455.2164306640625, 271.9556884765625, 0.3547157049179077], [4, 565.830322265625, 167.38674926757812, 573.265869140625, 178.88430786132812, 0.34265458583831787]]}