{"clean": [[0, 93.64210510253906, 437.5701904296875, 148.95188903808594, 530.8262939453125, 0.8619325757026672], [0, 108.64117431640625, 326.2950439453125, 142.72305297851562, 364.5084228515625, 0.8592993021011353], [1, 131.28030395507812, 292.64129638671875, 165.45455932617188, 330.9234619140625, 0.7924705147743225], [0, 307.5042419433594, 156.19406127929688, 314.6515197753906, 165.54052734375, 0.647162139415741], [0, 334.3306884765625, 152.0379180908203, 342.09368896484375, 161.10377502441406, 0.6192353367805481], [4, 242.42208862304688, 308.6824645996094, 251.05667114257812, 331.7676696777344, 0.6016502976417542], [2, 503.40472412109375, 486.00665283203125, 589.9865112304688, 640.0, 0.5492576360702515], [0, 314.989013671875, 151.33114624023438, 321.7301025390625, 157.92367553710938, 0.49543264508247375], [4, 262.9093017578125, 184.39193725585938, 267.94384765625, 192.87310791015625, 0.4902782440185547], [0, 192.06654357910156, 223.65081787109375, 209.1276397705078, 245.49761962890625, 0.45941564440727234], [4, 271.1388244628906, 183.8356475830078, 275.4160461425781, 193.20521545410156, 0.4211483895778656], [4, 275.9439697265625, 184.35195922851562, 279.7025146484375, 193.47177124023438, 0.3771216571331024], [0, 291.1497497558594, 142.88775634765625, 296.5971984863281, 148.90380859375, 0.3605297803878784], [0, 397.523681640625, 300.531494140625, 429.869384765625, 337.423828125, 0.35132715106010437], [4, 328.8114013671875, 159.42034912109375, 333.36883544921875, 166.1597900390625, 0.3470524549484253], [4, 290.00091552734375, 215.41390991210938, 295.34320068359375, 228.76547241210938, 0.31233566999435425], [4, 338.55706787109375, 225.97793579101562, 343.60455322265625, 239.04232788085938, 0.2949260175228119]], "patched": [[1, 131.08615112304688, 292.38555908203125, 165.77267456054688, 330.75067138671875, 0.6488780379295349], [4, 242.65823364257812, 308.49554443359375, 251.25723266601562, 331.89886474609375, 0.5813140273094177], [4, 262.82855224609375, 183.9497833251953, 268.12542724609375, 192.94334411621094, 0.5240186452865601], [1, 289.1787109375, 137.95278930664062, 296.7470703125, 148.47891235351562, 0.4809281826019287], [4, 271.07708740234375, 183.55081176757812, 275.48504638671875, 193.29928588867188, 0.4674786925315857], [0, 314.609619140625, 148.04571533203125, 321.859619140625, 157.95315551757812, 0.4097368121147156], [1, 281.627197265625, 126.65448760986328, 289.580810546875, 135.005615234375, 0.4063762426376343], [4, 275.857421875, 183.8144073486328, 279.81585693359375, 193.51097106933594, 0.4008139669895172], [0, 192.06015014648438, 223.46307373046875, 208.76040649414062, 245.6221923828125, 0.3956674337387085], [4, 329.10186767578125, 159.6068115234375, 333.29327392578125, 166.16070556640625, 0.287686824798584], [4, 338.460205078125, 225.58099365234375, 343.6636962890625, 239.186767578125, 0.2848436236381531], [4, 274.2526550292969, 208.12559509277344, 278.7873229980469, 218.3596649169922, 0.2780628204345703], [4, 289.8958740234375, 215.1480712890625, 295.47216796875, 228.7960205078125, 0.2733902931213379], [2, 504.594970703125, 450.74566650390625, 589.20703125, 640.0, 0.2605709135532379]]}