{"clean": [[0, 229.0252227783203, 277.6813659667969, 300.50213623046875, 379.4751281738281, 0.8976771235466003], [0, 445.29632568359375, 134.44012451171875, 506.16180419921875, 183.67413330078125, 0.8774846196174622], [0, 433.6456298828125, 463.8840026855469, 571.9847412109375, 625.325927734375, 0.874347984790802], [0, 0.0, 106.416259765625, 34.31047058105469, 161.2313232421875, 0.8515039086341858], [0, 169.9503173828125, 135.476318359375, 195.019775390625, 182.14254760742188, 0.8134713768959045], [0, 145.97943115234375, 54.85731506347656, 163.3663330078125, 86.03013610839844, 0.7921618223190308], [0, 394.47540283203125, 23.251544952392578, 416.35955810546875, 44.6091194152832, 0.7837106585502625], [0, 374.6629638671875, 22.304061889648438, 393.02288818359375, 47.24049377441406, 0.7813229560852051], [0, 314.8171081542969, 46.37522888183594, 341.4203186035156, 75.99552917480469, 0.7607279419898987], [1, 170.51805114746094, 39.798500061035156, 194.52732849121094, 87.0619125366211, 0.7317883372306824], [1, 175.66360473632812, 88.54557800292969, 196.43301391601562, 123.27601623535156, 0.5373877882957458], [0, 379.0937194824219, 0.013617515563964844, 400.2380065917969, 6.723333358764648, 0.38885608315467834], [2, 568.611083984375, 92.36959075927734, 614.1630859375, 181.54940795898438, 0.3216637670993805]], "patched": [[0, 445.1007080078125, 134.37803649902344, 506.4388427734375, 183.3585968017578, 0.8452852964401245], [0, 228.61155700683594, 277.49420166015625, 300.8612060546875, 379.54730224609375, 0.8440096974372864], [0, 432.80133056640625, 466.48504638671875, 574.0691528320312, 584.1356811523438, 0.7991165518760681], [0, 394.51385498046875, 23.25604248046875, 415.76092529296875, 43.576324462890625, 0.7770529389381409], [0, 374.52703857421875, 22.33371925354004, 392.54656982421875, 46.70507049560547, 0.7118520140647888], [0, 0.32269287109375, 107.13728332519531, 33.80497741699219, 161.47389221191406, 0.6690784692764282], [3, 170.7069854736328, 39.64149475097656, 194.4274444580078, 85.86688232421875, 0.6312546730041504], [1, 170.43035888671875, 135.5580291748047, 194.844482421875, 183.3020477294922, 0.6190696358680725], [0, 146.19775390625, 54.796058654785156, 163.102783203125, 85.40723419189453, 0.5914713144302368], [0, 315.19677734375, 46.17539978027344, 341.43951416015625, 76.32374572753906, 0.5414353609085083], [1, 170.81871032714844, 39.66394805908203, 194.3196563720703, 85.69136047363281, 0.5366580486297607], [0, 170.76724243164062, 135.39324951171875, 194.91629028320312, 181.24163818359375, 0.37245917320251465], [1, 313.7822265625, 46.151771545410156, 341.6925048828125, 75.82723236083984, 0.3660311996936798], [1, 0.203643798828125, 106.92086029052734, 33.73884582519531, 161.39047241210938, 0.36563846468925476], [2, 568.5258178710938, 92.42760467529297, 614.1829223632812, 181.7197265625, 0.35056912899017334], [1, 177.0220947265625, 87.71554565429688, 194.79754638671875, 112.21188354492188, 0.3411867916584015], [0, 379.17913818359375, 0.015953540802001953, 400.0064697265625, 6.735323429107666, 0.33266928791999817], [1, 175.60916137695312, 87.71073913574219, 195.22488403320312, 125.86903381347656, 0.3191539943218231]]}