{"clean": [[0, 165.68927001953125, 268.03924560546875, 227.50091552734375, 343.65948486328125, 0.914301872253418], [0, 209.75088500976562, 184.83462524414062, 262.4015808105469, 217.9542236328125, 0.8881264328956604], [0, 209.29754638671875, 243.57174682617188, 263.1597900390625, 306.8917541503906, 0.8817222118377686], [0, 116.22147369384766, 243.553466796875, 162.78189086914062, 293.32440185546875, 0.8792328834533691], [0, 47.78706741333008, 186.85604858398438, 86.57286071777344, 227.65203857421875, 0.8684815168380737], [0, 82.0242919921875, 214.79052734375, 127.3319091796875, 261.54400634765625, 0.856910765171051], [0, 15.207603454589844, 156.2818603515625, 50.0245361328125, 196.73651123046875, 0.8541403412818909], [0, 231.183349609375, 138.39114379882812, 265.46453857421875, 165.62332153320312, 0.8440381288528442], [0, 449.5445556640625, 142.76622009277344, 485.6363525390625, 173.69898986816406, 0.8423758745193481], [0, 160.38711547851562, 187.41796875, 200.77923583984375, 221.083984375, 0.8304564952850342], [0, 59.126800537109375, 127.18084716796875, 86.80000305175781, 151.82321166992188, 0.8272384405136108], [0, 260.85443115234375, 151.76394653320312, 298.71014404296875, 182.3641357421875, 0.8268291354179382], [0, 312.41033935546875, 156.46859741210938, 337.50421142578125, 188.36166381835938, 0.7995814681053162], [0, 413.03179931640625, 154.830078125, 451.95709228515625, 183.05926513671875, 0.7938327193260193], [1, 151.88784790039062, 206.7987060546875, 196.90713500976562, 263.25567626953125, 0.7892583012580872], [0, 364.21990966796875, 171.09921264648438, 393.35003662109375, 206.32870483398438, 0.7536637783050537], [0, 516.0303344726562, 134.60028076171875, 556.1627807617188, 165.37432861328125, 0.7085008025169373], [1, 337.1573486328125, 160.07815551757812, 363.89239501953125, 191.30441284179688, 0.7009639739990234], [0, 628.3707885742188, 125.67015075683594, 640.0, 154.5146026611328, 0.6932532787322998], [0, 204.34371948242188, 166.91949462890625, 236.80398559570312, 196.01531982421875, 0.4842219054698944], [0, 384.7674560546875, 158.80865478515625, 411.243896484375, 181.434326171875, 0.3528381288051605], [2, 384.9063720703125, 159.14942932128906, 417.1669921875, 197.8567352294922, 0.3527902364730835], [1, 384.47430419921875, 158.96713256835938, 416.95977783203125, 197.73312377929688, 0.34646713733673096]], "patched": [[0, 165.58956909179688, 268.0074462890625, 227.57186889648438, 343.351806640625, 0.889130711555481], [0, 209.89193725585938, 185.0936279296875, 262.55322265625, 218.19332885742188, 0.8785597681999207], [0, 47.691741943359375, 186.76181030273438, 86.44393920898438, 227.53738403320312, 0.8404381275177002], [0, 207.76718139648438, 242.9309844970703, 262.9669494628906, 306.11041259765625, 0.840307891368866], [0, 231.2276611328125, 138.4752197265625, 265.2586669921875, 164.472900390625, 0.8286756277084351], [0, 260.7294006347656, 151.49691772460938, 298.5586242675781, 181.45919799804688, 0.8235020041465759], [0, 449.27056884765625, 142.59429931640625, 485.718994140625, 173.3231201171875, 0.8082770705223083], [0, 15.284385681152344, 156.34747314453125, 50.08549499511719, 197.43124389648438, 0.8070340156555176], [0, 412.92230224609375, 154.75146484375, 451.95477294921875, 184.01141357421875, 0.8055882453918457], [1, 312.3779296875, 156.50491333007812, 337.61083984375, 188.11349487304688, 0.7991535663604736], [0, 59.14598083496094, 127.07355499267578, 86.84608459472656, 152.5, 0.7942944765090942], [1, 337.22015380859375, 159.95965576171875, 363.93719482421875, 191.62689208984375, 0.792059600353241], [1, 151.8197784423828, 206.38406372070312, 198.06187438964844, 263.3612976074219, 0.7904821634292603], [0, 159.93490600585938, 187.21717834472656, 201.056396484375, 221.3910369873047, 0.7760227918624878], [0, 628.2926025390625, 125.54219818115234, 640.0, 154.53604125976562, 0.6856177449226379], [0, 515.87548828125, 134.64913940429688, 555.91455078125, 165.27090454101562, 0.6835092902183533], [1, 364.166259765625, 171.08865356445312, 392.71435546875, 206.64218139648438, 0.655082643032074], [0, 81.75947570800781, 214.44482421875, 125.94430541992188, 261.3693542480469, 0.5406370759010315], [1, 384.21600341796875, 158.6560516357422, 410.97698974609375, 184.48033142089844, 0.48328283429145813], [1, 384.2602233886719, 158.795654296875, 415.3465270996094, 197.39303588867188, 0.4751006066799164], [0, 364.25677490234375, 171.1219482421875, 392.50982666015625, 206.65838623046875, 0.2779853940010071]]}