{"clean": [[0, 628.978271484375, 427.224609375, 639.86767578125, 466.46875, 0.6277319192886353]], "patched": [[0, 629.0762939453125, 427.22003173828125, 639.861328125, 466.0701904296875, 0.6181272864341736]]}