{"clean": [[3, 331.86572265625, 83.56320190429688, 351.1290283203125, 150.02432250976562, 0.8530031442642212], [0, 223.6139373779297, 275.0310974121094, 239.0909881591797, 305.5543518066406, 0.8448376655578613], [0, 343.4682312011719, 624.9068603515625, 360.4873962402344, 639.9189453125, 0.8006758689880371], [0, 359.47259521484375, 173.9832763671875, 369.85736083984375, 198.9703369140625, 0.769294798374176], [0, 305.0966491699219, 339.12030029296875, 318.6893005371094, 380.30523681640625, 0.7658576369285583], [3, 323.6361999511719, 38.517913818359375, 334.8372497558594, 80.49368286132812, 0.671837568283081], [0, 291.38592529296875, 102.62488555908203, 301.31890869140625, 120.68729400634766, 0.5337613224983215]], "patched": [[3, 331.86865234375, 83.55891418457031, 351.1395263671875, 150.0592498779297, 0.8526176810264587], [0, 223.58981323242188, 275.0037841796875, 239.1029052734375, 305.61614990234375, 0.8413646817207336], [0, 343.482421875, 624.8916015625, 360.5030517578125, 639.918212890625, 0.7960880398750305], [0, 359.4608154296875, 173.98617553710938, 369.88824462890625, 199.0252685546875, 0.7649718523025513], [3, 323.66705322265625, 38.519134521484375, 334.83441162109375, 80.50732421875, 0.6757161021232605], [0, 291.3935241699219, 102.73751831054688, 301.2957458496094, 120.71621704101562, 0.5460755825042725], [0, 305.1845703125, 339.04107666015625, 318.6134033203125, 380.30474853515625, 0.37982845306396484], [0, 324.13812255859375, 81.14698028564453, 333.58074951171875, 94.26908111572266, 0.25633564591407776]]}