{"clean": [[3, 414.93280029296875, 213.560546875, 464.63201904296875, 268.218017578125, 0.9045381546020508], [0, 99.19059753417969, 325.6321716308594, 138.652099609375, 374.4140930175781, 0.8931517601013184], [0, 43.570098876953125, 260.29345703125, 79.61217498779297, 293.1165771484375, 0.8727021813392639], [3, 526.985107421875, 136.682373046875, 556.794921875, 166.30523681640625, 0.8717604279518127], [0, 66.53036499023438, 293.55364990234375, 107.49722290039062, 335.99029541015625, 0.8662440776824951], [4, 72.50205993652344, 499.8194885253906, 107.83119201660156, 546.3157958984375, 0.7435509562492371], [0, 567.2003173828125, 150.58111572265625, 581.194091796875, 164.41781616210938, 0.7128586173057556], [4, 352.2652893066406, 297.5911865234375, 367.4716491699219, 313.011962890625, 0.7052599787712097], [0, 155.17034912109375, 355.046142578125, 193.46292114257812, 419.6484375, 0.6825999021530151], [0, 601.524658203125, 111.19021606445312, 611.5548095703125, 120.97650146484375, 0.6783100962638855], [0, 611.4214477539062, 100.68247985839844, 619.1860961914062, 108.1068115234375, 0.6691908836364746], [4, 100.27177429199219, 252.73587036132812, 111.28392028808594, 268.1971130371094, 0.607576310634613], [4, 397.0487060546875, 294.61383056640625, 412.06854248046875, 316.73468017578125, 0.5535978674888611], [4, 202.41311645507812, 309.08056640625, 222.20745849609375, 325.6265869140625, 0.5102869868278503], [4, 523.2066650390625, 169.92349243164062, 527.9422607421875, 177.08840942382812, 0.4434497654438019], [4, 234.1903076171875, 491.291748046875, 247.86175537109375, 522.9898681640625, 0.385789692401886]], "patched": [[3, 414.8740539550781, 213.5128173828125, 464.7019958496094, 268.245849609375, 0.9045127034187317], [3, 526.9497680664062, 136.66064453125, 556.8145141601562, 166.33050537109375, 0.8702007532119751], [0, 66.4913330078125, 293.4818115234375, 107.55538940429688, 335.9736328125, 0.8677244186401367], [0, 43.426727294921875, 260.1800537109375, 79.55509185791016, 293.011474609375, 0.8566282987594604], [0, 99.23350524902344, 325.62762451171875, 138.7347412109375, 374.11126708984375, 0.8350786566734314], [4, 72.44992065429688, 499.7337646484375, 107.9317626953125, 546.3306884765625, 0.7457343339920044], [0, 567.174560546875, 150.55567932128906, 581.23095703125, 164.44517517089844, 0.7166926264762878], [4, 352.21759033203125, 297.46435546875, 367.53143310546875, 313.0450439453125, 0.7158652544021606], [0, 601.50732421875, 111.16620635986328, 611.595458984375, 120.99024200439453, 0.6794803142547607], [0, 611.4019775390625, 100.66246795654297, 619.2110595703125, 108.12044525146484, 0.6695834994316101], [4, 100.23491668701172, 252.7782745361328, 111.3409652709961, 268.22332763671875, 0.6261277794837952], [0, 155.3943328857422, 354.880126953125, 193.5099334716797, 419.9161376953125, 0.5866087675094604], [4, 397.025146484375, 294.41986083984375, 412.1600341796875, 316.62127685546875, 0.5568848848342896], [4, 202.36785888671875, 309.0094909667969, 222.29876708984375, 325.6370544433594, 0.5292807221412659], [4, 523.1844482421875, 169.86363220214844, 527.9998779296875, 177.10179138183594, 0.4559413194656372], [4, 234.06431579589844, 491.14300537109375, 247.93934631347656, 523.0949096679688, 0.42009642720222473], [4, 244.26535034179688, 317.71136474609375, 265.5594787597656, 331.14874267578125, 0.28486138582229614]]}