{"clean": [[0, 273.89788818359375, 578.8150634765625, 287.27130126953125, 625.8748779296875, 0.8327876925468445], [0, 314.866943359375, 435.6634216308594, 325.2110595703125, 473.2413024902344, 0.814983069896698], [0, 295.70318603515625, 313.07269287109375, 305.62445068359375, 338.36724853515625, 0.8046395778656006], [0, 277.786376953125, 267.08013916015625, 287.837646484375, 294.2767333984375, 0.8025045990943909], [0, 230.5708465576172, 69.33631896972656, 242.24879455566406, 86.4940185546875, 0.7836275696754456], [0, 298.87237548828125, 547.1353759765625, 311.76385498046875, 594.8321533203125, 0.7775799036026001], [0, 314.28021240234375, 598.975830078125, 325.01263427734375, 639.0906982421875, 0.7624236941337585], [0, 215.2506103515625, 24.272518157958984, 224.5205078125, 39.56252670288086, 0.6607773900032043], [0, 299.82550048828125, 204.1659698486328, 310.04425048828125, 227.68113708496094, 0.6159685254096985], [0, 356.2591247558594, 349.65185546875, 367.6401672363281, 383.002197265625, 0.5340613722801208], [0, 405.5280456542969, 592.9312744140625, 420.5989685058594, 639.7940673828125, 0.486585408449173], [0, 309.70001220703125, 308.03759765625, 321.11651611328125, 341.5, 0.425283282995224], [0, 341.488037109375, 257.6219482421875, 355.779296875, 294.1878662109375, 0.3196840286254883], [0, 64.95402526855469, 614.373779296875, 96.98338317871094, 639.302001953125, 0.3087444007396698], [0, 283.9515380859375, 14.472026824951172, 295.1802978515625, 34.283958435058594, 0.3087203800678253], [0, 345.09552001953125, 275.5741271972656, 355.00079345703125, 294.5445251464844, 0.2500922977924347]], "patched": [[0, 314.8743896484375, 435.6696472167969, 325.214599609375, 473.2599182128906, 0.8177574276924133], [0, 273.91326904296875, 578.81640625, 287.26824951171875, 625.943603515625, 0.8045377731323242], [0, 295.7547607421875, 313.11260986328125, 305.562744140625, 338.33660888671875, 0.8031497597694397], [0, 277.875732421875, 267.89642333984375, 287.78564453125, 294.25726318359375, 0.7982587814331055], [0, 230.57864379882812, 69.3460693359375, 242.2427978515625, 86.4847412109375, 0.7851961851119995], [0, 299.0550537109375, 547.1580200195312, 311.2332763671875, 594.9725952148438, 0.7645048499107361], [0, 344.22711181640625, 274.29229736328125, 354.79412841796875, 294.54339599609375, 0.7278608083724976], [0, 314.17828369140625, 613.6489868164062, 323.9473876953125, 639.2090454101562, 0.678246796131134], [0, 215.26611328125, 24.302921295166016, 224.502685546875, 39.554656982421875, 0.6611422300338745], [0, 314.0638427734375, 599.0743408203125, 324.540283203125, 639.5958251953125, 0.5986847281455994], [3, 517.2354736328125, 169.29013061523438, 574.1658935546875, 205.15255737304688, 0.5768594145774841], [0, 300.0316162109375, 204.197021484375, 309.993896484375, 227.68972778320312, 0.5547012090682983], [0, 356.23321533203125, 363.7510986328125, 367.2635498046875, 383.18505859375, 0.4433017671108246], [0, 406.98199462890625, 614.740478515625, 419.93682861328125, 639.874267578125, 0.3554372489452362], [0, 309.7818298339844, 308.089599609375, 321.0011901855469, 341.493408203125, 0.3324826657772064], [0, 406.249267578125, 592.9378051757812, 420.2021484375, 639.9641723632812, 0.33087286353111267], [0, 64.95335388183594, 614.3529663085938, 96.99362182617188, 639.2825317382812, 0.30171847343444824], [0, 283.9874572753906, 14.512194633483887, 295.1675720214844, 34.26346206665039, 0.2646329402923584]]}