{"clean": [[0, 445.60028076171875, 189.42788696289062, 459.66448974609375, 234.97555541992188, 0.7805043458938599], [0, 273.2943115234375, 421.8199462890625, 289.589599609375, 476.9246826171875, 0.7765629291534424], [1, 341.16748046875, 162.03366088867188, 353.3026123046875, 204.44570922851562, 0.7598134279251099], [0, 413.2666320800781, 220.67120361328125, 428.4201965332031, 267.04315185546875, 0.7482649683952332], [1, 407.81427001953125, 39.287498474121094, 421.70733642578125, 82.13700866699219, 0.7475579380989075], [0, 363.9632568359375, 291.64581298828125, 377.7762451171875, 340.13934326171875, 0.7350274920463562], [1, 395.0806884765625, 272.49627685546875, 409.2342529296875, 327.23858642578125, 0.7344492077827454], [0, 340.75274658203125, 435.3338623046875, 355.18182373046875, 492.741455078125, 0.7272281050682068], [1, 370.14208984375, 63.95233154296875, 383.587890625, 101.78395080566406, 0.7185760736465454], [0, 272.1863098144531, 175.76751708984375, 285.1437683105469, 213.27584838867188, 0.6897273063659668], [0, 474.06280517578125, 279.38616943359375, 489.01470947265625, 329.69915771484375, 0.6860944628715515], [0, 616.9197387695312, 255.36370849609375, 639.9331665039062, 282.0465087890625, 0.6736459732055664], [1, 484.9649963378906, 422.83258056640625, 501.9707946777344, 484.61358642578125, 0.5991919040679932], [0, 393.77117919921875, 105.76773071289062, 408.13848876953125, 146.79266357421875, 0.588656485080719], [1, 333.6317138671875, 3.4099655151367188, 346.951416015625, 34.385772705078125, 0.5727199912071228], [3, 524.458740234375, 512.1793212890625, 543.9400634765625, 580.2034912109375, 0.5482698678970337], [1, 524.75830078125, 512.3507080078125, 543.977294921875, 580.4842529296875, 0.47170642018318176], [1, 393.725830078125, 105.91316223144531, 408.149658203125, 146.9618682861328, 0.27973535656929016]], "patched": [[1, 333.762939453125, 3.462702751159668, 346.1141357421875, 34.1568717956543, 0.7470647692680359], [1, 395.20343017578125, 272.5085144042969, 409.15557861328125, 327.0922546386719, 0.6818749308586121], [3, 524.7208251953125, 512.440673828125, 543.660400390625, 580.193603515625, 0.6633778810501099], [0, 364.06451416015625, 291.6462707519531, 377.6092529296875, 340.2666320800781, 0.625844419002533], [3, 407.75238037109375, 38.992332458496094, 421.52801513671875, 81.94612884521484, 0.5952972769737244], [2, 341.14117431640625, 162.04364013671875, 352.66229248046875, 204.22216796875, 0.5911672115325928], [0, 395.55401611328125, 125.37982177734375, 407.95684814453125, 146.80422973632812, 0.5709760189056396], [0, 617.063232421875, 255.4232635498047, 639.935546875, 281.65814208984375, 0.5616700053215027], [1, 407.849365234375, 39.26800537109375, 421.57147216796875, 81.98786163330078, 0.5231091976165771], [3, 370.02276611328125, 63.91809844970703, 382.88665771484375, 101.37488555908203, 0.4793287515640259], [0, 414.982421875, 243.1160888671875, 427.8489990234375, 267.5868835449219, 0.47766372561454773], [0, 341.5363464355469, 435.2655029296875, 355.1072692871094, 493.03948974609375, 0.46265527606010437], [0, 273.52374267578125, 421.762939453125, 289.00335693359375, 477.0609130859375, 0.4445449709892273], [0, 413.51446533203125, 220.67340087890625, 427.65692138671875, 267.31011962890625, 0.40989384055137634], [1, 474.4871826171875, 279.71484375, 488.7550048828125, 329.79150390625, 0.40503063797950745], [1, 413.87176513671875, 220.48043823242188, 428.027587890625, 267.3331604003906, 0.3873889148235321], [2, 445.8253173828125, 189.06686401367188, 459.76556396484375, 235.20498657226562, 0.3860422670841217], [1, 485.0694580078125, 423.04083251953125, 501.2451171875, 484.65093994140625, 0.3835689425468445], [2, 526.211669921875, 218.30758666992188, 548.367431640625, 259.9334411621094, 0.3705620765686035], [2, 363.8914794921875, 291.5635986328125, 377.83819580078125, 340.07861328125, 0.36803001165390015], [2, 474.14276123046875, 279.3673095703125, 488.73370361328125, 329.8917236328125, 0.3617877662181854], [1, 394.59002685546875, 105.98297119140625, 408.2020263671875, 146.73779296875, 0.3245565593242645], [2, 271.3299255371094, 174.475830078125, 284.6651306152344, 213.37554931640625, 0.31914687156677246], [1, 341.18896484375, 161.87522888183594, 352.5491943359375, 204.13478088378906, 0.3082004189491272], [0, 271.7508544921875, 174.25926208496094, 285.1527099609375, 213.2294464111328, 0.30354416370391846], [1, 370.43310546875, 64.12303161621094, 383.58447265625, 101.58860778808594, 0.2914559543132782], [2, 485.10162353515625, 422.78997802734375, 500.99102783203125, 484.44757080078125, 0.26861435174942017]]}