{"clean": [[0, 276.77752685546875, 0.0, 288.94927978515625, 32.562835693359375, 0.6996291875839233], [0, 273.61138916015625, 339.11553955078125, 290.81195068359375, 393.860595703125, 0.6581348776817322], [0, 321.2744445800781, 0.031871795654296875, 337.5320129394531, 41.845027923583984, 0.4822106659412384], [0, 382.33856201171875, 395.8292541503906, 399.798828125, 456.5704650878906, 0.3949826955795288], [0, 452.13140869140625, 239.20358276367188, 468.27984619140625, 289.0904235839844, 0.3387789726257324], [0, 380.10894775390625, 525.1119995117188, 402.71893310546875, 584.6990356445312, 0.2933332324028015]], "patched": [[0, 276.98199462890625, 0.0, 288.74981689453125, 32.47367858886719, 0.7291470170021057], [0, 275.57598876953125, 339.312255859375, 288.91986083984375, 377.003662109375, 0.6999216675758362], [0, 383.9029541015625, 263.85540771484375, 396.9547119140625, 293.33697509765625, 0.558527946472168], [0, 322.82550048828125, 17.639358520507812, 334.92474365234375, 43.19883728027344, 0.5319754481315613], [0, 385.9520568847656, 426.51702880859375, 398.5893859863281, 458.04083251953125, 0.5259315371513367], [0, 274.5743408203125, 339.1701965332031, 289.22308349609375, 391.8733215332031, 0.5005977153778076], [0, 322.15570068359375, 0.5606575012207031, 335.8759765625, 42.861637115478516, 0.4557240307331085], [0, 452.30438232421875, 239.2684783935547, 467.94781494140625, 289.03436279296875, 0.36891552805900574], [0, 350.7447814941406, 398.691162109375, 362.8923034667969, 436.97930908203125, 0.3215380311012268], [0, 344.6058349609375, 519.9367065429688, 356.74542236328125, 555.6375122070312, 0.28464144468307495], [0, 389.05792236328125, 556.2884521484375, 401.7559814453125, 585.5750732421875, 0.2725546061992645]]}