{"clean": [[0, 145.63291931152344, 278.07220458984375, 182.66139221191406, 325.60870361328125, 0.8923246264457703], [0, 523.4855346679688, 9.831771850585938, 548.1477661132812, 50.656982421875, 0.8487920165061951], [0, 414.6904296875, 191.0521697998047, 446.5302734375, 242.1288604736328, 0.846994161605835], [0, 429.2187805175781, 359.96722412109375, 458.7730407714844, 428.17889404296875, 0.8453575372695923], [0, 593.2645263671875, 29.732696533203125, 618.8980712890625, 69.04296875, 0.839216947555542], [0, 585.3123779296875, 136.71481323242188, 608.6236572265625, 178.42178344726562, 0.8172858357429504], [1, 164.31002807617188, 169.78570556640625, 187.02481079101562, 230.8345947265625, 0.6336110234260559], [0, 374.88568115234375, 582.4002075195312, 406.94036865234375, 640.0, 0.6291100978851318], [0, 573.7823486328125, 256.0638427734375, 601.3482666015625, 313.71246337890625, 0.5809558629989624], [0, 494.7269287109375, 436.7254638671875, 524.5926513671875, 511.2252197265625, 0.5692266225814819], [0, 599.676513671875, 458.16070556640625, 635.1435546875, 545.0485229492188, 0.544073224067688], [0, 29.943374633789062, 0.05321502685546875, 54.06464385986328, 27.27800178527832, 0.495442658662796], [0, 29.7940673828125, 0.0, 65.42283630371094, 27.571136474609375, 0.4178270697593689], [3, 599.6959838867188, 456.480712890625, 638.5053100585938, 547.4984130859375, 0.2511870563030243]], "patched": [[0, 145.709228515625, 278.0938720703125, 182.36444091796875, 325.7169189453125, 0.7952396273612976], [0, 523.3115844726562, 9.844043731689453, 548.4302368164062, 50.893001556396484, 0.7526959180831909], [1, 165.53158569335938, 169.7563934326172, 187.07449340820312, 230.79490661621094, 0.6548689603805542], [2, 430.18927001953125, 359.7191162109375, 458.63739013671875, 428.0120849609375, 0.6526247262954712], [0, 585.8133544921875, 136.4707489013672, 608.4949951171875, 178.0260467529297, 0.6309530138969421], [1, 593.47705078125, 29.759925842285156, 618.83251953125, 68.99373626708984, 0.5917172431945801], [1, 585.7510986328125, 136.72811889648438, 608.5863037109375, 178.23117065429688, 0.4927046597003937], [0, 414.65966796875, 191.09259033203125, 445.4000244140625, 242.08837890625, 0.47866588830947876], [0, 593.444091796875, 29.914634704589844, 618.72607421875, 69.24407958984375, 0.4427621364593506], [0, 599.8109741210938, 457.9110107421875, 634.6770629882812, 544.9011840820312, 0.3903490900993347], [3, 599.550537109375, 457.02532958984375, 635.94091796875, 543.9814453125, 0.3792803883552551], [1, 494.99737548828125, 437.09637451171875, 524.6763305664062, 510.6343994140625, 0.3375604450702667], [0, 573.8662719726562, 256.8752136230469, 600.8600463867188, 313.6205749511719, 0.32207968831062317], [1, 375.57421875, 582.287109375, 407.023681640625, 639.609375, 0.3110457956790924], [1, 30.10900115966797, 0.04075050354003906, 51.136268615722656, 26.871259689331055, 0.2849471867084503], [0, 30.077465057373047, 0.0694732666015625, 50.14950180053711, 26.976776123046875, 0.2757984697818756], [1, 574.2816162109375, 257.22509765625, 600.4752197265625, 313.4530029296875, 0.2502731680870056]]}