{"clean": [[0, 169.1153106689453, 369.5536193847656, 202.3776397705078, 420.3063659667969, 0.8875449299812317], [0, 129.10806274414062, 369.4415283203125, 161.92373657226562, 418.3060302734375, 0.8842774629592896], [0, 306.38616943359375, 159.26979064941406, 323.978759765625, 189.56101989746094, 0.8651236295700073], [0, 397.7093505859375, 318.45123291015625, 419.1552734375, 370.20196533203125, 0.8526456356048584], [3, 301.6017761230469, 60.146663665771484, 336.0258483886719, 148.75186157226562, 0.835852324962616], [1, 336.83074951171875, 83.18255615234375, 350.93304443359375, 114.265625, 0.7941206693649292], [0, 349.775390625, 43.133331298828125, 362.5753173828125, 63.932777404785156, 0.7444210648536682], [1, 504.74359130859375, 192.97296142578125, 519.7507934570312, 238.8218994140625, 0.6765748262405396], [1, 461.6395263671875, 3.7283935546875, 472.4163818359375, 25.91695785522461, 0.6237325668334961], [2, 501.73052978515625, 66.7579345703125, 518.8441162109375, 121.79977416992188, 0.5879217386245728], [0, 247.46853637695312, 251.06036376953125, 270.2689514160156, 287.7559814453125, 0.5476486086845398], [1, 247.38778686523438, 250.8394775390625, 270.3254699707031, 287.901611328125, 0.5297918319702148], [1, 492.710693359375, 51.81714630126953, 506.5853271484375, 87.51920318603516, 0.48220789432525635], [0, 301.9913330078125, 10.960000038146973, 317.4525146484375, 30.362564086914062, 0.4383377432823181], [1, 424.9444580078125, 186.30087280273438, 440.4200439453125, 226.30020141601562, 0.43502727150917053], [0, 424.94549560546875, 186.31561279296875, 440.40655517578125, 226.521728515625, 0.3916498124599457]], "patched": [[0, 169.18328857421875, 369.56494140625, 202.52691650390625, 420.80096435546875, 0.8849412202835083], [3, 301.6097412109375, 60.14483642578125, 335.994140625, 148.77108764648438, 0.8344495892524719], [1, 336.8468322753906, 83.18710327148438, 350.9146423339844, 114.27362060546875, 0.7865718603134155], [0, 349.86639404296875, 43.18731689453125, 362.54632568359375, 63.901214599609375, 0.7375190258026123], [0, 306.3263854980469, 159.20553588867188, 324.0260925292969, 189.51358032226562, 0.7209378480911255], [0, 129.21380615234375, 369.5098876953125, 162.2646484375, 418.992431640625, 0.6910831928253174], [1, 504.74169921875, 192.98208618164062, 519.644287109375, 238.83377075195312, 0.6795905828475952], [0, 397.898681640625, 318.41436767578125, 418.97119140625, 370.31842041015625, 0.6667966842651367], [2, 501.76593017578125, 66.78704833984375, 518.8338012695312, 121.84951782226562, 0.6350301504135132], [1, 424.96173095703125, 186.17848205566406, 440.20660400390625, 226.0254364013672, 0.6341248154640198], [1, 461.66162109375, 3.866708755493164, 472.33642578125, 25.91490364074707, 0.6327552199363708], [1, 492.7071533203125, 51.65639114379883, 505.62274169921875, 87.57771301269531, 0.5058906078338623], [1, 398.06298828125, 318.68084716796875, 419.2061767578125, 370.27642822265625, 0.4723241925239563], [0, 302.0000305175781, 11.049840927124023, 317.3733825683594, 30.35822105407715, 0.43700453639030457], [1, 129.08840942382812, 369.63458251953125, 161.86538696289062, 419.07745361328125, 0.4330389201641083], [1, 247.45492553710938, 250.83688354492188, 270.3699645996094, 287.7868347167969, 0.371902197599411], [0, 247.48538208007812, 250.8605499267578, 270.4444885253906, 288.07989501953125, 0.36561745405197144]]}