{"clean": [[0, 351.1939697265625, 529.4705810546875, 369.24267578125, 576.215576171875, 0.7544149160385132], [0, 324.166748046875, 167.0089111328125, 332.2086181640625, 181.54922485351562, 0.7364446520805359], [0, 293.66864013671875, 114.89741516113281, 302.80804443359375, 127.75724792480469, 0.7361419200897217], [0, 321.48248291015625, 107.33607482910156, 331.89263916015625, 121.58833312988281, 0.6400002241134644], [2, 319.68585205078125, 406.956298828125, 345.74114990234375, 536.94287109375, 0.5825198888778687], [3, 319.74627685546875, 406.86114501953125, 343.61920166015625, 535.572509765625, 0.55274897813797], [0, 405.25115966796875, 0.12874698638916016, 418.1915283203125, 8.666130065917969, 0.4508476257324219], [3, 336.0985107421875, 269.59906005859375, 350.93072509765625, 313.60821533203125, 0.28568127751350403], [0, 336.3423156738281, 281.27655029296875, 351.1208801269531, 313.75665283203125, 0.26457449793815613]], "patched": [[0, 351.6102294921875, 526.8352661132812, 369.32672119140625, 576.4376831054688, 0.7753329873085022], [0, 324.173095703125, 167.01568603515625, 332.2069091796875, 181.55126953125, 0.7370790243148804], [0, 293.67578125, 114.90032958984375, 302.804931640625, 127.7569580078125, 0.7365767955780029], [0, 321.4949645996094, 107.33845520019531, 331.8865661621094, 121.58805847167969, 0.6396010518074036], [3, 319.80126953125, 406.88140869140625, 343.5303955078125, 535.4302368164062, 0.5947756171226501], [2, 319.7582702636719, 406.87127685546875, 345.6932067871094, 536.8936767578125, 0.5819396376609802], [0, 405.25543212890625, 0.1286602020263672, 418.18060302734375, 8.665210723876953, 0.45191237330436707], [3, 336.14532470703125, 269.20947265625, 350.85797119140625, 313.5361328125, 0.304876446723938]]}