{"clean": [[0, 317.3661193847656, 288.12939453125, 331.3522644042969, 329.46923828125, 0.8025407195091248], [0, 330.14080810546875, 67.22041320800781, 345.42547607421875, 103.71115112304688, 0.7811951637268066], [0, 386.32342529296875, 116.20962524414062, 403.77716064453125, 152.73153686523438, 0.7667880654335022], [0, 412.2303161621094, 39.336517333984375, 428.4388122558594, 75.60636901855469, 0.7542914748191833], [1, 325.70880126953125, 16.26934814453125, 342.44561767578125, 56.346946716308594, 0.7226930856704712], [1, 618.9031982421875, 10.220405578613281, 640.0, 41.44306182861328, 0.6998370885848999], [0, 294.39361572265625, 0.0, 316.63153076171875, 19.00457000732422, 0.6952669024467468], [0, 276.0906982421875, 627.7789916992188, 288.52227783203125, 640.0, 0.46895673871040344], [1, 609.01025390625, 24.370656967163086, 639.0400390625, 54.519981384277344, 0.46335163712501526], [3, 360.0190124511719, 19.5196533203125, 375.3143005371094, 53.62652587890625, 0.4057745337486267], [0, 385.1456298828125, 70.53469848632812, 402.9466552734375, 112.36703491210938, 0.3707834482192993], [1, 385.31182861328125, 70.48240661621094, 402.986083984375, 112.85115051269531, 0.31267815828323364], [0, 609.1906127929688, 24.25113296508789, 639.2438354492188, 54.21967697143555, 0.2990422248840332], [0, 240.87393188476562, 460.96234130859375, 254.39474487304688, 497.61322021484375, 0.2678754925727844]], "patched": [[0, 332.35223388671875, 67.44601440429688, 345.41864013671875, 93.32901000976562, 0.7478330731391907], [1, 619.1692504882812, 10.2457275390625, 640.0, 41.26538848876953, 0.7081781029701233], [1, 325.7357177734375, 16.30706024169922, 342.430908203125, 56.27448272705078, 0.6377167701721191], [0, 413.5509033203125, 39.372047424316406, 428.627685546875, 65.0745620727539, 0.5374399423599243], [0, 320.6852722167969, 308.40264892578125, 330.9435119628906, 329.45196533203125, 0.5371769070625305], [0, 319.82183837890625, 289.43743896484375, 331.109130859375, 329.40325927734375, 0.5192482471466064], [3, 360.0787658691406, 19.864166259765625, 375.3077087402344, 53.623199462890625, 0.5154381990432739], [1, 609.0023193359375, 24.3736572265625, 638.9605712890625, 54.42588806152344, 0.5107251405715942], [0, 389.8229675292969, 116.43746948242188, 403.4336853027344, 141.81173706054688, 0.49899446964263916], [1, 389.15911865234375, 116.2919921875, 403.42681884765625, 145.15731811523438, 0.48459964990615845], [0, 276.153076171875, 627.8041381835938, 288.5185546875, 640.0, 0.4696508049964905], [0, 294.96697998046875, 0.0, 318.013916015625, 18.011886596679688, 0.4201744496822357], [0, 387.5787353515625, 138.5989990234375, 397.82855224609375, 152.65512084960938, 0.41255420446395874], [0, 330.5283508300781, 67.22276306152344, 345.5949401855469, 104.08006286621094, 0.4098591208457947], [1, 330.53192138671875, 67.27017211914062, 345.41510009765625, 96.78225708007812, 0.3358757495880127], [1, 385.0655822753906, 70.41619873046875, 402.8823547363281, 112.440673828125, 0.31214362382888794], [0, 387.33984375, 133.08920288085938, 398.4586181640625, 152.68679809570312, 0.2929431200027466], [0, 609.19775390625, 24.260961532592773, 639.1728515625, 54.09923553466797, 0.25668758153915405]]}