{"clean": [[0, 159.75201416015625, 382.08843994140625, 190.3612060546875, 430.3531494140625, 0.9134262800216675], [0, 433.822509765625, 586.4290771484375, 497.1373291015625, 625.3070068359375, 0.9056395888328552], [3, 386.95770263671875, 0.0, 420.17889404296875, 38.19602584838867, 0.8765509128570557], [1, 309.4333190917969, 399.1160888671875, 331.2752990722656, 458.2706298828125, 0.8746407628059387], [0, 214.00564575195312, 357.9207763671875, 238.66262817382812, 405.0887451171875, 0.8503041863441467], [3, 419.074462890625, 5.388904571533203, 447.0594482421875, 41.30777359008789, 0.8305890560150146], [1, 545.6807861328125, 573.1160278320312, 604.831298828125, 614.3783569335938, 0.8158214092254639], [1, 419.86383056640625, 471.64703369140625, 469.3739013671875, 503.83197021484375, 0.7943755984306335], [0, 160.00009155273438, 16.433731079101562, 183.09902954101562, 29.833995819091797, 0.7456558346748352], [4, 340.58660888671875, 510.68756103515625, 354.18780517578125, 542.2487182617188, 0.7385621666908264], [0, 146.26878356933594, 0.0, 166.9611053466797, 9.023897171020508, 0.7253808379173279], [1, 357.25567626953125, 13.310142517089844, 368.74871826171875, 30.018455505371094, 0.7245409488677979], [4, 117.82722473144531, 443.5400390625, 129.7498016357422, 469.210205078125, 0.7139118313789368], [4, 149.73736572265625, 389.94598388671875, 161.6317138671875, 413.352294921875, 0.6984304785728455], [3, 339.5329895019531, 0.0, 361.7647399902344, 17.637805938720703, 0.6495503783226013], [0, 149.34481811523438, 2.766282558441162, 170.26901245117188, 15.994234085083008, 0.5636858344078064], [1, 134.23504638671875, 15.923999786376953, 157.9521484375, 30.14875030517578, 0.49579888582229614], [4, 63.163780212402344, 472.8456726074219, 74.5769271850586, 498.8505554199219, 0.4748559296131134], [1, 324.66351318359375, 0.0, 344.2218017578125, 16.773300170898438, 0.3726748824119568], [4, 335.64007568359375, 396.98431396484375, 346.76422119140625, 419.0848388671875, 0.3500765264034271], [0, 306.1390075683594, 328.53460693359375, 326.1730041503906, 362.6649169921875, 0.3452346920967102], [1, 306.30767822265625, 328.8148193359375, 326.18890380859375, 362.5196533203125, 0.326251745223999], [3, 324.7529296875, 0.0, 344.60089111328125, 16.689926147460938, 0.2846173644065857]], "patched": [[0, 159.88851928710938, 381.9622497558594, 190.38174438476562, 430.2914123535156, 0.8937578201293945], [3, 386.9609375, 0.0, 420.178466796875, 38.1977424621582, 0.8760355710983276], [1, 309.440185546875, 399.12176513671875, 331.279541015625, 458.27508544921875, 0.8760331869125366], [0, 433.86639404296875, 586.4520263671875, 496.95098876953125, 626.3863525390625, 0.8645958304405212], [3, 419.080078125, 5.392536163330078, 447.056884765625, 41.3055419921875, 0.8310202956199646], [1, 545.695068359375, 573.2161865234375, 604.8314208984375, 614.3848876953125, 0.8144932985305786], [1, 419.86138916015625, 471.64398193359375, 469.40838623046875, 503.87628173828125, 0.7930576205253601], [0, 214.05592346191406, 357.9170227050781, 238.6277313232422, 405.0832214355469, 0.7604047060012817], [0, 159.99691772460938, 16.410972595214844, 183.09902954101562, 29.83238983154297, 0.745925784111023], [4, 340.5633239746094, 510.6871032714844, 354.2065124511719, 542.2681884765625, 0.7434616684913635], [1, 357.2662353515625, 13.316120147705078, 368.743896484375, 30.00948715209961, 0.7264474034309387], [0, 146.2678985595703, 0.0, 166.96165466308594, 9.028818130493164, 0.7246596813201904], [4, 117.78245544433594, 443.52984619140625, 129.7867431640625, 469.24896240234375, 0.7098008394241333], [4, 149.7079620361328, 390.0587158203125, 161.68113708496094, 413.425048828125, 0.7028454542160034], [3, 339.54052734375, 0.0, 361.7269287109375, 17.63343620300293, 0.6536890864372253], [0, 149.34197998046875, 2.761913776397705, 170.26885986328125, 15.993919372558594, 0.5641304850578308], [1, 134.24700927734375, 15.924858093261719, 157.96002197265625, 30.16564178466797, 0.4963732063770294], [4, 63.09848403930664, 472.8165283203125, 74.60797119140625, 498.939208984375, 0.4770338535308838], [1, 324.6634521484375, 0.0, 344.23858642578125, 16.772632598876953, 0.3604126572608948], [1, 306.29852294921875, 328.98211669921875, 326.19476318359375, 362.53228759765625, 0.3595958948135376], [4, 335.7078857421875, 397.18023681640625, 346.7305908203125, 419.08245849609375, 0.342337042093277], [0, 306.12884521484375, 328.7652282714844, 326.1812744140625, 362.6723327636719, 0.3126702904701233], [3, 324.75238037109375, 0.0, 344.62347412109375, 16.688798904418945, 0.29822245240211487]]}