{"clean": [[0, 242.60189819335938, 397.7994384765625, 264.7476501464844, 442.1807861328125, 0.8028689026832581], [0, 308.47467041015625, 196.87139892578125, 321.85333251953125, 221.35498046875, 0.7877534627914429], [0, 322.10833740234375, 479.4769287109375, 342.09075927734375, 540.3017578125, 0.7759239673614502], [0, 319.002685546875, 0.6705112457275391, 326.4093017578125, 11.157838821411133, 0.7290650606155396], [0, 243.25845336914062, 67.04434204101562, 255.93301391601562, 79.51699829101562, 0.6485671997070312], [3, 254.45089721679688, 159.83995056152344, 280.3360900878906, 243.67579650878906, 0.6406931281089783], [0, 344.5602722167969, 18.165019989013672, 352.2014465332031, 30.614608764648438, 0.6314879655838013], [2, 478.848388671875, 237.47705078125, 525.014404296875, 319.68060302734375, 0.30174389481544495]], "patched": [[0, 242.87896728515625, 397.71124267578125, 264.4569091796875, 441.63568115234375, 0.8034226894378662], [0, 308.5084533691406, 196.98521423339844, 321.8254699707031, 221.33445739746094, 0.7868119478225708], [0, 319.00140380859375, 0.6725931167602539, 326.41265869140625, 11.149679183959961, 0.7321029901504517], [0, 243.2423553466797, 67.03727722167969, 255.9387969970703, 79.53901672363281, 0.6487239003181458], [3, 254.56930541992188, 159.9796142578125, 280.3450012207031, 243.69287109375, 0.6480889320373535], [0, 344.5554504394531, 18.109424591064453, 352.2026062011719, 30.61184310913086, 0.6271556615829468], [2, 322.365234375, 479.73779296875, 341.255615234375, 540.3692626953125, 0.38100743293762207], [2, 478.89434814453125, 242.57542419433594, 524.5671997070312, 320.140625, 0.35653287172317505], [0, 322.7400817871094, 508.8298645019531, 340.7412414550781, 540.54052734375, 0.30848169326782227]]}