{"clean": [[0, 163.55807495117188, 439.62518310546875, 202.0325927734375, 476.99554443359375, 0.8638165593147278], [2, 279.750732421875, 337.7728271484375, 335.57763671875, 403.39691162109375, 0.8608858585357666], [0, 162.065673828125, 480.04205322265625, 203.36785888671875, 520.8651123046875, 0.8573222160339355], [0, 0.0, 547.3160400390625, 40.48382568359375, 592.1773681640625, 0.8353082537651062], [1, 256.2655029296875, 414.263916015625, 294.46875, 459.95001220703125, 0.8299728631973267], [0, 81.26136779785156, 488.33489990234375, 121.08528137207031, 529.7869262695312, 0.8281302452087402], [0, 542.0547485351562, 224.12867736816406, 573.2659301757812, 254.00038146972656, 0.8080756068229675], [0, 400.801025390625, 298.6811828613281, 433.6328125, 333.9157409667969, 0.8031659126281738], [4, 355.48187255859375, 336.82421875, 371.7352294921875, 356.2855224609375, 0.7661441564559937], [4, 239.862060546875, 408.4389953613281, 256.62432861328125, 429.4084777832031, 0.7455586791038513], [0, 69.90452575683594, 527.4902954101562, 113.20286560058594, 576.9148559570312, 0.7393890023231506], [0, 596.802001953125, 186.535400390625, 629.695068359375, 219.06689453125, 0.6492253541946411], [0, 175.66464233398438, 613.51904296875, 194.85171508789062, 640.0, 0.5258151888847351], [2, 597.4479370117188, 186.98260498046875, 640.0, 253.35043334960938, 0.5080678462982178], [0, 194.48374938964844, 604.0691528320312, 217.98255920410156, 639.7304077148438, 0.49591660499572754], [0, 211.68600463867188, 592.9111938476562, 237.90850830078125, 639.6343383789062, 0.37666377425193787], [1, 466.02728271484375, 263.56768798828125, 497.40460205078125, 298.64019775390625, 0.2951423227787018], [0, 466.11529541015625, 263.80657958984375, 497.43670654296875, 298.65008544921875, 0.26255330443382263], [0, 614.9234008789062, 288.2386474609375, 639.8218383789062, 320.5545654296875, 0.2542290687561035]], "patched": [[2, 279.7286376953125, 337.75201416015625, 335.6063232421875, 403.42840576171875, 0.8596651554107666], [0, 162.65036010742188, 480.0250244140625, 203.41696166992188, 520.2987060546875, 0.8583638668060303], [0, 163.81768798828125, 439.7159423828125, 201.60137939453125, 477.0198974609375, 0.8439260721206665], [0, 542.0489501953125, 224.13482666015625, 573.2528076171875, 253.85198974609375, 0.8067274689674377], [0, 400.81683349609375, 298.640869140625, 433.70355224609375, 333.8514404296875, 0.7892894148826599], [1, 256.2561950683594, 413.82720947265625, 294.4538269042969, 459.89794921875, 0.7764917612075806], [4, 355.46380615234375, 336.82806396484375, 371.74761962890625, 356.22686767578125, 0.760578989982605], [0, 82.17936706542969, 488.0020751953125, 121.27745056152344, 529.2906494140625, 0.752483606338501], [4, 239.80416870117188, 408.417236328125, 256.6872863769531, 429.3780517578125, 0.7431590557098389], [0, 596.7867431640625, 186.61264038085938, 629.6259765625, 219.05859375, 0.6426298022270203], [0, 69.72842407226562, 533.489990234375, 113.19892883300781, 576.781005859375, 0.5229660868644714], [2, 597.4473266601562, 187.62803649902344, 640.0, 253.3146209716797, 0.5058887004852295], [0, 175.694580078125, 612.367431640625, 193.187744140625, 640.0, 0.43484359979629517], [1, 465.99591064453125, 263.532470703125, 497.44537353515625, 298.6556396484375, 0.3008621037006378]]}