{"clean": [[0, 162.79739379882812, 505.7040100097656, 197.87136840820312, 557.6387939453125, 0.901427149772644], [0, 267.9065246582031, 378.78338623046875, 291.1487731933594, 412.30169677734375, 0.883009135723114], [0, 117.7713394165039, 558.71533203125, 155.29220581054688, 616.123046875, 0.8684104681015015], [0, 222.26751708984375, 432.87786865234375, 250.23968505859375, 473.25762939453125, 0.8608183860778809], [0, 97.34696197509766, 283.5541076660156, 122.49095916748047, 308.2962341308594, 0.8360602259635925], [0, 72.38604736328125, 257.675048828125, 96.54052734375, 280.7021484375, 0.8349461555480957], [0, 91.82524871826172, 277.2445068359375, 115.24486541748047, 299.2593994140625, 0.8289969563484192], [0, 38.28847885131836, 230.01181030273438, 62.07685470581055, 251.39260864257812, 0.8138831257820129], [0, 207.46331787109375, 197.04605102539062, 223.96368408203125, 214.12796020507812, 0.768174409866333], [0, 339.19970703125, 137.4803466796875, 351.73095703125, 150.92120361328125, 0.7191211581230164], [0, 499.597412109375, 126.21810913085938, 511.70947265625, 141.22702026367188, 0.6985243558883667], [0, 214.7301025390625, 201.38668823242188, 232.7373046875, 219.13558959960938, 0.6837427020072937], [0, 246.4556121826172, 575.2359619140625, 283.25982666015625, 626.59423828125, 0.681316614151001], [0, 197.30258178710938, 468.96728515625, 223.69357299804688, 506.0828857421875, 0.6584925651550293], [0, 512.3357543945312, 98.33550262451172, 528.2959594726562, 109.20482635498047, 0.6416752934455872], [3, 404.08795166015625, 179.65673828125, 434.70361328125, 223.40640258789062, 0.5543200373649597], [0, 430.924072265625, 169.12408447265625, 444.214599609375, 184.37576293945312, 0.48995450139045715], [4, 381.931396484375, 276.2657470703125, 388.185546875, 287.4752197265625, 0.29594406485557556], [2, 403.631591796875, 179.74766540527344, 435.848876953125, 222.67552185058594, 0.29205816984176636], [4, 79.80362701416016, 542.578857421875, 88.24324798583984, 561.0611572265625, 0.2897835075855255]], "patched": [[0, 267.9565124511719, 378.752197265625, 291.3403625488281, 412.4864501953125, 0.8088186979293823], [0, 92.0008544921875, 277.02459716796875, 115.68203735351562, 300.23724365234375, 0.8003565073013306], [0, 39.11503601074219, 229.88619995117188, 62.12150573730469, 251.46310424804688, 0.783889889717102], [0, 207.46035766601562, 196.99270629882812, 224.00149536132812, 214.16354370117188, 0.7641263604164124], [0, 66.58935546875, 257.56134033203125, 96.66769409179688, 276.4927978515625, 0.7336474061012268], [0, 339.15185546875, 137.39077758789062, 351.757080078125, 150.95370483398438, 0.7161193490028381], [0, 499.5621643066406, 126.13666534423828, 511.7418518066406, 141.22772216796875, 0.697444498538971], [0, 214.69525146484375, 201.35545349121094, 232.787353515625, 219.16868591308594, 0.6696273684501648], [2, 118.04542541503906, 558.9271240234375, 155.53346252441406, 616.1397705078125, 0.6401534676551819], [0, 512.291259765625, 98.25369262695312, 528.287353515625, 109.24652099609375, 0.6339030861854553], [3, 404.1163330078125, 179.55123901367188, 434.744140625, 223.42184448242188, 0.6299697756767273], [1, 244.40957641601562, 590.608642578125, 275.9197082519531, 609.328125, 0.6237193942070007], [1, 222.79844665527344, 432.3109436035156, 250.51622009277344, 473.3866882324219, 0.5916998386383057], [0, 98.99541473388672, 283.84600830078125, 123.34130096435547, 303.66021728515625, 0.5168634057044983], [1, 197.94435119628906, 468.87835693359375, 223.68638610839844, 506.10943603515625, 0.5114423632621765], [0, 430.9949645996094, 169.06224060058594, 444.2642517089844, 184.37461853027344, 0.4660031199455261], [0, 162.97915649414062, 505.375732421875, 197.68203735351562, 557.3699951171875, 0.4499633014202118], [4, 381.929443359375, 276.43768310546875, 388.19854736328125, 287.47528076171875, 0.42913708090782166], [1, 162.75067138671875, 505.2843322753906, 197.85382080078125, 557.6676025390625, 0.414772093296051]]}