{"clean": [[1, 198.7737274169922, 365.9219665527344, 233.15333557128906, 443.4741516113281, 0.8257675170898438], [0, 115.43559265136719, 232.98748779296875, 153.89588928222656, 257.92840576171875, 0.8210769295692444], [0, 365.21197509765625, 402.67156982421875, 399.41583251953125, 462.17584228515625, 0.8048710823059082], [0, 248.66372680664062, 346.5819396972656, 277.2884826660156, 404.6900939941406, 0.7939783930778503], [0, 296.6033935546875, 312.6280822753906, 320.87762451171875, 361.6131286621094, 0.7860719561576843], [1, 297.0101318359375, 224.39260864257812, 312.4244384765625, 255.41928100585938, 0.6188899874687195], [0, 230.80844116210938, 150.27383422851562, 242.76980590820312, 164.85305786132812, 0.5947834253311157], [0, 340.5920104980469, 131.794189453125, 348.7146911621094, 139.97894287109375, 0.5338479280471802], [1, 282.90679931640625, 177.44781494140625, 295.32476806640625, 196.65292358398438, 0.5276409387588501], [0, 138.20962524414062, 388.97698974609375, 163.90701293945312, 424.14202880859375, 0.527630627155304], [0, 425.5714111328125, 204.6768341064453, 467.1798095703125, 227.3653106689453, 0.5241208076477051], [0, 321.07427978515625, 135.20651245117188, 329.69769287109375, 146.37301635742188, 0.49267223477363586], [4, 55.969459533691406, 298.3209533691406, 73.19139862060547, 313.3917541503906, 0.3577589988708496], [4, 292.8370666503906, 116.75700378417969, 295.5327453613281, 122.092041015625, 0.28719982504844666], [0, 302.85723876953125, 127.84895324707031, 310.79498291015625, 136.96583557128906, 0.2636163532733917]], "patched": [[0, 115.51181030273438, 233.3045654296875, 153.90921020507812, 257.92376708984375, 0.7083887457847595], [1, 297.24346923828125, 313.173828125, 320.91119384765625, 361.8543701171875, 0.7034430503845215], [1, 199.02792358398438, 365.90362548828125, 233.46737670898438, 443.60455322265625, 0.6555739045143127], [1, 297.13250732421875, 224.26397705078125, 312.36920166015625, 255.303955078125, 0.6107085943222046], [0, 230.84117126464844, 150.2052001953125, 242.7573699951172, 164.8031005859375, 0.586925208568573], [2, 248.74050903320312, 346.50341796875, 277.4745178222656, 404.7174072265625, 0.551042914390564], [0, 321.0491943359375, 135.13751220703125, 329.72216796875, 146.38473510742188, 0.5397177338600159], [0, 340.564453125, 131.7206268310547, 348.6806640625, 140.0030975341797, 0.5295946002006531], [1, 282.8194274902344, 176.6229248046875, 295.2333068847656, 196.68756103515625, 0.5265905261039734], [0, 138.1956024169922, 389.362060546875, 163.3949737548828, 424.177490234375, 0.5246268510818481], [1, 365.3125915527344, 402.62396240234375, 399.4350891113281, 462.14996337890625, 0.49526017904281616], [0, 435.85028076171875, 204.8935089111328, 466.97821044921875, 224.6765899658203, 0.43123865127563477], [1, 249.07720947265625, 346.58404541015625, 277.162841796875, 404.93133544921875, 0.40189695358276367], [4, 55.91034698486328, 298.26849365234375, 73.21500396728516, 313.37939453125, 0.3230913579463959], [2, 282.93408203125, 176.57089233398438, 295.40704345703125, 196.61312866210938, 0.3098435401916504], [4, 4.79522705078125, 355.29327392578125, 20.529376983642578, 377.14190673828125, 0.3020511865615845], [3, 199.43902587890625, 365.80523681640625, 233.37115478515625, 443.6025390625, 0.29909080266952515], [4, 292.81243896484375, 116.69551849365234, 295.54644775390625, 122.17755889892578, 0.2715979516506195], [0, 302.7648620605469, 126.46115112304688, 310.7671203613281, 136.91317749023438, 0.2502857744693756]]}