{"clean": [[0, 369.31976318359375, 319.0091552734375, 435.29046630859375, 370.0123291015625, 0.9054054617881775], [0, 300.5127868652344, 348.8464050292969, 366.3440246582031, 402.4964294433594, 0.9015427231788635], [0, 562.0042724609375, 166.18734741210938, 599.9530029296875, 199.17208862304688, 0.6999025344848633], [4, 407.82708740234375, 482.28131103515625, 430.05194091796875, 524.6365356445312, 0.6918557286262512]], "patched": [[1, 300.5592041015625, 349.10595703125, 366.4599609375, 402.3740234375, 0.5700511336326599], [4, 407.9659423828125, 482.36492919921875, 430.0594482421875, 522.0203247070312, 0.562314510345459], [0, 370.78900146484375, 340.61370849609375, 416.44805908203125, 369.47332763671875, 0.4323290288448334], [0, 559.8504638671875, 165.80564880371094, 599.9791259765625, 199.1490936279297, 0.4019893705844879], [1, 372.43804931640625, 330.33453369140625, 414.13775634765625, 349.1680908203125, 0.38544219732284546], [1, 371.3907165527344, 341.57659912109375, 414.9870910644531, 369.186767578125, 0.38000866770744324], [1, 304.56634521484375, 370.02764892578125, 345.45257568359375, 401.74310302734375, 0.2884162962436676]]}