{"clean": [[0, 327.8586730957031, 102.88993835449219, 349.4903869628906, 125.68382263183594, 0.8144434094429016], [0, 34.79313659667969, 383.71649169921875, 64.56443786621094, 426.99334716796875, 0.8006157279014587], [0, 363.99957275390625, 114.54676818847656, 387.79132080078125, 138.4794464111328, 0.7865622639656067], [0, 235.0194091796875, 90.49595642089844, 255.23651123046875, 112.37773132324219, 0.7728714942932129], [0, 139.08673095703125, 12.773355484008789, 157.212158203125, 29.083677291870117, 0.7705939412117004], [0, 279.791015625, 44.999778747558594, 297.08428955078125, 62.62511444091797, 0.7161695957183838], [0, 528.32080078125, 301.2559814453125, 571.741943359375, 357.496337890625, 0.5735911726951599]], "patched": [[0, 139.09689331054688, 12.802482604980469, 157.22738647460938, 28.978515625, 0.7776176333427429], [0, 235.16879272460938, 90.544921875, 255.16622924804688, 112.2054443359375, 0.7695006728172302], [0, 327.9080810546875, 102.90093994140625, 348.7952880859375, 121.41424560546875, 0.741098940372467], [0, 279.8763427734375, 45.31971740722656, 297.023681640625, 62.45233154296875, 0.738059937953949], [0, 34.695091247558594, 383.3497619628906, 63.716392517089844, 427.1515197753906, 0.6095185875892639], [0, 365.5107421875, 114.9246826171875, 384.3475341796875, 134.70448303222656, 0.5615679621696472], [0, 528.4215698242188, 301.4400634765625, 571.7589721679688, 357.48504638671875, 0.5154918432235718], [1, 34.72969055175781, 383.5542907714844, 63.85261535644531, 427.7656555175781, 0.356317400932312]]}