{"clean": [[0, 106.35499572753906, 482.55322265625, 149.077880859375, 524.8812255859375, 0.908667266368866], [0, 148.01651000976562, 550.7567749023438, 189.29983520507812, 591.7450561523438, 0.9044469594955444], [0, 421.77093505859375, 415.2410888671875, 459.02581787109375, 450.557861328125, 0.9039350152015686], [0, 453.3561706542969, 378.1297302246094, 488.8774108886719, 410.4842834472656, 0.8810397982597351], [0, 498.2686767578125, 365.71905517578125, 535.7222900390625, 396.76507568359375, 0.8797355890274048], [0, 272.484130859375, 437.06982421875, 311.6024169921875, 475.0101318359375, 0.876799464225769], [0, 408.2764892578125, 391.72283935546875, 445.1689453125, 424.66534423828125, 0.8641883730888367], [0, 593.6944580078125, 334.93408203125, 630.9307861328125, 364.541748046875, 0.8613215088844299], [1, 198.03419494628906, 461.0147705078125, 230.62989807128906, 496.6104736328125, 0.8533658981323242], [2, 536.2263793945312, 348.94189453125, 574.4391479492188, 380.3782958984375, 0.7711849808692932], [0, 272.70770263671875, 53.874290466308594, 297.98614501953125, 70.77982330322266, 0.7407788038253784], [1, 352.51959228515625, 406.41558837890625, 382.36065673828125, 440.358642578125, 0.7193156480789185], [4, 260.33294677734375, 325.5923156738281, 267.68402099609375, 345.1910095214844, 0.7049486041069031], [0, 325.1480407714844, 366.8514404296875, 367.2538757324219, 394.3135986328125, 0.611472487449646], [4, 69.89300537109375, 410.32025146484375, 83.26451110839844, 423.23382568359375, 0.6020460724830627], [0, 631.6177978515625, 325.53570556640625, 639.94287109375, 352.95367431640625, 0.5913121104240417], [4, 455.5697021484375, 308.76824951171875, 471.2821044921875, 328.03411865234375, 0.5214990377426147], [0, 233.03945922851562, 0.019820451736450195, 257.1001892089844, 2.5941274166107178, 0.47947758436203003], [0, 359.60260009765625, 479.3125, 397.84320068359375, 519.8328247070312, 0.3246193826198578], [1, 271.9747009277344, 71.08406829833984, 294.9521179199219, 90.3512954711914, 0.2995917499065399], [1, 50.342559814453125, 500.09747314453125, 91.60935974121094, 543.7922973632812, 0.29635873436927795], [4, 186.19189453125, 449.76556396484375, 195.42645263671875, 471.02618408203125, 0.27964556217193604], [4, 623.289794921875, 235.2931671142578, 633.179443359375, 254.7688751220703, 0.2707477807998657]], "patched": [[0, 106.42807006835938, 482.6448974609375, 148.80819702148438, 524.7382202148438, 0.8299250602722168], [1, 198.019775390625, 461.1112060546875, 230.6109619140625, 496.5845947265625, 0.8271040916442871], [0, 148.11105346679688, 550.6088256835938, 189.17251586914062, 591.6295776367188, 0.8037722110748291], [2, 536.230712890625, 349.02105712890625, 574.541015625, 380.38201904296875, 0.8015925288200378], [0, 453.56329345703125, 378.2755432128906, 488.94403076171875, 410.3589782714844, 0.7827773094177246], [0, 272.70465087890625, 53.89000701904297, 297.88067626953125, 70.75450897216797, 0.7469947934150696], [1, 352.50213623046875, 406.5196533203125, 382.46063232421875, 440.35711669921875, 0.6912928819656372], [4, 260.30926513671875, 325.7583923339844, 267.6417236328125, 345.1054382324219, 0.6859726309776306], [0, 421.9508361816406, 415.40948486328125, 458.9645080566406, 450.25067138671875, 0.6659186482429504], [4, 69.86945343017578, 410.4713439941406, 83.26473236083984, 423.2115783691406, 0.619534432888031], [1, 359.985107421875, 479.68475341796875, 397.87567138671875, 519.5953979492188, 0.6060530543327332], [1, 516.7171630859375, 553.6626586914062, 540.7725830078125, 565.9210815429688, 0.5964097380638123], [0, 631.7598266601562, 327.52459716796875, 639.9376831054688, 352.91876220703125, 0.5814080834388733], [1, 273.87353515625, 437.1769104003906, 311.6162109375, 474.9277038574219, 0.5484503507614136], [0, 498.58148193359375, 366.07220458984375, 535.7765502929688, 396.74114990234375, 0.5460377335548401], [0, 273.71795654296875, 437.41107177734375, 311.54486083984375, 474.64849853515625, 0.526462197303772], [1, 594.0150146484375, 335.65814208984375, 630.649169921875, 364.24505615234375, 0.5228522419929504], [0, 593.8807373046875, 335.52142333984375, 630.712890625, 364.3878173828125, 0.5024529695510864], [0, 408.9819641113281, 391.97210693359375, 444.4588928222656, 424.22857666015625, 0.48772281408309937], [0, 232.908935546875, 0.019414901733398438, 257.07049560546875, 2.643012046813965, 0.48476001620292664], [1, 516.6842041015625, 566.6771240234375, 538.6942138671875, 578.321044921875, 0.48127543926239014], [1, 422.6885070800781, 428.5115966796875, 459.1547546386719, 450.47296142578125, 0.4642200171947479], [1, 471.1614990234375, 587.0523681640625, 495.09326171875, 598.6536865234375, 0.4337954521179199], [1, 471.7539978027344, 580.3755493164062, 498.5445861816406, 594.4595336914062, 0.4296121299266815], [1, 470.13751220703125, 573.582763671875, 496.67144775390625, 585.96044921875, 0.4257926940917969], [0, 422.05126953125, 415.45697021484375, 458.748046875, 436.6995849609375, 0.42265671491622925], [1, 517.0589599609375, 561.6600341796875, 536.5931396484375, 571.9324951171875, 0.41849151253700256], [1, 596.7094116210938, 507.36932373046875, 625.8018188476562, 522.2582397460938, 0.3947873115539551], [4, 455.3523864746094, 309.07977294921875, 471.2265930175781, 328.09918212890625, 0.3666825294494629], [1, 271.8828125, 71.10252380371094, 294.9984130859375, 90.20057678222656, 0.34963756799697876], [1, 422.4097900390625, 415.36505126953125, 459.1424560546875, 450.552978515625, 0.3441274166107178], [1, 596.8357543945312, 504.07537841796875, 629.3080444335938, 521.5274047851562, 0.3219546675682068]]}