{"clean": [[3, 345.3895263671875, 113.5736312866211, 373.16046142578125, 193.20468139648438, 0.8603107333183289], [0, 252.7110595703125, 194.32203674316406, 263.76263427734375, 220.0940399169922, 0.8161193132400513], [0, 213.56832885742188, 107.05940246582031, 223.10885620117188, 127.93824768066406, 0.8076392412185669], [0, 246.71084594726562, 274.6588134765625, 259.281494140625, 304.96337890625, 0.7826324701309204], [0, 316.216064453125, 51.779075622558594, 326.97412109375, 72.20543670654297, 0.7724679708480835], [0, 202.85284423828125, 12.332775115966797, 210.5628662109375, 27.886215209960938, 0.7719243168830872], [0, 311.0082702636719, 331.3111572265625, 325.0751647949219, 369.498046875, 0.7620218396186829], [0, 275.345703125, 362.536376953125, 287.65509033203125, 396.510498046875, 0.7464429140090942], [1, 117.86714172363281, 224.90435791015625, 138.35081481933594, 256.3371276855469, 0.7387220859527588], [1, 292.15423583984375, 4.804492950439453, 302.52484130859375, 30.278526306152344, 0.6922619938850403], [1, 261.33673095703125, 29.32270050048828, 270.20086669921875, 52.498382568359375, 0.6689656376838684], [1, 229.7259521484375, 60.45214080810547, 238.76513671875, 79.83708953857422, 0.620173990726471], [1, 97.94488525390625, 211.91893005371094, 123.8739013671875, 236.5766143798828, 0.5724436640739441], [1, 257.90673828125, 402.317626953125, 271.8455810546875, 442.5020751953125, 0.5194501876831055], [1, 328.42059326171875, 108.6844482421875, 339.26214599609375, 131.43911743164062, 0.5127679705619812], [1, 133.02227783203125, 34.99458312988281, 152.1177978515625, 50.553367614746094, 0.5125398635864258], [1, 252.1864013671875, 0.6804656982421875, 261.004638671875, 18.14398193359375, 0.414195716381073], [0, 127.77923583984375, 356.9178161621094, 144.59347534179688, 386.6600036621094, 0.40499547123908997], [0, 257.67547607421875, 401.7230529785156, 271.48089599609375, 442.1352844238281, 0.40035927295684814], [1, 275.21697998046875, 362.5478515625, 287.67376708984375, 396.5093994140625, 0.39542388916015625], [0, 252.38436889648438, 1.0688934326171875, 261.0558166503906, 18.21725845336914, 0.35599350929260254], [0, 328.50323486328125, 108.49942016601562, 339.29949951171875, 131.7957000732422, 0.34566500782966614], [0, 303.60400390625, 2.999113082885742, 312.6173095703125, 23.623065948486328, 0.2987346649169922]], "patched": [[3, 345.4044494628906, 113.57786560058594, 373.1468200683594, 193.2062530517578, 0.8612520694732666], [0, 252.7238006591797, 194.32565307617188, 263.74749755859375, 220.0863037109375, 0.8161579966545105], [0, 213.58050537109375, 107.06776428222656, 223.0975341796875, 127.92622375488281, 0.8077318072319031], [0, 246.73977661132812, 274.67333984375, 259.2618713378906, 304.947265625, 0.7747744917869568], [0, 316.22625732421875, 51.78685760498047, 326.96258544921875, 72.1989974975586, 0.7723291516304016], [0, 202.86444091796875, 12.338021278381348, 210.54827880859375, 27.870361328125, 0.77164226770401], [1, 117.93077850341797, 224.90829467773438, 138.3502197265625, 256.3362121582031, 0.7360042333602905], [1, 292.17181396484375, 4.803841590881348, 302.51116943359375, 30.269699096679688, 0.6914257407188416], [1, 261.34942626953125, 29.329442977905273, 270.18768310546875, 52.489784240722656, 0.6717761754989624], [1, 229.73953247070312, 60.46173858642578, 238.75567626953125, 79.83370208740234, 0.6229097247123718], [1, 98.23973846435547, 211.92172241210938, 123.87601470947266, 236.50662231445312, 0.5689474940299988], [0, 311.2666320800781, 331.4739990234375, 324.1638488769531, 353.959716796875, 0.5336247086524963], [1, 328.4337158203125, 108.69845581054688, 339.2481689453125, 131.43649291992188, 0.5283812880516052], [0, 313.46734619140625, 349.3193359375, 325.05072021484375, 369.8958740234375, 0.5274255275726318], [1, 257.9114074707031, 402.30731201171875, 271.8257751464844, 442.49505615234375, 0.5227318406105042], [1, 133.02578735351562, 34.99700927734375, 152.11468505859375, 50.54850769042969, 0.5162084102630615], [1, 252.21817016601562, 0.7778358459472656, 260.9895324707031, 18.138763427734375, 0.4170815646648407], [0, 275.34246826171875, 362.5336608886719, 287.67706298828125, 396.4721984863281, 0.41234052181243896], [0, 127.78524017333984, 357.06292724609375, 144.56869506835938, 386.6553955078125, 0.40299126505851746], [0, 311.1312561035156, 331.1600341796875, 324.4001770019531, 367.4615478515625, 0.3597572445869446], [0, 252.418212890625, 1.1631450653076172, 261.0426025390625, 18.21023178100586, 0.35373741388320923], [1, 311.1343078613281, 331.29986572265625, 324.4332580566406, 361.81463623046875, 0.31814444065093994], [0, 303.6275329589844, 3.0299205780029297, 312.6092224121094, 23.617679595947266, 0.29475173354148865], [0, 257.72509765625, 401.9577331542969, 271.7742919921875, 441.7745056152344, 0.2852924168109894]]}