{"clean": [[0, 375.58099365234375, 235.21426391601562, 389.57086181640625, 253.99063110351562, 0.7930741906166077], [0, 328.65447998046875, 399.7696533203125, 347.76190185546875, 441.6917724609375, 0.783186674118042], [0, 465.73712158203125, 175.6234588623047, 474.72894287109375, 188.84352111816406, 0.7790461778640747], [0, 314.757080078125, 284.6478576660156, 328.4488525390625, 311.1634216308594, 0.7786115407943726], [0, 582.0738525390625, 220.68853759765625, 594.8123779296875, 236.509765625, 0.7646768093109131], [0, 443.4759521484375, 129.436279296875, 452.367431640625, 140.68231201171875, 0.7584266066551208], [0, 394.0906982421875, 172.22640991210938, 402.71466064453125, 182.89944458007812, 0.7549301385879517], [0, 397.6588134765625, 195.78878784179688, 410.8541259765625, 213.66567993164062, 0.7518972754478455], [0, 385.84307861328125, 76.84353637695312, 392.85174560546875, 85.90960693359375, 0.7425407767295837], [0, 364.5306701660156, 134.22579956054688, 374.5972595214844, 147.66049194335938, 0.725677490234375], [0, 592.8919677734375, 223.115234375, 605.0208740234375, 236.485107421875, 0.7202476263046265], [0, 397.888427734375, 151.74185180664062, 406.302734375, 162.65933227539062, 0.7053184509277344], [1, 569.031005859375, 222.45904541015625, 582.0203857421875, 241.24090576171875, 0.5995669960975647], [0, 429.6016540527344, 154.3997802734375, 440.8913269042969, 167.923828125, 0.596153974533081], [0, 552.90283203125, 189.293212890625, 567.189208984375, 202.60897827148438, 0.5708000659942627], [0, 428.7212829589844, 87.08102416992188, 436.3123474121094, 95.76138305664062, 0.5453335642814636], [0, 574.02099609375, 316.64068603515625, 597.6982421875, 329.20062255859375, 0.48328667879104614], [0, 422.97723388671875, 75.5257568359375, 431.32720947265625, 85.74273681640625, 0.3996383249759674], [0, 432.97540283203125, 241.4935302734375, 443.06610107421875, 255.84527587890625, 0.39634841680526733], [0, 568.6982421875, 306.818115234375, 590.806884765625, 319.6624755859375, 0.35266610980033875], [0, 631.1719970703125, 401.80908203125, 639.9759521484375, 415.1983642578125, 0.3055588901042938]], "patched": [[0, 375.6385803222656, 235.339599609375, 389.5170593261719, 253.9415283203125, 0.7928939461708069], [0, 314.82391357421875, 284.921142578125, 328.35015869140625, 311.1578369140625, 0.7815268635749817], [0, 465.76214599609375, 175.62481689453125, 474.72247314453125, 188.8433837890625, 0.7813379168510437], [0, 582.0613403320312, 220.67263793945312, 594.8242797851562, 236.52288818359375, 0.7674339413642883], [0, 443.47625732421875, 129.4276123046875, 452.37054443359375, 140.68951416015625, 0.7590395212173462], [0, 394.10028076171875, 172.23995971679688, 402.70819091796875, 182.89382934570312, 0.7570936679840088], [0, 397.6912536621094, 195.8036651611328, 410.8590393066406, 213.6230926513672, 0.7509915828704834], [0, 385.8374938964844, 76.82652282714844, 392.8602600097656, 85.91444396972656, 0.7439586520195007], [0, 364.5411071777344, 134.21697998046875, 374.5982360839844, 147.6544189453125, 0.726605236530304], [0, 592.9011840820312, 223.11087036132812, 605.0397338867188, 236.50448608398438, 0.7261465191841125], [0, 397.8792724609375, 151.68612670898438, 406.3426513671875, 162.67660522460938, 0.7088130712509155], [0, 429.5973815917969, 154.32293701171875, 440.9097595214844, 167.931396484375, 0.5965310335159302], [1, 569.029541015625, 222.42739868164062, 582.0225830078125, 241.1500244140625, 0.5944814085960388], [0, 552.9005126953125, 189.28781127929688, 567.1961669921875, 202.62112426757812, 0.5791455507278442], [0, 428.7112731933594, 87.05973815917969, 436.3183288574219, 95.76673889160156, 0.5412879586219788], [0, 328.5499267578125, 399.92327880859375, 347.06585693359375, 442.071533203125, 0.5058062672615051], [0, 574.3596801757812, 316.653564453125, 597.5774536132812, 328.8387451171875, 0.4438040256500244], [0, 433.0323486328125, 241.49337768554688, 443.0606689453125, 255.61065673828125, 0.4331808090209961], [0, 626.375244140625, 429.9508056640625, 639.923583984375, 443.224853515625, 0.403916597366333], [0, 422.9805908203125, 75.50968933105469, 431.33251953125, 85.74314880371094, 0.39877110719680786], [0, 618.06494140625, 390.9491882324219, 633.029296875, 403.2371520996094, 0.3802359700202942], [0, 569.1181640625, 306.84783935546875, 590.51806640625, 319.46630859375, 0.3178950846195221], [0, 630.840576171875, 401.8363037109375, 639.961669921875, 415.142578125, 0.2911740243434906]]}