{"clean": [[1, 159.38067626953125, 66.13984680175781, 177.66925048828125, 108.84333801269531, 0.7262515425682068], [3, 408.9725341796875, 430.5541687011719, 486.695068359375, 625.6640625, 0.6822454929351807]], "patched": [[3, 408.99853515625, 430.5338439941406, 486.6966552734375, 625.7059326171875, 0.6781858205795288], [0, 162.83448791503906, 84.37605285644531, 176.7190704345703, 108.77903747558594, 0.48188894987106323], [1, 159.78125, 66.47186279296875, 174.4913330078125, 91.05007934570312, 0.4652002453804016], [2, 159.67144775390625, 66.17539978027344, 176.18655395507812, 109.52244567871094, 0.2769116759300232]]}