{"clean": [[0, 464.5229797363281, 452.01373291015625, 501.2807312011719, 509.16241455078125, 0.8907843232154846], [0, 346.4348449707031, 279.65350341796875, 363.3968811035156, 314.44061279296875, 0.8618282675743103], [0, 359.61370849609375, 228.81930541992188, 372.78656005859375, 258.5285339355469, 0.8378927111625671], [0, 358.8825988769531, 166.43353271484375, 370.8230285644531, 195.56365966796875, 0.8013298511505127], [0, 372.83514404296875, 95.5810546875, 384.89825439453125, 117.44891357421875, 0.8012058734893799], [3, 0.0987091064453125, 574.1077270507812, 20.91061782836914, 639.9425659179688, 0.7971746921539307], [0, 379.1241455078125, 304.30645751953125, 403.0545654296875, 346.54632568359375, 0.7903116345405579], [0, 337.50860595703125, 211.26657104492188, 348.99493408203125, 245.78939819335938, 0.7580830454826355], [0, 392.9681701660156, 407.1029052734375, 422.2667541503906, 457.5048828125, 0.7299137115478516], [0, 374.94525146484375, 0.7815971374511719, 385.796142578125, 19.89794921875, 0.687576949596405], [0, 251.11717224121094, 330.4100341796875, 278.5533447265625, 354.4248046875, 0.6195958852767944], [0, 251.53622436523438, 338.6968994140625, 278.4395446777344, 354.599853515625, 0.5821040868759155], [0, 393.1383056640625, 7.217030048370361, 402.2933349609375, 21.83687973022461, 0.5759073495864868], [0, 251.4970703125, 329.63433837890625, 278.23968505859375, 345.87701416015625, 0.35196346044540405], [0, 197.2921142578125, 319.27838134765625, 221.2030029296875, 348.20159912109375, 0.3021804690361023]], "patched": [[0, 359.63714599609375, 228.83706665039062, 372.71795654296875, 258.50244140625, 0.8297169804573059], [0, 372.8443603515625, 95.58663940429688, 384.88726806640625, 117.45256042480469, 0.7996821403503418], [3, 0.09876632690429688, 573.4539794921875, 20.9169921875, 639.9510498046875, 0.7990290522575378], [0, 358.904541015625, 166.5029296875, 370.75823974609375, 195.565673828125, 0.7958921790122986], [0, 337.5637512207031, 211.3067626953125, 348.9713439941406, 245.80682373046875, 0.7411068081855774], [0, 464.684326171875, 452.1494140625, 492.0799560546875, 482.56878662109375, 0.7332478165626526], [0, 347.9261474609375, 291.49517822265625, 363.217529296875, 314.64605712890625, 0.7317695617675781], [0, 472.089599609375, 477.39263916015625, 500.8367919921875, 509.44757080078125, 0.7264905571937561], [0, 379.0960693359375, 303.3188781738281, 403.0816650390625, 346.5569763183594, 0.6916232705116272], [0, 374.93255615234375, 0.7996692657470703, 385.78485107421875, 19.913057327270508, 0.6867733597755432], [0, 393.11614990234375, 7.319464206695557, 402.31158447265625, 21.851545333862305, 0.5921224355697632], [0, 392.79693603515625, 406.546142578125, 416.78582763671875, 442.271240234375, 0.5142609477043152], [0, 347.48492431640625, 282.4834289550781, 363.26483154296875, 314.6757507324219, 0.5114994049072266], [1, 392.5584716796875, 407.3499755859375, 416.92333984375, 441.9368896484375, 0.39931195974349976], [0, 346.61273193359375, 279.79302978515625, 359.49786376953125, 298.99334716796875, 0.39586570858955383], [0, 251.22244262695312, 335.2319641113281, 278.5881652832031, 354.4257507324219, 0.33695387840270996], [0, 197.62637329101562, 317.67926025390625, 220.89102172851562, 346.25433349609375, 0.3332589268684387]]}