{"clean": [[3, 175.2413330078125, 162.86509704589844, 230.4464111328125, 215.54481506347656, 0.9050852656364441], [0, 418.4948425292969, 406.1503601074219, 443.2342834472656, 448.8159484863281, 0.8365086317062378], [0, 114.35530090332031, 181.84722900390625, 136.7909698486328, 200.23101806640625, 0.813494861125946], [0, 124.06312561035156, 157.79898071289062, 143.40711975097656, 175.76229858398438, 0.803322970867157], [0, 283.109375, 313.2606201171875, 303.0499267578125, 354.096435546875, 0.8027700185775757], [0, 310.4681701660156, 124.47981262207031, 324.6199645996094, 151.9346466064453, 0.7912601232528687], [0, 63.145442962646484, 126.83708190917969, 81.49490356445312, 144.02915954589844, 0.7448662519454956], [0, 268.885986328125, 0.21984100341796875, 280.807373046875, 20.07504653930664, 0.7312362790107727], [0, 207.6168212890625, 610.073486328125, 233.19512939453125, 640.0, 0.7147258520126343], [0, 79.4931640625, 129.40676879882812, 104.53938293457031, 154.64151000976562, 0.7035679221153259], [0, 0.041512489318847656, 265.64697265625, 12.381746292114258, 295.26983642578125, 0.6905103921890259], [0, 47.62030029296875, 121.33457946777344, 65.75564575195312, 139.7315216064453, 0.6812493801116943], [0, 72.80070495605469, 141.10848999023438, 97.66891479492188, 163.82296752929688, 0.6647435426712036], [4, 312.9854431152344, 68.41413879394531, 319.3249816894531, 82.40147399902344, 0.6429581046104431], [2, 14.366294860839844, 92.74027252197266, 45.827117919921875, 127.54808807373047, 0.6296191811561584], [2, 86.54377746582031, 209.31637573242188, 134.7809295654297, 270.5749816894531, 0.4365006387233734], [3, 4.816546440124512, 106.19105529785156, 33.2043342590332, 133.96707153320312, 0.40763410925865173], [0, 303.0419921875, 0.004050731658935547, 314.4393310546875, 4.33170223236084, 0.38726359605789185], [0, 0.06969451904296875, 237.60025024414062, 17.529163360595703, 264.0914306640625, 0.35399243235588074], [1, 0.0001697540283203125, 337.64703369140625, 29.067855834960938, 394.46563720703125, 0.32754024863243103], [2, 12.35711669921875, 289.36688232421875, 68.6009521484375, 338.49847412109375, 0.30950796604156494]], "patched": [[3, 175.2247314453125, 162.86293029785156, 230.4512939453125, 215.56785583496094, 0.9047949314117432], [0, 114.36203002929688, 181.83615112304688, 136.79541015625, 200.22708129882812, 0.8130043148994446], [0, 124.05229187011719, 157.7774200439453, 143.43348693847656, 175.7758331298828, 0.8032036423683167], [0, 310.6212158203125, 124.59425354003906, 324.470947265625, 151.8906707763672, 0.7858163714408875], [0, 63.1334342956543, 126.81713104248047, 81.52629089355469, 144.04315185546875, 0.7426620125770569], [0, 268.88690185546875, 0.19744873046875, 280.79766845703125, 20.07933807373047, 0.726974368095398], [0, 79.4808578491211, 129.3968505859375, 104.54767608642578, 154.65737915039062, 0.6967419385910034], [0, 0.04346656799316406, 265.6654357910156, 12.365869522094727, 295.1047668457031, 0.6888511776924133], [0, 47.60578155517578, 121.3005142211914, 65.77200317382812, 139.74130249023438, 0.6778395771980286], [0, 208.21676635742188, 610.2483520507812, 232.33718872070312, 640.0, 0.6524568200111389], [0, 72.789306640625, 141.10140991210938, 97.69776916503906, 163.83242797851562, 0.6446073651313782], [4, 312.99798583984375, 68.4449462890625, 319.29925537109375, 82.36056518554688, 0.641247570514679], [2, 14.31833553314209, 92.70594787597656, 45.848182678222656, 127.57398986816406, 0.6074744462966919], [2, 87.00990295410156, 209.3277587890625, 134.79164123535156, 270.5743103027344, 0.44378045201301575], [0, 418.213623046875, 406.40460205078125, 443.2418212890625, 450.1016845703125, 0.4285762906074524], [2, 418.0539855957031, 406.19573974609375, 443.4024963378906, 450.25262451171875, 0.4085519015789032], [0, 283.25018310546875, 325.60040283203125, 299.9027099609375, 354.30120849609375, 0.397908478975296], [0, 283.2493896484375, 310.76409912109375, 301.93890380859375, 354.2835693359375, 0.39597705006599426], [3, 4.752830505371094, 106.18537902832031, 33.21316909790039, 133.9931182861328, 0.3894401490688324], [0, 303.10211181640625, 0.004345893859863281, 314.41986083984375, 4.329441547393799, 0.3878404200077057], [0, 286.13250732421875, 308.8070068359375, 302.80426025390625, 334.54638671875, 0.32829636335372925], [1, 0.0, 337.6981506347656, 29.166370391845703, 394.5809631347656, 0.30951255559921265], [2, 12.288618087768555, 289.35845947265625, 68.61062622070312, 338.53778076171875, 0.3056705892086029]]}