{"clean": [[0, 494.3832702636719, 409.01715087890625, 604.257568359375, 499.7666015625, 0.9317118525505066], [0, 170.94061279296875, 540.55126953125, 268.4080810546875, 607.980224609375, 0.901056706905365], [0, 378.4369201660156, 297.6479187011719, 471.2720031738281, 407.2678527832031, 0.8980918526649475], [0, 305.64288330078125, 331.79949951171875, 357.48760986328125, 454.98919677734375, 0.8899444341659546], [0, 142.86734008789062, 376.69012451171875, 199.98892211914062, 499.13519287109375, 0.8737692832946777], [0, 25.801471710205078, 495.9637451171875, 125.72587585449219, 619.10595703125, 0.8679941296577454], [0, 245.3704833984375, 365.5850830078125, 297.40972900390625, 491.36083984375, 0.8581742644309998], [0, 0.0, 393.97637939453125, 44.471473693847656, 457.24468994140625, 0.8360905647277832], [0, 343.81109619140625, 412.65679931640625, 400.83221435546875, 542.2681274414062, 0.8335987329483032], [0, 214.04244995117188, 9.50958251953125, 252.76272583007812, 121.4111328125, 0.8113175630569458], [0, 55.30650329589844, 0.11734771728515625, 102.3466796875, 65.50489807128906, 0.7672227025032043], [0, 300.8109130859375, 158.15142822265625, 344.9951171875, 276.51849365234375, 0.6419521570205688], [0, 317.6520080566406, 1.555145263671875, 356.6143493652344, 117.428466796875, 0.49067819118499756], [4, 439.24853515625, 120.58721923828125, 457.0938720703125, 158.31439208984375, 0.4683358669281006], [0, 269.30499267578125, 619.2484741210938, 385.933349609375, 640.0, 0.4437883794307709], [0, 268.1549987792969, 625.421142578125, 386.4295349121094, 640.0, 0.3808421492576599], [1, 0.0, 0.8625335693359375, 56.90273666381836, 117.53102111816406, 0.32655638456344604], [2, 0.0, 228.2705841064453, 102.70123291015625, 399.51287841796875, 0.26172196865081787], [0, 255.99246215820312, 628.55419921875, 336.5114440917969, 640.0, 0.258758544921875]], "patched": [[1, 54.95524978637695, 530.2589721679688, 101.81471252441406, 561.4555053710938, 0.7757390737533569], [1, 224.16268920898438, 48.88301086425781, 253.0582275390625, 69.82553100585938, 0.7581021785736084], [1, 254.72669982910156, 409.3103332519531, 289.1214599609375, 428.7283630371094, 0.735220193862915], [1, 306.9002380371094, 200.83541870117188, 338.4230651855469, 219.57485961914062, 0.7337819337844849], [1, 380.4090576171875, 85.3188247680664, 411.6259765625, 100.75609588623047, 0.6964157819747925], [1, 403.3199462890625, 348.32440185546875, 437.08642578125, 367.18756103515625, 0.6901783347129822], [1, 405.9661865234375, 358.6827087402344, 447.044677734375, 378.8295593261719, 0.6832058429718018], [1, 150.8902130126953, 433.8283996582031, 181.89637756347656, 452.7781677246094, 0.6808475255966187], [1, 312.5853271484375, 374.25177001953125, 347.55230712890625, 395.33758544921875, 0.6808112859725952], [1, 151.08956909179688, 442.01080322265625, 189.90933227539062, 464.39251708984375, 0.6745173335075378], [1, 309.3662109375, 395.42755126953125, 341.7003173828125, 415.37384033203125, 0.6738086342811584], [1, 304.287109375, 211.46231079101562, 330.2720947265625, 227.30645751953125, 0.6737849712371826], [1, 253.13192749023438, 422.3067626953125, 285.4411315917969, 439.919921875, 0.6716071367263794], [1, 150.28683471679688, 419.4925842285156, 186.87173461914062, 438.0549011230469, 0.6705257296562195], [1, 318.70947265625, 45.26165771484375, 349.883544921875, 66.34956359863281, 0.666824460029602], [1, 383.224853515625, 104.6634750366211, 414.3546142578125, 120.38907623291016, 0.6642490029335022], [1, 323.141845703125, 66.75723266601562, 353.7103271484375, 85.94303894042969, 0.6523373126983643], [1, 319.80810546875, 60.819602966308594, 346.3121337890625, 78.94597625732422, 0.6404151320457458], [1, 304.412109375, 220.22097778320312, 333.6209716796875, 237.43289184570312, 0.6394212245941162], [1, 50.34885025024414, 549.5584716796875, 87.514404296875, 571.846435546875, 0.6292423009872437], [1, 494.156494140625, 408.43377685546875, 605.638916015625, 499.36895751953125, 0.6288848519325256], [1, 351.53631591796875, 473.49212646484375, 380.538818359375, 492.06622314453125, 0.6154763698577881], [1, 219.47085571289062, 59.698097229003906, 244.54660034179688, 76.52393341064453, 0.5927641987800598], [1, 350.53570556640625, 456.05645751953125, 385.80804443359375, 477.45416259765625, 0.5884397625923157], [1, 320.39227294921875, 612.7265014648438, 344.08465576171875, 629.0046997070312, 0.5846920013427734], [1, 398.86309814453125, 331.43988037109375, 444.07159423828125, 351.83197021484375, 0.5784979462623596], [1, 310.8984375, 386.37103271484375, 341.677490234375, 405.10308837890625, 0.5703708529472351], [1, 0.6697044372558594, 407.7626647949219, 35.20710372924805, 424.8274230957031, 0.5668612122535706], [1, 378.84918212890625, 97.95503234863281, 407.31390380859375, 113.22625732421875, 0.5667977333068848], [0, 57.58489990234375, 0.21573638916015625, 102.85029602050781, 65.38036346435547, 0.5588501691818237], [1, 351.6965026855469, 479.6336669921875, 389.0491638183594, 502.6923828125, 0.554010808467865], [0, 306.55712890625, 403.3537292480469, 344.47265625, 454.6453552246094, 0.5337764024734497], [1, 218.12313842773438, 67.4803695678711, 245.34030151367188, 85.6375961303711, 0.5298499464988708], [1, 199.23580932617188, 556.1290893554688, 234.84201049804688, 574.0753784179688, 0.5146592259407043], [1, 251.1711883544922, 432.2132568359375, 285.37896728515625, 450.0340576171875, 0.5110210180282593], [1, 42.584800720214844, 561.2176513671875, 91.60521697998047, 587.6663818359375, 0.5025975704193115], [1, 200.44607543945312, 570.554931640625, 237.08877563476562, 588.161376953125, 0.4885219633579254], [1, 317.272705078125, 621.3018188476562, 339.5294189453125, 636.5784301757812, 0.4866669476032257], [1, 345.383056640625, 479.714599609375, 389.162109375, 539.354736328125, 0.48460492491722107], [1, 204.8843994140625, 578.626953125, 237.10061645507812, 593.7529296875, 0.4771556258201599], [1, 316.13494873046875, 626.8995361328125, 338.71875, 639.8099365234375, 0.46560102701187134], [0, 0.040103912353515625, 394.85711669921875, 38.05665969848633, 416.26873779296875, 0.4570142328739166], [0, 217.3933868408203, 75.67060852050781, 250.93357849121094, 121.72895812988281, 0.4485166072845459], [0, 318.23724365234375, 33.000694274902344, 352.38824462890625, 48.038543701171875, 0.4268171489238739], [1, 301.6040344238281, 230.08682250976562, 338.0382995605469, 276.15252685546875, 0.42126601934432983], [1, 528.9156494140625, 450.7335205078125, 562.8072509765625, 471.9451904296875, 0.3556492328643799], [0, 214.30062866210938, 31.388561248779297, 251.87814331054688, 47.92061233520508, 0.3515506088733673], [0, 148.0130615234375, 406.90740966796875, 188.29376220703125, 427.45977783203125, 0.3494848310947418], [0, 269.6380615234375, 632.8375244140625, 314.6922607421875, 640.0, 0.3460485339164734], [1, 347.4613037109375, 479.43609619140625, 388.865234375, 510.77728271484375, 0.31354936957359314], [0, 0.0, 419.04705810546875, 37.26750183105469, 451.26104736328125, 0.28856900334358215], [0, 278.0023193359375, 627.6444702148438, 309.9366455078125, 639.8508911132812, 0.26600736379623413], [0, 494.007568359375, 409.27520751953125, 604.290771484375, 498.37445068359375, 0.2643643021583557], [1, 0.0206756591796875, 418.72479248046875, 37.393699645996094, 451.31219482421875, 0.2572714686393738]]}