{"clean": [[0, 118.98141479492188, 275.97442626953125, 194.87075805664062, 305.7171630859375, 0.5865219235420227], [0, 281.01544189453125, 191.7296600341797, 342.39959716796875, 222.1099090576172, 0.4949095547199249], [0, 461.99200439453125, 261.27789306640625, 531.2291259765625, 297.17413330078125, 0.4362899959087372]], "patched": [[0, 298.56610107421875, 196.40025329589844, 318.37005615234375, 207.9046173095703, 0.31856051087379456], [0, 280.72930908203125, 196.99148559570312, 341.65850830078125, 221.21832275390625, 0.2801911234855652]]}