{"clean": [[2, 443.4620361328125, 147.01051330566406, 472.24658203125, 213.2088165283203, 0.8638030886650085], [1, 513.3899536132812, 315.78851318359375, 542.5060424804688, 372.51739501953125, 0.8552374243736267], [0, 357.2264404296875, 219.68112182617188, 376.696533203125, 260.2117614746094, 0.8204219937324524], [1, 447.8038330078125, 363.81976318359375, 471.716796875, 421.09222412109375, 0.7232266068458557], [0, 369.4825744628906, 41.44169616699219, 386.8550720214844, 74.44268035888672, 0.668893575668335], [0, 621.7183837890625, 517.878662109375, 639.9283447265625, 566.9464111328125, 0.25365114212036133]], "patched": [[2, 443.527099609375, 147.04519653320312, 472.252685546875, 213.21304321289062, 0.8646523356437683], [1, 513.351806640625, 315.7532958984375, 542.5582275390625, 372.42333984375, 0.8253374695777893], [2, 368.8106689453125, 41.50053405761719, 386.7352294921875, 74.42301177978516, 0.75953209400177], [0, 451.4127502441406, 385.9356994628906, 471.1498718261719, 421.1234436035156, 0.538497269153595], [0, 357.21600341796875, 219.65386962890625, 376.39971923828125, 260.55206298828125, 0.4664519131183624], [1, 447.5944519042969, 363.2628173828125, 470.6109313964844, 421.09405517578125, 0.37747612595558167], [1, 447.78302001953125, 363.60675048828125, 468.53363037109375, 397.17608642578125, 0.3709796965122223], [2, 357.29638671875, 219.88427734375, 376.0594482421875, 260.6202697753906, 0.2590568959712982], [0, 621.7115478515625, 517.965087890625, 639.9266357421875, 566.928955078125, 0.258670836687088]]}