{"clean": [[2, 450.48492431640625, 40.46066665649414, 481.09808349609375, 108.3524169921875, 0.864155650138855], [0, 501.92535400390625, 233.46661376953125, 528.6749877929688, 282.86883544921875, 0.8581163883209229], [0, 200.41900634765625, 174.68133544921875, 218.92572021484375, 216.4031982421875, 0.8415061831474304], [1, 524.250732421875, 204.25949096679688, 554.720703125, 260.4855041503906, 0.8357219696044922], [1, 373.0481262207031, 200.43115234375, 393.8152770996094, 251.62258911132812, 0.7924768328666687]], "patched": [[2, 450.6048583984375, 40.479881286621094, 481.0548095703125, 108.3669662475586, 0.8664806485176086], [0, 200.46974182128906, 174.67282104492188, 218.8954315185547, 216.43215942382812, 0.8366338610649109], [1, 373.28338623046875, 200.5540313720703, 393.61199951171875, 251.5105743408203, 0.6110579371452332], [3, 524.2578125, 204.34103393554688, 554.753173828125, 260.3711242675781, 0.5315464735031128], [0, 501.403564453125, 233.0497283935547, 528.94189453125, 283.63543701171875, 0.4528694748878479], [1, 524.315185546875, 204.21554565429688, 554.643798828125, 260.4448547363281, 0.4345214068889618], [1, 501.1448974609375, 233.64862060546875, 529.0428466796875, 283.6600341796875, 0.40719467401504517], [0, 502.04949951171875, 233.32113647460938, 523.4323120117188, 264.6899108886719, 0.33987993001937866]]}