{"clean": [[0, 313.4030456542969, 592.5423583984375, 329.4526672363281, 639.8912353515625, 0.8178766965866089], [3, 350.90966796875, 419.3131103515625, 380.3355712890625, 549.8507080078125, 0.8093377947807312], [0, 351.2208251953125, 258.344482421875, 362.806884765625, 286.44342041015625, 0.7801498174667358], [4, 274.59136962890625, 227.1334686279297, 280.14361572265625, 238.3001251220703, 0.7784309983253479], [0, 289.60302734375, 179.59390258789062, 300.5438232421875, 200.8114013671875, 0.7603798508644104], [0, 315.7986145019531, 230.20806884765625, 329.4798278808594, 257.18670654296875, 0.7400465607643127], [0, 260.98419189453125, 88.24020385742188, 272.07147216796875, 105.61346435546875, 0.7369059920310974], [0, 340.24029541015625, 515.649658203125, 356.1229248046875, 576.982666015625, 0.593190610408783], [0, 346.66473388671875, 217.33425903320312, 358.61529541015625, 235.13711547851562, 0.5211613178253174], [3, 0.0, 359.10784912109375, 53.84844207763672, 482.32855224609375, 0.2763883173465729]], "patched": [[3, 350.92132568359375, 419.3243408203125, 380.31732177734375, 549.85791015625, 0.8097004294395447], [4, 274.5941162109375, 227.14356994628906, 280.14215087890625, 238.2960662841797, 0.7798334956169128], [0, 313.6353759765625, 592.278564453125, 327.7452392578125, 619.58447265625, 0.7795485854148865], [0, 351.2323913574219, 258.3531494140625, 362.7887878417969, 286.43505859375, 0.7782344818115234], [0, 289.6094970703125, 179.59963989257812, 300.5396728515625, 200.80108642578125, 0.7601411938667297], [0, 314.81787109375, 614.5650634765625, 328.896240234375, 639.96630859375, 0.7576410174369812], [0, 260.98712158203125, 88.22856903076172, 272.06732177734375, 105.61353302001953, 0.7374935746192932], [0, 315.833740234375, 230.29318237304688, 329.4610595703125, 257.1820373535156, 0.7332459688186646], [0, 346.67694091796875, 217.42953491210938, 358.60723876953125, 235.12155151367188, 0.5284022092819214], [0, 340.28326416015625, 515.6560668945312, 356.07183837890625, 576.9921264648438, 0.5263073444366455], [3, 0.0, 358.9345703125, 53.883480072021484, 482.3314208984375, 0.2756660282611847], [1, 340.13055419921875, 515.7171020507812, 356.80224609375, 577.1254272460938, 0.2696244716644287]]}