{"clean": [[0, 266.2930908203125, 498.98052978515625, 282.7623291015625, 552.8921508789062, 0.6011716723442078], [0, 272.6128845214844, 250.009765625, 283.0592346191406, 280.32373046875, 0.5954247117042542]], "patched": [[0, 271.661865234375, 249.303466796875, 283.285888671875, 280.15045166015625, 0.8063350319862366], [0, 266.6278076171875, 500.6481628417969, 282.73968505859375, 553.369140625, 0.6111869812011719], [0, 312.62384033203125, 527.8165893554688, 325.33489990234375, 562.8705444335938, 0.4911975562572479], [0, 314.5642395019531, 404.8694152832031, 328.0732116699219, 439.9104919433594, 0.4108409881591797], [0, 367.4139404296875, 436.927734375, 379.3702392578125, 465.3671875, 0.2641243636608124]]}