{"clean": [[0, 163.12246704101562, 504.7042236328125, 224.26412963867188, 639.596923828125, 0.9233284592628479], [0, 524.99853515625, 366.73406982421875, 576.15576171875, 429.37750244140625, 0.8838003873825073], [0, 590.0997314453125, 392.50921630859375, 636.1275634765625, 462.98687744140625, 0.8443635106086731], [0, 178.68896484375, 215.4404296875, 199.562744140625, 245.81011962890625, 0.7758201360702515], [0, 242.70013427734375, 243.60125732421875, 262.537353515625, 277.166015625, 0.7743467092514038], [0, 51.07383728027344, 311.4830627441406, 96.80552673339844, 354.4263610839844, 0.7405335307121277], [0, 566.6875, 451.3797607421875, 627.8824462890625, 517.1265258789062, 0.7117617726325989], [1, 230.19595336914062, 190.71417236328125, 243.31155395507812, 212.086669921875, 0.6791960000991821], [1, 407.983642578125, 255.7005615234375, 437.7342529296875, 303.78448486328125, 0.6163654327392578], [4, 210.2369384765625, 220.801513671875, 217.0079345703125, 236.67990112304688, 0.4930398166179657], [0, 297.7085876464844, 203.74365234375, 313.2145690917969, 228.4964599609375, 0.46541643142700195], [0, 245.92886352539062, 170.46884155273438, 257.5136413574219, 187.98416137695312, 0.4469118118286133], [1, 297.84649658203125, 203.7085418701172, 313.0772705078125, 228.29026794433594, 0.40147164463996887], [0, 408.0470886230469, 255.75140380859375, 437.6492004394531, 303.28936767578125, 0.3571279048919678], [4, 509.9903564453125, 452.2037353515625, 529.1842041015625, 492.6298828125, 0.26307037472724915]], "patched": [[1, 242.74130249023438, 169.39450073242188, 257.3991394042969, 188.33694458007812, 0.700123131275177], [1, 228.80609130859375, 190.43814086914062, 242.79043579101562, 212.37643432617188, 0.6796886920928955], [0, 242.5076904296875, 243.51246643066406, 262.40362548828125, 277.407470703125, 0.5884207487106323], [4, 210.10028076171875, 221.16360473632812, 217.18826293945312, 236.72238159179688, 0.5405725240707397], [1, 178.6999053955078, 214.9536895751953, 199.69178771972656, 246.0060272216797, 0.5112780332565308], [0, 295.819580078125, 203.70388793945312, 313.302734375, 228.84933471679688, 0.48217272758483887], [0, 52.6436882019043, 310.92901611328125, 96.54014587402344, 353.56427001953125, 0.4562947750091553], [1, 406.6609802246094, 254.5563507080078, 438.0862731933594, 303.83465576171875, 0.42139819264411926], [3, 287.001708984375, 115.26667785644531, 294.993408203125, 127.40092468261719, 0.4073459804058075], [0, 178.59133911132812, 215.08111572265625, 199.61965942382812, 245.69876098632812, 0.40214455127716064], [4, 509.7820739746094, 452.5304870605469, 530.2464599609375, 492.6581115722656, 0.3466823101043701]]}