{"clean": [[3, 350.6578369140625, 353.75244140625, 383.9208984375, 428.992431640625, 0.8676349520683289], [0, 275.6148681640625, 468.570068359375, 304.50738525390625, 528.315185546875, 0.8555885553359985], [0, 308.99981689453125, 407.3211669921875, 334.34332275390625, 457.228515625, 0.78544020652771], [0, 353.7809143066406, 294.34320068359375, 364.4043884277344, 307.42718505859375, 0.6323640942573547], [1, 295.0716552734375, 357.84466552734375, 311.15057373046875, 388.24859619140625, 0.6101729869842529], [4, 425.93438720703125, 355.60784912109375, 440.65130615234375, 371.21746826171875, 0.5862615704536438], [4, 394.5345764160156, 339.31182861328125, 401.8874816894531, 353.20428466796875, 0.4822601079940796], [0, 342.25311279296875, 267.36474609375, 351.31378173828125, 276.9935302734375, 0.47390589118003845], [4, 409.24755859375, 402.195068359375, 417.5787353515625, 419.369140625, 0.46859845519065857], [4, 269.2645263671875, 349.34991455078125, 275.29388427734375, 362.398681640625, 0.4365599751472473], [2, 350.8525390625, 353.4169616699219, 383.70849609375, 429.4694519042969, 0.39639541506767273], [4, 287.95086669921875, 309.50677490234375, 292.49298095703125, 319.8349609375, 0.38511598110198975], [0, 331.1766357421875, 261.5703125, 341.4373779296875, 269.60137939453125, 0.37612292170524597], [4, 384.2589111328125, 340.1756286621094, 390.43310546875, 352.3924865722656, 0.37275829911231995], [4, 302.31982421875, 297.5391845703125, 306.8424072265625, 307.3919677734375, 0.37026727199554443], [0, 333.16571044921875, 269.49798583984375, 344.28839111328125, 281.6287841796875, 0.2809726297855377], [0, 457.962646484375, 347.4667663574219, 483.609375, 376.4046936035156, 0.2633307874202728], [4, 374.3005065917969, 309.0943603515625, 379.1087951660156, 319.134765625, 0.25931504368782043]], "patched": [[3, 350.7193908691406, 353.810791015625, 383.8345031738281, 428.72216796875, 0.8705736994743347], [1, 309.13873291015625, 407.87310791015625, 334.38677978515625, 457.4669189453125, 0.7450390458106995], [4, 425.9471130371094, 355.5329895019531, 440.6521911621094, 371.3462829589844, 0.6199309229850769], [0, 341.74224853515625, 266.589599609375, 351.30999755859375, 276.96710205078125, 0.47948965430259705], [4, 394.56512451171875, 339.3160095214844, 401.87701416015625, 353.1564025878906, 0.47295093536376953], [4, 269.32135009765625, 349.52801513671875, 275.26898193359375, 362.34783935546875, 0.4379535913467407], [4, 409.25244140625, 401.76605224609375, 417.6077880859375, 419.30743408203125, 0.4320624768733978], [1, 351.871826171875, 294.22344970703125, 364.1268310546875, 307.7586669921875, 0.404815673828125], [4, 302.31036376953125, 297.51385498046875, 306.87066650390625, 307.37945556640625, 0.39507541060447693], [4, 287.90228271484375, 309.37945556640625, 292.52313232421875, 319.83905029296875, 0.3840197026729584], [0, 331.14703369140625, 261.6031494140625, 341.64276123046875, 269.668701171875, 0.3750920593738556], [4, 384.27587890625, 340.0521240234375, 390.4703369140625, 352.3668212890625, 0.35488736629486084], [0, 333.1571350097656, 269.4241638183594, 344.7530212402344, 281.5365295410156, 0.34906452894210815], [0, 352.03192138671875, 294.28448486328125, 364.10357666015625, 307.70379638671875, 0.34698864817619324], [4, 515.2850952148438, 488.779541015625, 540.6107788085938, 513.251220703125, 0.25116807222366333]]}