{"clean": [[0, 509.99664306640625, 290.75506591796875, 559.6141967773438, 328.35821533203125, 0.8042665123939514], [1, 182.04006958007812, 246.28240966796875, 207.04052734375, 326.082275390625, 0.761333703994751]], "patched": [[0, 509.96197509765625, 290.7738952636719, 559.5303344726562, 328.0928039550781, 0.7791996598243713], [1, 182.15579223632812, 246.38119506835938, 206.74392700195312, 325.3462219238281, 0.7512577176094055]]}