{"clean": [[3, 368.41864013671875, 235.6511993408203, 434.20751953125, 298.73931884765625, 0.8636318445205688], [0, 28.51702880859375, 249.60321044921875, 55.49034118652344, 292.6806640625, 0.8597449660301208], [0, 0.04829216003417969, 331.644775390625, 23.919282913208008, 381.90667724609375, 0.826684296131134], [0, 0.0, 445.90240478515625, 17.164974212646484, 507.19146728515625, 0.8235363364219666], [0, 45.61164093017578, 291.31121826171875, 67.20843505859375, 337.67706298828125, 0.8164147138595581], [0, 593.5257568359375, 217.29037475585938, 619.4764404296875, 235.93020629882812, 0.7948935627937317], [1, 53.467037200927734, 342.0022888183594, 75.00778198242188, 403.5696716308594, 0.7672197222709656], [0, 23.243980407714844, 508.50640869140625, 48.16374969482422, 569.0436401367188, 0.7604008913040161], [0, 2.71832275390625, 386.6270751953125, 24.05089569091797, 445.45196533203125, 0.7453123927116394], [0, 360.2911376953125, 160.978759765625, 381.4879150390625, 197.26031494140625, 0.7364250421524048], [0, 0.010457992553710938, 244.0202178955078, 25.424436569213867, 269.90069580078125, 0.7178136706352234], [0, 363.4385986328125, 584.487060546875, 377.1658935546875, 639.4326171875, 0.7068414092063904], [3, 528.0610961914062, 105.79830932617188, 557.4053344726562, 210.93450927734375, 0.688380241394043], [0, 45.06626892089844, 422.341064453125, 64.84368896484375, 480.52484130859375, 0.6303186416625977], [0, 228.03182983398438, 197.03143310546875, 239.27920532226562, 236.4405517578125, 0.502501904964447], [3, 293.158203125, 0.04030609130859375, 305.25665283203125, 32.794517517089844, 0.45680326223373413], [0, 33.81938171386719, 626.307861328125, 67.73290252685547, 639.939208984375, 0.454433411359787], [0, 335.52386474609375, 290.97918701171875, 347.70159912109375, 336.45428466796875, 0.3505784571170807]], "patched": [[3, 368.4126892089844, 235.6659698486328, 434.2059020996094, 298.74383544921875, 0.8631360530853271], [0, 28.62358283996582, 249.6592254638672, 55.4295654296875, 292.47442626953125, 0.8619263172149658], [0, 0.057041168212890625, 331.69464111328125, 23.831844329833984, 381.89093017578125, 0.8283092975616455], [0, 45.64991760253906, 291.46624755859375, 67.13162231445312, 337.81182861328125, 0.823012113571167], [0, 0.0, 445.92303466796875, 17.17070770263672, 507.192138671875, 0.8197938799858093], [1, 53.511905670166016, 342.0216369628906, 75.00436401367188, 403.5467834472656, 0.7707955241203308], [0, 593.3970336914062, 217.18142700195312, 619.4727172851562, 235.79965209960938, 0.7422418594360352], [0, 0.010049819946289062, 244.17279052734375, 25.35657501220703, 269.851806640625, 0.7060388326644897], [0, 2.7939090728759766, 386.63653564453125, 24.012521743774414, 445.40325927734375, 0.7005251049995422], [0, 23.327791213989258, 508.56549072265625, 48.134735107421875, 568.9452514648438, 0.6904261112213135], [3, 528.058837890625, 105.91285705566406, 557.405029296875, 210.9261932373047, 0.687386155128479], [0, 360.4896545410156, 160.52252197265625, 381.6750793457031, 197.31884765625, 0.6733408570289612], [0, 363.5467529296875, 584.4990234375, 376.340087890625, 639.50146484375, 0.6550429463386536], [1, 45.23401641845703, 422.484619140625, 64.82386016845703, 480.1768798828125, 0.5622340440750122], [0, 228.02212524414062, 197.0288848876953, 239.28048706054688, 236.4445343017578, 0.49781519174575806], [3, 293.1652526855469, 0.040496826171875, 305.2530822753906, 32.79548263549805, 0.4571624994277954], [0, 33.875, 626.3291015625, 67.71094512939453, 639.9403076171875, 0.4343752861022949], [0, 45.048500061035156, 422.37384033203125, 65.0968246459961, 480.50360107421875, 0.4229621887207031], [0, 335.5595703125, 290.99658203125, 347.672119140625, 336.52215576171875, 0.29749205708503723], [1, 334.7425842285156, 291.51214599609375, 347.3923645019531, 336.76800537109375, 0.2829265892505646]]}