{"clean": [[3, 242.32815551757812, 21.30440330505371, 266.0658264160156, 76.12259674072266, 0.8834284543991089], [3, 311.2214660644531, 162.46888732910156, 343.3877868652344, 248.91188049316406, 0.8822759389877319], [0, 297.096435546875, 143.12112426757812, 307.0946044921875, 165.87747192382812, 0.8219422101974487], [3, 262.88311767578125, 97.46905517578125, 278.74493408203125, 167.0772705078125, 0.8176562190055847], [0, 298.13946533203125, 109.83514404296875, 309.84222412109375, 131.1727294921875, 0.8153709173202515], [0, 253.74267578125, 0.0, 264.00042724609375, 10.88143539428711, 0.7304269671440125], [0, 279.33172607421875, 59.889488220214844, 290.38653564453125, 78.44396209716797, 0.6067631244659424], [3, 235.47705078125, 396.82470703125, 262.2568664550781, 558.2725830078125, 0.476746529340744], [3, 272.0458068847656, 590.8983154296875, 288.8089904785156, 639.9722900390625, 0.4665534198284149], [1, 271.62457275390625, 591.0216674804688, 288.28363037109375, 640.0, 0.4065997302532196], [0, 235.63583374023438, 0.0, 245.7274169921875, 8.780180931091309, 0.3970034718513489]], "patched": [[3, 242.32723999023438, 21.30191993713379, 266.0652770996094, 76.12418365478516, 0.8832005858421326], [3, 311.22442626953125, 162.46780395507812, 343.38836669921875, 248.91244506835938, 0.8824715614318848], [0, 297.10174560546875, 143.12533569335938, 307.08941650390625, 165.87295532226562, 0.8223069310188293], [3, 262.8883056640625, 97.46931457519531, 278.739013671875, 167.0765838623047, 0.8178474307060242], [0, 298.139404296875, 109.83056640625, 309.84075927734375, 131.1700897216797, 0.8155819177627563], [0, 253.73912048339844, 0.0, 264.0023193359375, 10.885350227355957, 0.73035728931427], [0, 279.33074951171875, 59.886444091796875, 290.3880615234375, 78.44561767578125, 0.6086165308952332], [3, 271.8106689453125, 591.3319091796875, 288.7034912109375, 639.8533935546875, 0.5819217562675476], [3, 235.49203491210938, 396.8333740234375, 262.2434387207031, 558.275146484375, 0.48454535007476807], [0, 235.6273651123047, 0.0, 245.7295684814453, 8.780404090881348, 0.3967820405960083]]}