{"clean": [[1, 449.63580322265625, 405.83062744140625, 495.61834716796875, 457.86358642578125, 0.8896084427833557], [0, 167.76580810546875, 244.87020874023438, 194.62429809570312, 274.1319274902344, 0.8849231600761414], [0, 358.9086608886719, 340.67279052734375, 398.9657897949219, 379.5068359375, 0.8806143403053284], [0, 283.0158996582031, 281.21636962890625, 313.3591613769531, 314.0595703125, 0.8795018792152405], [0, 210.0123748779297, 224.41058349609375, 236.66236877441406, 253.407470703125, 0.878075122833252], [0, 314.63323974609375, 307.6709289550781, 345.60296630859375, 343.5224304199219, 0.8757275342941284], [0, 90.58709716796875, 132.64651489257812, 114.54046630859375, 155.19400024414062, 0.8710269331932068], [0, 183.11334228515625, 202.65869140625, 206.973388671875, 227.91748046875, 0.8689813613891602], [0, 149.78579711914062, 195.97421264648438, 173.89736938476562, 221.51199340820312, 0.8653573393821716], [1, 408.698974609375, 377.7856750488281, 443.469970703125, 413.9662780761719, 0.8450778126716614], [0, 34.32331085205078, 85.36761474609375, 54.742958068847656, 105.44015502929688, 0.8382540941238403], [0, 157.41944885253906, 182.61639404296875, 181.66053771972656, 206.201904296875, 0.8239943981170654], [0, 556.0634765625, 123.31099700927734, 587.47314453125, 141.25180053710938, 0.7826141715049744], [1, 63.45634460449219, 106.21273803710938, 81.35952758789062, 129.02752685546875, 0.7638899683952332], [1, 128.99337768554688, 154.190673828125, 148.48727416992188, 179.66616821289062, 0.7254270315170288], [4, 140.685546875, 87.71684265136719, 147.87127685546875, 99.77348327636719, 0.7099884152412415], [1, 18.140396118164062, 71.18050384521484, 36.950721740722656, 92.93888092041016, 0.7039501070976257], [4, 499.82763671875, 483.36993408203125, 516.718017578125, 502.15313720703125, 0.6027258634567261], [0, 91.95542907714844, 253.39988708496094, 119.52690124511719, 288.2633056640625, 0.3466018736362457], [4, 195.16891479492188, 182.28382873535156, 202.09103393554688, 193.45875549316406, 0.34143152832984924], [4, 264.60992431640625, 241.10609436035156, 271.55023193359375, 255.27479553222656, 0.3392512798309326], [4, 236.07296752929688, 177.51095581054688, 245.68844604492188, 186.45748901367188, 0.26897555589675903]], "patched": [[1, 449.6485595703125, 405.8573303222656, 495.7332763671875, 457.9324035644531, 0.8894305229187012], [0, 283.0839538574219, 281.2137756347656, 313.2938537597656, 313.9234313964844, 0.8834170699119568], [0, 167.7579345703125, 244.84425354003906, 194.59185791015625, 274.1466064453125, 0.8830594420433044], [0, 358.85491943359375, 340.68597412109375, 398.79742431640625, 379.4752197265625, 0.88127601146698], [0, 314.6688232421875, 307.6075439453125, 345.5140380859375, 343.307861328125, 0.8777763247489929], [0, 210.02029418945312, 224.39486694335938, 236.59738159179688, 253.57333374023438, 0.8742827773094177], [0, 90.57974243164062, 132.64991760253906, 114.53857421875, 155.2018280029297, 0.870496392250061], [0, 149.77267456054688, 196.11605834960938, 173.94039916992188, 221.43661499023438, 0.8614410758018494], [0, 183.11709594726562, 202.6448211669922, 206.92373657226562, 228.06678771972656, 0.8574846982955933], [1, 408.69317626953125, 377.79290771484375, 443.45513916015625, 413.99859619140625, 0.8425805568695068], [0, 34.32811737060547, 85.37345886230469, 54.75323486328125, 105.43159484863281, 0.8375095725059509], [0, 157.31610107421875, 182.767578125, 181.57254028320312, 206.96664428710938, 0.8322993516921997], [0, 556.0700073242188, 123.32113647460938, 587.5425415039062, 141.2822265625, 0.7816053628921509], [1, 63.446205139160156, 106.22286987304688, 81.37073516845703, 129.03028869628906, 0.7635831236839294], [1, 128.97335815429688, 154.19297790527344, 148.48587036132812, 179.6622772216797, 0.7182320952415466], [1, 18.142967224121094, 71.18267059326172, 36.940879821777344, 92.93270111083984, 0.7103948593139648], [4, 140.66995239257812, 87.7060546875, 147.88223266601562, 99.78005981445312, 0.7058782577514648], [4, 499.83660888671875, 483.430419921875, 516.6959228515625, 502.1187744140625, 0.6114640235900879], [0, 91.114990234375, 252.7943115234375, 119.17803955078125, 286.8858642578125, 0.3708193898200989], [4, 195.16116333007812, 182.30068969726562, 202.08889770507812, 193.52883911132812, 0.34644022583961487], [4, 264.59686279296875, 241.1015625, 271.56085205078125, 255.2972412109375, 0.3172851502895355], [4, 236.0792999267578, 177.4715576171875, 245.68968200683594, 186.45932006835938, 0.26530855894088745]]}