{"clean": [[0, 253.76806640625, 64.68864440917969, 267.89312744140625, 92.98896789550781, 0.776168167591095], [0, 273.3288879394531, 169.77081298828125, 285.6330871582031, 201.42718505859375, 0.7149434089660645], [0, 363.060791015625, 0.0, 373.0323486328125, 10.187942504882812, 0.6886880993843079], [0, 364.87200927734375, 333.811279296875, 376.68255615234375, 365.656005859375, 0.6860482692718506], [0, 331.05096435546875, 11.39614486694336, 342.86541748046875, 33.50754928588867, 0.6829380989074707], [0, 349.15545654296875, 155.74697875976562, 363.8458251953125, 194.77349853515625, 0.6291865110397339], [0, 341.5044860839844, 322.51678466796875, 355.9595642089844, 366.39239501953125, 0.5547630190849304], [0, 403.8636169433594, 321.3187255859375, 417.5669250488281, 368.29937744140625, 0.4748557507991791], [4, 299.31597900390625, 222.8798828125, 304.23040771484375, 239.25860595703125, 0.4299507737159729]], "patched": [[0, 253.7718505859375, 64.68916320800781, 267.89141845703125, 92.98648071289062, 0.7769237160682678], [0, 273.33673095703125, 169.77481079101562, 285.62689208984375, 201.42410278320312, 0.7153612375259399], [0, 364.9207763671875, 333.8236083984375, 376.6824951171875, 365.655029296875, 0.6903505921363831], [0, 363.0638427734375, 0.0, 373.02825927734375, 10.184367179870605, 0.6892567873001099], [0, 331.0579833984375, 11.404369354248047, 342.86358642578125, 33.50461959838867, 0.6832496523857117], [0, 349.17156982421875, 155.85797119140625, 363.84197998046875, 194.77484130859375, 0.6286264657974243], [0, 341.6168212890625, 322.539794921875, 355.80389404296875, 366.626220703125, 0.49180829524993896], [0, 403.86676025390625, 321.33587646484375, 417.580810546875, 368.29913330078125, 0.45700469613075256], [4, 299.31170654296875, 222.87643432617188, 304.23553466796875, 239.26089477539062, 0.42674240469932556]]}