{"clean": [[0, 404.86328125, 355.0227355957031, 424.5367431640625, 396.5575866699219, 0.8351504802703857], [0, 481.26202392578125, 547.6729736328125, 501.06463623046875, 589.5823974609375, 0.8326218724250793], [0, 501.5086669921875, 548.7175903320312, 521.9659423828125, 590.9955444335938, 0.8283848762512207], [0, 361.3197021484375, 229.99993896484375, 381.286865234375, 272.34417724609375, 0.8272314071655273], [0, 332.87872314453125, 93.756591796875, 350.907470703125, 137.23672485351562, 0.8240215182304382], [0, 231.25111389160156, 53.3232421875, 249.15785217285156, 96.03846740722656, 0.8177083730697632], [0, 321.46966552734375, 269.7530822753906, 340.83782958984375, 310.5264587402344, 0.8046001195907593], [0, 269.6085205078125, 574.5263671875, 286.9210205078125, 618.454833984375, 0.760426938533783], [0, 279.0426025390625, 534.8726806640625, 289.413818359375, 562.2542724609375, 0.7382848262786865], [0, 388.82373046875, 453.8923034667969, 409.7347412109375, 495.9874572753906, 0.7097195982933044], [0, 411.14581298828125, 553.9116821289062, 433.04937744140625, 593.9070434570312, 0.7064511775970459], [0, 387.8326110839844, 548.3744506835938, 407.8630676269531, 585.1506958007812, 0.6157742738723755], [0, 258.61572265625, 519.3582153320312, 270.7529296875, 563.4913940429688, 0.5987175703048706], [1, 280.764892578125, 454.031982421875, 290.8780517578125, 493.0982666015625, 0.5913814902305603], [0, 430.906494140625, 375.7664794921875, 449.48388671875, 412.364501953125, 0.5876035094261169], [1, 415.0539855957031, 455.3162841796875, 434.6910095214844, 494.60382080078125, 0.5712051391601562], [1, 265.50311279296875, 85.06472778320312, 280.04022216796875, 120.12924194335938, 0.5566741228103638], [0, 263.213134765625, 458.5245361328125, 272.36181640625, 476.30517578125, 0.5433891415596008], [1, 579.388427734375, 230.13961791992188, 600.1019287109375, 260.8363952636719, 0.538701057434082], [1, 262.3138122558594, 470.0960693359375, 272.1460266113281, 503.8070068359375, 0.4444263279438019], [0, 262.3006591796875, 458.2322998046875, 272.19140625, 503.725830078125, 0.43590083718299866], [0, 262.344482421875, 472.60821533203125, 271.777587890625, 503.55206298828125, 0.4319639205932617], [0, 425.33270263671875, 531.2705078125, 449.71466064453125, 574.922119140625, 0.39934754371643066], [0, 247.45449829101562, 634.5883178710938, 264.0408630371094, 640.0, 0.2561340928077698]], "patched": [[0, 404.875, 355.02960205078125, 424.5025634765625, 396.53436279296875, 0.8375121355056763], [0, 388.9907531738281, 453.9408874511719, 409.7415466308594, 496.0614318847656, 0.8263054490089417], [0, 332.9901123046875, 93.84620666503906, 350.7757568359375, 137.1933135986328, 0.8191762566566467], [0, 361.2403869628906, 229.9898681640625, 381.2141418457031, 272.376708984375, 0.7965947389602661], [0, 321.0232849121094, 269.31292724609375, 340.6340026855469, 310.68768310546875, 0.7755785584449768], [0, 269.5574951171875, 574.4974365234375, 286.9696044921875, 618.4908447265625, 0.7713507413864136], [0, 480.99609375, 547.5068969726562, 501.0477294921875, 589.7023315429688, 0.761087954044342], [0, 231.26101684570312, 53.368045806884766, 249.03640747070312, 95.99813842773438, 0.7401710748672485], [0, 279.0470886230469, 534.87060546875, 289.4062194824219, 562.250244140625, 0.7351543307304382], [0, 411.2057189941406, 554.0032348632812, 432.6374816894531, 594.1289672851562, 0.7328453660011292], [0, 501.39971923828125, 548.7265625, 521.7987060546875, 590.6795654296875, 0.6927728652954102], [0, 387.49749755859375, 548.3088989257812, 407.78411865234375, 586.3793334960938, 0.6209973096847534], [0, 258.6190185546875, 519.3490600585938, 270.7479248046875, 563.4917602539062, 0.5905801057815552], [1, 280.7748107910156, 454.029052734375, 290.8780822753906, 493.10003662109375, 0.5888574719429016], [0, 263.2142639160156, 458.527099609375, 272.3619079589844, 476.292724609375, 0.5529502630233765], [0, 430.899169921875, 375.79058837890625, 449.477783203125, 412.19683837890625, 0.5327281951904297], [1, 262.318115234375, 470.5307312011719, 272.139404296875, 503.8064880371094, 0.4472532570362091], [0, 262.34906005859375, 472.6127624511719, 271.77423095703125, 503.5492248535156, 0.42875540256500244], [0, 262.30914306640625, 458.25592041015625, 272.18438720703125, 503.72381591796875, 0.42842045426368713], [0, 235.48171997070312, 74.14048767089844, 248.19113159179688, 95.98143005371094, 0.37505656480789185], [0, 425.33111572265625, 531.2166748046875, 449.61346435546875, 577.8267822265625, 0.28940171003341675], [1, 415.149658203125, 455.1791687011719, 434.56597900390625, 494.4923400878906, 0.28108036518096924], [1, 265.17510986328125, 84.99968719482422, 280.5699462890625, 120.08977508544922, 0.27283963561058044], [0, 415.0467529296875, 455.33929443359375, 434.686767578125, 494.69500732421875, 0.2601175308227539]]}