{"clean": [[3, 449.63031005859375, 265.14178466796875, 492.54949951171875, 379.60626220703125, 0.9136631488800049], [3, 414.62060546875, 191.14630126953125, 439.8134765625, 274.6965026855469, 0.8623060584068298], [3, 485.56103515625, 465.3822937011719, 530.8231201171875, 629.38916015625, 0.8477657437324524], [0, 317.7715148925781, 178.1793212890625, 327.6426086425781, 200.3751220703125, 0.8201791644096375], [0, 298.8580627441406, 176.38002014160156, 307.8550109863281, 197.8569793701172, 0.8117149472236633], [1, 284.5904846191406, 477.77008056640625, 302.7593688964844, 533.4647216796875, 0.8104714155197144], [3, 241.21572875976562, 444.5447082519531, 276.8791809082031, 596.718994140625, 0.8100022077560425], [3, 276.94189453125, 125.29613494873047, 291.99884033203125, 196.62579345703125, 0.7630175948143005], [0, 296.8907470703125, 113.36062622070312, 305.11962890625, 130.40176391601562, 0.7553190588951111], [0, 403.2454833984375, 593.2813720703125, 420.8612060546875, 624.3165283203125, 0.6530616283416748], [0, 377.9139404296875, 456.12451171875, 394.911376953125, 488.140380859375, 0.615198016166687], [0, 341.2015380859375, 5.342086315155029, 350.16064453125, 17.620731353759766, 0.574934184551239], [0, 421.96966552734375, 184.82351684570312, 435.73919677734375, 208.43502807617188, 0.46448296308517456], [2, 403.78765869140625, 554.8310546875, 423.5806884765625, 623.222412109375, 0.3815697431564331], [1, 422.727783203125, 183.79446411132812, 435.567138671875, 208.60366821289062, 0.3607787489891052], [1, 341.47271728515625, 5.543163299560547, 350.47552490234375, 17.630393981933594, 0.3455786406993866], [0, 403.2783203125, 560.3812255859375, 421.647705078125, 624.1219482421875, 0.2680113911628723]], "patched": [[3, 449.63104248046875, 265.1422119140625, 492.54327392578125, 379.6026611328125, 0.9138015508651733], [3, 414.6243896484375, 191.14910888671875, 439.8134765625, 274.69476318359375, 0.8625256419181824], [3, 485.56439208984375, 465.3896484375, 530.8202514648438, 629.38623046875, 0.8479853868484497], [0, 317.7730712890625, 178.17977905273438, 327.6417236328125, 200.37448120117188, 0.8202571868896484], [0, 298.85986328125, 176.3807373046875, 307.853759765625, 197.85519409179688, 0.8116884231567383], [3, 241.22152709960938, 444.56842041015625, 276.8934020996094, 596.7031860351562, 0.8086985945701599], [1, 284.32916259765625, 477.78436279296875, 302.70855712890625, 533.5603637695312, 0.7787322998046875], [3, 276.94537353515625, 125.30258178710938, 291.99835205078125, 196.62408447265625, 0.7632367014884949], [0, 296.8927307128906, 113.36213684082031, 305.1177062988281, 130.4005889892578, 0.7554033994674683], [0, 403.2503356933594, 593.3049926757812, 420.8536682128906, 624.3139038085938, 0.655940592288971], [0, 377.91485595703125, 456.13525390625, 394.9139404296875, 488.1337890625, 0.6133884787559509], [0, 341.2025146484375, 5.346153259277344, 350.158935546875, 17.619827270507812, 0.5761919617652893], [0, 421.9700622558594, 184.84140014648438, 435.7383117675781, 208.433837890625, 0.4640759527683258], [2, 403.8255310058594, 554.8350830078125, 423.5757141113281, 623.1917724609375, 0.37453678250312805], [1, 422.7290344238281, 183.79766845703125, 435.5653991699219, 208.60125732421875, 0.3617146611213684], [1, 341.4729309082031, 5.547939777374268, 350.4737854003906, 17.629505157470703, 0.3458452522754669], [0, 403.2808837890625, 561.760498046875, 421.605224609375, 624.114501953125, 0.27981773018836975]]}