{"clean": [[0, 341.9132080078125, 251.40106201171875, 407.7452392578125, 308.62261962890625, 0.9050000309944153], [0, 447.86541748046875, 241.67709350585938, 512.4526977539062, 289.6386413574219, 0.8944653272628784], [0, 460.9307861328125, 422.5648193359375, 563.98193359375, 488.1317138671875, 0.8815111517906189], [0, 402.01678466796875, 215.96298217773438, 461.3363037109375, 261.4167175292969, 0.8809520602226257], [1, 456.2384033203125, 179.702880859375, 517.0807495117188, 238.07354736328125, 0.8791189789772034], [0, 349.29339599609375, 588.20556640625, 415.08282470703125, 640.0, 0.8689206838607788], [1, 449.0328369140625, 309.384765625, 524.126708984375, 372.6383056640625, 0.8650860786437988], [0, 505.89361572265625, 201.95867919921875, 565.2420043945312, 256.51129150390625, 0.8583642244338989], [0, 316.242919921875, 182.56622314453125, 384.6722412109375, 232.87625122070312, 0.8402713537216187], [0, 361.6060485839844, 71.67759704589844, 405.9599914550781, 108.05235290527344, 0.8217584490776062], [1, 441.82415771484375, 28.919172286987305, 478.48773193359375, 70.09408569335938, 0.817726194858551], [1, 389.1304931640625, 78.89994812011719, 447.6011962890625, 121.76713562011719, 0.8169494271278381], [2, 510.5871887207031, 17.35894775390625, 578.955322265625, 66.85468292236328, 0.8093199729919434], [3, 178.675048828125, 20.79944610595703, 213.91168212890625, 82.79359436035156, 0.8008191585540771], [0, 347.99737548828125, 56.8963623046875, 392.41668701171875, 86.9024658203125, 0.7782884836196899], [0, 569.1685791015625, 0.0, 608.6268310546875, 20.68637466430664, 0.7745555639266968], [2, 303.4429931640625, 92.2224349975586, 355.7388916015625, 124.82674407958984, 0.7121657133102417], [0, 412.34564208984375, 61.308311462402344, 456.74005126953125, 93.26964569091797, 0.6965702176094055], [0, 96.86260986328125, 113.68606567382812, 152.86911010742188, 150.73577880859375, 0.6762168407440186], [0, 13.979939460754395, 8.392333984375e-05, 34.835201263427734, 8.413057327270508, 0.6491106748580933], [0, 456.6949462890625, 146.89788818359375, 515.7492065429688, 185.75949096679688, 0.6008486151695251], [0, 444.75335693359375, 616.389404296875, 523.7145385742188, 640.0, 0.4564199447631836]], "patched": [[0, 342.0194396972656, 251.4600830078125, 407.7207946777344, 308.6922607421875, 0.9101307988166809], [0, 447.8936767578125, 241.67233276367188, 512.5028076171875, 289.4029846191406, 0.8937546610832214], [0, 460.8039855957031, 422.48248291015625, 564.01025390625, 489.20074462890625, 0.8868926167488098], [0, 402.02191162109375, 216.0015869140625, 461.37261962890625, 261.5185852050781, 0.8819160461425781], [1, 456.19573974609375, 179.67083740234375, 517.1553955078125, 238.12646484375, 0.8781898021697998], [1, 449.65570068359375, 309.34832763671875, 524.1994018554688, 372.68011474609375, 0.8729153871536255], [0, 349.25274658203125, 588.1428833007812, 414.69061279296875, 640.0, 0.8634071946144104], [0, 505.9559326171875, 201.80242919921875, 565.3433837890625, 256.60919189453125, 0.8580433130264282], [3, 178.55319213867188, 19.729949951171875, 213.91317749023438, 82.82795715332031, 0.8151949644088745], [2, 510.87548828125, 16.90777587890625, 578.45166015625, 66.81130981445312, 0.8061321377754211], [0, 316.36053466796875, 182.59066772460938, 385.00897216796875, 232.93826293945312, 0.7975056767463684], [1, 441.8385925292969, 28.85956573486328, 478.4940490722656, 70.11477661132812, 0.7569636702537537], [0, 412.88262939453125, 61.368019104003906, 457.076416015625, 92.70604705810547, 0.7458887696266174], [0, 568.5931396484375, 0.0, 608.7237548828125, 19.894018173217773, 0.6954436898231506], [0, 97.95256042480469, 113.42730712890625, 153.01882934570312, 153.52920532226562, 0.6908581852912903], [0, 348.1568603515625, 56.9864387512207, 392.47314453125, 87.11329650878906, 0.6559005975723267], [0, 13.909744262695312, 4.673004150390625e-05, 34.98832702636719, 8.407382011413574, 0.6410290002822876], [0, 362.2259521484375, 71.62571716308594, 406.3936767578125, 106.04081726074219, 0.5457439422607422], [0, 388.90740966796875, 80.21385955810547, 447.40386962890625, 121.6900863647461, 0.5307090282440186], [0, 454.53497314453125, 146.93331909179688, 515.8132934570312, 186.80026245117188, 0.5256518125534058], [0, 303.4703674316406, 92.17668151855469, 355.7270812988281, 123.55332946777344, 0.4904046058654785], [0, 444.6845703125, 616.350830078125, 523.5761108398438, 640.0, 0.4160577952861786], [1, 389.2473449707031, 80.08767700195312, 447.6412048339844, 121.61540222167969, 0.3874124586582184]]}