{"clean": [[3, 29.895233154296875, 51.62675476074219, 109.21647644042969, 103.79669189453125, 0.9194245338439941], [0, 580.14208984375, 0.0, 613.001708984375, 10.029199600219727, 0.8527968525886536], [3, 184.877197265625, 1.0235137939453125, 221.441650390625, 118.12907409667969, 0.784719705581665], [1, 456.24395751953125, 102.34195709228516, 490.66912841796875, 120.20166778564453, 0.6744057536125183], [3, 161.19505310058594, 319.3162841796875, 183.4877471923828, 381.777587890625, 0.5269905924797058], [1, 579.06005859375, 311.53619384765625, 614.6944580078125, 337.5419921875, 0.5039225220680237], [0, 551.8917236328125, 30.170684814453125, 586.0914306640625, 49.996673583984375, 0.44346410036087036], [1, 188.34765625, 528.482177734375, 208.4896240234375, 593.91357421875, 0.3110091984272003], [0, 552.1514892578125, 25.489463806152344, 585.7874755859375, 39.149261474609375, 0.3035280406475067], [1, 456.1383056640625, 92.5527572631836, 490.0419921875, 108.81519317626953, 0.2931181490421295], [0, 552.0589599609375, 25.425880432128906, 585.8675537109375, 46.226829528808594, 0.2554628252983093]], "patched": [[3, 29.89249038696289, 51.62623596191406, 109.22158813476562, 103.84880065917969, 0.9180850386619568], [0, 580.1776123046875, 0.0, 612.9866943359375, 9.997689247131348, 0.8518150448799133], [3, 185.46287536621094, 0.9094009399414062, 222.25059509277344, 118.51122283935547, 0.7808741927146912], [1, 188.8114013671875, 528.56494140625, 209.04931640625, 594.340087890625, 0.6031156778335571], [0, 163.7054443359375, 353.22760009765625, 178.494873046875, 381.898193359375, 0.5612461566925049], [1, 579.130126953125, 311.52252197265625, 614.379150390625, 336.66668701171875, 0.37932246923446655], [1, 456.166015625, 102.21662902832031, 490.576171875, 120.06883239746094, 0.3442225158214569], [0, 551.86376953125, 29.045406341552734, 586.1343994140625, 49.83967971801758, 0.3430509865283966], [3, 161.26510620117188, 319.2832946777344, 183.360107421875, 382.2011413574219, 0.2601465582847595]]}