{"clean": [[0, 395.3022766113281, 582.7845458984375, 430.4474792480469, 639.64208984375, 0.8985053896903992], [0, 388.3409423828125, 504.96075439453125, 419.4603271484375, 577.6203002929688, 0.8938950300216675], [0, 351.9132080078125, 455.00701904296875, 381.5582275390625, 521.5723266601562, 0.8416537642478943], [0, 360.54583740234375, 294.43988037109375, 378.46734619140625, 323.92852783203125, 0.826528012752533], [0, 365.93780517578125, 358.9809875488281, 387.46856689453125, 395.4286193847656, 0.8245409727096558], [2, 303.56646728515625, 554.9072265625, 342.80389404296875, 639.650146484375, 0.8138867616653442], [0, 356.0115051269531, 260.8348083496094, 371.8540344238281, 281.6700744628906, 0.7940477132797241], [0, 349.87628173828125, 216.46778869628906, 362.97125244140625, 232.26515197753906, 0.789142906665802], [4, 306.0440673828125, 317.8277893066406, 324.1468505859375, 332.2906799316406, 0.7699077129364014], [0, 353.9649963378906, 233.21337890625, 367.0760192871094, 249.83819580078125, 0.7692500352859497], [0, 361.9695739746094, 322.07781982421875, 388.2894592285156, 350.67010498046875, 0.7003620862960815], [4, 288.92681884765625, 504.4742736816406, 315.73492431640625, 524.3492431640625, 0.6752118468284607], [4, 295.34735107421875, 457.6775207519531, 315.7156982421875, 476.1372985839844, 0.6557016968727112], [0, 350.47625732421875, 204.07183837890625, 361.25494384765625, 217.0101318359375, 0.6434378027915955], [4, 361.00506591796875, 279.46990966796875, 376.22479248046875, 290.58001708984375, 0.5363273024559021], [4, 356.5642395019531, 247.40975952148438, 369.9731750488281, 257.1321105957031, 0.3252805471420288]], "patched": [[0, 395.3251037597656, 582.7515258789062, 430.4731750488281, 639.6043090820312, 0.8936244249343872], [0, 388.40460205078125, 504.9759826660156, 419.53302001953125, 577.5609130859375, 0.8877649307250977], [0, 351.9249267578125, 454.992919921875, 381.5218505859375, 521.611083984375, 0.8391984105110168], [0, 360.55963134765625, 294.4324951171875, 378.53179931640625, 323.8880615234375, 0.8289991021156311], [0, 365.96044921875, 358.875244140625, 387.4124755859375, 395.4044189453125, 0.8254743218421936], [2, 303.55120849609375, 554.9061889648438, 342.80548095703125, 639.6511840820312, 0.814140260219574], [0, 356.01373291015625, 260.8371276855469, 371.86016845703125, 281.6667785644531, 0.7959993481636047], [0, 349.87872314453125, 216.4741973876953, 362.9716796875, 232.26356506347656, 0.7898836731910706], [4, 306.0379943847656, 317.81341552734375, 324.1526794433594, 332.2943115234375, 0.7732409238815308], [0, 353.9669189453125, 233.21641540527344, 367.07537841796875, 249.83445739746094, 0.7700191140174866], [0, 361.68719482421875, 322.244140625, 388.53070068359375, 351.4981689453125, 0.7389369010925293], [4, 288.9171142578125, 504.444580078125, 315.74908447265625, 524.3658447265625, 0.6858094930648804], [4, 295.2665710449219, 457.6741638183594, 315.7183532714844, 476.2071228027344, 0.6567443013191223], [0, 350.47955322265625, 204.07830810546875, 361.25238037109375, 217.00909423828125, 0.6463579535484314], [4, 361.00482177734375, 279.390380859375, 376.23114013671875, 290.5728759765625, 0.5418102741241455], [4, 356.566650390625, 247.38833618164062, 369.982666015625, 257.1258239746094, 0.3305199444293976]]}