{"clean": [[0, 387.79327392578125, 579.6544189453125, 410.10308837890625, 632.3148193359375, 0.8311206698417664], [0, 284.3724365234375, 333.9149169921875, 297.30548095703125, 350.9256591796875, 0.804286777973175], [0, 318.2093505859375, 371.58685302734375, 331.0972900390625, 390.82183837890625, 0.8004752397537231], [0, 303.7177734375, 282.32806396484375, 316.439697265625, 298.81976318359375, 0.7805765271186829], [0, 465.99334716796875, 451.9058837890625, 489.75543212890625, 501.865966796875, 0.775043785572052], [0, 307.1877746582031, 536.9476318359375, 327.9733581542969, 581.2193603515625, 0.7583122849464417], [0, 332.797607421875, 257.66448974609375, 346.8070068359375, 277.43194580078125, 0.6100077629089355], [0, 225.9136962890625, 196.11627197265625, 238.42779541015625, 208.74398803710938, 0.6034387350082397], [0, 395.8170471191406, 261.8275146484375, 414.6110534667969, 286.9464111328125, 0.5930390954017639], [3, 447.562255859375, 494.6715393066406, 492.87158203125, 628.0079345703125, 0.5818310379981995], [0, 338.0935974121094, 383.35430908203125, 351.7461242675781, 409.97235107421875, 0.579746425151825], [0, 222.353759765625, 163.09962463378906, 233.84326171875, 173.60389709472656, 0.5559621453285217], [1, 385.12646484375, 361.582763671875, 403.7958984375, 397.43609619140625, 0.5487229824066162], [2, 448.073974609375, 494.7220458984375, 492.47265625, 632.618408203125, 0.43710121512413025], [0, 342.4928894042969, 247.58148193359375, 363.0510559082031, 278.076171875, 0.38222736120224]], "patched": [[0, 387.8070068359375, 579.6739501953125, 410.03125, 632.2828369140625, 0.8315397500991821], [0, 284.3858642578125, 333.92633056640625, 297.29742431640625, 350.91741943359375, 0.8047464489936829], [0, 318.2370300292969, 371.607177734375, 331.0818176269531, 390.818359375, 0.8011149168014526], [0, 303.7283935546875, 282.3312072753906, 316.4359130859375, 298.8184509277344, 0.7805899977684021], [0, 307.2496337890625, 536.97998046875, 327.92340087890625, 581.22265625, 0.7575406432151794], [0, 471.5048828125, 474.5145263671875, 489.3712158203125, 502.6080322265625, 0.6949613690376282], [0, 468.23980712890625, 465.0858154296875, 489.74566650390625, 502.4398193359375, 0.6129252910614014], [0, 332.791015625, 257.63433837890625, 346.8035888671875, 277.43560791015625, 0.6119061708450317], [0, 225.90757751464844, 196.10658264160156, 238.4253387451172, 208.74501037597656, 0.5994205474853516], [0, 395.818603515625, 261.81982421875, 414.6116943359375, 286.9515380859375, 0.5937801003456116], [3, 447.59112548828125, 494.64569091796875, 492.84674072265625, 628.0446166992188, 0.5867482423782349], [0, 338.1076354980469, 383.35797119140625, 351.7393493652344, 409.96490478515625, 0.5747010111808777], [1, 385.15582275390625, 361.58404541015625, 403.77740478515625, 397.41656494140625, 0.572361946105957], [0, 222.35427856445312, 163.09774780273438, 233.83895874023438, 173.60293579101562, 0.5484668612480164], [0, 466.46923828125, 452.2755432128906, 489.7899169921875, 501.3466491699219, 0.5061126351356506], [2, 448.117431640625, 494.706298828125, 492.43914794921875, 632.6119384765625, 0.4408286511898041], [0, 342.4768981933594, 247.48904418945312, 363.0453186035156, 278.0738830566406, 0.3829275965690613]]}