{"clean": [[0, 129.77610778808594, 263.07525634765625, 162.1922149658203, 302.14056396484375, 0.8215136528015137], [0, 342.48809814453125, 23.284311294555664, 354.8841552734375, 52.98125457763672, 0.6545305848121643], [0, 254.8544921875, 489.5712585449219, 269.36419677734375, 547.569580078125, 0.6408358812332153], [0, 326.00634765625, 158.853271484375, 339.985595703125, 197.31500244140625, 0.6207332015037537], [0, 409.72113037109375, 124.34941101074219, 423.11285400390625, 165.7549591064453, 0.5316635966300964], [0, 428.17547607421875, 2.7350692749023438, 441.85247802734375, 40.931678771972656, 0.4974769651889801], [0, 254.98001098632812, 504.2911071777344, 268.1502380371094, 547.6920166015625, 0.4317992031574249]], "patched": [[0, 129.5093231201172, 262.84649658203125, 162.0709991455078, 301.97119140625, 0.8115472793579102], [0, 342.48907470703125, 23.319719314575195, 354.850830078125, 52.97532653808594, 0.637425422668457], [0, 325.8907470703125, 158.4291534423828, 339.546142578125, 197.0713348388672, 0.5849934816360474], [0, 254.9503173828125, 489.70306396484375, 268.95648193359375, 547.6049194335938, 0.5707642436027527], [0, 255.0391387939453, 505.06951904296875, 267.93182373046875, 547.8357543945312, 0.5547444224357605], [0, 428.2010498046875, 2.8414382934570312, 441.8592529296875, 40.92377471923828, 0.4920670688152313], [0, 409.89056396484375, 124.77094268798828, 422.9193115234375, 165.85186767578125, 0.4716624915599823], [0, 410.10009765625, 144.89117431640625, 421.6993408203125, 165.605224609375, 0.3087056279182434], [0, 407.2882995605469, 323.05230712890625, 418.4025573730469, 348.22509765625, 0.30613210797309875]]}