{"clean": [[0, 444.12347412109375, 461.60052490234375, 543.9633178710938, 546.2825317382812, 0.9256362318992615], [0, 413.85552978515625, 576.77880859375, 525.8152465820312, 639.9598388671875, 0.9143898487091064], [0, 455.3809814453125, 304.86767578125, 540.865234375, 392.30389404296875, 0.9076944589614868], [0, 448.42279052734375, 219.0641326904297, 532.1690063476562, 299.83331298828125, 0.9070176482200623], [0, 158.9125213623047, 491.03778076171875, 211.53651428222656, 639.5864868164062, 0.8697257041931152], [0, 277.3338317871094, 218.0557861328125, 315.8984680175781, 345.6771240234375, 0.8416221737861633], [0, 97.12205505371094, 156.88339233398438, 148.06175231933594, 292.9394836425781, 0.8363954424858093], [0, 370.1829833984375, 168.09519958496094, 446.4166259765625, 247.6101531982422, 0.7762051820755005], [0, 0.6594276428222656, 142.13705444335938, 53.50942611694336, 263.6292419433594, 0.7497822642326355], [0, 0.0, 137.61361694335938, 12.743022918701172, 256.7254333496094, 0.4248896837234497], [0, 37.755760192871094, 150.085693359375, 88.74530792236328, 254.35757446289062, 0.40781575441360474]], "patched": [[0, 444.1082763671875, 461.681396484375, 544.1910400390625, 546.383544921875, 0.9111135601997375], [0, 413.65374755859375, 576.552001953125, 525.9893188476562, 640.0, 0.8862188458442688], [0, 159.15245056152344, 490.5344543457031, 212.12132263183594, 639.713134765625, 0.7901459336280823], [0, 277.25836181640625, 218.1724853515625, 316.42724609375, 346.0633544921875, 0.7703599333763123], [0, 448.34722900390625, 219.21548461914062, 532.3961181640625, 299.9111633300781, 0.7563467025756836], [0, 45.188262939453125, 150.49639892578125, 88.56158447265625, 228.60958862304688, 0.7317639589309692], [0, 455.6707763671875, 304.54437255859375, 541.146240234375, 392.31610107421875, 0.5963327288627625], [0, 6.602802276611328, 142.28866577148438, 52.2850227355957, 243.85287475585938, 0.5383009314537048], [1, 99.34538269042969, 156.80398559570312, 147.96449279785156, 292.712158203125, 0.4451676905155182], [0, 0.0, 137.35272216796875, 12.737313270568848, 252.38687133789062, 0.35207831859588623], [0, 99.81419372558594, 157.07806396484375, 148.30328369140625, 293.06146240234375, 0.33861082792282104], [2, 99.15351867675781, 156.9234619140625, 147.7121124267578, 292.3206787109375, 0.29155486822128296]]}