{"clean": [[0, 56.813289642333984, 567.965087890625, 101.5582275390625, 640.0, 0.8933440446853638], [1, 97.2545166015625, 494.2434387207031, 138.52023315429688, 575.103759765625, 0.8924332857131958], [1, 211.65823364257812, 418.2142333984375, 237.69485473632812, 488.89093017578125, 0.8286529779434204], [0, 430.38861083984375, 492.181640625, 478.33197021484375, 537.955810546875, 0.6801698207855225], [4, 208.0163116455078, 386.0983581542969, 219.8964080810547, 415.9509582519531, 0.6254586577415466], [4, 190.561279296875, 436.7135314941406, 202.3126220703125, 466.1828918457031, 0.5878082513809204], [4, 164.66693115234375, 525.2777099609375, 179.3756103515625, 567.8704833984375, 0.5386616587638855], [0, 575.47314453125, 507.1393737792969, 638.721435546875, 538.124755859375, 0.4873606264591217], [4, 198.76217651367188, 499.5904235839844, 211.03738403320312, 528.2276611328125, 0.4680039584636688], [4, 305.9783020019531, 407.15582275390625, 315.4739074707031, 438.95635986328125, 0.46534180641174316], [0, 130.13262939453125, 414.04400634765625, 163.72262573242188, 463.007080078125, 0.4382496178150177], [0, 234.35629272460938, 210.08848571777344, 256.7032165527344, 245.26222229003906, 0.26711153984069824]], "patched": [[1, 97.29144287109375, 494.0154724121094, 138.48281860351562, 575.0264892578125, 0.8857423663139343], [1, 211.6739044189453, 418.24200439453125, 237.64405822753906, 488.82489013671875, 0.8406722545623779], [4, 208.07627868652344, 386.5584716796875, 219.8496551513672, 415.9267578125, 0.6065421104431152], [4, 190.57559204101562, 437.27838134765625, 202.27035522460938, 466.15472412109375, 0.5727773904800415], [1, 57.171142578125, 568.32177734375, 100.67304992675781, 639.522705078125, 0.5464559197425842], [4, 164.73374938964844, 525.28466796875, 179.39222717285156, 567.744873046875, 0.49065712094306946], [0, 575.4482421875, 506.8499450683594, 638.833984375, 538.0059814453125, 0.48664745688438416], [4, 198.6268310546875, 499.6243896484375, 211.0643310546875, 528.0611572265625, 0.47310319542884827], [4, 306.0207824707031, 407.2647705078125, 315.4762268066406, 438.9300537109375, 0.4145282804965973], [1, 127.85210418701172, 407.00714111328125, 161.19598388671875, 463.11407470703125, 0.3256513774394989]]}