{"clean": [[0, 413.21923828125, 341.4085693359375, 491.978759765625, 399.29791259765625, 0.9103745222091675], [0, 7.655670166015625, 236.89259338378906, 77.73654174804688, 284.808837890625, 0.9002232551574707], [0, 561.323974609375, 312.5005798339844, 637.70556640625, 365.9576110839844, 0.8957098126411438], [0, 138.26593017578125, 217.96719360351562, 198.958740234375, 271.9678649902344, 0.8701184391975403], [0, 232.5733642578125, 441.167724609375, 318.2584228515625, 518.4937744140625, 0.8218503594398499], [0, 326.2054138183594, 89.96591186523438, 345.4750061035156, 127.99282836914062, 0.7988598942756653], [0, 175.99485778808594, 118.80154418945312, 222.7914276123047, 168.61685180664062, 0.7883398532867432], [0, 245.48690795898438, 0.32085227966308594, 262.5462951660156, 26.64459800720215, 0.6714882254600525], [0, 448.025634765625, 0.030008316040039062, 464.2891845703125, 16.36553192138672, 0.6507867574691772], [0, 356.24005126953125, 392.9891357421875, 434.81549072265625, 466.20501708984375, 0.599223256111145], [0, 299.7709655761719, 58.05143737792969, 318.2164001464844, 77.68899536132812, 0.5391247272491455], [4, 330.9554138183594, 564.0716552734375, 365.8927307128906, 598.5406494140625, 0.4856410622596741], [0, 335.13330078125, 14.146533966064453, 350.406005859375, 36.57221221923828, 0.42694517970085144], [0, 302.3544006347656, 37.735595703125, 319.2688293457031, 58.46729278564453, 0.3298429548740387], [0, 300.04241943359375, 48.77009582519531, 318.98822021484375, 77.39845275878906, 0.3291643559932709], [1, 335.0084228515625, 1.9220046997070312, 350.578369140625, 36.499298095703125, 0.30782103538513184]], "patched": [[0, 561.7243041992188, 313.04132080078125, 637.5596313476562, 365.67144775390625, 0.8375512957572937], [0, 7.615455627441406, 237.1712188720703, 77.46993255615234, 284.48760986328125, 0.779946506023407], [0, 448.00555419921875, 0.030450820922851562, 464.27288818359375, 16.378198623657227, 0.6443188786506653], [0, 248.0020751953125, 0.15614700317382812, 262.48406982421875, 16.250244140625, 0.6341018080711365], [4, 330.71893310546875, 559.97705078125, 366.1826171875, 598.36572265625, 0.5628547668457031], [0, 300.03729248046875, 50.99335479736328, 318.47637939453125, 76.77472686767578, 0.4522644281387329], [0, 335.228515625, 14.288115501403809, 350.31988525390625, 36.534767150878906, 0.38927093148231506], [0, 326.53277587890625, 90.092041015625, 344.95550537109375, 127.81871032714844, 0.3853558897972107], [0, 245.79226684570312, 12.176786422729492, 258.3050842285156, 26.621248245239258, 0.30028006434440613], [1, 335.07476806640625, 1.8678207397460938, 350.4288330078125, 36.478614807128906, 0.283409982919693]]}