{"clean": [[0, 40.95611572265625, 12.352127075195312, 206.4149169921875, 210.12937927246094, 0.6304188370704651], [0, 62.03948974609375, 382.87811279296875, 221.1690673828125, 585.2168579101562, 0.6109641790390015], [0, 284.42889404296875, 0.0, 435.85589599609375, 66.90032958984375, 0.43838584423065186], [0, 491.14410400390625, 0.0, 640.0, 182.95919799804688, 0.31184491515159607]], "patched": [[0, 286.4139404296875, 0.0, 435.08013916015625, 66.69099426269531, 0.4063195288181305], [2, 62.27943420410156, 392.89202880859375, 184.9275665283203, 545.1874389648438, 0.329782634973526], [0, 44.000244140625, 20.140167236328125, 197.16090393066406, 173.7997589111328, 0.2686616778373718]]}