{"clean": [[0, 235.5519256591797, 106.27367401123047, 289.30096435546875, 181.217529296875, 0.9200022220611572], [0, 598.9601440429688, 57.91691589355469, 639.8973999023438, 121.95011901855469, 0.9087560176849365], [0, 559.4580078125, 249.5349884033203, 605.16552734375, 333.65020751953125, 0.8774173259735107], [1, 160.30029296875, 256.60809326171875, 209.81689453125, 355.11724853515625, 0.8557213544845581], [0, 173.41384887695312, 27.24569320678711, 230.82205200195312, 105.60873413085938, 0.7807440757751465], [2, 62.06535339355469, 353.088134765625, 165.76986694335938, 544.37890625, 0.7261232137680054], [0, 0.0, 0.0, 12.010011672973633, 56.541168212890625, 0.691555917263031], [4, 534.934814453125, 375.75140380859375, 555.341796875, 411.41436767578125, 0.5859414935112], [2, 448.2003173828125, 0.0, 538.339111328125, 50.641910552978516, 0.4365958571434021], [2, 79.81131744384766, 442.51611328125, 202.72268676757812, 640.0, 0.38204193115234375]], "patched": [[0, 235.5396270751953, 106.215576171875, 289.31414794921875, 181.100341796875, 0.9138229489326477], [0, 598.9585571289062, 57.86785888671875, 639.8921508789062, 121.98210144042969, 0.9114851951599121], [0, 559.4869384765625, 249.6042022705078, 605.12353515625, 333.62225341796875, 0.8801852464675903], [1, 160.27780151367188, 256.572265625, 209.83139038085938, 355.1451416015625, 0.8553905487060547], [0, 172.944580078125, 27.207969665527344, 230.84011840820312, 105.61382293701172, 0.772333025932312], [2, 62.05625915527344, 352.95147705078125, 165.76931762695312, 544.365234375, 0.7256089448928833], [0, 0.0, 0.0, 12.027512550354004, 56.603904724121094, 0.6901366114616394], [4, 534.915771484375, 375.4233093261719, 555.353515625, 411.4228820800781, 0.5989176034927368], [2, 447.86383056640625, 0.0, 538.4895629882812, 50.660926818847656, 0.4460013806819916], [2, 79.81352996826172, 442.53466796875, 202.80194091796875, 640.0, 0.38021281361579895]]}