{"clean": [[0, 416.59613037109375, 332.6517333984375, 435.28240966796875, 345.2120361328125, 0.7767469882965088], [0, 318.65740966796875, 545.824462890625, 329.32000732421875, 578.091796875, 0.7678751945495605], [3, 208.258544921875, 74.31855773925781, 225.48175048828125, 111.68524169921875, 0.7428357005119324], [0, 136.23582458496094, 10.915101051330566, 147.7362518310547, 32.63159942626953, 0.6380366086959839], [0, 490.14349365234375, 159.5050048828125, 507.46795654296875, 169.434326171875, 0.6284109950065613], [0, 202.67555236816406, 25.745750427246094, 214.7643280029297, 48.22614288330078, 0.5759388208389282], [0, 308.49847412109375, 215.8866424560547, 320.50213623046875, 243.06434631347656, 0.5116048455238342], [0, 535.921630859375, 104.38218688964844, 548.126953125, 130.22157287597656, 0.4200027883052826], [0, 212.21444702148438, 0.0, 222.48995971679688, 15.476699829101562, 0.36897987127304077], [0, 337.40985107421875, 517.328369140625, 344.79327392578125, 529.238525390625, 0.3325003385543823], [0, 337.6433410644531, 518.7659912109375, 348.2343444824219, 549.3135986328125, 0.3305113911628723], [0, 309.6910095214844, 429.1112976074219, 320.1084899902344, 457.1997375488281, 0.3065679967403412], [0, 490.45068359375, 155.92950439453125, 507.002685546875, 164.83892822265625, 0.30180051922798157]], "patched": [[0, 318.65594482421875, 545.7872314453125, 329.30706787109375, 578.1080322265625, 0.7788835167884827], [0, 416.60015869140625, 332.6587829589844, 435.27899169921875, 345.2092590332031, 0.7767430543899536], [3, 208.25953674316406, 74.32037353515625, 225.4790802001953, 111.68753051757812, 0.7434025406837463], [0, 136.2361602783203, 10.914443969726562, 147.73570251464844, 32.632171630859375, 0.6394368410110474], [0, 490.1454162597656, 159.53363037109375, 507.4656066894531, 169.4312744140625, 0.6298573017120361], [0, 202.6754913330078, 25.746681213378906, 214.7601776123047, 48.227394104003906, 0.5800353288650513], [0, 338.1798095703125, 527.7760009765625, 347.68377685546875, 549.115478515625, 0.560930073261261], [0, 308.4989929199219, 215.88754272460938, 320.5000915527344, 243.06637573242188, 0.5189073085784912], [0, 535.921875, 104.38201904296875, 548.1268310546875, 130.220703125, 0.4233517348766327], [0, 212.21484375, 0.0, 222.4898681640625, 15.476333618164062, 0.37043556571006775], [0, 337.34759521484375, 518.2216186523438, 347.92108154296875, 549.3153686523438, 0.3573227524757385], [0, 309.693115234375, 429.109130859375, 320.10076904296875, 457.2027587890625, 0.3336527645587921], [0, 490.4579162597656, 155.93006896972656, 506.9884338378906, 164.7684783935547, 0.30324041843414307]]}