{"clean": [[0, 123.29011535644531, 495.10333251953125, 168.6837921142578, 545.3222045898438, 0.85793536901474], [0, 319.2485046386719, 374.5988464355469, 361.2790832519531, 417.0320129394531, 0.857714831829071], [0, 101.08625793457031, 357.19366455078125, 151.43736267089844, 405.69415283203125, 0.8551963567733765], [0, 502.79248046875, 231.90988159179688, 537.14990234375, 270.7702941894531, 0.8498624563217163], [0, 354.6121826171875, 318.5888366699219, 398.9119873046875, 360.3617858886719, 0.8493677973747253], [0, 41.818084716796875, 497.64764404296875, 94.05709838867188, 549.5068969726562, 0.8487117886543274], [0, 455.5684814453125, 297.0035400390625, 495.7562255859375, 340.7451171875, 0.8348708748817444], [0, 236.22987365722656, 385.2684326171875, 280.6448974609375, 428.358642578125, 0.8307892084121704], [3, 363.318115234375, 131.89944458007812, 453.78668212890625, 221.83590698242188, 0.8068192005157471], [3, 580.794677734375, 0.0, 640.0, 78.02882385253906, 0.3775334060192108]], "patched": [[0, 319.34271240234375, 374.501708984375, 361.2789306640625, 416.3277587890625, 0.853883683681488], [0, 100.9945068359375, 357.217041015625, 151.4285888671875, 405.7210693359375, 0.8495040535926819], [0, 502.9079895019531, 232.02682495117188, 537.007080078125, 270.8276062011719, 0.8445124626159668], [0, 123.18617248535156, 494.80242919921875, 168.7442169189453, 545.6430053710938, 0.8282789587974548], [0, 42.138877868652344, 496.39105224609375, 94.45601654052734, 549.5922241210938, 0.8257589936256409], [0, 354.9254150390625, 318.55859375, 398.6416015625, 360.3140869140625, 0.8241416215896606], [0, 455.8706359863281, 297.38165283203125, 495.6691589355469, 339.75714111328125, 0.8117030262947083], [3, 363.2987060546875, 131.9384765625, 453.7568359375, 221.8343505859375, 0.8015676140785217], [0, 236.12384033203125, 385.0394287109375, 280.4552001953125, 427.95513916015625, 0.8008225560188293], [3, 581.8141479492188, 0.0, 640.0, 77.86688232421875, 0.3740465044975281]]}