{"clean": [[0, 188.70584106445312, 229.9468994140625, 213.66055297851562, 256.17230224609375, 0.7955893874168396], [0, 317.33306884765625, 369.7489318847656, 331.32672119140625, 411.0506896972656, 0.7659406661987305], [3, 259.77423095703125, 242.6565704345703, 278.22076416015625, 344.71478271484375, 0.6986092329025269], [0, 306.303955078125, 183.65626525878906, 332.2681884765625, 204.9320526123047, 0.6948952078819275], [0, 110.83181762695312, 378.3719787597656, 122.93521118164062, 423.9864196777344, 0.6314179301261902], [0, 294.29681396484375, 291.84442138671875, 306.03045654296875, 330.66510009765625, 0.6266839504241943], [1, 624.9091186523438, 246.24981689453125, 640.0, 280.188720703125, 0.5932576656341553], [1, 307.69061279296875, 277.7357177734375, 319.62017822265625, 310.4071044921875, 0.5314157605171204], [0, 307.58941650390625, 277.92547607421875, 320.02703857421875, 310.4832763671875, 0.35884153842926025], [1, 353.2235107421875, 503.6206970214844, 365.755859375, 525.1893310546875, 0.25817060470581055]], "patched": [[0, 317.39227294921875, 369.7259826660156, 331.31744384765625, 411.0629577636719, 0.7839138507843018], [0, 188.72622680664062, 229.90377807617188, 213.74722290039062, 256.03338623046875, 0.7443512082099915], [0, 306.3414306640625, 183.59359741210938, 332.3695068359375, 204.73098754882812, 0.7291380167007446], [3, 259.88372802734375, 242.6566162109375, 278.06890869140625, 344.698486328125, 0.7064604163169861], [0, 294.5433349609375, 291.6564025878906, 306.10498046875, 330.7185363769531, 0.679060161113739], [0, 110.93962097167969, 378.3506164550781, 122.84967041015625, 424.0337219238281, 0.5850969552993774], [0, 307.90057373046875, 277.62042236328125, 320.72076416015625, 310.54327392578125, 0.566034197807312], [1, 624.8993530273438, 246.3409881591797, 639.9817504882812, 279.98284912109375, 0.49625810980796814], [3, 624.81103515625, 246.79998779296875, 639.934814453125, 287.232421875, 0.32001981139183044], [1, 353.25323486328125, 503.640380859375, 365.72991943359375, 525.1802978515625, 0.2937251627445221]]}