{"clean": [[0, 323.2926940917969, 81.20069885253906, 334.7591857910156, 102.63636779785156, 0.8004969954490662], [0, 371.5096435546875, 85.97831726074219, 382.646484375, 107.00186157226562, 0.7801576852798462], [0, 290.8598937988281, 465.61383056640625, 302.9224548339844, 508.55267333984375, 0.7782526016235352], [0, 361.4419860839844, 59.974342346191406, 372.5039367675781, 80.2766342163086, 0.7704177498817444], [0, 307.8785400390625, 480.91400146484375, 319.5892333984375, 525.1846923828125, 0.752543568611145], [0, 334.36273193359375, 0.0, 344.80609130859375, 13.249140739440918, 0.7242062091827393], [0, 405.5416259765625, 134.19210815429688, 417.7730712890625, 167.47225952148438, 0.6257988214492798], [0, 259.327392578125, 482.93670654296875, 275.3658447265625, 535.51025390625, 0.5716464519500732], [3, 334.78863525390625, 538.6500244140625, 351.64666748046875, 604.9163818359375, 0.5708833336830139], [0, 273.63043212890625, 355.328369140625, 286.34344482421875, 390.8978271484375, 0.5701749920845032], [0, 159.71397399902344, 0.0, 171.6359100341797, 10.95905590057373, 0.5648764967918396], [0, 378.72613525390625, 132.08660888671875, 390.55780029296875, 167.94366455078125, 0.5151640176773071], [0, 383.5113525390625, 202.62857055664062, 398.995849609375, 242.66378784179688, 0.4472750723361969], [3, 292.1811828613281, 332.0252685546875, 311.3823547363281, 398.320068359375, 0.3795495927333832]], "patched": [[0, 323.29595947265625, 81.20246887207031, 334.75408935546875, 102.64073181152344, 0.8015868663787842], [0, 290.87847900390625, 465.62664794921875, 302.63238525390625, 508.62677001953125, 0.7860428094863892], [0, 371.52459716796875, 86.02686309814453, 382.63262939453125, 106.98783111572266, 0.7809244990348816], [0, 361.4573059082031, 59.99974060058594, 372.4871520996094, 80.26341247558594, 0.7717052102088928], [0, 307.8683776855469, 480.89306640625, 319.5532531738281, 525.1519775390625, 0.7542868256568909], [0, 334.36102294921875, 0.0, 344.83087158203125, 13.255256652832031, 0.7251311540603638], [0, 405.58624267578125, 134.18963623046875, 417.72418212890625, 167.48318481445312, 0.6381509304046631], [3, 334.826416015625, 538.6490478515625, 351.5714111328125, 604.9132080078125, 0.6138627529144287], [0, 259.4952087402344, 483.11541748046875, 275.1467590332031, 535.5733032226562, 0.5858712792396545], [0, 159.71548461914062, 0.0, 171.65264892578125, 10.95688247680664, 0.5699526071548462], [0, 273.4505615234375, 362.38214111328125, 285.0775146484375, 390.83721923828125, 0.5677517652511597], [0, 378.7747497558594, 132.09832763671875, 390.4716491699219, 167.96896362304688, 0.526040256023407], [3, 292.4494323730469, 356.90045166015625, 307.9992370605469, 398.513916015625, 0.5200521945953369], [0, 383.7391052246094, 202.7342529296875, 398.9494323730469, 242.69012451171875, 0.4718116819858551], [0, 292.24188232421875, 356.7769775390625, 307.93475341796875, 398.08203125, 0.4136419892311096]]}