{"clean": [[2, 361.0191650390625, 306.560302734375, 411.27978515625, 418.200927734375, 0.8543356657028198], [0, 280.1268310546875, 224.8612823486328, 295.567626953125, 255.8109588623047, 0.8360556364059448], [1, 359.4156799316406, 227.16311645507812, 376.9548034667969, 261.7437438964844, 0.8345490097999573], [0, 412.41082763671875, 256.0740661621094, 435.26873779296875, 289.6391906738281, 0.830170750617981], [1, 389.7743225097656, 200.7186737060547, 406.0782775878906, 226.9317169189453, 0.7973480820655823], [1, 269.4892883300781, 67.15967559814453, 281.3529357910156, 86.26276397705078, 0.7708351612091064], [0, 247.42019653320312, 14.510749816894531, 255.78018188476562, 25.42041778564453, 0.7446917295455933], [0, 290.82196044921875, 122.68360137939453, 304.7003173828125, 141.7066650390625, 0.7350258231163025], [0, 31.577716827392578, 208.83082580566406, 50.04178237915039, 238.76914978027344, 0.6769632697105408], [0, 7.716561317443848, 137.4894256591797, 36.17596435546875, 150.9956817626953, 0.676053524017334], [0, 334.66107177734375, 179.4367218017578, 350.55963134765625, 204.82533264160156, 0.6754201650619507], [1, 309.876220703125, 171.87461853027344, 323.3125, 196.0526580810547, 0.6074677109718323], [0, 313.25408935546875, 117.34506225585938, 332.58148193359375, 128.4657440185547, 0.597625195980072], [0, 216.51910400390625, 0.27829837799072266, 223.7093505859375, 9.516040802001953, 0.5699606537818909], [0, 0.0, 328.3792724609375, 16.777843475341797, 367.77203369140625, 0.5079168677330017], [0, 231.77297973632812, 55.465538024902344, 243.10592651367188, 72.15401458740234, 0.4848979115486145], [0, 286.4857177734375, 111.8509292602539, 297.6309814453125, 125.53949737548828, 0.3673422038555145], [0, 478.37939453125, 229.4246826171875, 509.9373779296875, 247.746826171875, 0.30680525302886963], [1, 226.80276489257812, 34.6494140625, 235.60531616210938, 50.350006103515625, 0.29628050327301025], [2, 286.252197265625, 255.982666015625, 304.6297607421875, 293.5252685546875, 0.2746579051017761], [4, 305.12408447265625, 159.78265380859375, 310.8133544921875, 171.75759887695312, 0.25617489218711853]], "patched": [[2, 361.0220947265625, 306.559814453125, 411.29443359375, 418.2142333984375, 0.8538633584976196], [1, 359.40362548828125, 227.15557861328125, 376.96148681640625, 261.74896240234375, 0.8345533609390259], [0, 280.1165771484375, 224.87411499023438, 295.5797119140625, 255.84439086914062, 0.8283403515815735], [1, 389.77166748046875, 200.70709228515625, 406.09185791015625, 226.936279296875, 0.7962511777877808], [0, 412.3876953125, 256.08953857421875, 435.17626953125, 289.72991943359375, 0.7808600068092346], [1, 269.48516845703125, 67.15497589111328, 281.36248779296875, 86.27022552490234, 0.7709190249443054], [0, 247.41610717773438, 14.507654190063477, 255.78500366210938, 25.4221134185791, 0.7441969513893127], [0, 290.8150634765625, 122.67973327636719, 304.7091064453125, 141.71409606933594, 0.7355961799621582], [0, 334.6580810546875, 179.42974853515625, 350.56988525390625, 204.8358154296875, 0.6743778586387634], [0, 7.687912940979004, 137.4898223876953, 36.17249298095703, 150.99085998535156, 0.6711767911911011], [1, 309.8697814941406, 171.86000061035156, 323.3175354003906, 196.06944274902344, 0.6050119400024414], [0, 0.0, 328.27880859375, 15.495810508728027, 367.47119140625, 0.5995730757713318], [0, 313.2471923828125, 117.33949279785156, 332.6070556640625, 128.48574829101562, 0.5926316976547241], [0, 31.56009864807129, 208.75250244140625, 50.08763885498047, 238.66448974609375, 0.5764490962028503], [0, 216.51974487304688, 0.2785053253173828, 223.71188354492188, 9.517694473266602, 0.5683470368385315], [0, 231.78094482421875, 55.47924041748047, 243.11639404296875, 72.15886688232422, 0.48039889335632324], [0, 286.4811706542969, 111.84337615966797, 297.6451110839844, 125.54998016357422, 0.36638835072517395], [0, 478.36614990234375, 229.36911010742188, 510.03131103515625, 247.75161743164062, 0.30444663763046265], [1, 226.80142211914062, 34.67335510253906, 235.61422729492188, 50.352325439453125, 0.29968690872192383], [2, 286.3134765625, 256.09100341796875, 304.6278076171875, 293.52435302734375, 0.26279741525650024], [4, 305.11505126953125, 159.77450561523438, 310.83074951171875, 171.78353881835938, 0.2590698003768921]]}