{"clean": [[0, 275.8182373046875, 268.34869384765625, 286.450439453125, 298.47552490234375, 0.8337683081626892], [0, 282.3404235839844, 108.90481567382812, 291.0728454589844, 132.1178741455078, 0.8172476887702942], [0, 273.4578857421875, 174.23593139648438, 283.99169921875, 202.40252685546875, 0.7807887196540833], [0, 251.71856689453125, 386.0884094238281, 265.48870849609375, 427.5988464355469, 0.7632086873054504], [3, 385.03936767578125, 18.716171264648438, 402.31024169921875, 83.937744140625, 0.7462139129638672], [0, 271.5940856933594, 545.83642578125, 287.6548767089844, 595.385986328125, 0.7311080098152161], [0, 290.8656311035156, 250.50485229492188, 301.3246765136719, 277.9341125488281, 0.7062715888023376], [0, 298.7289733886719, 61.989295959472656, 307.0693664550781, 84.61809539794922, 0.6794005632400513], [0, 320.68829345703125, 334.51123046875, 331.83001708984375, 379.69232177734375, 0.5616641640663147], [0, 387.7861328125, 318.01556396484375, 400.352783203125, 357.77471923828125, 0.561586856842041], [0, 329.085693359375, 108.88552856445312, 339.2003173828125, 139.290771484375, 0.5514817237854004], [0, 397.09954833984375, 260.9261779785156, 408.12322998046875, 284.7321472167969, 0.5194695591926575], [0, 360.1517639160156, 177.60708618164062, 370.6064147949219, 218.69503784179688, 0.4815119206905365], [0, 388.5938415527344, 59.628849029541016, 400.1235046386719, 84.0096435546875, 0.3688206076622009], [0, 316.10284423828125, 177.631103515625, 327.36639404296875, 211.4375, 0.3352093994617462], [0, 134.82911682128906, 413.7606201171875, 161.32713317871094, 454.3763427734375, 0.29196736216545105], [4, 557.103271484375, 510.51080322265625, 566.68212890625, 527.4166870117188, 0.274941086769104]], "patched": [[0, 275.85113525390625, 268.3594970703125, 286.43035888671875, 298.4913330078125, 0.8355586528778076], [0, 282.3471984863281, 108.91255187988281, 291.0658874511719, 132.12229919433594, 0.8181718587875366], [0, 273.49420166015625, 174.2427978515625, 283.95843505859375, 202.40081787109375, 0.7830380797386169], [3, 385.088134765625, 18.732498168945312, 402.2908935546875, 83.93411254882812, 0.7519029974937439], [0, 272.4357604980469, 546.3546142578125, 287.4815368652344, 595.3497314453125, 0.733142614364624], [0, 251.92739868164062, 385.9225769042969, 265.3807067871094, 427.0819396972656, 0.7310331463813782], [0, 290.910888671875, 250.67799377441406, 301.2841796875, 277.931396484375, 0.7075682878494263], [0, 298.748779296875, 61.97153854370117, 307.0418701171875, 84.61021423339844, 0.6751028895378113], [0, 388.03436279296875, 318.03594970703125, 400.207275390625, 357.75677490234375, 0.5708119869232178], [0, 329.150390625, 108.89231872558594, 339.1533203125, 139.30648803710938, 0.5681449770927429], [0, 397.1637268066406, 261.015380859375, 408.0746154785156, 284.711669921875, 0.5361740589141846], [0, 360.2623596191406, 177.59939575195312, 370.5242614746094, 218.70986938476562, 0.490082323551178], [0, 320.4857177734375, 333.75421142578125, 331.621826171875, 379.21563720703125, 0.46052974462509155], [0, 388.610595703125, 59.71782302856445, 400.1044921875, 84.00810241699219, 0.35410502552986145], [0, 316.2803955078125, 177.65689086914062, 327.20208740234375, 211.4183349609375, 0.33738037943840027], [0, 135.04296875, 413.819091796875, 161.3096923828125, 454.465087890625, 0.2983362376689911], [4, 557.1176147460938, 510.5418701171875, 566.6713256835938, 527.419189453125, 0.2628755569458008]]}