{"clean": [[0, 513.3910522460938, 395.11968994140625, 535.4035034179688, 430.52337646484375, 0.8505993485450745], [0, 485.67523193359375, 223.0889892578125, 503.25091552734375, 245.479248046875, 0.829850435256958], [0, 566.3433837890625, 422.0925598144531, 590.8004150390625, 459.1498718261719, 0.8139364123344421], [0, 412.16461181640625, 90.6688232421875, 424.63409423828125, 105.18344116210938, 0.8101310133934021], [0, 580.5499267578125, 365.8150634765625, 603.8489990234375, 409.1029052734375, 0.8094267845153809], [0, 376.988525390625, 73.35028839111328, 389.5804443359375, 88.94913482666016, 0.8068179488182068], [0, 138.117431640625, 160.57199096679688, 150.53494262695312, 180.28042602539062, 0.7929110527038574], [0, 252.5289764404297, 425.3997802734375, 274.71209716796875, 457.7486572265625, 0.7872557044029236], [0, 456.6599426269531, 195.15658569335938, 472.0045471191406, 212.98556518554688, 0.7848278880119324], [0, 463.1697692871094, 121.02992248535156, 478.3906555175781, 139.47935485839844, 0.7679409980773926], [0, 416.74456787109375, 51.943511962890625, 428.34796142578125, 66.70606994628906, 0.7556129097938538], [0, 91.46366882324219, 136.25457763671875, 103.11900329589844, 151.460205078125, 0.729840874671936], [0, 403.1773376464844, 49.91746520996094, 414.1474914550781, 64.4286117553711, 0.7128767967224121], [0, 390.78021240234375, 73.49063110351562, 401.69512939453125, 86.72158813476562, 0.6304439902305603], [0, 322.235107421875, 4.035673141479492, 332.770751953125, 14.080825805664062, 0.318982869386673]], "patched": [[0, 485.7037353515625, 223.0861053466797, 503.212158203125, 245.44908142089844, 0.8307044506072998], [0, 412.1949768066406, 90.66340637207031, 424.6175842285156, 105.1595458984375, 0.8104872703552246], [0, 377.01416015625, 73.35719299316406, 389.568603515625, 88.94792175292969, 0.80771404504776], [0, 580.6741943359375, 365.7596435546875, 603.7529296875, 408.9996337890625, 0.8075150847434998], [0, 566.450439453125, 421.84521484375, 590.076416015625, 458.5838623046875, 0.8001410961151123], [0, 138.14952087402344, 160.5821075439453, 150.52342224121094, 180.27857971191406, 0.7938653230667114], [0, 456.7243347167969, 195.23348999023438, 471.9778747558594, 212.94357299804688, 0.7843382358551025], [0, 513.2296142578125, 395.4615478515625, 535.4046630859375, 430.426025390625, 0.77707839012146], [0, 253.5978546142578, 426.1878967285156, 274.53106689453125, 457.5084533691406, 0.7703473567962646], [0, 463.18853759765625, 121.0228042602539, 478.35943603515625, 139.45950317382812, 0.7693052291870117], [0, 416.7535400390625, 51.92665100097656, 428.3380126953125, 66.69509887695312, 0.755373477935791], [0, 91.35429382324219, 136.42333984375, 103.0736083984375, 151.56536865234375, 0.7350174784660339], [0, 403.1962890625, 49.92639923095703, 414.13848876953125, 64.4366226196289, 0.7141536474227905], [0, 390.8060302734375, 73.4962158203125, 401.68414306640625, 86.7080078125, 0.6358556151390076], [0, 322.26812744140625, 4.0265655517578125, 332.7669677734375, 14.071586608886719, 0.3157145380973816]]}