{"clean": [[0, 536.1019287109375, 530.7144775390625, 560.2628173828125, 560.8148193359375, 0.8685262799263], [0, 606.7737426757812, 340.7164306640625, 628.2217407226562, 362.9259033203125, 0.8553544878959656], [0, 563.6319580078125, 536.118896484375, 588.3399658203125, 565.553466796875, 0.8419577479362488], [0, 357.74462890625, 561.3470458984375, 383.27252197265625, 591.0147705078125, 0.8269243240356445], [0, 607.5145874023438, 510.20159912109375, 631.5620727539062, 539.2484741210938, 0.8162074685096741], [3, 511.19281005859375, 583.52490234375, 581.5575561523438, 640.0, 0.7995589375495911], [0, 440.94482421875, 531.678955078125, 460.281982421875, 555.9326171875, 0.6863163113594055], [0, 419.9707946777344, 513.49853515625, 442.1697692871094, 540.552490234375, 0.6853482127189636], [1, 441.82257080078125, 619.268798828125, 463.27264404296875, 640.0, 0.5921311974525452], [1, 526.7266845703125, 458.67431640625, 551.2972412109375, 486.5916748046875, 0.5768133997917175], [1, 512.6122436523438, 437.88214111328125, 535.9082641601562, 465.14044189453125, 0.5247476696968079], [0, 628.12109375, 519.7354736328125, 640.0, 555.4447021484375, 0.5210967063903809], [0, 311.6368408203125, 266.7604064941406, 326.2498779296875, 292.0392761230469, 0.4849804639816284], [0, 630.9390258789062, 441.15814208984375, 640.0, 478.66387939453125, 0.42050909996032715], [0, 512.6231079101562, 437.9593811035156, 535.5971069335938, 464.8359680175781, 0.4188845157623291], [2, 552.5899658203125, 465.86761474609375, 592.4947509765625, 512.4630737304688, 0.3241192102432251], [3, 630.87158203125, 433.8919677734375, 639.884033203125, 478.37261962890625, 0.2664441168308258]], "patched": [[0, 536.1924438476562, 530.7457275390625, 560.2932739257812, 560.9095458984375, 0.8557343482971191], [0, 606.91259765625, 340.7369384765625, 628.21826171875, 362.791015625, 0.8465592265129089], [0, 563.921142578125, 536.4276123046875, 588.2890625, 565.6907958984375, 0.8449816107749939], [0, 607.7405395507812, 510.76800537109375, 631.6071166992188, 539.3588256835938, 0.7991615533828735], [3, 510.631591796875, 583.6944580078125, 581.5662841796875, 640.0, 0.7655302286148071], [0, 420.07916259765625, 514.0018310546875, 442.04241943359375, 540.5313720703125, 0.7252345085144043], [0, 357.8104248046875, 561.3218994140625, 383.259033203125, 590.8670654296875, 0.7066733241081238], [0, 441.8304443359375, 619.2589111328125, 463.12158203125, 639.8206787109375, 0.6666703820228577], [0, 441.123291015625, 531.7369995117188, 460.21630859375, 555.9187622070312, 0.5557992458343506], [0, 526.6904296875, 458.80419921875, 551.362060546875, 485.0499267578125, 0.4996187686920166], [0, 628.20458984375, 520.65771484375, 639.999267578125, 555.537109375, 0.4904840886592865], [0, 512.6748657226562, 438.6149597167969, 535.8833618164062, 464.7289733886719, 0.4305975139141083], [0, 630.95263671875, 441.40301513671875, 640.0, 478.66156005859375, 0.3686118721961975], [0, 311.70416259765625, 266.42462158203125, 324.6688232421875, 291.27850341796875, 0.2660275399684906], [3, 630.8948364257812, 433.0028076171875, 639.8837280273438, 478.3704833984375, 0.2651207447052002]]}