{"clean": [[0, 508.3223876953125, 321.76239013671875, 568.03076171875, 372.06890869140625, 0.8097044229507446], [0, 580.64990234375, 239.3172607421875, 639.993408203125, 285.09881591796875, 0.8062323927879333], [0, 125.48733520507812, 409.65777587890625, 188.46829223632812, 461.2313232421875, 0.8061031699180603], [0, 207.47198486328125, 314.3929748535156, 272.1290283203125, 363.7076721191406, 0.7511976957321167], [0, 0.0, 293.54827880859375, 57.93565368652344, 338.89483642578125, 0.737991213798523]], "patched": [[0, 508.189208984375, 321.77020263671875, 568.0789794921875, 374.73736572265625, 0.7888243794441223], [0, 125.91268920898438, 409.93792724609375, 187.30911254882812, 460.68658447265625, 0.782796323299408], [0, 207.39932250976562, 313.83953857421875, 272.30908203125, 362.74224853515625, 0.7056808471679688], [0, 0.0, 292.7037353515625, 58.08041000366211, 340.6549072265625, 0.5583497881889343], [0, 580.498779296875, 238.60150146484375, 640.0, 284.8521728515625, 0.510369598865509]]}