{"clean": [[0, 418.91424560546875, 74.09638977050781, 437.39617919921875, 104.40544128417969, 0.845145046710968], [0, 444.6789855957031, 183.17898559570312, 464.9402160644531, 214.60556030273438, 0.837251603603363], [0, 426.1927490234375, 101.4996337890625, 445.428955078125, 131.41539001464844, 0.7940832376480103], [0, 470.7736511230469, 61.842308044433594, 489.3501892089844, 91.78655242919922, 0.7882428169250488], [3, 455.4297180175781, 450.174072265625, 470.6076965332031, 505.12677001953125, 0.7567808628082275], [0, 231.88018798828125, 548.7982177734375, 249.5106201171875, 585.1260986328125, 0.7129749655723572], [0, 247.4550323486328, 615.724609375, 264.89935302734375, 640.0, 0.6585751175880432], [0, 114.74986267089844, 616.237060546875, 131.01657104492188, 640.0, 0.5979467630386353], [0, 281.22698974609375, 393.5484619140625, 299.6390380859375, 430.26092529296875, 0.5898494720458984], [1, 434.8101501464844, 0.0, 456.0051574707031, 18.744930267333984, 0.4264977276325226], [1, 173.5955047607422, 476.98138427734375, 190.78465270996094, 505.73895263671875, 0.3430333733558655], [0, 434.84686279296875, 0.0, 455.92974853515625, 18.57900619506836, 0.33363762497901917]], "patched": [[0, 444.4778137207031, 183.3941650390625, 464.8427429199219, 214.7362060546875, 0.8256366848945618], [0, 426.2183532714844, 101.7921142578125, 445.2987365722656, 131.46368408203125, 0.796005368232727], [0, 418.8583984375, 73.934814453125, 437.59783935546875, 104.58401489257812, 0.7885627746582031], [3, 455.4579772949219, 450.1923828125, 470.5213317871094, 505.09564208984375, 0.7641727924346924], [0, 470.8336486816406, 61.47434616088867, 489.4876403808594, 91.93296813964844, 0.7089261412620544], [0, 247.83499145507812, 615.94580078125, 264.7696838378906, 639.9923095703125, 0.6733570098876953], [0, 281.58380126953125, 394.134033203125, 299.54595947265625, 430.170166015625, 0.6650621891021729], [0, 231.60162353515625, 549.3832397460938, 249.4866943359375, 585.3770141601562, 0.4984862804412842], [0, 114.90216064453125, 616.2742919921875, 130.8121337890625, 640.0, 0.4457787871360779], [1, 434.912353515625, 0.0, 456.4754638671875, 18.281383514404297, 0.4104340970516205]]}