{"clean": [[0, 282.4127502441406, 320.7109375, 294.5838928222656, 349.02001953125, 0.8419336676597595], [0, 270.14520263671875, 295.709228515625, 282.21734619140625, 324.46435546875, 0.7886149883270264], [0, 282.7731628417969, 165.74502563476562, 291.1697692871094, 185.43453979492188, 0.7882029414176941], [0, 367.14990234375, 395.392333984375, 380.6851806640625, 436.825439453125, 0.7693932056427002], [0, 427.63037109375, 430.5005187988281, 440.412109375, 472.4649963378906, 0.7572518587112427], [0, 436.3173828125, 160.888916015625, 457.3563232421875, 174.4364013671875, 0.7559457421302795], [0, 299.19024658203125, 64.96444702148438, 306.35626220703125, 78.45597839355469, 0.7509059309959412], [0, 313.18206787109375, 170.65509033203125, 322.76531982421875, 193.5115966796875, 0.7469537258148193], [2, 323.505126953125, 285.5389404296875, 339.49365234375, 370.964111328125, 0.7078530192375183], [1, 296.2755126953125, 125.54562377929688, 303.5765380859375, 143.37149047851562, 0.6957160830497742], [1, 259.3252868652344, 581.56884765625, 275.5368957519531, 635.21630859375, 0.67315274477005], [3, 398.7551574707031, 297.37042236328125, 416.2154235839844, 352.00238037109375, 0.6490331292152405], [1, 355.1872253417969, 226.00506591796875, 365.9685363769531, 252.44635009765625, 0.6352485418319702], [0, 355.1690673828125, 226.72604370117188, 366.19482421875, 252.68765258789062, 0.45772165060043335], [1, 348.40966796875, 86.19789123535156, 355.7354736328125, 99.95497131347656, 0.44566217064857483], [0, 259.44879150390625, 581.7294311523438, 275.51068115234375, 635.5360717773438, 0.4246688485145569], [0, 314.2918701171875, 57.968231201171875, 322.6201171875, 70.72096252441406, 0.3656896650791168], [1, 380.72833251953125, 528.8963012695312, 394.83819580078125, 579.3516235351562, 0.3557679057121277]], "patched": [[0, 282.4388427734375, 320.727294921875, 294.56903076171875, 348.99853515625, 0.8420559763908386], [0, 282.7923583984375, 165.76885986328125, 291.1468505859375, 185.418212890625, 0.7888354063034058], [0, 270.17144775390625, 295.72857666015625, 282.19866943359375, 324.4493408203125, 0.7861121892929077], [0, 436.3280944824219, 160.90557861328125, 457.3289489746094, 174.42578125, 0.7557339668273926], [0, 299.2016906738281, 64.97081756591797, 306.3461608886719, 78.4487075805664, 0.7526196241378784], [0, 313.2066345214844, 170.66671752929688, 322.7438659667969, 193.49771118164062, 0.7496945261955261], [2, 323.53277587890625, 285.55535888671875, 339.47235107421875, 370.9412841796875, 0.7056226134300232], [1, 296.29071044921875, 125.56010437011719, 303.56683349609375, 143.36155700683594, 0.7001144886016846], [3, 398.80145263671875, 297.4002990722656, 416.09771728515625, 351.9927062988281, 0.6617207527160645], [1, 355.22113037109375, 226.03701782226562, 365.93768310546875, 252.43438720703125, 0.6438175439834595], [0, 368.29241943359375, 416.64794921875, 380.777587890625, 436.3583984375, 0.6021773815155029], [1, 259.3353271484375, 581.6627197265625, 275.08758544921875, 635.2257080078125, 0.5817246437072754], [0, 427.54315185546875, 430.5028076171875, 440.12762451171875, 472.2196044921875, 0.5442918539047241], [1, 348.42144775390625, 86.2071533203125, 355.71392822265625, 99.9422607421875, 0.4547080993652344], [0, 355.2054748535156, 226.85858154296875, 366.1678771972656, 252.6741943359375, 0.45060351490974426], [0, 367.5515441894531, 395.43560791015625, 379.9404602050781, 418.869873046875, 0.42625823616981506], [0, 314.3029479980469, 57.967918395996094, 322.6163635253906, 70.71891021728516, 0.37250009179115295], [1, 427.7990417480469, 430.52801513671875, 440.3752136230469, 472.06219482421875, 0.30858299136161804], [1, 380.6888122558594, 528.8694458007812, 394.8654479980469, 579.6365356445312, 0.3011026978492737]]}