{"clean": [[0, 407.7631530761719, 366.4512634277344, 431.3904113769531, 416.8872985839844, 0.8508886098861694], [0, 432.2913818359375, 168.9383544921875, 447.25537109375, 196.6435546875, 0.8453570604324341], [2, 412.3212585449219, 129.23013305664062, 437.6033020019531, 185.74459838867188, 0.8365851044654846], [0, 393.2182922363281, 245.25421142578125, 407.3292541503906, 280.30560302734375, 0.8190441131591797], [0, 440.1549072265625, 145.083740234375, 455.7021484375, 169.99725341796875, 0.8008500337600708], [0, 435.6962890625, 117.52668762207031, 450.97625732421875, 138.60511779785156, 0.7827485799789429], [0, 141.06129455566406, 358.50030517578125, 173.69895935058594, 381.10406494140625, 0.7395728230476379], [0, 419.19586181640625, 293.0494384765625, 437.01312255859375, 341.30877685546875, 0.7306870222091675], [0, 447.62890625, 122.06685638427734, 461.96533203125, 144.43869018554688, 0.7246014475822449], [1, 419.86993408203125, 202.95242309570312, 437.4197998046875, 241.1229248046875, 0.5404899716377258], [0, 419.91058349609375, 202.87774658203125, 437.18414306640625, 240.8720703125, 0.5285776257514954], [3, 460.12188720703125, 213.65176391601562, 483.83367919921875, 289.1816101074219, 0.45974981784820557], [0, 141.79281616210938, 369.65911865234375, 174.10757446289062, 388.50885009765625, 0.4298892915248871], [3, 439.6301574707031, 29.77489471435547, 461.8266906738281, 73.0607681274414, 0.3667573630809784]], "patched": [[0, 432.32598876953125, 168.9613037109375, 447.19793701171875, 196.6199951171875, 0.8457385897636414], [2, 412.40045166015625, 129.24534606933594, 437.57958984375, 185.7601776123047, 0.8389164805412292], [0, 440.1827392578125, 145.1309356689453, 455.6473388671875, 169.9644012451172, 0.7998902797698975], [0, 393.58343505859375, 246.21221923828125, 406.98431396484375, 280.25115966796875, 0.7890996336936951], [0, 435.7698669433594, 117.56228637695312, 450.9400329589844, 138.59384155273438, 0.7820237874984741], [0, 408.187744140625, 366.63629150390625, 427.2325439453125, 398.03826904296875, 0.7687320113182068], [0, 408.03692626953125, 366.43731689453125, 429.90673828125, 416.21759033203125, 0.728899359703064], [0, 419.3603515625, 293.0401611328125, 436.9102783203125, 341.167724609375, 0.7246111035346985], [0, 447.650146484375, 122.1307373046875, 461.8221435546875, 144.44189453125, 0.7205799221992493], [0, 141.0582275390625, 358.39569091796875, 173.8197021484375, 379.66412353515625, 0.697577178478241], [0, 419.9430236816406, 202.88815307617188, 437.1620788574219, 240.84280395507812, 0.5377175807952881], [1, 419.9100036621094, 202.96267700195312, 437.3825378417969, 241.10012817382812, 0.5363467931747437], [0, 141.3087921142578, 371.4083251953125, 174.1326446533203, 386.9365234375, 0.4733009338378906], [3, 460.2666320800781, 213.5311279296875, 483.6479797363281, 289.1696472167969, 0.44689422845840454], [3, 439.6612548828125, 29.81525421142578, 461.80755615234375, 73.06642150878906, 0.37165796756744385]]}