{"clean": [[0, 282.62530517578125, 597.6217041015625, 307.60552978515625, 639.9608154296875, 0.7982735633850098], [3, 426.1109619140625, 118.840087890625, 459.3543701171875, 250.56744384765625, 0.7940149307250977], [3, 435.86138916015625, 228.33758544921875, 472.72186279296875, 354.42877197265625, 0.7820174098014832], [3, 385.4903259277344, 232.77081298828125, 416.3114318847656, 378.55938720703125, 0.693045437335968], [3, 460.35565185546875, 115.02017211914062, 478.95001220703125, 174.330810546875, 0.6685550808906555]], "patched": [[0, 283.49700927734375, 597.5877685546875, 307.56341552734375, 640.0, 0.8100599050521851], [3, 426.10626220703125, 118.83287048339844, 459.35223388671875, 250.56944274902344, 0.793440580368042], [3, 435.874755859375, 228.3357696533203, 472.68218994140625, 354.43585205078125, 0.7827839851379395], [3, 385.5025634765625, 232.75961303710938, 416.284912109375, 378.5561218261719, 0.6921520233154297], [3, 460.35540771484375, 115.022705078125, 478.94036865234375, 174.32968139648438, 0.6697840690612793], [2, 285.8305969238281, 441.6082763671875, 308.5500793457031, 504.72149658203125, 0.4387326240539551]]}