{"clean": [[0, 60.75763702392578, 8.922435760498047, 80.1324234008789, 32.31454849243164, 0.7818838357925415], [0, 100.6361083984375, 5.56373405456543, 117.239990234375, 23.525571823120117, 0.7595928907394409], [0, 378.8267517089844, 2.490194797515869, 400.1893615722656, 18.367229461669922, 0.7493468523025513], [0, 84.04573059082031, 0.0, 103.50224304199219, 11.282524108886719, 0.7379170656204224], [0, 573.4679565429688, 14.919410705566406, 595.6708374023438, 33.06462860107422, 0.7341839671134949], [0, 506.3893737792969, 14.170405387878418, 524.492919921875, 29.983936309814453, 0.725825309753418], [0, 429.1546630859375, 0.03678321838378906, 453.8792724609375, 12.937129974365234, 0.7175019383430481], [2, 206.67391967773438, 143.18716430664062, 371.6506652832031, 210.05514526367188, 0.7143659591674805], [0, 442.0256652832031, 4.336025238037109, 462.7273254394531, 19.159595489501953, 0.7120634317398071], [2, 577.2008056640625, 95.72400665283203, 640.0, 255.62811279296875, 0.7002168297767639], [0, 470.08404541015625, 4.330741882324219, 500.85223388671875, 18.413990020751953, 0.6667405366897583], [0, 361.42999267578125, 1.2179794311523438, 373.47271728515625, 19.469970703125, 0.6590257287025452], [1, 602.422119140625, 22.389671325683594, 623.547607421875, 42.978599548339844, 0.5689772367477417], [2, 215.4079132080078, 64.77047729492188, 334.34552001953125, 122.80870056152344, 0.5077140927314758], [2, 0.0, 444.1124572753906, 142.45361328125, 608.4595947265625, 0.4982544481754303], [2, 142.68869018554688, 192.86305236816406, 301.3009948730469, 255.55470275878906, 0.43599915504455566], [2, 98.22418212890625, 208.94078063964844, 298.05657958984375, 381.353515625, 0.4334542155265808], [4, 27.999248504638672, 4.545137405395508, 35.55388641357422, 15.625675201416016, 0.4022916555404663], [2, 0.0, 420.1700439453125, 110.92843627929688, 607.80029296875, 0.38764381408691406], [2, 182.3446044921875, 449.92901611328125, 384.73077392578125, 597.7725219726562, 0.3051290512084961], [2, 415.5214538574219, 52.957515716552734, 441.0142517089844, 82.369140625, 0.28732770681381226], [2, 198.1458740234375, 111.64785766601562, 373.4117431640625, 208.4466552734375, 0.2698088586330414]], "patched": [[0, 378.8263854980469, 2.493001937866211, 400.2055969238281, 18.3314151763916, 0.7488939166069031], [0, 100.64666748046875, 5.567539215087891, 117.24081420898438, 23.531448364257812, 0.7452300190925598], [0, 84.06369018554688, 0.0, 103.47760009765625, 11.279691696166992, 0.7348803877830505], [0, 573.4686279296875, 14.929824829101562, 595.6351318359375, 32.9907112121582, 0.7311097979545593], [0, 429.1531982421875, 0.035594940185546875, 453.892822265625, 12.937891006469727, 0.7165017127990723], [0, 442.0287170410156, 4.346836566925049, 462.7347106933594, 19.14250946044922, 0.711450457572937], [2, 206.71365356445312, 142.68460083007812, 371.6267395019531, 210.09848022460938, 0.7061134576797485], [2, 577.214599609375, 95.752685546875, 640.0, 255.4964599609375, 0.7033787965774536], [0, 506.2869873046875, 14.09322738647461, 524.6619873046875, 30.524425506591797, 0.6770120859146118], [0, 470.40020751953125, 4.41309928894043, 500.52008056640625, 18.154577255249023, 0.6728999614715576], [0, 361.4322204589844, 1.2235870361328125, 373.4810485839844, 19.476795196533203, 0.6501644849777222], [0, 60.856666564941406, 9.06800365447998, 80.0873031616211, 32.11068344116211, 0.5890302062034607], [2, 215.39413452148438, 64.75834655761719, 334.2718811035156, 122.903564453125, 0.5020797252655029], [2, 0.0, 444.1317138671875, 142.59878540039062, 608.5140380859375, 0.5004173517227173], [2, 98.22901153564453, 208.98008728027344, 298.057861328125, 381.3126220703125, 0.4329514801502228], [2, 142.59652709960938, 192.87625122070312, 301.3486022949219, 255.79864501953125, 0.43197789788246155], [4, 28.002056121826172, 4.563995361328125, 35.54487228393555, 15.605363845825195, 0.41690537333488464], [2, 0.0, 420.60455322265625, 110.89388275146484, 607.8543090820312, 0.38155075907707214], [1, 602.4320068359375, 22.468664169311523, 625.6834716796875, 43.569679260253906, 0.3729442358016968], [2, 182.2498779296875, 449.88726806640625, 384.7406005859375, 597.7702026367188, 0.3050490617752075], [2, 198.126708984375, 111.62805938720703, 373.45611572265625, 209.4931640625, 0.26930317282676697], [2, 415.51318359375, 52.94746398925781, 441.02435302734375, 82.37631225585938, 0.2640646994113922]]}