{"clean": [[0, 272.6186218261719, 347.9178466796875, 314.7136535644531, 370.057373046875, 0.7868213653564453]], "patched": [[0, 273.1145935058594, 348.0726318359375, 314.5550842285156, 369.9334716796875, 0.7401649951934814]]}