{"clean": [[2, 186.96905517578125, 1.105438232421875, 290.6518859863281, 111.87566375732422, 0.7459664344787598], [0, 215.04830932617188, 462.5821533203125, 442.4562683105469, 640.0, 0.5606161952018738], [4, 0.04643440246582031, 63.065338134765625, 28.09808921813965, 105.30146789550781, 0.5085822343826294], [2, 531.0619506835938, 336.1094970703125, 640.0, 540.2342529296875, 0.47764456272125244], [0, 190.9924774169922, 469.9385986328125, 382.25811767578125, 640.0, 0.308517187833786]], "patched": [[2, 186.96905517578125, 1.1057510375976562, 290.59088134765625, 111.88289642333984, 0.742935299873352], [0, 191.6735076904297, 468.20660400390625, 392.90069580078125, 640.0, 0.5437057018280029], [0, 227.84814453125, 463.64898681640625, 426.8843994140625, 640.0, 0.49274909496307373], [2, 530.635986328125, 335.47503662109375, 640.0, 540.2568969726562, 0.4633541405200958], [4, 0.04100799560546875, 63.29463195800781, 28.122604370117188, 105.26821899414062, 0.4496830999851227]]}