{"clean": [[0, 209.74954223632812, 330.62469482421875, 250.69033813476562, 358.53033447265625, 0.8661381006240845], [0, 157.30551147460938, 327.6150207519531, 192.36160278320312, 357.2149353027344, 0.8647374510765076], [0, 116.02301788330078, 321.1309814453125, 152.80810546875, 348.5213623046875, 0.8611988425254822], [0, 516.7261352539062, 83.91596984863281, 542.0474243164062, 99.88285827636719, 0.8269829154014587], [0, 515.3555908203125, 97.31694030761719, 541.132080078125, 114.69923400878906, 0.8180131912231445], [0, 510.4087219238281, 49.608436584472656, 533.927490234375, 64.48926544189453, 0.8030730485916138], [0, 455.78021240234375, 30.343318939208984, 467.9027099609375, 51.09212112426758, 0.7852152585983276], [0, 522.2811279296875, 107.4862060546875, 549.6239013671875, 126.2408447265625, 0.7712531089782715], [0, 12.580135345458984, 307.98272705078125, 49.38585662841797, 336.07476806640625, 0.7548974752426147], [0, 501.13360595703125, 76.40705871582031, 515.7024536132812, 102.90388488769531, 0.7420563101768494], [0, 499.29400634765625, 12.243526458740234, 525.7245483398438, 27.6241455078125, 0.7385480999946594], [0, 505.3101806640625, 42.21681213378906, 528.2972412109375, 54.34220886230469, 0.6521852016448975], [0, 345.20294189453125, 41.89881134033203, 371.82757568359375, 57.944725036621094, 0.6464381814002991], [1, 263.90081787109375, 336.4686279296875, 297.95086669921875, 364.127685546875, 0.6229354739189148], [0, 0.0, 441.6820068359375, 27.229679107666016, 483.5213623046875, 0.5580560564994812], [0, 273.20849609375, 397.0058898925781, 311.13043212890625, 427.4653015136719, 0.5088357329368591], [4, 26.435379028320312, 247.73570251464844, 35.3213005065918, 265.0047607421875, 0.47820013761520386], [4, 34.144012451171875, 241.1062774658203, 45.858131408691406, 253.8848419189453, 0.36793360114097595], [0, 0.0, 295.2389831542969, 4.527825355529785, 323.0405578613281, 0.3498135805130005], [0, 512.430419921875, 62.269920349121094, 538.88671875, 75.70130157470703, 0.34290367364883423], [2, 52.35615921020508, 308.95526123046875, 90.07197570800781, 336.60650634765625, 0.32899579405784607], [0, 464.2427978515625, 71.97373962402344, 475.614501953125, 93.86500549316406, 0.2949908673763275]], "patched": [[0, 209.80929565429688, 330.6690673828125, 250.65737915039062, 358.60986328125, 0.8665151000022888], [0, 116.0275650024414, 321.1872253417969, 152.77920532226562, 348.6304016113281, 0.8623539209365845], [0, 157.2457275390625, 327.6780090332031, 192.55880737304688, 357.2253112792969, 0.8407166600227356], [0, 516.623779296875, 83.95903015136719, 542.02099609375, 99.96440124511719, 0.8263927102088928], [0, 510.44793701171875, 49.61205291748047, 533.9533081054688, 64.5318603515625, 0.8076369166374207], [0, 515.4194946289062, 98.23152923583984, 541.9120483398438, 114.5600814819336, 0.7867066860198975], [0, 455.73193359375, 30.41563606262207, 467.9088134765625, 51.00132751464844, 0.7851051092147827], [0, 501.135009765625, 76.4608383178711, 515.6456298828125, 102.88671112060547, 0.7468723058700562], [0, 499.14984130859375, 14.093238830566406, 523.9922485351562, 27.94428253173828, 0.6669443249702454], [0, 345.20794677734375, 41.8013916015625, 371.8636474609375, 57.948028564453125, 0.6547420620918274], [0, 0.0, 442.43194580078125, 27.268035888671875, 481.04693603515625, 0.652545690536499], [0, 505.2478332519531, 42.320125579833984, 528.46240234375, 54.29941177368164, 0.6309194564819336], [1, 263.8733215332031, 336.5033264160156, 297.9439392089844, 364.1443786621094, 0.5853779911994934], [0, 523.3524169921875, 112.38336181640625, 549.1495361328125, 126.51788330078125, 0.5712249875068665], [4, 26.45659637451172, 247.7337646484375, 35.372535705566406, 265.0152587890625, 0.4625283181667328], [0, 273.20050048828125, 397.0059814453125, 311.16082763671875, 427.61083984375, 0.4026368260383606], [4, 34.14733123779297, 241.04840087890625, 45.875511169433594, 253.89208984375, 0.37911951541900635], [2, 52.36776351928711, 308.83404541015625, 90.05410766601562, 336.62445068359375, 0.3668302297592163], [0, 0.0, 294.66827392578125, 4.487942218780518, 323.16424560546875, 0.3180910348892212], [0, 464.28143310546875, 71.98286437988281, 475.59466552734375, 94.19049072265625, 0.2663250267505646]]}