{"clean": [[0, 424.3345947265625, 325.31683349609375, 478.564697265625, 409.28350830078125, 0.9322713017463684], [0, 290.9334716796875, 507.28887939453125, 385.334228515625, 571.9436645507812, 0.9263333678245544], [0, 346.1711730957031, 85.30085754394531, 385.4986877441406, 108.79090881347656, 0.8651602268218994], [0, 354.3522033691406, 111.13929748535156, 393.2314147949219, 135.9927215576172, 0.8508011698722839], [0, 388.78289794921875, 51.01886749267578, 406.26544189453125, 78.21125030517578, 0.7893432974815369], [0, 386.8079833984375, 31.032766342163086, 401.35595703125, 52.816322326660156, 0.7885177731513977], [2, 372.771240234375, 0.0, 390.5106201171875, 8.310100555419922, 0.5586494207382202]], "patched": [[0, 290.9336242675781, 507.31634521484375, 385.3544006347656, 572.0137329101562, 0.9209516644477844], [0, 424.34564208984375, 325.41033935546875, 478.79876708984375, 409.32708740234375, 0.9022376537322998], [0, 346.18316650390625, 85.4280014038086, 385.45623779296875, 108.5755844116211, 0.8646042943000793], [0, 354.39837646484375, 111.14906311035156, 393.20916748046875, 135.96690368652344, 0.8357172608375549], [0, 386.9822998046875, 31.072162628173828, 401.3140869140625, 52.5146369934082, 0.7898921966552734], [0, 389.326904296875, 51.09630584716797, 405.9722900390625, 78.00037384033203, 0.7518838047981262], [2, 372.71844482421875, 0.0, 390.51409912109375, 8.303564071655273, 0.5617069602012634]]}