{"clean": [[0, 406.94384765625, 459.0171203613281, 447.9097900390625, 506.8067321777344, 0.8920936584472656], [3, 288.33831787109375, 214.970947265625, 328.01556396484375, 317.0177001953125, 0.8514490723609924], [0, 362.9658203125, 127.85136413574219, 381.2484130859375, 162.65855407714844, 0.825458824634552], [0, 30.173377990722656, 375.8679504394531, 68.53069305419922, 418.9029846191406, 0.7837210297584534], [0, 0.0, 229.17758178710938, 19.64905548095703, 275.03094482421875, 0.779187798500061], [4, 108.57605743408203, 600.0555419921875, 122.49994659423828, 626.0213623046875, 0.4709794223308563], [4, 174.26727294921875, 432.6612548828125, 184.19927978515625, 459.528564453125, 0.43643295764923096]], "patched": [[3, 288.3583679199219, 214.96926879882812, 327.9807434082031, 316.9540710449219, 0.8541352152824402], [0, 406.8569641113281, 458.9998474121094, 447.6474914550781, 506.9220886230469, 0.8331190347671509], [0, 363.80645751953125, 127.73455810546875, 381.227294921875, 162.78057861328125, 0.7269797921180725], [0, 0.0, 227.84951782226562, 19.536394119262695, 274.6930236816406, 0.6088029146194458], [0, 30.149856567382812, 375.97711181640625, 68.41557312011719, 417.50238037109375, 0.5810737013816833], [4, 108.59352111816406, 600.3743286132812, 122.25453186035156, 625.8355102539062, 0.46913453936576843], [4, 174.31106567382812, 433.765869140625, 184.18551635742188, 459.40966796875, 0.42564696073532104]]}