{"clean": [[0, 308.50823974609375, 363.14898681640625, 335.48480224609375, 387.623291015625, 0.8593112230300903], [0, 172.81982421875, 235.1972198486328, 195.60494995117188, 253.61473083496094, 0.833366334438324], [0, 303.594970703125, 318.71942138671875, 319.1845703125, 347.11334228515625, 0.7662630677223206], [0, 151.52566528320312, 220.935791015625, 173.44827270507812, 237.96734619140625, 0.7487816214561462], [0, 172.13490295410156, 203.7111053466797, 185.12245178222656, 223.70298767089844, 0.6560923457145691], [0, 309.014892578125, 9.406024932861328, 322.10919189453125, 18.680400848388672, 0.6117953658103943], [1, 62.46477508544922, 110.84428405761719, 74.29914093017578, 126.86314392089844, 0.5724263787269592], [0, 311.32012939453125, 0.07570648193359375, 321.53533935546875, 8.072036743164062, 0.5544687509536743], [0, 137.21572875976562, 173.78274536132812, 147.79397583007812, 190.92196655273438, 0.5535469055175781], [2, 66.39335632324219, 93.62188720703125, 79.37092590332031, 113.06605529785156, 0.3221604824066162]], "patched": [[0, 308.51104736328125, 363.17022705078125, 335.5692138671875, 387.48272705078125, 0.8453530073165894], [0, 172.94281005859375, 235.17385864257812, 195.77264404296875, 253.58834838867188, 0.8208039402961731], [0, 303.72064208984375, 318.7874755859375, 319.17718505859375, 347.2701416015625, 0.7821414470672607], [0, 151.52297973632812, 220.94786071777344, 173.48843383789062, 237.9877166748047, 0.7334436178207397], [0, 172.12576293945312, 203.72113037109375, 185.01248168945312, 223.81085205078125, 0.6430299282073975], [0, 309.0316162109375, 9.375890731811523, 322.0703125, 18.672536849975586, 0.6101831197738647], [1, 62.4552001953125, 110.84419250488281, 74.30055236816406, 126.86579895019531, 0.5665246844291687], [0, 311.3721923828125, 0.058922767639160156, 321.4664306640625, 8.052136421203613, 0.5555883646011353], [0, 137.21075439453125, 173.78565979003906, 147.78570556640625, 190.9260711669922, 0.5459238290786743], [2, 66.40034484863281, 93.61378479003906, 79.36787414550781, 113.06227111816406, 0.31555724143981934]]}