{"clean": [[3, 246.53082275390625, 409.7261962890625, 282.56103515625, 474.4581298828125, 0.8947491645812988], [3, 480.6790771484375, 58.553680419921875, 532.9930419921875, 135.79010009765625, 0.8671165108680725], [0, 354.3964538574219, 318.337890625, 378.7562561035156, 352.44873046875, 0.8641713261604309], [0, 158.618896484375, 208.26275634765625, 185.74319458007812, 229.43505859375, 0.8560784459114075], [0, 18.421302795410156, 405.09527587890625, 60.371551513671875, 448.3309326171875, 0.8519192934036255], [0, 261.30670166015625, 353.8055725097656, 286.42596435546875, 382.7145690917969, 0.8377773761749268], [0, 287.0948181152344, 368.7477722167969, 314.9430236816406, 402.6181335449219, 0.8298444747924805], [0, 292.4712829589844, 338.1457214355469, 316.6367492675781, 364.1641540527344, 0.8280861377716064], [0, 322.1181640625, 345.0743408203125, 346.63690185546875, 372.2718505859375, 0.8201866149902344], [0, 447.486572265625, 51.258331298828125, 468.6033935546875, 72.64876556396484, 0.8130248188972473], [0, 323.9765625, 149.31124877929688, 350.060302734375, 170.7303466796875, 0.8074867129325867], [0, 274.4917907714844, 237.1107177734375, 306.3099670410156, 269.9648132324219, 0.807389497756958], [0, 11.389719009399414, 378.3077392578125, 53.337669372558594, 415.405029296875, 0.806926429271698], [0, 495.11627197265625, 308.84375, 510.63458251953125, 340.40960693359375, 0.800039529800415], [0, 384.6861572265625, 276.7212219238281, 402.6556396484375, 306.9402160644531, 0.7955945134162903], [0, 321.78619384765625, 311.9219665527344, 348.61871337890625, 345.6396179199219, 0.7844460010528564], [0, 224.83978271484375, 369.353271484375, 254.6444091796875, 404.40576171875, 0.7745214700698853], [0, 433.36572265625, 151.93307495117188, 458.75341796875, 181.44857788085938, 0.7599058151245117], [0, 357.4676818847656, 267.73101806640625, 379.9051208496094, 305.993408203125, 0.7192955017089844], [0, 45.87400436401367, 498.348876953125, 82.88276672363281, 538.2469482421875, 0.7001778483390808], [1, 193.17544555664062, 384.7410888671875, 224.68936157226562, 419.682861328125, 0.630745530128479], [0, 375.3231201171875, 247.36705017089844, 389.3536376953125, 270.198486328125, 0.6252191662788391]], "patched": [[3, 246.5026092529297, 409.7293701171875, 282.55731201171875, 474.44146728515625, 0.8953332304954529], [3, 480.72161865234375, 58.57331848144531, 532.9736938476562, 135.76803588867188, 0.8667866587638855], [0, 159.3507080078125, 208.15435791015625, 185.83941650390625, 229.40982055664062, 0.853618323802948], [0, 354.56280517578125, 318.1239013671875, 378.62664794921875, 352.1737060546875, 0.8440859317779541], [0, 287.35205078125, 369.02069091796875, 314.98504638671875, 398.56634521484375, 0.8378376364707947], [0, 322.5933837890625, 345.1046142578125, 346.6109619140625, 371.9564208984375, 0.8222171664237976], [0, 261.44488525390625, 353.645263671875, 286.39569091796875, 382.9267578125, 0.8135350346565247], [0, 322.804931640625, 311.9622497558594, 348.4468994140625, 344.9577941894531, 0.7998437285423279], [0, 275.29937744140625, 236.52383422851562, 306.63702392578125, 269.3651428222656, 0.7934705018997192], [0, 292.9378967285156, 337.80596923828125, 316.3504333496094, 363.42694091796875, 0.7925456166267395], [0, 324.4100036621094, 148.65386962890625, 350.6511535644531, 170.5826416015625, 0.7892522811889648], [0, 385.8215637207031, 276.7537841796875, 402.2417907714844, 304.85076904296875, 0.7713664174079895], [0, 447.6734619140625, 51.451171875, 468.697021484375, 72.2479248046875, 0.7588175535202026], [0, 224.85366821289062, 369.3078918457031, 254.73849487304688, 404.4225769042969, 0.7579928040504456], [0, 18.945127487182617, 405.37274169921875, 60.52925109863281, 449.03814697265625, 0.7575038075447083], [0, 433.35614013671875, 152.15013122558594, 458.75244140625, 181.3311309814453, 0.7562125325202942], [0, 375.37481689453125, 247.96353149414062, 389.33221435546875, 270.1437072753906, 0.6820858716964722], [0, 358.55621337890625, 283.13311767578125, 378.57672119140625, 306.42034912109375, 0.6553961634635925], [1, 193.12350463867188, 384.7347412109375, 224.69497680664062, 419.6822509765625, 0.6390069127082825], [0, 358.5482177734375, 268.44000244140625, 379.71551513671875, 306.443603515625, 0.6285702586174011], [0, 14.125625610351562, 376.736083984375, 53.467689514160156, 410.3585205078125, 0.47773346304893494], [0, 495.83978271484375, 325.3766174316406, 507.03582763671875, 340.4590759277344, 0.4341779053211212], [0, 46.1773567199707, 497.8148193359375, 82.86149597167969, 538.364013671875, 0.2881481349468231]]}