{"clean": [[0, 145.18466186523438, 488.48406982421875, 201.83065795898438, 553.0278930664062, 0.8149767518043518], [0, 384.2249450683594, 256.19512939453125, 404.5137023925781, 282.49725341796875, 0.8039264678955078], [0, 349.6844482421875, 263.28106689453125, 368.59326171875, 283.65362548828125, 0.7561015486717224], [0, 201.63760375976562, 408.38525390625, 260.7776184082031, 461.78662109375, 0.7443439364433289], [1, 415.086669921875, 239.847900390625, 431.8157958984375, 265.58074951171875, 0.6673799157142639], [0, 388.05126953125, 220.8277130126953, 402.918701171875, 239.8085479736328, 0.6448799967765808], [0, 398.545654296875, 146.69235229492188, 404.940185546875, 154.15615844726562, 0.6153068542480469], [0, 346.95294189453125, 247.76763916015625, 365.55047607421875, 267.62225341796875, 0.601422131061554], [0, 435.457275390625, 147.87063598632812, 444.0579833984375, 157.55282592773438, 0.6009203791618347], [0, 417.9081115722656, 216.12733459472656, 431.2413635253906, 236.6792755126953, 0.558833122253418], [0, 413.22076416015625, 143.45587158203125, 419.88934326171875, 150.82861328125, 0.5296235680580139], [0, 436.042724609375, 137.40237426757812, 443.36669921875, 144.60763549804688, 0.47858548164367676], [0, 443.11541748046875, 127.55087280273438, 450.18939208984375, 134.39785766601562, 0.4782206416130066], [1, 417.9293212890625, 215.7737274169922, 431.2745361328125, 236.61366271972656, 0.3713993430137634], [0, 202.15960693359375, 423.79376220703125, 232.30581665039062, 459.03558349609375, 0.2529505789279938]], "patched": [[0, 349.77484130859375, 263.3535461425781, 368.46478271484375, 283.2263488769531, 0.7565176486968994], [0, 384.35968017578125, 256.24505615234375, 404.34893798828125, 282.39544677734375, 0.7450692057609558], [1, 415.13372802734375, 239.8707275390625, 431.78375244140625, 265.47442626953125, 0.6765553951263428], [0, 388.1561279296875, 220.89584350585938, 402.8990478515625, 239.65335083007812, 0.6420959234237671], [0, 398.53533935546875, 146.6801300048828, 404.95306396484375, 154.1663360595703, 0.6164662837982178], [0, 435.4445495605469, 147.79910278320312, 444.0794372558594, 157.56735229492188, 0.59769606590271], [0, 346.9755859375, 247.78482055664062, 365.5374755859375, 267.5483703613281, 0.5828187465667725], [0, 417.9517822265625, 216.07476806640625, 431.22900390625, 236.66293334960938, 0.5381275415420532], [0, 145.630859375, 509.4771423339844, 178.0657958984375, 551.7557373046875, 0.5359683632850647], [0, 203.19068908691406, 427.5166320800781, 230.8098602294922, 458.4049987792969, 0.5341758728027344], [0, 413.21820068359375, 143.43222045898438, 419.90399169921875, 150.8372802734375, 0.5257221460342407], [0, 436.02587890625, 137.38211059570312, 443.372314453125, 144.6314697265625, 0.4806397259235382], [0, 443.10638427734375, 127.51627349853516, 450.20574951171875, 134.40322875976562, 0.4649238586425781], [0, 202.3714599609375, 410.8422546386719, 257.52923583984375, 460.2578430175781, 0.4255093038082123], [1, 417.96966552734375, 215.74935913085938, 431.27020263671875, 236.59375, 0.3814895749092102], [0, 145.9080352783203, 491.75396728515625, 200.9390411376953, 551.8718872070312, 0.3513413965702057]]}