{"clean": [[3, 355.2869873046875, 213.31771850585938, 379.30224609375, 295.90936279296875, 0.8506075143814087], [3, 228.53097534179688, 34.442718505859375, 237.45864868164062, 59.18372344970703, 0.7743071913719177], [0, 194.59097290039062, 125.18113708496094, 208.86825561523438, 137.9194793701172, 0.6935970187187195], [0, 249.77035522460938, 133.51077270507812, 257.4748229980469, 147.68307495117188, 0.6915097236633301], [0, 214.83023071289062, 77.61624145507812, 222.19351196289062, 89.11416625976562, 0.6835490465164185], [0, 230.26870727539062, 58.73000717163086, 238.00491333007812, 70.44976806640625, 0.666231095790863], [0, 358.32318115234375, 331.9158935546875, 375.20355224609375, 365.75933837890625, 0.6460139155387878], [0, 221.92050170898438, 387.87591552734375, 234.77536010742188, 412.49139404296875, 0.6119385361671448], [1, 289.32769775390625, 89.78120422363281, 296.44635009765625, 105.00755310058594, 0.5101023316383362], [1, 567.533203125, 46.21197509765625, 582.691650390625, 60.003265380859375, 0.48034369945526123], [1, 244.61203002929688, 97.74163818359375, 251.63250732421875, 110.73252868652344, 0.46043580770492554], [1, 249.89016723632812, 133.40731811523438, 257.4671325683594, 147.67385864257812, 0.3589852452278137], [4, 330.64617919921875, 114.77323913574219, 337.14556884765625, 124.36006164550781, 0.3503349721431732]], "patched": [[3, 355.28521728515625, 213.31640625, 379.30084228515625, 295.90863037109375, 0.850669801235199], [3, 228.53091430664062, 34.44225311279297, 237.45870971679688, 59.18407440185547, 0.7742050290107727], [0, 194.5867919921875, 125.17833709716797, 208.86898803710938, 137.920166015625, 0.6934579014778137], [0, 249.76980590820312, 133.50967407226562, 257.4762878417969, 147.68536376953125, 0.6925075650215149], [0, 214.82949829101562, 77.61346435546875, 222.19442749023438, 89.114990234375, 0.683713436126709], [0, 230.26870727539062, 58.72968292236328, 238.00509643554688, 70.45030975341797, 0.666600227355957], [0, 221.9195098876953, 387.875244140625, 234.7761993408203, 412.5101318359375, 0.6132279634475708], [1, 289.326904296875, 89.78050231933594, 296.4466552734375, 105.00775146484375, 0.5089750289916992], [1, 567.5361938476562, 46.212066650390625, 582.6909790039062, 60.00318908691406, 0.48061493039131165], [0, 358.39630126953125, 331.9275817871094, 375.10662841796875, 365.7203063964844, 0.4735201895236969], [1, 244.61154174804688, 97.74080657958984, 251.63339233398438, 110.73400115966797, 0.45969855785369873], [1, 358.2060241699219, 332.1398620605469, 374.9856262207031, 365.8323669433594, 0.4375572204589844], [1, 249.88970947265625, 133.40687561035156, 257.46820068359375, 147.6750946044922, 0.3574557900428772], [4, 330.64764404296875, 114.77217864990234, 337.14581298828125, 124.3605728149414, 0.3503645062446594]]}