{"clean": [[0, 239.96200561523438, 405.3188781738281, 261.9916076660156, 431.3999938964844, 0.8631523847579956], [0, 85.14158630371094, 276.54486083984375, 105.02229309082031, 300.35894775390625, 0.8600704073905945], [0, 137.27273559570312, 322.26043701171875, 157.933837890625, 347.17034912109375, 0.8009951114654541], [3, 298.0452880859375, 419.976318359375, 330.0628662109375, 460.7955322265625, 0.7976338267326355], [0, 330.6431884765625, 480.0721740722656, 353.042236328125, 510.0818176269531, 0.6517052054405212], [1, 190.23062133789062, 338.822998046875, 210.74026489257812, 364.54296875, 0.582866907119751], [0, 387.4464111328125, 465.1843566894531, 409.4990234375, 487.2762145996094, 0.5559694766998291], [0, 599.5810546875, 452.3724365234375, 622.669189453125, 483.6800537109375, 0.5356172323226929], [0, 190.3169403076172, 339.0709228515625, 210.7126922607422, 363.999267578125, 0.4730910360813141], [4, 252.55001831054688, 58.30262756347656, 256.0446472167969, 66.97398376464844, 0.3253147602081299], [1, 599.7391967773438, 452.29730224609375, 622.4244995117188, 483.7332763671875, 0.29049748182296753]], "patched": [[0, 85.14895629882812, 276.58258056640625, 104.95269775390625, 300.34454345703125, 0.8517454266548157], [0, 137.27069091796875, 322.205078125, 157.9559326171875, 347.435302734375, 0.8457884192466736], [0, 239.92581176757812, 405.2691345214844, 261.9209899902344, 431.4700012207031, 0.8413150906562805], [0, 330.550537109375, 479.89642333984375, 352.827392578125, 510.05364990234375, 0.7964183688163757], [3, 298.0019226074219, 419.94757080078125, 330.0948791503906, 460.81890869140625, 0.7723479866981506], [0, 387.588134765625, 465.18658447265625, 409.61767578125, 486.77276611328125, 0.5727893114089966], [0, 190.28634643554688, 339.02777099609375, 210.74337768554688, 364.04461669921875, 0.5347175598144531], [0, 600.1103515625, 452.1928405761719, 622.534423828125, 483.3986511230469, 0.4744178056716919], [1, 190.26962280273438, 338.8591003417969, 210.65957641601562, 364.4206848144531, 0.4663613736629486], [1, 599.8499145507812, 452.2320861816406, 622.6294555664062, 483.7358703613281, 0.3944830596446991], [4, 252.53253173828125, 58.27857208251953, 256.06292724609375, 66.9911117553711, 0.32198256254196167]]}