{"clean": [[0, 444.87506103515625, 406.572998046875, 525.2767944335938, 532.1318359375, 0.9219777584075928], [0, 312.066650390625, 1.1233329772949219, 369.6180419921875, 44.118675231933594, 0.9110532999038696], [0, 264.6763000488281, 440.05426025390625, 333.4543762207031, 577.4342651367188, 0.907514750957489], [0, 151.11390686035156, 491.0050048828125, 219.2359161376953, 639.21826171875, 0.8972846865653992], [0, 76.5484619140625, 487.011962890625, 149.7646484375, 626.62744140625, 0.8971778750419617], [0, 417.35614013671875, 105.07933044433594, 484.06866455078125, 161.41978454589844, 0.8892514705657959], [0, 316.5011901855469, 586.55615234375, 377.3982238769531, 640.0, 0.8801629543304443], [0, 386.5762939453125, 166.87550354003906, 458.115478515625, 224.79823303222656, 0.7824442386627197], [0, 209.06704711914062, 86.1885986328125, 285.5043029785156, 156.35391235351562, 0.7456930875778198], [0, 0.01338958740234375, 113.57232666015625, 25.504323959350586, 159.53909301757812, 0.6459334492683411], [0, 390.3106689453125, 0.0, 451.6773681640625, 14.911535263061523, 0.5863796472549438], [2, 299.51385498046875, 307.42022705078125, 391.63311767578125, 497.22381591796875, 0.5679126977920532], [4, 515.626708984375, 578.4970703125, 546.8076171875, 601.284423828125, 0.4777354896068573], [0, 328.02825927734375, 123.33863830566406, 411.65509033203125, 195.94664001464844, 0.4770992398262024], [4, 0.015385627746582031, 69.41520690917969, 9.552324295043945, 98.90834045410156, 0.453743577003479], [0, 313.32806396484375, 0.0972585678100586, 364.05511474609375, 10.80217456817627, 0.3351256549358368], [2, 0.03553009033203125, 516.0389404296875, 59.41099548339844, 640.0, 0.32378053665161133]], "patched": [[0, 151.51712036132812, 490.92669677734375, 219.48648071289062, 639.1012573242188, 0.8943588733673096], [0, 444.73052978515625, 406.77239990234375, 525.7216186523438, 531.2317504882812, 0.8904135227203369], [0, 417.29852294921875, 105.07645416259766, 484.47442626953125, 160.21102905273438, 0.8836020827293396], [0, 312.05950927734375, 1.1569862365722656, 369.59942626953125, 43.96601104736328, 0.8747259378433228], [0, 264.69287109375, 439.67205810546875, 333.348388671875, 576.1355590820312, 0.8545539975166321], [0, 76.18309020996094, 487.58111572265625, 144.5718994140625, 627.6580200195312, 0.8505874276161194], [0, 316.4239501953125, 586.815673828125, 378.8416748046875, 640.0, 0.8117525577545166], [2, 301.466796875, 306.72332763671875, 391.6614990234375, 497.42803955078125, 0.6062929034233093], [0, 0.0, 107.5554428100586, 25.443090438842773, 159.16122436523438, 0.5231770873069763], [4, 515.6762084960938, 578.4801025390625, 546.7256469726562, 601.3167724609375, 0.46220043301582336], [0, 389.8760986328125, 0.0, 460.8570556640625, 14.768562316894531, 0.45300260186195374], [4, 0.012128829956054688, 69.89200592041016, 9.506357192993164, 98.82807159423828, 0.4406542479991913], [0, 209.06988525390625, 87.09376525878906, 281.57330322265625, 154.92442321777344, 0.3494734466075897], [0, 385.1661376953125, 167.15179443359375, 458.2222900390625, 235.961181640625, 0.3426898717880249], [0, 313.24542236328125, 0.0902109146118164, 364.10028076171875, 10.770832061767578, 0.3155670464038849], [2, 0.047603607177734375, 515.3114013671875, 59.533355712890625, 640.0, 0.3033141791820526]]}