{"clean": [[1, 209.46353149414062, 421.60784912109375, 239.83151245117188, 467.83953857421875, 0.8567008376121521], [0, 349.6527099609375, 452.176513671875, 379.0428466796875, 508.3990478515625, 0.8027880787849426], [0, 227.66012573242188, 371.13568115234375, 256.3770751953125, 422.69903564453125, 0.7312398552894592], [0, 291.036376953125, 287.0621032714844, 306.2861328125, 305.6703186035156, 0.657500684261322], [0, 436.4894714355469, 565.18701171875, 467.9964294433594, 628.115966796875, 0.58133864402771], [4, 74.5938720703125, 379.908203125, 85.36796569824219, 401.34515380859375, 0.5350945591926575], [4, 117.99527740478516, 432.14227294921875, 141.80587768554688, 451.64923095703125, 0.5005283951759338], [1, 268.3422546386719, 298.1636657714844, 286.0486145019531, 320.9665222167969, 0.49414193630218506], [1, 244.79940795898438, 346.3013916015625, 267.0102233886719, 382.19091796875, 0.4904198944568634], [4, 64.85592651367188, 319.15484619140625, 79.48934936523438, 336.21685791015625, 0.4437206983566284], [0, 267.8212890625, 281.9801940917969, 288.8837890625, 300.9585266113281, 0.4145515561103821], [0, 297.02362060546875, 260.6661376953125, 310.66363525390625, 276.6461181640625, 0.37226060032844543], [0, 277.6078796386719, 272.47698974609375, 294.3067932128906, 290.27032470703125, 0.364703506231308], [1, 267.96478271484375, 281.5077819824219, 288.6656494140625, 300.9523010253906, 0.3580612242221832], [4, 288.6476135253906, 422.022216796875, 299.2973937988281, 441.760009765625, 0.35659676790237427], [0, 175.11251831054688, 466.25958251953125, 243.90750122070312, 530.2035522460938, 0.35485023260116577], [4, 324.0831298828125, 364.79400634765625, 336.1207275390625, 382.65155029296875, 0.3410933315753937], [4, 49.9752197265625, 460.99395751953125, 70.65695190429688, 484.33404541015625, 0.3170320391654968], [4, 267.32147216796875, 548.2186889648438, 287.35052490234375, 597.4196166992188, 0.2741377055644989]], "patched": [[0, 349.693115234375, 452.12554931640625, 378.81103515625, 508.46343994140625, 0.8136694431304932], [0, 290.97943115234375, 287.08404541015625, 306.36138916015625, 305.93121337890625, 0.6219645738601685], [0, 436.3328552246094, 565.353759765625, 468.1651306152344, 628.19482421875, 0.5450868606567383], [4, 74.5702133178711, 379.822509765625, 85.35640716552734, 401.35626220703125, 0.5322685241699219], [4, 118.18025970458984, 431.8797302246094, 141.89706420898438, 451.5366516113281, 0.4872458577156067], [0, 268.52301025390625, 281.32708740234375, 288.58135986328125, 301.0604248046875, 0.46008044481277466], [4, 64.8289794921875, 319.0428771972656, 79.52438354492188, 336.2441711425781, 0.4588910937309265], [1, 268.0410461425781, 297.94964599609375, 284.7940368652344, 321.06402587890625, 0.454403281211853], [4, 288.5198974609375, 422.0477600097656, 299.3621826171875, 441.7250061035156, 0.38904252648353577], [0, 198.97470092773438, 466.36419677734375, 243.86782836914062, 508.78289794921875, 0.37221917510032654], [4, 49.91558837890625, 460.612060546875, 70.67362976074219, 484.480712890625, 0.35093146562576294], [4, 324.02215576171875, 363.93255615234375, 335.92572021484375, 382.25421142578125, 0.34586939215660095], [0, 296.9133605957031, 260.6984558105469, 310.6591491699219, 276.6716613769531, 0.3423534035682678], [4, 267.23480224609375, 547.220458984375, 287.54827880859375, 597.447021484375, 0.3203269839286804], [0, 278.3731689453125, 273.09588623046875, 293.44940185546875, 290.47265625, 0.312763512134552], [1, 268.6087646484375, 281.11773681640625, 288.406982421875, 300.75970458984375, 0.25798919796943665]]}