{"clean": [[0, 145.79922485351562, 457.61175537109375, 229.46359252929688, 575.0267944335938, 0.9093513488769531], [0, 274.48345947265625, 568.654541015625, 394.25091552734375, 640.0, 0.9036733508110046], [0, 228.51956176757812, 378.23077392578125, 315.6440124511719, 426.83367919921875, 0.8973247408866882], [0, 263.5827941894531, 455.68109130859375, 332.0301208496094, 565.293701171875, 0.8754545450210571], [0, 103.04783630371094, 561.583251953125, 236.2705841064453, 640.0, 0.8754420280456543], [0, 129.6427459716797, 377.880126953125, 207.5596466064453, 427.4046630859375, 0.8630343675613403], [0, 268.2300109863281, 352.46435546875, 302.7464294433594, 380.1763916015625, 0.8446460962295532], [0, 152.5173797607422, 370.08758544921875, 208.30308532714844, 402.49456787109375, 0.6113209128379822], [0, 264.8137512207031, 324.22735595703125, 281.0600280761719, 340.40960693359375, 0.45928192138671875], [4, 329.7578430175781, 427.4460754394531, 343.1667785644531, 451.6411437988281, 0.4391751289367676], [0, 372.572998046875, 373.61907958984375, 459.51007080078125, 427.24749755859375, 0.41147470474243164], [0, 152.64773559570312, 370.56378173828125, 203.40499877929688, 393.64263916015625, 0.378324031829834], [4, 185.12234497070312, 350.6352844238281, 194.07525634765625, 369.6600036621094, 0.36378759145736694], [0, 255.38497924804688, 340.306884765625, 270.2571105957031, 355.9981689453125, 0.3624023199081421], [1, 264.7643127441406, 324.29339599609375, 281.5000915527344, 340.4063720703125, 0.3608218729496002], [1, 282.5858154296875, 330.7413024902344, 311.4609375, 369.0097961425781, 0.3465982973575592], [2, 283.6626892089844, 330.70574951171875, 311.3653259277344, 368.44805908203125, 0.3460218906402588], [1, 224.57357788085938, 332.288818359375, 243.16586303710938, 354.15924072265625, 0.3067033290863037], [0, 274.29266357421875, 320.5101318359375, 285.22991943359375, 331.63232421875, 0.29070407152175903], [4, 329.22491455078125, 408.6871337890625, 344.54669189453125, 431.3453369140625, 0.26819515228271484]], "patched": [[0, 146.557861328125, 457.4394226074219, 229.3966064453125, 574.203125, 0.9090410470962524], [0, 274.4989013671875, 568.613525390625, 393.585205078125, 640.0, 0.9052271842956543], [0, 228.39736938476562, 380.8683776855469, 315.0841369628906, 427.1786804199219, 0.8733400702476501], [0, 132.11521911621094, 370.6215515136719, 207.7550506591797, 427.5901184082031, 0.8730576634407043], [0, 263.2716369628906, 455.89031982421875, 331.9047546386719, 564.9876098632812, 0.8727849125862122], [0, 268.4864501953125, 352.569580078125, 302.6103515625, 378.028564453125, 0.7575662732124329], [0, 102.20083618164062, 561.1287841796875, 236.23226928710938, 640.0, 0.7130962014198303], [1, 282.8546142578125, 330.95172119140625, 311.4940185546875, 368.93426513671875, 0.5806916356086731], [0, 255.4141845703125, 378.4249267578125, 316.05108642578125, 411.1973876953125, 0.5312590003013611], [0, 153.11077880859375, 370.07958984375, 208.60467529296875, 405.80828857421875, 0.5183784365653992], [0, 264.81304931640625, 324.30670166015625, 281.10394287109375, 340.3804931640625, 0.45857319235801697], [4, 329.63104248046875, 424.319091796875, 343.47857666015625, 451.71551513671875, 0.4177497625350952], [0, 268.5059509277344, 357.81591796875, 303.0749816894531, 382.52587890625, 0.3911195993423462], [0, 255.40750122070312, 340.3665771484375, 270.2804260253906, 355.9566650390625, 0.38488009572029114], [1, 264.7503662109375, 324.37005615234375, 281.43701171875, 340.38006591796875, 0.35375139117240906], [4, 185.35028076171875, 350.8778076171875, 194.1492919921875, 369.69622802734375, 0.33944717049598694], [0, 274.33245849609375, 320.37591552734375, 284.8802490234375, 332.57806396484375, 0.31834033131599426], [1, 224.67068481445312, 332.46685791015625, 243.03335571289062, 354.12310791015625, 0.3157392740249634], [0, 132.94827270507812, 370.15289306640625, 207.66580200195312, 404.2777099609375, 0.2793861925601959], [4, 329.1734924316406, 408.6252746582031, 344.5132751464844, 431.3783874511719, 0.2739635109901428]]}