{"clean": [[1, 106.12226867675781, 328.3955383300781, 143.74368286132812, 378.9214782714844, 0.8124639391899109], [4, 122.66267395019531, 308.15911865234375, 132.36863708496094, 326.67730712890625, 0.5520131587982178], [4, 380.87579345703125, 516.1131591796875, 395.44744873046875, 562.6893310546875, 0.5337223410606384], [4, 365.88134765625, 347.0369873046875, 375.32318115234375, 366.5447998046875, 0.5084711909294128], [0, 299.7033386230469, 232.34750366210938, 315.7854919433594, 257.1185607910156, 0.5067160725593567], [1, 299.67413330078125, 232.45343017578125, 315.48004150390625, 257.1368408203125, 0.49618905782699585], [0, 236.79220581054688, 157.15621948242188, 246.65213012695312, 168.05636596679688, 0.4700857102870941], [0, 622.3271484375, 476.63360595703125, 639.97802734375, 548.5261840820312, 0.43791788816452026], [1, 463.2669372558594, 324.1463623046875, 560.7872314453125, 385.9306640625, 0.42238548398017883], [4, 108.16862487792969, 512.6463623046875, 124.02470397949219, 559.5546875, 0.3936264216899872], [1, 259.93115234375, 172.10655212402344, 270.5697021484375, 188.8686981201172, 0.36451229453086853], [4, 424.0406494140625, 553.7723388671875, 436.6497802734375, 585.4031982421875, 0.35440751910209656], [0, 266.26837158203125, 142.22030639648438, 274.0145263671875, 153.89224243164062, 0.3539194166660309], [1, 282.715576171875, 166.15061950683594, 292.4031982421875, 179.9859161376953, 0.3514018654823303], [4, 336.3500671386719, 269.4904479980469, 343.3422546386719, 285.9532775878906, 0.346515953540802], [0, 266.01983642578125, 128.8685302734375, 272.70843505859375, 136.2620849609375, 0.27654412388801575], [0, 213.10562133789062, 167.265625, 226.18820190429688, 179.69097900390625, 0.2750616669654846], [0, 259.98712158203125, 175.80929565429688, 270.38671875, 189.29421997070312, 0.26102542877197266], [0, 282.9352722167969, 145.648193359375, 290.3332824707031, 153.716796875, 0.25561919808387756]], "patched": [[4, 122.68147277832031, 308.23223876953125, 132.36285400390625, 326.6798095703125, 0.5554929971694946], [4, 380.8572082519531, 515.834716796875, 395.4618835449219, 562.68896484375, 0.53193598985672], [1, 299.6685485839844, 232.44717407226562, 315.4884948730469, 257.1533203125, 0.5319030284881592], [4, 365.8895263671875, 347.0318603515625, 375.3175048828125, 366.547607421875, 0.5106894373893738], [0, 109.59153747558594, 328.36004638671875, 143.4342041015625, 364.355224609375, 0.49612343311309814], [0, 299.70684814453125, 232.3382568359375, 315.79376220703125, 257.12933349609375, 0.4781848192214966], [0, 236.822265625, 157.1610565185547, 246.6566162109375, 168.06016540527344, 0.4617818295955658], [0, 622.3116455078125, 476.38134765625, 639.9786376953125, 548.5731201171875, 0.4252254068851471], [4, 108.1766357421875, 512.6968994140625, 124.0028076171875, 559.5501708984375, 0.3885173797607422], [1, 109.02986145019531, 328.65606689453125, 143.68890380859375, 365.97406005859375, 0.38600918650627136], [1, 282.7149658203125, 166.1572265625, 292.4085693359375, 179.9910888671875, 0.3602195382118225], [1, 259.9306945800781, 172.09890747070312, 270.5719909667969, 188.86117553710938, 0.3597378134727478], [4, 424.0272216796875, 553.71630859375, 436.66815185546875, 585.4061279296875, 0.35635504126548767], [0, 266.2680358886719, 142.2314910888672, 274.0169372558594, 153.9005889892578, 0.3478702902793884], [4, 336.2451171875, 269.1358642578125, 343.409423828125, 285.9085693359375, 0.3443365693092346], [4, 192.42494201660156, 216.26824951171875, 204.4531707763672, 230.70635986328125, 0.2711460590362549], [0, 266.0110168457031, 128.8309783935547, 272.7183532714844, 136.2664031982422, 0.26927661895751953], [0, 213.13876342773438, 167.27926635742188, 226.18716430664062, 179.70175170898438, 0.26088017225265503], [0, 259.9879455566406, 175.9493408203125, 270.3847961425781, 189.30242919921875, 0.26081302762031555], [0, 282.93560791015625, 145.64990234375, 290.33770751953125, 153.7216796875, 0.2517015039920807]]}