{"clean": [[0, 255.1488800048828, 182.81134033203125, 278.07061767578125, 220.99319458007812, 0.8741598725318909], [0, 181.8628692626953, 233.04754638671875, 205.67991638183594, 287.74169921875, 0.8477128148078918], [0, 306.2691650390625, 580.7008056640625, 340.9439697265625, 639.8739013671875, 0.8433642983436584], [0, 222.8915557861328, 164.74301147460938, 243.56443786621094, 210.55667114257812, 0.8342323899269104], [0, 14.502996444702148, 216.50709533691406, 71.5868148803711, 248.2563934326172, 0.8279204368591309], [0, 308.6646728515625, 144.1609649658203, 324.47320556640625, 181.2911834716797, 0.8113905191421509], [0, 305.3023681640625, 90.71514892578125, 319.388427734375, 118.31101989746094, 0.808837890625], [0, 289.7748718261719, 175.04168701171875, 307.5362854003906, 216.82919311523438, 0.8069546818733215], [0, 218.27537536621094, 74.92405700683594, 234.1248321533203, 104.18386840820312, 0.8058609366416931], [0, 101.34774780273438, 102.22541809082031, 136.03436279296875, 128.6794891357422, 0.7880391478538513], [0, 0.0, 189.95590209960938, 44.316368103027344, 222.08108520507812, 0.7863975167274475], [0, 485.31005859375, 72.4703369140625, 513.3333740234375, 96.5218505859375, 0.7850658893585205], [0, 514.178466796875, 106.36598205566406, 534.0869140625, 137.3020782470703, 0.7731985449790955], [0, 534.5108032226562, 64.05197143554688, 553.9642944335938, 90.93122863769531, 0.7665876150131226], [0, 193.4881591796875, 612.9269409179688, 223.9920654296875, 639.9791870117188, 0.7620410919189453], [0, 311.04931640625, 298.47381591796875, 333.7838134765625, 359.33709716796875, 0.7524438500404358], [0, 238.90817260742188, 78.09355163574219, 255.38058471679688, 113.39265441894531, 0.7254287004470825], [0, 302.4970703125, 49.70929718017578, 315.03564453125, 74.5901870727539, 0.6736990809440613], [0, 480.4413757324219, 106.80291748046875, 505.0793762207031, 132.2378387451172, 0.6556611657142639], [4, 269.5421142578125, 324.16796875, 279.582763671875, 355.7591552734375, 0.6138676404953003], [0, 173.3682098388672, 360.2061767578125, 208.77125549316406, 450.26318359375, 0.6039245128631592], [1, 173.3411865234375, 360.440673828125, 208.39495849609375, 450.1324462890625, 0.5213106870651245], [0, 56.106204986572266, 124.61625671386719, 90.64303588867188, 151.75975036621094, 0.45965802669525146], [0, 438.82135009765625, 79.97027587890625, 462.10247802734375, 103.38687133789062, 0.30945339798927307]], "patched": [[0, 181.86663818359375, 233.09124755859375, 205.77691650390625, 287.73077392578125, 0.845897912979126], [0, 8.601648330688477, 216.85992431640625, 71.2116470336914, 249.15130615234375, 0.8269302845001221], [0, 289.5335693359375, 175.09912109375, 307.53753662109375, 216.911376953125, 0.8226280212402344], [0, 305.311767578125, 90.7198486328125, 319.370849609375, 118.24319458007812, 0.8090829849243164], [0, 218.292236328125, 74.9493179321289, 234.1036376953125, 104.13677215576172, 0.8024530410766602], [1, 173.41836547851562, 360.521728515625, 208.49478149414062, 449.77685546875, 0.7991854548454285], [0, 310.565185546875, 298.5400085449219, 333.8070068359375, 359.1136779785156, 0.7874584794044495], [0, 306.36077880859375, 580.7156982421875, 340.64898681640625, 639.90869140625, 0.781309187412262], [0, 0.0, 193.6070098876953, 44.273834228515625, 222.4443817138672, 0.7773696780204773], [0, 193.18521118164062, 613.01708984375, 223.73861694335938, 639.91650390625, 0.7632012963294983], [0, 255.33297729492188, 182.82162475585938, 277.8489685058594, 221.02352905273438, 0.7612627148628235], [0, 308.65185546875, 144.1326446533203, 324.4456787109375, 181.17564392089844, 0.7231758236885071], [2, 238.89437866210938, 77.97247314453125, 255.37033081054688, 113.682861328125, 0.7043125033378601], [0, 101.42446899414062, 103.35929870605469, 136.0200653076172, 128.88316345214844, 0.698660671710968], [0, 222.95252990722656, 164.96580505371094, 243.5022430419922, 210.40443420410156, 0.6954737901687622], [0, 302.54296875, 49.70484161376953, 315.02337646484375, 74.5311050415039, 0.6779253482818604], [4, 269.5848388671875, 324.1929626464844, 279.55224609375, 355.6259460449219, 0.6310908794403076], [0, 534.5274658203125, 64.00218200683594, 553.5870361328125, 91.00534057617188, 0.5034562349319458], [0, 513.3310546875, 106.08235168457031, 533.564208984375, 139.015625, 0.2825883626937866]]}