{"clean": [[0, 265.572998046875, 208.1966552734375, 320.1072998046875, 326.26092529296875, 0.883474588394165], [1, 450.93536376953125, 108.78004455566406, 485.65740966796875, 185.42161560058594, 0.879035472869873], [0, 497.2915344238281, 86.58406066894531, 567.064697265625, 137.2292022705078, 0.8749971389770508], [0, 313.15863037109375, 37.30832290649414, 342.88055419921875, 96.38589477539062, 0.8628377914428711], [0, 500.08782958984375, 129.298095703125, 568.1965942382812, 193.7750244140625, 0.8584741950035095], [0, 300.1236267089844, 104.17189025878906, 337.2270202636719, 193.54478454589844, 0.8068227767944336], [0, 593.1312866210938, 319.7138366699219, 640.0, 428.9606018066406, 0.7606109976768494], [0, 463.82952880859375, 2.3719558715820312, 510.86480712890625, 37.244140625, 0.720838189125061], [1, 473.150146484375, 41.611961364746094, 549.9943237304688, 76.91089630126953, 0.6631794571876526], [1, 479.00537109375, 56.34553527832031, 542.7406005859375, 101.16130065917969, 0.5708375573158264], [0, 448.5295715332031, 0.0, 495.3851623535156, 18.26243782043457, 0.4921643137931824], [0, 116.86508178710938, 610.257568359375, 194.9888916015625, 640.0, 0.47581225633621216], [2, 111.07803344726562, 36.548553466796875, 186.64010620117188, 178.5746307373047, 0.3700399100780487], [0, 478.9549560546875, 56.157249450683594, 544.44482421875, 101.2064437866211, 0.35197243094444275]], "patched": [[0, 265.31829833984375, 207.79869079589844, 320.53070068359375, 325.8409423828125, 0.8725219964981079], [0, 500.37890625, 129.53079223632812, 568.1622314453125, 193.06216430664062, 0.8585178256034851], [0, 312.8616638183594, 37.22462463378906, 342.9101867675781, 96.71589660644531, 0.8362466096878052], [0, 300.0947265625, 104.04556274414062, 337.2261962890625, 193.39984130859375, 0.8158419132232666], [0, 497.36529541015625, 91.53843688964844, 566.6041870117188, 136.28317260742188, 0.7797930836677551], [1, 450.84979248046875, 109.29165649414062, 485.48992919921875, 184.91030883789062, 0.7427874803543091], [1, 473.098388671875, 42.44255828857422, 549.3760986328125, 74.31383514404297, 0.5860279202461243], [0, 117.12513732910156, 610.2149658203125, 195.0126495361328, 640.0, 0.495897501707077], [0, 462.797119140625, 2.321531295776367, 510.142333984375, 29.422346115112305, 0.4712960720062256], [0, 448.4474792480469, 0.0, 496.4579772949219, 18.057466506958008, 0.4530135691165924], [0, 594.2056274414062, 319.86962890625, 640.0, 426.0438232421875, 0.42141225934028625], [0, 463.88861083984375, 1.4629364013671875, 513.298095703125, 37.31800842285156, 0.41584473848342896], [2, 110.6783218383789, 35.44444274902344, 186.08914184570312, 178.70399475097656, 0.4140934944152832], [1, 479.0338134765625, 64.33040618896484, 544.1483154296875, 101.06403350830078, 0.3373098373413086], [0, 594.46484375, 319.7620849609375, 640.0, 386.099853515625, 0.33096763491630554], [0, 463.80877685546875, 14.079903602600098, 511.11480712890625, 38.884521484375, 0.2618991434574127]]}