{"clean": [[0, 343.47308349609375, 283.63336181640625, 400.80450439453125, 329.45770263671875, 0.8853757977485657], [0, 190.72787475585938, 491.28363037109375, 230.3861083984375, 609.1469116210938, 0.8846821784973145], [0, 347.3217468261719, 106.63053894042969, 369.7171325683594, 140.32420349121094, 0.8486488461494446], [0, 180.37734985351562, 274.7803955078125, 241.74581909179688, 341.8262939453125, 0.8080999255180359], [0, 317.4619140625, 41.623695373535156, 334.082763671875, 70.4928970336914, 0.7986009120941162], [1, 374.36224365234375, 441.7650451660156, 417.97625732421875, 584.9942626953125, 0.7487562298774719], [0, 369.1365661621094, 327.399658203125, 401.2088317871094, 388.74017333984375, 0.7430242300033569], [0, 353.634033203125, 189.75955200195312, 379.439453125, 234.78350830078125, 0.6202577948570251], [0, 224.534912109375, 144.90560913085938, 247.94607543945312, 178.96014404296875, 0.5798346996307373], [0, 190.35250854492188, 310.33905029296875, 251.6239013671875, 379.11981201171875, 0.5738343596458435], [1, 216.84609985351562, 186.14578247070312, 250.56124877929688, 255.17861938476562, 0.5045247077941895], [4, 422.18841552734375, 601.442626953125, 451.14776611328125, 631.8197021484375, 0.48909732699394226], [0, 218.50946044921875, 105.08802795410156, 248.19024658203125, 144.37008666992188, 0.44578200578689575], [4, 249.41912841796875, 571.8624267578125, 262.1375732421875, 608.1192626953125, 0.36433055996894836], [0, 314.02142333984375, 13.324211120605469, 332.19097900390625, 38.93341064453125, 0.35175612568855286], [4, 483.7376708984375, 445.3077697753906, 506.641845703125, 463.5377502441406, 0.2972032129764557], [1, 330.31158447265625, 132.32672119140625, 357.75543212890625, 174.49945068359375, 0.2949587106704712]], "patched": [[0, 190.87774658203125, 491.34423828125, 230.64541625976562, 608.806396484375, 0.8463038802146912], [0, 317.28533935546875, 41.42692565917969, 334.76605224609375, 70.674072265625, 0.8190658092498779], [0, 347.5364990234375, 106.76087951660156, 369.68743896484375, 140.43218994140625, 0.7900370359420776], [0, 218.5375213623047, 102.45622253417969, 248.23622131347656, 144.59962463378906, 0.5202766060829163], [0, 223.4739532470703, 144.93887329101562, 248.51588439941406, 185.39889526367188, 0.49409589171409607], [0, 353.97003173828125, 189.816650390625, 379.662841796875, 239.174560546875, 0.42017558217048645], [4, 422.3946533203125, 601.58056640625, 451.0194091796875, 631.7109375, 0.3959813714027405], [0, 191.93856811523438, 310.80670166015625, 251.53616333007812, 382.34356689453125, 0.38499218225479126], [0, 192.1220703125, 274.97540283203125, 241.5511474609375, 362.53668212890625, 0.2749951481819153], [4, 249.33688354492188, 572.1124267578125, 262.1106262207031, 608.0396728515625, 0.26314446330070496], [2, 215.96817016601562, 170.51919555664062, 250.39227294921875, 254.9456787109375, 0.26180851459503174]]}