{"clean": [[0, 364.51678466796875, 54.45911407470703, 369.62628173828125, 60.67705535888672, 0.527138888835907], [1, 330.3868408203125, 137.6781005859375, 347.199462890625, 166.179931640625, 0.42509979009628296], [1, 374.4619445800781, 81.74838256835938, 384.3589782714844, 96.87844848632812, 0.3882797360420227], [3, 330.33062744140625, 137.728271484375, 347.221923828125, 166.390625, 0.3338102698326111], [0, 367.9068603515625, 44.94303894042969, 371.499755859375, 48.95960998535156, 0.2617034316062927]], "patched": [[0, 364.5189208984375, 54.46518325805664, 369.6248779296875, 60.67792892456055, 0.522743821144104], [3, 330.4540710449219, 137.61483764648438, 347.1197204589844, 166.13873291015625, 0.5225127339363098], [1, 374.466064453125, 81.74797821044922, 384.359375, 96.88700103759766, 0.37224721908569336], [0, 367.90826416015625, 44.946815490722656, 371.49835205078125, 48.95921325683594, 0.2621594965457916]]}