{"clean": [[0, 381.7173156738281, 376.3935546875, 445.2449035644531, 436.47216796875, 0.9091908931732178], [0, 156.72628784179688, 305.4639892578125, 201.49655151367188, 355.63232421875, 0.8581981658935547], [1, 197.78097534179688, 321.033935546875, 247.15213012695312, 383.6326904296875, 0.8504770994186401], [0, 122.63322448730469, 274.05914306640625, 158.9001922607422, 317.67132568359375, 0.8322543501853943], [0, 128.69943237304688, 220.93206787109375, 158.29312133789062, 245.69036865234375, 0.8277680277824402], [0, 70.88908386230469, 240.5916748046875, 102.81277465820312, 275.589599609375, 0.8135796189308167], [0, 74.08384704589844, 187.58157348632812, 96.48014831542969, 209.2451171875, 0.7591753005981445], [1, 284.9627685546875, 218.83154296875, 325.1605224609375, 254.312744140625, 0.707817554473877], [0, 24.69799041748047, 374.6678161621094, 61.760704040527344, 442.1081237792969, 0.6843617558479309], [0, 171.6910858154297, 278.9171142578125, 210.58021545410156, 319.6402587890625, 0.6746350526809692], [0, 232.42459106445312, 318.4403076171875, 280.2738342285156, 375.2012939453125, 0.614296019077301], [0, 220.22914123535156, 195.6099853515625, 243.7498321533203, 223.43292236328125, 0.5841898918151855], [0, 144.16534423828125, 203.3116455078125, 172.95556640625, 229.49853515625, 0.5739809274673462], [1, 144.24374389648438, 203.31214904785156, 172.99649047851562, 229.1775665283203, 0.40387701988220215]], "patched": [[0, 381.92694091796875, 376.7305908203125, 445.10443115234375, 436.40185546875, 0.8932998180389404], [0, 128.72100830078125, 220.8488006591797, 158.4923095703125, 246.7288055419922, 0.8411365747451782], [0, 122.78990173339844, 273.9596862792969, 158.7802276611328, 317.3704528808594, 0.8018662333488464], [0, 144.43997192382812, 203.13851928710938, 172.88699340820312, 229.51986694335938, 0.7994353175163269], [0, 70.73225402832031, 240.57965087890625, 102.79176330566406, 276.54864501953125, 0.7457494139671326], [0, 24.544401168823242, 374.11956787109375, 65.71757507324219, 442.66290283203125, 0.6930549144744873], [0, 73.96073913574219, 187.67608642578125, 96.37705993652344, 209.51953125, 0.6841195225715637], [0, 156.64913940429688, 306.22119140625, 201.61276245117188, 356.0672607421875, 0.6395072340965271], [0, 220.22967529296875, 195.39889526367188, 243.439453125, 223.97805786132812, 0.6017889976501465], [1, 223.8349609375, 315.69622802734375, 280.55615234375, 376.24212646484375, 0.405977338552475]]}