{"clean": [[0, 118.68473052978516, 539.2490234375, 183.15109252929688, 614.833251953125, 0.8977856040000916], [0, 243.41461181640625, 255.26824951171875, 265.64337158203125, 304.3184814453125, 0.8056749105453491], [0, 302.83685302734375, 14.314197540283203, 311.5140380859375, 28.62456512451172, 0.7402750849723816], [0, 520.946533203125, 632.9109497070312, 586.381591796875, 640.0, 0.41804733872413635]], "patched": [[0, 243.46966552734375, 255.20709228515625, 265.65106201171875, 304.3431396484375, 0.8074992299079895], [0, 302.8392028808594, 14.31579303741455, 311.5085144042969, 28.624385833740234, 0.7397361397743225], [0, 118.58071899414062, 539.2071533203125, 183.1512451171875, 614.7686767578125, 0.7016717195510864], [0, 522.8026733398438, 633.1697387695312, 592.7167358398438, 639.9968872070312, 0.41053926944732666]]}