{"clean": [[4, 351.07794189453125, 460.8565673828125, 366.95758056640625, 490.49365234375, 0.6038733720779419], [4, 324.11029052734375, 573.8911743164062, 335.52740478515625, 614.5455932617188, 0.47433045506477356], [4, 352.6525573730469, 582.3272705078125, 362.0438537597656, 614.0911865234375, 0.46498581767082214], [0, 263.23150634765625, 617.6141357421875, 299.19049072265625, 640.0, 0.45400741696357727], [0, 314.88848876953125, 158.48828125, 326.18414306640625, 171.59585571289062, 0.399476021528244], [0, 319.4921875, 148.15841674804688, 330.19775390625, 160.81106567382812, 0.3417006731033325], [4, 383.4434814453125, 559.160400390625, 404.9066162109375, 620.9375, 0.31353625655174255], [4, 339.6346435546875, 526.3275146484375, 351.5513916015625, 563.5211181640625, 0.2885572612285614], [0, 339.71337890625, 273.8939514160156, 352.24267578125, 298.4184875488281, 0.2868326008319855], [4, 352.2708740234375, 568.3777465820312, 362.335693359375, 614.2964477539062, 0.25509586930274963]], "patched": [[4, 351.0738525390625, 460.83636474609375, 366.9635009765625, 490.50030517578125, 0.6058425903320312], [0, 262.270751953125, 618.1741943359375, 300.7025146484375, 640.0, 0.5551806092262268], [4, 324.1002197265625, 572.5950317382812, 335.5615234375, 614.5556030273438, 0.4766308069229126], [4, 352.6246337890625, 581.86376953125, 362.069580078125, 614.115966796875, 0.4709651470184326], [0, 314.87933349609375, 158.4765625, 326.18670654296875, 171.59722900390625, 0.399915486574173], [0, 319.492431640625, 148.15650939941406, 330.19921875, 160.81431579589844, 0.34210407733917236], [4, 383.4354248046875, 559.1544189453125, 404.90576171875, 620.9444580078125, 0.3062795400619507], [4, 339.63134765625, 526.33544921875, 351.56317138671875, 563.525390625, 0.2897438704967499], [0, 339.70849609375, 273.889892578125, 352.249267578125, 298.421875, 0.2825848162174225], [4, 352.2418212890625, 568.3411865234375, 362.356689453125, 614.323974609375, 0.2620629370212555]]}