{"clean": [[0, 229.0252227783203, 277.6813659667969, 300.50213623046875, 379.4751281738281, 0.8976771235466003], [0, 445.29632568359375, 134.44012451171875, 506.16180419921875, 183.67413330078125, 0.8774846196174622], [0, 433.6456298828125, 463.8840026855469, 571.9847412109375, 625.325927734375, 0.874347984790802], [0, 0.0, 106.416259765625, 34.31047058105469, 161.2313232421875, 0.8515039086341858], [0, 169.9503173828125, 135.476318359375, 195.019775390625, 182.14254760742188, 0.8134713768959045], [0, 145.97943115234375, 54.85731506347656, 163.3663330078125, 86.03013610839844, 0.7921618223190308], [0, 394.47540283203125, 23.251544952392578, 416.35955810546875, 44.6091194152832, 0.7837106585502625], [0, 374.6629638671875, 22.304061889648438, 393.02288818359375, 47.24049377441406, 0.7813229560852051], [0, 314.8171081542969, 46.37522888183594, 341.4203186035156, 75.99552917480469, 0.7607279419898987], [1, 170.51805114746094, 39.798500061035156, 194.52732849121094, 87.0619125366211, 0.7317883372306824], [1, 175.66360473632812, 88.54557800292969, 196.43301391601562, 123.27601623535156, 0.5373877882957458], [0, 379.0937194824219, 0.013617515563964844, 400.2380065917969, 6.723333358764648, 0.38885608315467834], [2, 568.611083984375, 92.36959075927734, 614.1630859375, 181.54940795898438, 0.3216637670993805]], "patched": [[0, 394.47015380859375, 23.228004455566406, 415.88104248046875, 43.69757843017578, 0.7473731637001038], [0, 445.2584533691406, 134.54705810546875, 505.4418640136719, 183.53424072265625, 0.6876100301742554], [1, 228.97085571289062, 277.39642333984375, 300.4271545410156, 379.46368408203125, 0.6633108258247375], [0, 374.49725341796875, 22.232091903686523, 392.463623046875, 45.673988342285156, 0.6299893856048584], [3, 170.6483154296875, 39.619171142578125, 194.5108642578125, 85.92271423339844, 0.606306254863739], [1, 170.61282348632812, 39.68312072753906, 194.51351928710938, 85.85081481933594, 0.5770328640937805], [0, 229.0302734375, 277.63134765625, 300.2945556640625, 379.678466796875, 0.541674017906189], [1, 170.29080200195312, 135.2711181640625, 194.77383422851562, 182.77334594726562, 0.540370523929596], [0, 0.4986305236816406, 107.01575469970703, 33.9012336730957, 161.44873046875, 0.48115232586860657], [0, 314.78485107421875, 46.172218322753906, 341.5010986328125, 76.23055267333984, 0.47227951884269714], [2, 568.505859375, 92.39755249023438, 614.228515625, 181.86920166015625, 0.4645839035511017], [0, 146.02609252929688, 54.76231002807617, 163.08370971679688, 86.39625549316406, 0.4250820279121399], [1, 175.79527282714844, 87.80009460449219, 196.3704071044922, 128.83848571777344, 0.423502117395401], [0, 432.9305419921875, 466.34307861328125, 571.8506469726562, 576.7586059570312, 0.4065000116825104], [0, 170.50357055664062, 135.38232421875, 195.02279663085938, 181.4476318359375, 0.39923736453056335], [2, 431.91571044921875, 463.2634582519531, 572.0737915039062, 625.25, 0.3626507520675659], [0, 146.56503295898438, 54.52760696411133, 162.77523803710938, 75.19209289550781, 0.3301225006580353], [0, 379.30670166015625, 0.016887664794921875, 399.88458251953125, 6.758622169494629, 0.27139490842819214], [2, 0.23882293701171875, 107.09357452392578, 33.80603790283203, 161.40570068359375, 0.26542744040489197], [0, 431.313720703125, 460.3509521484375, 572.4512939453125, 626.5294189453125, 0.256095290184021], [1, 311.26446533203125, 45.516693115234375, 341.98956298828125, 76.28047180175781, 0.2508150339126587]]}