{"clean": [[0, 13.803958892822266, 183.80508422851562, 28.821067810058594, 197.47006225585938, 0.7989823222160339], [0, 40.46974182128906, 183.8232421875, 57.255340576171875, 198.72711181640625, 0.7956318855285645], [0, 53.90754699707031, 194.8478546142578, 70.10615539550781, 209.12486267089844, 0.7848682999610901], [0, 615.2837524414062, 86.74320983886719, 626.9281616210938, 101.09220886230469, 0.7732948064804077], [0, 30.00876235961914, 196.0895233154297, 43.41756820678711, 209.8760528564453, 0.7703920602798462], [0, 1.5041422843933105, 173.2340850830078, 16.172096252441406, 187.2157440185547, 0.7531614899635315], [0, 509.0945129394531, 151.82418823242188, 528.7724609375, 176.10092163085938, 0.741546094417572], [0, 80.10773468017578, 103.723388671875, 96.2670669555664, 114.36195373535156, 0.7363581657409668], [0, 567.194580078125, 60.822547912597656, 583.154052734375, 76.66106414794922, 0.7347515225410461], [0, 26.637039184570312, 173.0006103515625, 41.37982940673828, 187.3797607421875, 0.7309153079986572], [0, 205.304931640625, 340.124267578125, 240.9603271484375, 370.57958984375, 0.7292914390563965], [0, 394.576171875, 257.5642395019531, 425.9486083984375, 285.3431091308594, 0.7185496687889099], [0, 16.47049331665039, 165.44314575195312, 27.965534210205078, 177.62973022460938, 0.6861492991447449], [0, 216.61825561523438, 306.56011962890625, 256.2583312988281, 343.57794189453125, 0.5804954767227173], [1, 467.8816223144531, 351.59820556640625, 508.7284851074219, 382.38055419921875, 0.579289972782135]], "patched": [[0, 395.07861328125, 258.58270263671875, 426.03656005859375, 285.31817626953125, 0.8208402395248413], [0, 13.81268310546875, 183.80841064453125, 28.810882568359375, 197.46566772460938, 0.8001183271408081], [0, 40.47527313232422, 183.82736206054688, 57.24047088623047, 198.71524047851562, 0.7965115308761597], [0, 53.93134307861328, 194.84774780273438, 70.08672332763672, 209.09213256835938, 0.785663902759552], [0, 615.29638671875, 86.74534606933594, 626.91650390625, 101.07307434082031, 0.7746402025222778], [0, 30.018285751342773, 196.09246826171875, 43.41114044189453, 209.8697509765625, 0.7727149128913879], [0, 1.5391697883605957, 173.24200439453125, 16.1600341796875, 187.19403076171875, 0.7529836297035217], [0, 509.10662841796875, 151.8236846923828, 528.7688598632812, 176.0875701904297, 0.7432860732078552], [0, 80.11090850830078, 103.72407531738281, 96.26480865478516, 114.35124206542969, 0.7388328909873962], [0, 567.2108764648438, 60.81810760498047, 583.1465454101562, 76.64539337158203, 0.7349527478218079], [0, 26.63355827331543, 172.99501037597656, 41.375213623046875, 187.3753204345703, 0.7308745980262756], [0, 16.474533081054688, 165.44784545898438, 27.96306610107422, 177.583251953125, 0.6879068613052368], [0, 205.62493896484375, 339.16693115234375, 240.9495849609375, 369.93243408203125, 0.5918847322463989], [1, 467.90252685546875, 351.5911865234375, 508.71502685546875, 382.3673095703125, 0.5876846313476562]]}