{"clean": [[0, 508.05438232421875, 488.9345703125, 538.2294311523438, 551.541259765625, 0.8972770571708679], [1, 525.8936767578125, 463.09112548828125, 561.0623779296875, 534.9302978515625, 0.8617031574249268], [0, 609.5692138671875, 498.8157958984375, 633.597900390625, 560.634521484375, 0.8599194288253784], [0, 251.8219451904297, 390.969482421875, 274.59295654296875, 446.19500732421875, 0.856106698513031], [0, 65.37919616699219, 446.84027099609375, 105.23530578613281, 494.06060791015625, 0.8548258543014526], [0, 577.010009765625, 223.5906982421875, 592.762939453125, 260.16424560546875, 0.8449957370758057], [0, 297.27947998046875, 407.7418212890625, 319.07635498046875, 464.2576904296875, 0.8404976725578308], [0, 558.76708984375, 219.32742309570312, 574.35498046875, 254.17050170898438, 0.8379852771759033], [0, 338.32025146484375, 417.62249755859375, 358.31060791015625, 476.94818115234375, 0.8136816620826721], [0, 502.1978759765625, 353.08013916015625, 525.3739013671875, 399.95892333984375, 0.8061872124671936], [0, 0.08296012878417969, 440.88287353515625, 29.82451057434082, 471.64642333984375, 0.8045061230659485], [2, 37.78814697265625, 0.0, 56.70831298828125, 27.823631286621094, 0.7885282039642334], [0, 358.173828125, 426.74884033203125, 378.56689453125, 483.75567626953125, 0.764431357383728], [0, 3.480487823486328, 370.3246154785156, 50.02938461303711, 396.5502624511719, 0.7594932913780212], [0, 634.4681396484375, 239.28070068359375, 639.9334716796875, 279.86138916015625, 0.6959271430969238], [0, 41.663551330566406, 239.52157592773438, 84.49645233154297, 262.9010314941406, 0.6822659969329834], [0, 27.2999210357666, 278.9300231933594, 75.2040786743164, 302.6739196777344, 0.6316348314285278], [4, 190.48236083984375, 403.7254333496094, 199.03805541992188, 422.6061706542969, 0.45143845677375793]], "patched": [[0, 508.2496643066406, 488.9089050292969, 538.0875244140625, 551.210693359375, 0.8698012232780457], [0, 577.0865478515625, 223.50115966796875, 592.6600341796875, 260.2591247558594, 0.8468891382217407], [1, 526.0455322265625, 463.01251220703125, 561.0340576171875, 534.890380859375, 0.8456715941429138], [0, 558.819091796875, 219.09518432617188, 574.33447265625, 254.1593017578125, 0.803675651550293], [0, 252.15724182128906, 412.879150390625, 271.1173095703125, 446.56268310546875, 0.7942014336585999], [2, 37.820457458496094, 0.0, 56.68671417236328, 27.833595275878906, 0.7830742597579956], [0, 357.98876953125, 426.7511901855469, 378.264404296875, 483.6437072753906, 0.7717972993850708], [0, 297.3896484375, 429.5310974121094, 316.097900390625, 464.5716857910156, 0.746494710445404], [0, 300.95977783203125, 407.7576904296875, 318.62725830078125, 439.6812744140625, 0.7176294922828674], [0, 338.4444580078125, 439.8308410644531, 356.924072265625, 477.0393371582031, 0.6855114698410034], [0, 634.4866943359375, 239.24298095703125, 639.9361572265625, 279.9429931640625, 0.6766626834869385], [0, 609.7109985351562, 498.7696533203125, 633.3909301757812, 560.7666015625, 0.6745119094848633], [0, 339.28240966796875, 417.32867431640625, 358.09027099609375, 472.21185302734375, 0.6714321970939636], [1, 10.585250854492188, 370.7833251953125, 49.94200134277344, 396.7281494140625, 0.6418289542198181], [0, 0.08287620544433594, 441.51275634765625, 29.73554039001465, 464.82476806640625, 0.5693718791007996], [0, 253.89013671875, 391.0454406738281, 274.20599365234375, 426.7638854980469, 0.5489645600318909], [0, 505.1463317871094, 353.8792724609375, 525.1058349609375, 399.5894775390625, 0.511278510093689], [4, 190.50421142578125, 403.7276611328125, 199.03778076171875, 422.37469482421875, 0.4524768590927124], [0, 27.967849731445312, 279.29180908203125, 74.8460693359375, 302.23150634765625, 0.43644431233406067], [0, 340.33074951171875, 417.56475830078125, 358.02020263671875, 451.09893798828125, 0.3903268575668335], [0, 252.63018798828125, 390.99041748046875, 274.38348388671875, 445.33489990234375, 0.3681648373603821], [0, 10.07925796508789, 370.64031982421875, 49.83930206298828, 396.35272216796875, 0.2925138771533966]]}