{"clean": [[0, 513.3910522460938, 395.11968994140625, 535.4035034179688, 430.52337646484375, 0.8505993485450745], [0, 485.67523193359375, 223.0889892578125, 503.25091552734375, 245.479248046875, 0.829850435256958], [0, 566.3433837890625, 422.0925598144531, 590.8004150390625, 459.1498718261719, 0.8139364123344421], [0, 412.16461181640625, 90.6688232421875, 424.63409423828125, 105.18344116210938, 0.8101310133934021], [0, 580.5499267578125, 365.8150634765625, 603.8489990234375, 409.1029052734375, 0.8094267845153809], [0, 376.988525390625, 73.35028839111328, 389.5804443359375, 88.94913482666016, 0.8068179488182068], [0, 138.117431640625, 160.57199096679688, 150.53494262695312, 180.28042602539062, 0.7929110527038574], [0, 252.5289764404297, 425.3997802734375, 274.71209716796875, 457.7486572265625, 0.7872557044029236], [0, 456.6599426269531, 195.15658569335938, 472.0045471191406, 212.98556518554688, 0.7848278880119324], [0, 463.1697692871094, 121.02992248535156, 478.3906555175781, 139.47935485839844, 0.7679409980773926], [0, 416.74456787109375, 51.943511962890625, 428.34796142578125, 66.70606994628906, 0.7556129097938538], [0, 91.46366882324219, 136.25457763671875, 103.11900329589844, 151.460205078125, 0.729840874671936], [0, 403.1773376464844, 49.91746520996094, 414.1474914550781, 64.4286117553711, 0.7128767967224121], [0, 390.78021240234375, 73.49063110351562, 401.69512939453125, 86.72158813476562, 0.6304439902305603], [0, 322.235107421875, 4.035673141479492, 332.770751953125, 14.080825805664062, 0.318982869386673]], "patched": [[0, 485.7125244140625, 223.11598205566406, 503.1871337890625, 245.42222595214844, 0.831179678440094], [0, 412.20721435546875, 90.66621398925781, 424.61041259765625, 105.15153503417969, 0.8103187680244446], [0, 580.79345703125, 365.7492980957031, 603.718994140625, 408.9235534667969, 0.8094236254692078], [0, 566.6319580078125, 421.4851989746094, 590.3504638671875, 458.6319885253906, 0.8084392547607422], [0, 377.02825927734375, 73.3641586303711, 389.56597900390625, 88.94710540771484, 0.8073158860206604], [0, 138.14813232421875, 160.5828857421875, 150.52520751953125, 180.274169921875, 0.7944967150688171], [0, 456.75177001953125, 195.27798461914062, 471.96826171875, 212.91110229492188, 0.7849799394607544], [0, 463.2009582519531, 121.03077697753906, 478.3343200683594, 139.44920349121094, 0.7696788907051086], [0, 416.7533874511719, 51.92686462402344, 428.3307800292969, 66.69245910644531, 0.755612313747406], [0, 91.35748291015625, 136.42889404296875, 103.07511901855469, 151.56549072265625, 0.7378372550010681], [0, 403.2021484375, 49.93669891357422, 414.13232421875, 64.44110107421875, 0.7147089242935181], [0, 253.37405395507812, 427.046142578125, 274.0795593261719, 457.5377197265625, 0.6951960325241089], [0, 513.772216796875, 394.93157958984375, 535.518310546875, 429.88592529296875, 0.6529998183250427], [0, 390.8113708496094, 73.5021743774414, 401.6777038574219, 86.70783233642578, 0.6438549757003784], [0, 514.3883666992188, 395.0673522949219, 531.8943481445312, 416.4277038574219, 0.35063308477401733], [0, 322.2633972167969, 4.020855903625488, 332.7501525878906, 14.063206672668457, 0.31343916058540344]]}