{"clean": [[0, 34.867897033691406, 180.37840270996094, 56.26988983154297, 205.97315979003906, 0.8326242566108704], [0, 587.0225830078125, 373.37200927734375, 612.1021728515625, 393.60113525390625, 0.8092681169509888], [0, 0.46265220642089844, 198.03335571289062, 22.33917236328125, 225.44647216796875, 0.7957209944725037], [0, 564.85791015625, 521.1776123046875, 588.1177978515625, 538.0887451171875, 0.7805284261703491], [0, 70.50004577636719, 82.52821350097656, 89.85505676269531, 112.37953186035156, 0.7443941831588745], [0, 164.33444213867188, 275.313232421875, 186.68881225585938, 295.5291748046875, 0.7390115261077881], [0, 432.9344482421875, 396.6817626953125, 452.591552734375, 414.0050048828125, 0.735610842704773], [0, 205.4757080078125, 221.95632934570312, 227.927734375, 244.86270141601562, 0.6860437393188477], [0, 105.83027648925781, 194.31069946289062, 126.03999328613281, 219.48135375976562, 0.6840223073959351], [0, 130.00021362304688, 109.2059326171875, 149.67819213867188, 135.92608642578125, 0.6729862689971924], [0, 98.39102172851562, 247.03981018066406, 146.4854736328125, 296.8746337890625, 0.632949948310852], [0, 380.38330078125, 292.9831848144531, 403.092041015625, 311.8216247558594, 0.6197160482406616], [0, 620.8590087890625, 357.399658203125, 640.0, 377.06707763671875, 0.6023028492927551], [0, 448.53594970703125, 310.04827880859375, 472.57830810546875, 330.6766357421875, 0.5586884021759033], [0, 581.22265625, 407.570068359375, 602.730712890625, 423.62060546875, 0.5007966756820679], [3, 98.37179565429688, 247.10873413085938, 146.58523559570312, 296.8730163574219, 0.4499150216579437], [0, 513.3040161132812, 414.6900634765625, 543.1817016601562, 432.57305908203125, 0.41779831051826477], [0, 215.267822265625, 331.8778991699219, 233.8824462890625, 347.7360534667969, 0.3836946189403534], [0, 414.26885986328125, 517.376953125, 436.27874755859375, 529.9991455078125, 0.373350590467453], [3, 445.29364013671875, 0.03836822509765625, 464.90802001953125, 37.27728271484375, 0.3256351053714752], [0, 0.007357120513916016, 77.9322509765625, 6.303356170654297, 114.99775695800781, 0.3198768198490143], [0, 0.0, 212.62603759765625, 3.7209925651550293, 246.46160888671875, 0.27920711040496826]], "patched": [[0, 587.0157470703125, 373.4123840332031, 612.171875, 393.5746765136719, 0.8105197548866272], [0, 564.8098754882812, 521.09765625, 588.3186645507812, 538.120361328125, 0.7814573645591736], [0, 35.03126525878906, 180.29949951171875, 56.03849792480469, 206.0172119140625, 0.7761966586112976], [0, 0.9132804870605469, 197.97744750976562, 22.172996520996094, 224.75888061523438, 0.7588117718696594], [0, 448.59210205078125, 310.22967529296875, 466.00665283203125, 327.4248046875, 0.7536858320236206], [0, 432.9276123046875, 396.69610595703125, 452.5836181640625, 413.88397216796875, 0.7422112226486206], [0, 70.55401611328125, 82.54890441894531, 89.73800659179688, 111.65702819824219, 0.7240333557128906], [0, 380.29058837890625, 293.5537109375, 402.89874267578125, 311.9090576171875, 0.6566816568374634], [3, 98.3519287109375, 247.1375732421875, 146.5784912109375, 296.86920166015625, 0.6512381434440613], [0, 205.9707794189453, 222.4674072265625, 227.7018585205078, 241.19598388671875, 0.6161696910858154], [0, 620.8353271484375, 357.4082946777344, 640.0, 377.0480651855469, 0.5772674679756165], [0, 130.22769165039062, 110.17970275878906, 149.31900024414062, 131.76763916015625, 0.5410650968551636], [0, 106.19273376464844, 194.66885375976562, 124.67503356933594, 215.00570678710938, 0.5117169618606567], [0, 581.1339111328125, 407.56256103515625, 602.7545166015625, 423.59564208984375, 0.5069243311882019], [0, 98.37129211425781, 247.07479858398438, 146.4698944091797, 296.8734436035156, 0.46502363681793213], [0, 513.2850341796875, 414.67254638671875, 543.1986083984375, 432.544189453125, 0.4057407081127167], [0, 414.27630615234375, 517.369384765625, 436.26300048828125, 529.9871826171875, 0.3983326256275177], [0, 215.22384643554688, 331.9158935546875, 233.930419921875, 347.615478515625, 0.3786710202693939], [3, 445.31671142578125, 0.006832122802734375, 464.78253173828125, 37.034950256347656, 0.37828952074050903], [0, 0.0033326148986816406, 216.8974609375, 3.734248638153076, 246.21368408203125, 0.3316229581832886], [2, 108.26628112792969, 162.07293701171875, 143.1100616455078, 206.02679443359375, 0.3195740878582001], [0, 0.014436721801757812, 79.33329772949219, 6.309325218200684, 114.964599609375, 0.2881052792072296]]}