{"clean": [[0, 198.52682495117188, 399.5059814453125, 217.25595092773438, 433.3382568359375, 0.8689376711845398], [0, 261.2641906738281, 289.74444580078125, 281.6206970214844, 315.07794189453125, 0.8644622564315796], [0, 193.44140625, 543.2863159179688, 214.6064453125, 587.9380493164062, 0.850579559803009], [0, 346.90972900390625, 478.90142822265625, 373.445556640625, 510.48406982421875, 0.8474937677383423], [0, 281.03851318359375, 345.426025390625, 304.21624755859375, 372.10577392578125, 0.8286221623420715], [1, 200.884765625, 201.84976196289062, 218.51123046875, 228.26174926757812, 0.8028212189674377], [0, 615.6009521484375, 529.38525390625, 640.0, 562.493896484375, 0.7812739014625549], [0, 217.61819458007812, 154.31317138671875, 233.20809936523438, 178.48175048828125, 0.7289416193962097], [0, 442.4520263671875, 427.7939453125, 466.6646728515625, 456.65093994140625, 0.7279563546180725], [0, 148.43466186523438, 214.82095336914062, 161.01388549804688, 234.15933227539062, 0.6623781323432922], [0, 317.44708251953125, 317.56170654296875, 337.41864013671875, 342.66705322265625, 0.6133692860603333], [0, 572.9298095703125, 450.76739501953125, 598.056884765625, 478.22674560546875, 0.5695862770080566], [0, 142.0311279296875, 75.83822631835938, 154.34426879882812, 93.29501342773438, 0.4753306210041046], [0, 432.78173828125, 555.244384765625, 461.20159912109375, 581.66455078125, 0.38738033175468445], [0, 432.6859436035156, 555.2852783203125, 467.0591735839844, 592.887939453125, 0.3523116707801819]], "patched": [[0, 261.0902099609375, 289.59466552734375, 281.4190673828125, 315.29742431640625, 0.8431702256202698], [0, 346.87249755859375, 478.997802734375, 373.31414794921875, 510.4091796875, 0.8153402209281921], [1, 200.912109375, 201.9510955810547, 218.39968872070312, 227.89710998535156, 0.796913206577301], [0, 193.42343139648438, 564.3837280273438, 209.81381225585938, 588.2349243164062, 0.7628152966499329], [0, 198.6553497314453, 399.2899475097656, 216.82530212402344, 433.4484558105469, 0.7404620051383972], [0, 281.8087158203125, 345.3236083984375, 303.5089111328125, 372.22125244140625, 0.7155019640922546], [0, 615.609375, 529.0086059570312, 640.0, 562.7671508789062, 0.6573325395584106], [0, 148.47592163085938, 214.86581420898438, 160.96463012695312, 234.16397094726562, 0.6496031284332275], [0, 193.42922973632812, 543.12255859375, 214.54788208007812, 588.352294921875, 0.6142638325691223], [0, 572.9140014648438, 450.7877197265625, 597.7996215820312, 477.889404296875, 0.523448646068573], [0, 142.14834594726562, 75.94598388671875, 154.33413696289062, 93.28775024414062, 0.4878174364566803], [1, 317.4952087402344, 318.2608337402344, 335.8073425292969, 342.7266540527344, 0.4697107672691345], [0, 217.6802520751953, 154.47528076171875, 233.0350799560547, 178.72601318359375, 0.468382865190506], [0, 317.45355224609375, 318.2507019042969, 335.92706298828125, 342.2502136230469, 0.37418800592422485], [0, 442.6890869140625, 427.8095703125, 466.4627685546875, 457.49273681640625, 0.3733941912651062], [1, 317.4936828613281, 318.13592529296875, 335.0600891113281, 336.1429443359375, 0.3411518335342407], [1, 148.57254028320312, 214.90248107910156, 160.95797729492188, 234.00355529785156, 0.31672579050064087], [1, 432.63641357421875, 555.1629028320312, 466.85943603515625, 577.8461303710938, 0.2575393319129944]]}