{"clean": [[0, 302.5531005859375, 397.8077087402344, 320.1317138671875, 430.4328918457031, 0.8238883018493652], [0, 314.65997314453125, 166.8974609375, 324.03997802734375, 181.8138427734375, 0.8229804635047913], [0, 319.11932373046875, 126.44556427001953, 327.6563720703125, 138.64361572265625, 0.7948371767997742], [0, 357.4354553222656, 115.68415832519531, 367.8001403808594, 130.80409240722656, 0.7923969626426697], [0, 366.6849365234375, 220.71328735351562, 378.8668212890625, 243.51168823242188, 0.7856855392456055], [0, 330.49658203125, 108.35386657714844, 339.02001953125, 119.58815002441406, 0.7854691743850708], [0, 365.2474060058594, 355.4997863769531, 382.4040832519531, 397.6744689941406, 0.773478627204895], [0, 330.4855651855469, 406.9739990234375, 346.2749328613281, 440.5150146484375, 0.7706058025360107], [0, 354.5867919921875, 248.77853393554688, 367.762451171875, 271.8977355957031, 0.7680767774581909], [0, 319.0696105957031, 101.67320251464844, 328.1556701660156, 114.68717956542969, 0.7586040496826172], [0, 402.3544921875, 453.96429443359375, 423.5284423828125, 506.01824951171875, 0.7580013871192932], [0, 346.8462219238281, 132.7528076171875, 356.2053527832031, 147.59564208984375, 0.7563602328300476], [0, 380.0301818847656, 314.30804443359375, 394.9527282714844, 341.03204345703125, 0.7409349679946899], [0, 316.9111328125, 69.1562728881836, 325.3212890625, 79.6870346069336, 0.7302522659301758], [4, 329.94842529296875, 179.71612548828125, 338.88433837890625, 194.61407470703125, 0.6462621688842773], [0, 329.42523193359375, 140.4423828125, 337.85968017578125, 153.71533203125, 0.6458004117012024], [0, 309.7108154296875, 53.975929260253906, 317.8487548828125, 63.220619201660156, 0.6019257307052612], [0, 351.6870422363281, 79.383544921875, 360.2856140136719, 91.07992553710938, 0.592211127281189], [0, 336.25177001953125, 44.92516326904297, 345.0819091796875, 55.57282257080078, 0.5733698010444641], [0, 301.648681640625, 80.81973266601562, 310.716796875, 91.34954833984375, 0.4900660812854767], [3, 282.3978576660156, 29.390472412109375, 296.8572692871094, 47.004737854003906, 0.4595443606376648], [3, 48.698848724365234, 230.63247680664062, 104.43209838867188, 258.4015197753906, 0.3958290219306946], [0, 256.037841796875, 18.45246124267578, 264.9427490234375, 26.291488647460938, 0.33485162258148193], [3, 61.56965255737305, 221.04766845703125, 110.58015441894531, 244.738037109375, 0.28738418221473694]], "patched": [[0, 314.69073486328125, 166.907470703125, 324.01666259765625, 181.8013916015625, 0.8238731622695923], [0, 303.8839416503906, 397.7249755859375, 319.9090270996094, 430.3126220703125, 0.821761429309845], [0, 319.13824462890625, 126.39028930664062, 327.63885498046875, 138.6376953125, 0.7962875366210938], [0, 357.46124267578125, 115.6656494140625, 367.76617431640625, 130.78562927246094, 0.7936537265777588], [0, 366.75396728515625, 220.71875, 378.8292236328125, 243.480712890625, 0.7882823944091797], [0, 330.5160827636719, 108.355224609375, 338.9975891113281, 119.57794189453125, 0.7857035398483276], [0, 330.7635498046875, 408.85345458984375, 346.4736328125, 440.59747314453125, 0.7793808579444885], [0, 354.70849609375, 248.73300170898438, 367.7471923828125, 271.7685852050781, 0.7716884016990662], [0, 365.3465576171875, 355.72296142578125, 382.355712890625, 397.62347412109375, 0.7650193572044373], [0, 319.080322265625, 101.59481811523438, 328.1373291015625, 114.6793212890625, 0.7612223029136658], [0, 346.8630065917969, 132.65866088867188, 356.1828308105469, 147.58319091796875, 0.7589589953422546], [0, 380.14947509765625, 314.42510986328125, 394.89056396484375, 340.96832275390625, 0.7517789602279663], [0, 316.937255859375, 69.16697692871094, 325.28955078125, 79.66685485839844, 0.7348195910453796], [0, 329.4464416503906, 140.43563842773438, 337.8401794433594, 153.69943237304688, 0.6576816439628601], [4, 329.9654235839844, 179.71054077148438, 338.8569030761719, 194.59942626953125, 0.6511692404747009], [0, 309.7295837402344, 53.99391555786133, 317.8224182128906, 63.205997467041016, 0.6087814569473267], [0, 351.71771240234375, 79.35896301269531, 360.24945068359375, 91.05854797363281, 0.5960463285446167], [0, 402.4808349609375, 453.8546142578125, 423.3287353515625, 506.0792236328125, 0.5786229372024536], [0, 336.2745666503906, 44.93098449707031, 345.0589294433594, 55.55607604980469, 0.5750104784965515], [0, 301.6619873046875, 80.81851196289062, 310.6973876953125, 91.33944702148438, 0.493947297334671], [3, 282.42083740234375, 29.394193649291992, 296.8448486328125, 46.99287414550781, 0.4592442512512207], [0, 402.8736267089844, 454.4806213378906, 419.6749572753906, 485.5200500488281, 0.43659985065460205], [0, 405.130615234375, 474.6197509765625, 423.24053955078125, 506.796630859375, 0.36456191539764404], [3, 48.68008041381836, 230.54071044921875, 104.34634399414062, 259.3045654296875, 0.36257877945899963], [0, 256.04168701171875, 18.468666076660156, 264.93951416015625, 26.290176391601562, 0.33315905928611755], [3, 61.556297302246094, 221.04136657714844, 110.4401626586914, 244.66481018066406, 0.26795825362205505]]}