{"clean": [[0, 245.95042419433594, 138.23269653320312, 272.133544921875, 200.86837768554688, 0.8513407111167908], [0, 179.5003204345703, 194.10604858398438, 197.68064880371094, 261.9277648925781, 0.8069753646850586], [1, 208.47509765625, 206.85409545898438, 228.76251220703125, 273.9099426269531, 0.702358603477478], [1, 230.0985107421875, 61.2506103515625, 253.57498168945312, 129.34288024902344, 0.6757361888885498], [1, 21.66560935974121, 538.5284423828125, 47.858177185058594, 624.3482666015625, 0.6674432158470154], [0, 207.72132873535156, 206.78009033203125, 228.36180114746094, 273.48773193359375, 0.6614521145820618], [3, 229.4617919921875, 61.317195892333984, 253.6954345703125, 128.89450073242188, 0.5229326486587524], [0, 21.50116539001465, 538.7681884765625, 47.14691925048828, 624.6287841796875, 0.42026859521865845], [0, 218.03057861328125, 18.254243850708008, 233.3470458984375, 47.476409912109375, 0.40792983770370483], [0, 57.69651794433594, 0.011834144592285156, 73.425048828125, 4.774212837219238, 0.33478426933288574], [1, 234.24237060546875, 93.35240173339844, 253.36712646484375, 129.50442504882812, 0.29059991240501404], [0, 218.20046997070312, 7.926380157470703, 234.16488647460938, 47.40530014038086, 0.2606707513332367]], "patched": [[0, 210.35311889648438, 236.9976806640625, 228.79177856445312, 273.5079650878906, 0.775700032711029], [1, 208.2301483154297, 206.81707763671875, 225.15086364746094, 243.0999755859375, 0.625126838684082], [3, 229.70794677734375, 61.76215744018555, 247.68020629882812, 101.04035949707031, 0.5749416351318359], [0, 218.5943145751953, 18.656450271606445, 233.14662170410156, 47.22100830078125, 0.5533480644226074], [1, 234.39715576171875, 90.9661865234375, 253.13705444335938, 129.2851104736328, 0.5304932594299316], [1, 22.888734817504883, 538.5776977539062, 47.352447509765625, 584.6128540039062, 0.47839343547821045], [1, 179.61668395996094, 194.35357666015625, 198.25608825683594, 261.9455261230469, 0.46899107098579407], [0, 21.67929458618164, 579.1669921875, 44.4372673034668, 624.366943359375, 0.4564640522003174], [0, 245.80044555664062, 138.12786865234375, 272.4248962402344, 200.72543334960938, 0.44304683804512024], [1, 208.05682373046875, 206.7171630859375, 226.2403564453125, 256.2764892578125, 0.4154964089393616], [0, 209.96658325195312, 211.48541259765625, 228.58029174804688, 273.6303405761719, 0.37265345454216003], [0, 57.704532623291016, 0.0009031295776367188, 74.03121948242188, 4.478826999664307, 0.3708359897136688], [0, 179.4674530029297, 194.22357177734375, 197.4752655029297, 261.9604797363281, 0.36922547221183777], [1, 21.558502197265625, 579.4293212890625, 44.166046142578125, 624.2581787109375, 0.31213951110839844], [1, 208.55667114257812, 207.25164794921875, 228.53765869140625, 273.43084716796875, 0.2568720281124115], [3, 230.92807006835938, 61.54254150390625, 253.01864624023438, 128.89169311523438, 0.2547297179698944], [2, 245.64083862304688, 138.03306579589844, 272.2292785644531, 200.77601623535156, 0.2540084421634674]]}