{"clean": [[0, 300.2237548828125, 203.01219177246094, 309.7413330078125, 235.45045471191406, 0.7199767827987671], [0, 353.8769226074219, 499.05426025390625, 365.9241638183594, 545.7692260742188, 0.67879319190979], [0, 148.71437072753906, 356.62969970703125, 161.85377502441406, 391.19549560546875, 0.6536381840705872], [0, 436.9627990722656, 115.28681945800781, 450.3163146972656, 149.54978942871094, 0.649109959602356], [0, 268.34918212890625, 259.823486328125, 281.93682861328125, 297.3216552734375, 0.5877448916435242], [0, 398.53350830078125, 145.06698608398438, 410.33917236328125, 180.46542358398438, 0.5639475584030151], [0, 265.64874267578125, 566.2672729492188, 280.35394287109375, 622.6023559570312, 0.5449670553207397], [0, 464.47979736328125, 185.5363006591797, 488.39178466796875, 230.1180877685547, 0.5378479361534119], [0, 335.0760498046875, 339.08209228515625, 346.33245849609375, 373.88446044921875, 0.5374157428741455], [0, 443.30096435546875, 58.20452117919922, 455.47979736328125, 86.84827423095703, 0.516151487827301], [0, 480.60858154296875, 337.59088134765625, 494.18560791015625, 381.013916015625, 0.4454284608364105], [0, 411.3758544921875, 357.31329345703125, 425.06640625, 405.83648681640625, 0.3973761200904846], [0, 287.5486145019531, 156.57748413085938, 297.1806335449219, 171.05050659179688, 0.3729526996612549], [0, 423.711181640625, 507.3281555175781, 439.0113525390625, 562.0205078125, 0.31685346364974976]], "patched": [[0, 269.0675048828125, 276.41595458984375, 280.5938720703125, 297.4813232421875, 0.7058058381080627], [0, 300.2319030761719, 203.076904296875, 309.7336120605469, 235.49282836914062, 0.7005102038383484], [0, 148.7197265625, 356.644287109375, 161.8609619140625, 391.1513671875, 0.653403639793396], [0, 353.85870361328125, 499.13458251953125, 365.79388427734375, 545.8008422851562, 0.6154721975326538], [0, 398.85052490234375, 145.28799438476562, 409.77276611328125, 180.47210693359375, 0.5638951659202576], [0, 266.40826416015625, 566.1415405273438, 279.99969482421875, 622.8506469726562, 0.5471497178077698], [0, 443.4317321777344, 58.31364440917969, 455.3915710449219, 86.84431457519531, 0.5205240845680237], [0, 424.5692443847656, 508.63336181640625, 436.4836120605469, 545.4744262695312, 0.5026940703392029], [0, 437.56353759765625, 115.10708618164062, 448.61553955078125, 136.70034790039062, 0.474992573261261], [0, 464.4954833984375, 185.70272827148438, 488.302001953125, 230.2471923828125, 0.44830194115638733], [0, 335.1582336425781, 339.1297302246094, 346.1634216308594, 373.7919616699219, 0.44729018211364746], [0, 425.172119140625, 509.2724609375, 437.42138671875, 562.2059326171875, 0.4283224642276764], [0, 287.5699462890625, 156.51263427734375, 297.18310546875, 171.0435791015625, 0.4021577537059784], [0, 480.57568359375, 337.5784912109375, 494.2327880859375, 380.973388671875, 0.3828967213630676], [0, 354.96673583984375, 518.0115356445312, 366.02508544921875, 546.3449096679688, 0.28150674700737], [0, 437.31640625, 115.10247802734375, 449.1253662109375, 147.32192993164062, 0.2800758183002472], [0, 413.05999755859375, 379.25579833984375, 424.80828857421875, 406.22174072265625, 0.25736716389656067]]}