{"clean": [[2, 16.427452087402344, 454.44451904296875, 85.29485321044922, 507.8724365234375, 0.8799852132797241], [0, 182.12132263183594, 358.61981201171875, 199.97886657714844, 390.62469482421875, 0.8795064091682434], [0, 272.7261047363281, 390.54461669921875, 310.3729553222656, 413.79278564453125, 0.8758605718612671], [0, 209.57518005371094, 418.6377868652344, 228.2897491455078, 457.5361022949219, 0.8684230446815491], [0, 124.04605865478516, 429.46771240234375, 143.11123657226562, 467.88018798828125, 0.8605118989944458], [0, 219.66893005371094, 351.4417724609375, 236.8053436279297, 378.62017822265625, 0.8494704961776733], [1, 387.43646240234375, 289.7882080078125, 413.99798583984375, 309.27874755859375, 0.8488010168075562], [0, 49.83079528808594, 552.906005859375, 79.76187133789062, 615.777587890625, 0.8264703750610352], [0, 279.0477294921875, 410.268310546875, 314.053466796875, 434.91943359375, 0.8112146258354187], [0, 0.0, 576.455322265625, 11.956416130065918, 634.922119140625, 0.8062950968742371], [1, 67.83116149902344, 485.6715393066406, 92.05882263183594, 539.5308837890625, 0.7908887267112732], [0, 17.426481246948242, 567.0753173828125, 47.03785705566406, 618.3665771484375, 0.7882574796676636], [0, 269.803955078125, 372.4176025390625, 305.03460693359375, 395.864501953125, 0.7786211967468262], [0, 16.93859100341797, 509.44134521484375, 43.77095031738281, 561.1879272460938, 0.7684506177902222], [4, 250.3328857421875, 334.74176025390625, 257.2715148925781, 352.26165771484375, 0.5510693788528442], [4, 625.0228271484375, 465.0682373046875, 639.5889892578125, 476.0701904296875, 0.44703662395477295], [4, 504.94635009765625, 310.7281494140625, 516.1770629882812, 321.738037109375, 0.38046857714653015], [4, 244.3235321044922, 334.951904296875, 249.89369201660156, 349.17529296875, 0.3804462254047394], [2, 112.51522827148438, 467.5172119140625, 140.92628479003906, 538.5833740234375, 0.36631274223327637], [4, 610.9566040039062, 448.0895080566406, 626.2015991210938, 457.9767150878906, 0.3623700737953186], [4, 617.4273681640625, 452.325439453125, 632.1268310546875, 465.68328857421875, 0.3379068374633789], [0, 0.027388930320739746, 58.46134948730469, 3.985189914703369, 64.81217956542969, 0.28008463978767395], [0, 40.65184020996094, 443.7359924316406, 85.0102767944336, 463.5163269042969, 0.2764860689640045]], "patched": [[0, 182.35617065429688, 358.62603759765625, 199.86297607421875, 390.58111572265625, 0.8730626702308655], [0, 272.77734375, 390.8236083984375, 310.3292236328125, 412.1842041015625, 0.8619655966758728], [0, 219.82440185546875, 351.45086669921875, 236.55517578125, 378.32489013671875, 0.860449492931366], [0, 124.29490661621094, 429.647216796875, 142.9729461669922, 467.939208984375, 0.8603938817977905], [1, 387.3649597167969, 289.7228698730469, 413.9223937988281, 309.1709899902344, 0.8481085896492004], [0, 209.63406372070312, 418.5572509765625, 228.02023315429688, 457.419921875, 0.8460330367088318], [2, 16.53252410888672, 456.63079833984375, 85.41487884521484, 507.97772216796875, 0.8458894491195679], [0, 0.0, 576.2071533203125, 12.048989295959473, 629.4168701171875, 0.7223615050315857], [0, 49.792198181152344, 552.0797119140625, 79.82353973388672, 616.0391845703125, 0.6814391016960144], [1, 279.42132568359375, 410.736572265625, 313.89190673828125, 430.6126708984375, 0.6544911861419678], [0, 0.05537223815917969, 601.9954223632812, 10.57723617553711, 635.3042602539062, 0.5881785154342651], [4, 250.31719970703125, 334.37591552734375, 257.3099365234375, 352.29437255859375, 0.5477409958839417], [1, 67.96131134033203, 485.768310546875, 91.96173858642578, 539.8072509765625, 0.5369045734405518], [0, 0.039391517639160156, 576.453857421875, 12.271244049072266, 610.515869140625, 0.4845808446407318], [0, 270.125732421875, 372.83258056640625, 304.946533203125, 393.81170654296875, 0.4732203781604767], [0, 68.01197814941406, 485.72552490234375, 91.66551208496094, 539.3049926757812, 0.4592524468898773], [4, 625.0452880859375, 465.1112060546875, 639.6121826171875, 476.058837890625, 0.4440602958202362], [0, 17.525035858154297, 571.3271484375, 40.79879379272461, 618.169921875, 0.38790109753608704], [4, 244.3723602294922, 334.9750061035156, 249.91297912597656, 349.1653747558594, 0.3845435082912445], [4, 504.95294189453125, 310.75079345703125, 516.2078247070312, 321.75457763671875, 0.3644907772541046], [0, 55.213985443115234, 553.347900390625, 79.87542724609375, 591.427978515625, 0.35748228430747986], [4, 610.976806640625, 448.153076171875, 626.28076171875, 457.976318359375, 0.35666272044181824], [4, 617.4559326171875, 452.45599365234375, 632.3155517578125, 465.68359375, 0.327389657497406], [0, 50.72151565551758, 444.654541015625, 85.12321472167969, 460.57049560546875, 0.3265809416770935], [0, 17.068626403808594, 538.5616455078125, 37.558414459228516, 560.7503662109375, 0.29097989201545715], [0, 0.028419017791748047, 58.49092102050781, 3.979849338531494, 64.79563903808594, 0.28008562326431274], [0, 0.0, 586.7192993164062, 10.488555908203125, 635.3582153320312, 0.2792527675628662]]}