{"clean": [[0, 143.5773468017578, 557.0538330078125, 183.0387420654297, 622.1705322265625, 0.8852589726448059], [2, 345.9708557128906, 554.619384765625, 372.5923767089844, 619.912353515625, 0.8549956679344177], [2, 268.85595703125, 275.82763671875, 289.651123046875, 347.6986083984375, 0.8547195196151733], [1, 463.13336181640625, 521.9525146484375, 508.4698486328125, 585.9879150390625, 0.8503746390342712], [0, 217.35995483398438, 441.152099609375, 240.44329833984375, 485.323486328125, 0.8441778421401978], [2, 297.95556640625, 378.213134765625, 317.98626708984375, 430.5833740234375, 0.8220094442367554], [0, 317.1362609863281, 315.1657409667969, 330.1836853027344, 336.0307922363281, 0.7939673662185669], [0, 308.40911865234375, 242.6392822265625, 317.92266845703125, 256.1195068359375, 0.7827914357185364], [0, 204.13226318359375, 357.37261962890625, 226.974853515625, 384.4915771484375, 0.7304844260215759], [0, 295.4557800292969, 253.52764892578125, 305.6368713378906, 269.07769775390625, 0.7127478718757629], [2, 250.44882202148438, 486.3602294921875, 283.2728576660156, 566.4876708984375, 0.6455021500587463], [2, 252.15499877929688, 387.81396484375, 285.8180847167969, 492.47601318359375, 0.6317785978317261], [0, 300.40533447265625, 181.3770751953125, 305.83428955078125, 188.88912963867188, 0.4876580536365509], [4, 380.8548278808594, 455.24334716796875, 389.7327575683594, 481.05072021484375, 0.34919434785842896], [0, 246.344482421875, 171.2182159423828, 257.5830078125, 178.95530700683594, 0.3190001845359802], [0, 224.54708862304688, 291.02667236328125, 240.65402221679688, 310.02130126953125, 0.2974732220172882], [0, 275.8253173828125, 159.7568359375, 285.7633056640625, 165.95065307617188, 0.28095898032188416]], "patched": [[2, 268.839599609375, 275.81072998046875, 289.68017578125, 347.70819091796875, 0.854378342628479], [2, 345.95245361328125, 554.599609375, 372.60748291015625, 619.908203125, 0.8529528379440308], [1, 463.13446044921875, 521.965087890625, 508.48797607421875, 585.985107421875, 0.8504316210746765], [0, 143.56442260742188, 557.1146240234375, 183.01730346679688, 622.4903564453125, 0.8446049690246582], [0, 217.19845581054688, 441.1485290527344, 240.56814575195312, 485.2795104980469, 0.8269790410995483], [2, 297.94549560546875, 378.20574951171875, 317.99700927734375, 430.58465576171875, 0.8192483186721802], [0, 317.12579345703125, 315.1609802246094, 330.1953125, 336.0344543457031, 0.792658805847168], [0, 308.4012756347656, 242.63604736328125, 317.9306945800781, 256.1229553222656, 0.7808563113212585], [0, 295.44488525390625, 253.52523803710938, 305.64422607421875, 269.0826110839844, 0.7065739631652832], [0, 204.50418090820312, 356.68743896484375, 227.06088256835938, 383.74993896484375, 0.6613671779632568], [2, 250.4135284423828, 486.3229675292969, 283.28631591796875, 566.524169921875, 0.655472993850708], [2, 252.1693115234375, 387.7997741699219, 285.84100341796875, 492.5172424316406, 0.619126558303833], [0, 300.3992004394531, 181.37246704101562, 305.8377990722656, 188.8927001953125, 0.4786606431007385], [4, 380.836669921875, 455.26422119140625, 389.75140380859375, 481.0526123046875, 0.34929102659225464], [0, 246.34103393554688, 171.20968627929688, 257.5846252441406, 178.9613037109375, 0.313549280166626], [0, 224.27639770507812, 290.32977294921875, 240.70529174804688, 310.03863525390625, 0.30409058928489685], [0, 275.8202819824219, 159.74075317382812, 285.7106628417969, 165.95352172851562, 0.2759670913219452]]}