{"clean": [[0, 452.43841552734375, 212.62149047851562, 517.6950073242188, 272.3972473144531, 0.882137656211853], [0, 541.4738159179688, 215.76417541503906, 610.2140502929688, 297.8260498046875, 0.8224260210990906], [0, 592.2950439453125, 393.08197021484375, 640.0, 550.8189697265625, 0.7736046314239502], [1, 410.46435546875, 511.7515869140625, 555.9696044921875, 639.3985595703125, 0.628989040851593], [1, 541.2306518554688, 216.14828491210938, 610.5014038085938, 298.4339294433594, 0.511690616607666], [2, 373.227294921875, 287.337890625, 533.1617431640625, 477.7783203125, 0.3157901465892792], [1, 536.9478759765625, 154.13180541992188, 610.8311767578125, 226.24008178710938, 0.31398123502731323], [0, 371.0987548828125, 297.94049072265625, 535.9153442382812, 477.92279052734375, 0.31311294436454773], [1, 592.2057495117188, 394.87945556640625, 640.0, 546.0139770507812, 0.3111056685447693], [2, 537.005859375, 154.82696533203125, 610.44970703125, 225.91140747070312, 0.3099968135356903]], "patched": [[0, 452.48553466796875, 212.390380859375, 517.9325561523438, 271.9269714355469, 0.7401971220970154], [0, 541.16845703125, 215.63909912109375, 610.560302734375, 298.10089111328125, 0.6646116971969604], [1, 541.0750732421875, 215.80825805664062, 610.9256591796875, 298.4920349121094, 0.6374171376228333], [1, 409.93280029296875, 511.6682434082031, 556.0700073242188, 639.450439453125, 0.6027782559394836], [2, 373.04864501953125, 286.93414306640625, 534.513671875, 478.14324951171875, 0.38716521859169006], [2, 592.94384765625, 394.90606689453125, 639.8779296875, 552.494384765625, 0.38712936639785767], [2, 536.9147338867188, 154.5528564453125, 610.7383422851562, 226.07363891601562, 0.3779318332672119]]}