{"clean": [[0, 280.71075439453125, 148.75184631347656, 307.13751220703125, 181.03172302246094, 0.8815026879310608], [1, 217.09066772460938, 198.22537231445312, 233.33914184570312, 233.1602783203125, 0.751785933971405], [2, 406.5440979003906, 337.22369384765625, 430.5615539550781, 406.63458251953125, 0.6554831862449646]], "patched": [[0, 280.68670654296875, 148.75393676757812, 307.30120849609375, 181.32864379882812, 0.7554425597190857], [1, 217.07470703125, 198.18655395507812, 233.34405517578125, 233.16067504882812, 0.745540976524353], [2, 406.5462646484375, 337.22479248046875, 430.5927734375, 406.67181396484375, 0.6718306541442871]]}