{"clean": [[0, 145.18466186523438, 488.48406982421875, 201.83065795898438, 553.0278930664062, 0.8149767518043518], [0, 384.2249450683594, 256.19512939453125, 404.5137023925781, 282.49725341796875, 0.8039264678955078], [0, 349.6844482421875, 263.28106689453125, 368.59326171875, 283.65362548828125, 0.7561015486717224], [0, 201.63760375976562, 408.38525390625, 260.7776184082031, 461.78662109375, 0.7443439364433289], [1, 415.086669921875, 239.847900390625, 431.8157958984375, 265.58074951171875, 0.6673799157142639], [0, 388.05126953125, 220.8277130126953, 402.918701171875, 239.8085479736328, 0.6448799967765808], [0, 398.545654296875, 146.69235229492188, 404.940185546875, 154.15615844726562, 0.6153068542480469], [0, 346.95294189453125, 247.76763916015625, 365.55047607421875, 267.62225341796875, 0.601422131061554], [0, 435.457275390625, 147.87063598632812, 444.0579833984375, 157.55282592773438, 0.6009203791618347], [0, 417.9081115722656, 216.12733459472656, 431.2413635253906, 236.6792755126953, 0.558833122253418], [0, 413.22076416015625, 143.45587158203125, 419.88934326171875, 150.82861328125, 0.5296235680580139], [0, 436.042724609375, 137.40237426757812, 443.36669921875, 144.60763549804688, 0.47858548164367676], [0, 443.11541748046875, 127.55087280273438, 450.18939208984375, 134.39785766601562, 0.4782206416130066], [1, 417.9293212890625, 215.7737274169922, 431.2745361328125, 236.61366271972656, 0.3713993430137634], [0, 202.15960693359375, 423.79376220703125, 232.30581665039062, 459.03558349609375, 0.2529505789279938]], "patched": [[0, 349.7954406738281, 263.3681640625, 368.4591979980469, 283.2774658203125, 0.7554728388786316], [0, 384.36993408203125, 256.48419189453125, 404.51287841796875, 282.17669677734375, 0.7414290904998779], [1, 415.1580810546875, 239.885498046875, 431.76141357421875, 265.4644775390625, 0.6772376894950867], [2, 145.23226928710938, 489.81658935546875, 202.7784423828125, 554.1286010742188, 0.6612234115600586], [0, 388.19488525390625, 220.91259765625, 402.88018798828125, 239.635986328125, 0.6339331865310669], [0, 398.54327392578125, 146.6817626953125, 404.94635009765625, 154.16217041015625, 0.6200191974639893], [0, 435.44964599609375, 147.78045654296875, 444.07159423828125, 157.55410766601562, 0.5956205129623413], [0, 346.99249267578125, 247.7772979736328, 365.52630615234375, 267.53656005859375, 0.577120840549469], [0, 417.9767761230469, 216.07675170898438, 431.2087707519531, 236.65371704101562, 0.5302352905273438], [0, 413.2242736816406, 143.43212890625, 419.8970642089844, 150.8267822265625, 0.526760458946228], [0, 436.03167724609375, 137.38365173339844, 443.36663818359375, 144.63230895996094, 0.4817923903465271], [0, 443.11065673828125, 127.51678466796875, 450.19970703125, 134.39846801757812, 0.46417105197906494], [1, 417.99261474609375, 215.75790405273438, 431.24688720703125, 236.58370971679688, 0.4000176191329956], [2, 201.6883544921875, 410.5370788574219, 259.952392578125, 461.0623474121094, 0.30854424834251404], [0, 201.6488037109375, 410.0950927734375, 260.50244140625, 462.31396484375, 0.29751986265182495]]}