{"clean": [[0, 113.00508880615234, 176.253173828125, 180.25363159179688, 241.71954345703125, 0.9278175234794617], [0, 3.5824966430664062, 238.85757446289062, 89.73960876464844, 310.7882995605469, 0.916279137134552], [0, 343.3874206542969, 200.18557739257812, 394.6779479980469, 281.37664794921875, 0.8827770352363586], [0, 263.5641784667969, 217.01535034179688, 312.2673645019531, 285.4743957519531, 0.8775873184204102], [0, 152.2057647705078, 120.43160247802734, 203.92237854003906, 167.44497680664062, 0.8759121298789978], [0, 390.52764892578125, 111.01793670654297, 423.66949462890625, 160.3123779296875, 0.8651893138885498], [3, 271.4420471191406, 0.0, 344.3438415527344, 60.709110260009766, 0.8608723878860474], [0, 326.35736083984375, 114.72001647949219, 366.6319580078125, 166.5010528564453, 0.8302083015441895], [2, 197.08489990234375, 39.43678283691406, 265.8930358886719, 113.55435180664062, 0.8131600618362427], [0, 445.20452880859375, 519.9346923828125, 587.0385131835938, 637.7867431640625, 0.8079757690429688], [0, 349.6447448730469, 79.94453430175781, 380.3052673339844, 117.76841735839844, 0.7304693460464478], [4, 506.0447692871094, 111.51046752929688, 520.7493896484375, 139.73037719726562, 0.6855844855308533], [4, 116.6007080078125, 146.83575439453125, 136.79022216796875, 168.57733154296875, 0.5661068558692932], [1, 407.361328125, 58.3544921875, 439.41082763671875, 93.96684265136719, 0.5389065742492676], [0, 145.0972900390625, 43.299015045166016, 178.38531494140625, 94.68829345703125, 0.478809654712677], [0, 407.5540771484375, 58.39875030517578, 439.1842041015625, 93.75409698486328, 0.45898640155792236], [3, 252.40455627441406, 169.73907470703125, 336.0833740234375, 286.651611328125, 0.4378165900707245], [4, 493.93841552734375, 101.20234680175781, 520.0059204101562, 120.00007629394531, 0.4101265072822571], [4, 138.2610626220703, 108.07403564453125, 164.2069854736328, 129.71469116210938, 0.3852340579032898], [0, 367.3511962890625, 42.86688232421875, 389.2393798828125, 76.90510559082031, 0.3131212592124939], [4, 202.44021606445312, 19.017711639404297, 213.425048828125, 39.11973571777344, 0.2897220551967621], [1, 254.12960815429688, 0.0, 289.4185485839844, 14.73349380493164, 0.25176551938056946]], "patched": [[0, 113.07495880126953, 176.256103515625, 180.2677001953125, 241.7015380859375, 0.9173615574836731], [0, 3.4966964721679688, 238.84451293945312, 89.88941192626953, 310.6093444824219, 0.8908008337020874], [0, 263.5902404785156, 216.63796997070312, 312.5504455566406, 285.6779479980469, 0.8726931810379028], [0, 152.39517211914062, 120.49884033203125, 203.91159057617188, 166.69650268554688, 0.8611745238304138], [0, 390.55987548828125, 111.11274719238281, 423.63946533203125, 160.2473907470703, 0.81601881980896], [3, 271.32305908203125, 0.0, 344.16400146484375, 60.71800231933594, 0.8060668706893921], [2, 196.59127807617188, 39.52119064331055, 264.9638671875, 114.10240173339844, 0.7766618132591248], [0, 326.4675598144531, 114.47988891601562, 366.9348449707031, 166.29513549804688, 0.7604576945304871], [0, 343.6207580566406, 200.24267578125, 394.4693298339844, 281.322021484375, 0.7487781047821045], [0, 407.06396484375, 58.47341537475586, 439.47235107421875, 93.76495361328125, 0.7165330052375793], [4, 505.93475341796875, 111.35354614257812, 520.8287963867188, 139.72198486328125, 0.6500768661499023], [0, 349.651611328125, 79.55879211425781, 380.11572265625, 116.6912841796875, 0.6051153540611267], [4, 116.38394165039062, 146.51956176757812, 136.98773193359375, 168.5870361328125, 0.511417806148529], [0, 144.871826171875, 43.1962890625, 179.15679931640625, 95.26826477050781, 0.4690500795841217], [4, 137.99041748046875, 107.89109802246094, 164.70257568359375, 129.54873657226562, 0.4349168837070465], [1, 343.55743408203125, 200.10580444335938, 394.7720947265625, 281.3311767578125, 0.4252374768257141], [4, 493.886962890625, 101.07215881347656, 520.3572387695312, 120.42726135253906, 0.33353015780448914], [4, 202.29383850097656, 18.698688507080078, 213.46006774902344, 39.1685676574707, 0.2702573835849762], [2, 443.7555236816406, 517.5322265625, 597.7740478515625, 631.2802734375, 0.25562211871147156]]}