{"clean": [[0, 239.33108520507812, 259.2121887207031, 254.88372802734375, 291.7060241699219, 0.8393514156341553], [0, 203.262939453125, 119.16285705566406, 215.0262451171875, 142.7002410888672, 0.8097207546234131], [0, 355.41925048828125, 473.699462890625, 390.01556396484375, 503.66278076171875, 0.8074764013290405], [0, 245.37167358398438, 37.98162078857422, 255.80722045898438, 58.44658660888672, 0.779308557510376], [0, 204.16452026367188, 6.2626190185546875, 214.64120483398438, 26.382572174072266, 0.769834578037262], [0, 272.5369873046875, 221.22586059570312, 289.10107421875, 255.15200805664062, 0.5762299299240112], [0, 254.31333923339844, 106.36024475097656, 265.3714599609375, 131.6111602783203, 0.4525468647480011]], "patched": [[0, 239.32058715820312, 259.2098388671875, 254.88540649414062, 291.70245361328125, 0.8393224477767944], [0, 203.26239013671875, 119.17100524902344, 215.02838134765625, 142.7002410888672, 0.8094139695167542], [0, 355.4161682128906, 473.7029113769531, 390.0127258300781, 503.6603088378906, 0.8085579872131348], [0, 245.367919921875, 37.980674743652344, 255.81112670898438, 58.449790954589844, 0.7792452573776245], [0, 204.1634521484375, 6.261768341064453, 214.64349365234375, 26.38479232788086, 0.7697016000747681], [0, 272.5327453613281, 221.23048400878906, 289.1019592285156, 255.1521759033203, 0.5743652582168579], [0, 254.31094360351562, 106.35981750488281, 265.3744201660156, 131.61302185058594, 0.4518510699272156]]}