{"clean": [[0, 354.9404296875, 289.6058349609375, 385.1729736328125, 327.54595947265625, 0.9066764116287231], [0, 319.7849426269531, 322.6156311035156, 350.1387023925781, 362.8586730957031, 0.8923979997634888], [0, 423.6124267578125, 221.7058868408203, 450.555419921875, 254.85633850097656, 0.8849893808364868], [0, 281.5316162109375, 358.4585876464844, 315.0977783203125, 400.2648010253906, 0.8841351270675659], [0, 298.3094787597656, 372.54339599609375, 330.7151184082031, 412.13958740234375, 0.8821218013763428], [1, 70.11567687988281, 568.9208984375, 109.87516784667969, 626.93701171875, 0.8683210015296936], [0, 447.1583251953125, 201.2706298828125, 474.4324951171875, 230.17840576171875, 0.8682838082313538], [0, 472.9087219238281, 169.43453979492188, 499.1276550292969, 201.47601318359375, 0.8535969853401184], [1, 518.2723388671875, 119.58216094970703, 545.4205322265625, 155.33648681640625, 0.8423234224319458], [1, 231.259765625, 405.61651611328125, 261.4697570800781, 452.45013427734375, 0.8207591772079468], [0, 197.05926513671875, 383.8248596191406, 234.42733764648438, 421.1107482910156, 0.8025016784667969], [0, 154.47003173828125, 485.27227783203125, 194.857666015625, 540.8989868164062, 0.7937828302383423], [2, 588.4944458007812, 85.40478515625, 614.2156372070312, 118.26841735839844, 0.7935231924057007], [0, 73.75376892089844, 102.23583984375, 102.13059997558594, 120.30105590820312, 0.7037590742111206], [2, 382.5085144042969, 257.4905700683594, 412.3860168457031, 294.1143493652344, 0.6859038472175598], [4, 115.8475341796875, 399.5472106933594, 124.34761047363281, 419.6101989746094, 0.6700765490531921], [1, 498.39410400390625, 145.98855590820312, 520.8001098632812, 174.32174682617188, 0.6256618499755859], [4, 380.2726135253906, 203.10955810546875, 387.9614562988281, 221.01434326171875, 0.531618058681488], [2, 13.697192192077637, 37.37590789794922, 41.661502838134766, 64.00261688232422, 0.5257647633552551], [0, 635.46630859375, 14.486139297485352, 640.0, 30.969011306762695, 0.5193606019020081], [4, 278.3603515625, 291.93682861328125, 289.2060546875, 305.44061279296875, 0.35905417799949646], [4, 446.30035400390625, 118.91514587402344, 454.2073974609375, 131.4053192138672, 0.3080945611000061], [0, 363.750732421875, 479.51165771484375, 394.3282470703125, 521.5225830078125, 0.2859412729740143]], "patched": [[0, 354.9176330566406, 289.5633239746094, 385.2605285644531, 327.1025085449219, 0.8821303248405457], [0, 423.829833984375, 221.77774047851562, 450.56689453125, 254.97573852539062, 0.8783165216445923], [1, 70.13302612304688, 568.8976440429688, 109.89059448242188, 626.9595336914062, 0.8608902096748352], [0, 447.61175537109375, 201.42385864257812, 474.58306884765625, 230.06234741210938, 0.8435655236244202], [0, 319.8895263671875, 322.6280517578125, 350.189453125, 362.470703125, 0.8391940593719482], [1, 518.2532348632812, 119.60096740722656, 545.4281616210938, 155.34251403808594, 0.8391044735908508], [0, 282.09100341796875, 358.33587646484375, 315.21795654296875, 400.02313232421875, 0.8162846565246582], [1, 231.23544311523438, 405.577880859375, 261.5162658691406, 452.51171875, 0.8099506497383118], [0, 473.6414794921875, 169.5943603515625, 499.2969970703125, 201.1099853515625, 0.7806792855262756], [2, 588.4732666015625, 85.41598510742188, 614.2047119140625, 118.23809814453125, 0.7574678063392639], [1, 498.461669921875, 145.99749755859375, 520.7923583984375, 174.300048828125, 0.6818126440048218], [2, 382.52728271484375, 257.4967041015625, 412.32525634765625, 294.08746337890625, 0.6487617492675781], [4, 115.72297668457031, 399.519287109375, 124.34855651855469, 419.703369140625, 0.6465583443641663], [4, 380.28143310546875, 203.09701538085938, 387.96331787109375, 221.02255249023438, 0.5491200089454651], [0, 635.459228515625, 14.422810554504395, 640.0, 30.97574234008789, 0.5037444233894348], [0, 364.352783203125, 478.81982421875, 394.0118408203125, 522.9446411132812, 0.48048388957977295], [2, 13.510543823242188, 37.207672119140625, 41.596839904785156, 64.09669494628906, 0.440173864364624], [0, 74.58564758300781, 101.50946807861328, 107.37068176269531, 119.5031967163086, 0.42402178049087524], [1, 298.2877197265625, 372.4710693359375, 330.82421875, 411.8480224609375, 0.39312514662742615], [1, 155.20181274414062, 485.1011962890625, 194.90753173828125, 539.3734130859375, 0.3633798062801361], [4, 278.2115478515625, 291.92877197265625, 289.20904541015625, 305.70257568359375, 0.35217002034187317], [4, 440.470947265625, 572.5020751953125, 452.3204345703125, 598.0716552734375, 0.29935765266418457], [4, 446.317138671875, 118.67033386230469, 454.256591796875, 131.3750457763672, 0.2808612287044525], [1, 201.63864135742188, 383.59808349609375, 234.10916137695312, 418.15606689453125, 0.2691687345504761]]}