{"clean": [[0, 507.9869384765625, 379.47528076171875, 546.31005859375, 412.54339599609375, 0.839573085308075], [1, 390.4002685546875, 270.97137451171875, 431.015625, 309.95452880859375, 0.8307313323020935], [0, 536.791015625, 341.97698974609375, 570.26513671875, 373.5059814453125, 0.8088382482528687], [0, 18.078018188476562, 548.516845703125, 69.9554672241211, 604.028076171875, 0.7835661768913269], [0, 458.42071533203125, 259.15155029296875, 493.74212646484375, 286.36614990234375, 0.7790332436561584], [0, 342.85992431640625, 298.30328369140625, 379.26312255859375, 326.83673095703125, 0.7744613289833069], [0, 443.109619140625, 45.97480010986328, 466.2083740234375, 63.77809143066406, 0.7555829286575317], [1, 430.1669006347656, 267.8330078125, 457.4016418457031, 292.75128173828125, 0.746941328048706], [0, 490.7637939453125, 247.71893310546875, 523.32666015625, 276.60577392578125, 0.7227841019630432], [0, 430.26422119140625, 0.0, 453.13433837890625, 12.426261901855469, 0.661499559879303], [4, 538.078857421875, 479.07647705078125, 555.889404296875, 494.1949462890625, 0.634698748588562], [0, 602.4403076171875, 212.12759399414062, 635.509521484375, 239.76382446289062, 0.6190283298492432], [0, 552.5321044921875, 368.3704833984375, 590.8812255859375, 394.23828125, 0.5656440258026123], [1, 528.4010620117188, 231.74557495117188, 575.0408325195312, 262.2860412597656, 0.5571790337562561], [4, 512.9163818359375, 428.5062255859375, 528.153076171875, 445.8236083984375, 0.405316561460495], [4, 548.2518310546875, 431.98284912109375, 566.9964599609375, 450.528564453125, 0.40302959084510803], [0, 350.69854736328125, 445.07733154296875, 390.75775146484375, 472.90216064453125, 0.3678085505962372], [0, 301.96051025390625, 453.28857421875, 342.84197998046875, 487.1063232421875, 0.3591914772987366], [0, 425.8828125, 0.007900714874267578, 448.61737060546875, 5.080946922302246, 0.3324846625328064], [4, 475.0931396484375, 121.68925476074219, 484.547119140625, 130.3702392578125, 0.2923490107059479], [0, 425.78302001953125, 0.016365528106689453, 441.62237548828125, 5.01936149597168, 0.27096956968307495]], "patched": [[1, 390.4048156738281, 271.063232421875, 430.9386901855469, 310.006591796875, 0.8372316956520081], [0, 342.5927734375, 298.38250732421875, 379.222412109375, 326.82879638671875, 0.7546066045761108], [0, 507.3799133300781, 379.47283935546875, 546.33154296875, 412.43804931640625, 0.7377690076828003], [0, 536.9064331054688, 342.0745849609375, 569.8209838867188, 373.35491943359375, 0.6972346305847168], [0, 443.10406494140625, 45.76240539550781, 464.70135498046875, 63.75574493408203, 0.6951691508293152], [1, 430.5035400390625, 267.78802490234375, 457.5419921875, 292.77301025390625, 0.6478482484817505], [4, 538.0786743164062, 479.0740051269531, 555.9329223632812, 494.2001647949219, 0.6473343968391418], [0, 602.3851318359375, 212.2534942626953, 635.9141845703125, 239.7632598876953, 0.6144947409629822], [0, 430.3586730957031, 0.0, 452.7754211425781, 11.672078132629395, 0.582512378692627], [4, 548.1658935546875, 431.74993896484375, 566.9888916015625, 450.52935791015625, 0.500359296798706], [4, 512.8140869140625, 428.6163330078125, 528.1649169921875, 445.832275390625, 0.45965659618377686], [1, 528.5543212890625, 231.345458984375, 575.9288330078125, 262.3583068847656, 0.43462812900543213], [0, 430.54327392578125, 4.965517044067383, 453.90643310546875, 14.584941864013672, 0.35247787833213806], [0, 425.853759765625, 0.015806198120117188, 442.9169921875, 5.011192321777344, 0.3475780785083771], [4, 475.122314453125, 121.70442199707031, 484.33990478515625, 130.3252716064453, 0.3294317424297333], [0, 493.3677978515625, 248.06033325195312, 522.315185546875, 276.2365417480469, 0.3057086765766144]]}