{"clean": [[2, 356.4632568359375, 437.994384765625, 371.5867919921875, 467.41485595703125, 0.8193351626396179], [0, 335.41790771484375, 447.59844970703125, 350.90008544921875, 478.44866943359375, 0.8174452781677246], [0, 374.90545654296875, 302.5633544921875, 383.66485595703125, 312.33447265625, 0.7765588760375977], [0, 374.2711181640625, 335.64556884765625, 383.80029296875, 349.2032470703125, 0.744414746761322], [0, 339.013427734375, 282.1063232421875, 346.12249755859375, 291.43408203125, 0.7385808825492859], [2, 327.38775634765625, 278.8414001464844, 337.19598388671875, 302.1293640136719, 0.7301297783851624], [1, 337.51739501953125, 391.53851318359375, 349.38189697265625, 416.02337646484375, 0.7186165452003479], [0, 351.5721435546875, 257.2835693359375, 357.5418701171875, 264.2965087890625, 0.7084584832191467], [4, 512.6329345703125, 611.8790283203125, 525.6383056640625, 637.6380615234375, 0.7067232131958008], [0, 353.525390625, 247.2010498046875, 359.721923828125, 253.9443359375, 0.6618067622184753], [4, 396.64532470703125, 354.9144287109375, 402.44305419921875, 364.943359375, 0.5603546500205994], [4, 412.7465515136719, 361.0428771972656, 418.1429748535156, 371.9619445800781, 0.5534428358078003], [0, 348.2606201171875, 239.66387939453125, 353.279296875, 245.5950927734375, 0.5187642574310303], [0, 331.132568359375, 232.41323852539062, 335.98828125, 236.91592407226562, 0.515216052532196], [4, 405.322021484375, 350.71014404296875, 410.8375244140625, 360.80352783203125, 0.5057041645050049], [4, 393.32537841796875, 313.79248046875, 398.18560791015625, 322.219970703125, 0.4991147816181183], [2, 362.76910400390625, 278.199951171875, 374.51788330078125, 303.5245361328125, 0.4142720401287079], [0, 330.66375732421875, 224.92938232421875, 334.72174072265625, 228.9991455078125, 0.35681185126304626], [4, 317.0552978515625, 358.944091796875, 321.91064453125, 369.010498046875, 0.3112122714519501], [4, 318.5111083984375, 290.17578125, 322.03363037109375, 296.979248046875, 0.29885974526405334], [4, 361.31060791015625, 253.16912841796875, 363.84393310546875, 257.0973205566406, 0.2937905788421631], [0, 362.3018493652344, 273.13909912109375, 369.1170959472656, 280.90460205078125, 0.2852286398410797], [0, 325.35235595703125, 220.11654663085938, 329.02740478515625, 225.68685913085938, 0.2781509757041931], [4, 377.3336181640625, 276.50665283203125, 380.62255859375, 282.91021728515625, 0.25415167212486267]], "patched": [[2, 356.4799499511719, 438.04736328125, 371.6053771972656, 467.3935546875, 0.8019375205039978], [0, 374.91082763671875, 302.5831604003906, 383.66436767578125, 312.3293151855469, 0.7746380567550659], [0, 374.27606201171875, 335.6504211425781, 383.79925537109375, 349.2038879394531, 0.7430919408798218], [0, 339.0224914550781, 282.1314697265625, 346.1186218261719, 291.4307861328125, 0.7348268032073975], [2, 327.40716552734375, 278.8637390136719, 337.18304443359375, 302.1148986816406, 0.7285361886024475], [0, 351.58673095703125, 257.3038330078125, 357.53265380859375, 264.293212890625, 0.7044693827629089], [1, 337.52850341796875, 391.5594482421875, 349.36883544921875, 416.0079345703125, 0.6998044848442078], [4, 512.6112060546875, 611.9964599609375, 525.6876220703125, 637.5579833984375, 0.6918209195137024], [0, 353.5326232910156, 247.21755981445312, 359.7147521972656, 253.93771362304688, 0.6565610766410828], [0, 335.2869873046875, 447.84368896484375, 350.8917236328125, 478.37786865234375, 0.63194340467453], [4, 396.63525390625, 354.9326171875, 402.465576171875, 364.95745849609375, 0.5475292205810547], [4, 412.7503662109375, 361.0685729980469, 418.1405029296875, 371.9679870605469, 0.5392557382583618], [0, 348.26690673828125, 239.67605590820312, 353.27398681640625, 245.5888671875, 0.5153220295906067], [0, 331.1385498046875, 232.4267120361328, 335.9849853515625, 236.91539001464844, 0.5114231705665588], [4, 393.32232666015625, 313.8084716796875, 398.192138671875, 322.219970703125, 0.4900265634059906], [4, 405.30804443359375, 350.74591064453125, 410.84722900390625, 360.81573486328125, 0.4899553656578064], [2, 362.773193359375, 278.2088928222656, 374.5089111328125, 303.4819641113281, 0.4046914577484131], [0, 330.6705322265625, 224.95169067382812, 334.7166748046875, 228.9974365234375, 0.3527238368988037], [4, 361.31146240234375, 253.1707763671875, 363.85113525390625, 257.10711669921875, 0.28392472863197327], [4, 318.51715087890625, 290.1993408203125, 322.03277587890625, 296.97833251953125, 0.2839133143424988], [4, 317.05377197265625, 358.9412841796875, 321.91522216796875, 369.019775390625, 0.27888840436935425], [0, 362.3145751953125, 273.158935546875, 369.1094970703125, 280.888671875, 0.2751815617084503], [0, 325.35638427734375, 220.127197265625, 329.0233154296875, 225.68035888671875, 0.2744414508342743]]}