{"clean": [[0, 163.55807495117188, 439.62518310546875, 202.0325927734375, 476.99554443359375, 0.8638165593147278], [2, 279.750732421875, 337.7728271484375, 335.57763671875, 403.39691162109375, 0.8608858585357666], [0, 162.065673828125, 480.04205322265625, 203.36785888671875, 520.8651123046875, 0.8573222160339355], [0, 0.0, 547.3160400390625, 40.48382568359375, 592.1773681640625, 0.8353082537651062], [1, 256.2655029296875, 414.263916015625, 294.46875, 459.95001220703125, 0.8299728631973267], [0, 81.26136779785156, 488.33489990234375, 121.08528137207031, 529.7869262695312, 0.8281302452087402], [0, 542.0547485351562, 224.12867736816406, 573.2659301757812, 254.00038146972656, 0.8080756068229675], [0, 400.801025390625, 298.6811828613281, 433.6328125, 333.9157409667969, 0.8031659126281738], [4, 355.48187255859375, 336.82421875, 371.7352294921875, 356.2855224609375, 0.7661441564559937], [4, 239.862060546875, 408.4389953613281, 256.62432861328125, 429.4084777832031, 0.7455586791038513], [0, 69.90452575683594, 527.4902954101562, 113.20286560058594, 576.9148559570312, 0.7393890023231506], [0, 596.802001953125, 186.535400390625, 629.695068359375, 219.06689453125, 0.6492253541946411], [0, 175.66464233398438, 613.51904296875, 194.85171508789062, 640.0, 0.5258151888847351], [2, 597.4479370117188, 186.98260498046875, 640.0, 253.35043334960938, 0.5080678462982178], [0, 194.48374938964844, 604.0691528320312, 217.98255920410156, 639.7304077148438, 0.49591660499572754], [0, 211.68600463867188, 592.9111938476562, 237.90850830078125, 639.6343383789062, 0.37666377425193787], [1, 466.02728271484375, 263.56768798828125, 497.40460205078125, 298.64019775390625, 0.2951423227787018], [0, 466.11529541015625, 263.80657958984375, 497.43670654296875, 298.65008544921875, 0.26255330443382263], [0, 614.9234008789062, 288.2386474609375, 639.8218383789062, 320.5545654296875, 0.2542290687561035]], "patched": [[2, 279.70135498046875, 337.74822998046875, 335.63275146484375, 403.43341064453125, 0.8599672317504883], [0, 163.8113555908203, 439.27557373046875, 201.7108612060547, 476.87432861328125, 0.8567740321159363], [0, 162.472900390625, 479.99853515625, 203.45574951171875, 520.6024169921875, 0.844421923160553], [0, 542.0321044921875, 224.12741088867188, 573.2752685546875, 253.91983032226562, 0.8073912858963013], [1, 256.20733642578125, 414.1551208496094, 294.56781005859375, 459.9923400878906, 0.7953506112098694], [0, 400.81744384765625, 298.6322021484375, 433.7052001953125, 333.890869140625, 0.7940884828567505], [4, 355.447509765625, 336.82525634765625, 371.7607421875, 356.2679443359375, 0.7640218138694763], [4, 239.8013916015625, 408.383544921875, 256.7061767578125, 429.43060302734375, 0.7472158670425415], [0, 81.87956237792969, 487.8004150390625, 121.24940490722656, 529.9539794921875, 0.7465075254440308], [0, 69.81094360351562, 532.2127075195312, 113.25595092773438, 576.8906860351562, 0.6532984375953674], [0, 596.775634765625, 186.60350036621094, 629.645263671875, 219.0814666748047, 0.6469360589981079], [2, 597.4423828125, 187.83609008789062, 640.0, 253.3109130859375, 0.5110095739364624], [1, 465.9833984375, 263.52838134765625, 497.4569091796875, 298.67559814453125, 0.29132166504859924], [0, 0.11430740356445312, 545.37548828125, 41.65278244018555, 592.358642578125, 0.28479766845703125]]}