{"clean": [[0, 365.42913818359375, 332.31231689453125, 399.23175048828125, 364.35345458984375, 0.8995275497436523], [0, 179.9918212890625, 250.10223388671875, 208.23355102539062, 272.5513916015625, 0.8467060327529907], [3, 420.9674377441406, 49.187782287597656, 435.4683532714844, 85.6904525756836, 0.801613450050354], [3, 219.02969360351562, 497.197265625, 267.8305969238281, 638.88232421875, 0.7886911034584045], [1, 124.61907958984375, 221.3118896484375, 153.61373901367188, 245.58160400390625, 0.7480064630508423], [0, 387.629638671875, 0.01956939697265625, 393.38623046875, 6.975701332092285, 0.6748300790786743], [0, 357.62713623046875, 66.94593811035156, 366.2283935546875, 79.81327819824219, 0.6383856534957886], [0, 419.7886657714844, 86.98367309570312, 429.3127136230469, 98.79281616210938, 0.6360005736351013], [1, 218.50393676757812, 441.8254699707031, 242.13754272460938, 487.1492004394531, 0.598022997379303], [3, 615.2552490234375, 418.58013916015625, 639.931884765625, 480.68695068359375, 0.5891615152359009], [3, 431.5450744628906, 18.039981842041016, 440.8736267089844, 40.97279739379883, 0.5438511967658997], [0, 379.4715270996094, 17.557395935058594, 387.1142883300781, 27.645797729492188, 0.5426494479179382], [1, 615.568603515625, 418.65887451171875, 639.822265625, 479.0596923828125, 0.5255349278450012], [0, 495.7283935546875, 290.9749755859375, 520.760986328125, 312.2767333984375, 0.523761510848999], [0, 77.61198425292969, 334.8582763671875, 103.65365600585938, 365.293212890625, 0.5033836960792542], [0, 0.040988922119140625, 612.9887084960938, 17.633363723754883, 639.8300170898438, 0.41247016191482544]], "patched": [[0, 179.91403198242188, 250.03225708007812, 208.17263793945312, 272.6194152832031, 0.8285508751869202], [3, 420.9400329589844, 49.186561584472656, 435.4682922363281, 85.74994659423828, 0.798244833946228], [3, 218.70718383789062, 497.0580139160156, 267.9738464355469, 638.9105224609375, 0.7836041450500488], [1, 124.56468200683594, 221.30606079101562, 153.6442108154297, 245.6396484375, 0.750535249710083], [0, 387.6226806640625, 0.019285202026367188, 393.39666748046875, 6.985832214355469, 0.6736780405044556], [0, 495.63446044921875, 290.95733642578125, 519.7626953125, 311.73760986328125, 0.6701442003250122], [2, 218.53536987304688, 441.9798583984375, 242.26937866210938, 487.1070556640625, 0.6496161818504333], [0, 357.608154296875, 66.93675231933594, 366.23779296875, 79.83012390136719, 0.6411758065223694], [0, 419.77886962890625, 87.10946655273438, 429.32403564453125, 98.838134765625, 0.623343288898468], [3, 615.219970703125, 418.56207275390625, 639.933349609375, 480.4486083984375, 0.5621432662010193], [1, 615.530029296875, 418.6391296386719, 639.8203125, 478.8424987792969, 0.5599520206451416], [0, 379.457763671875, 17.54566192626953, 387.12603759765625, 27.660598754882812, 0.5449659824371338], [3, 431.5352783203125, 18.029361724853516, 440.8876953125, 40.985652923583984, 0.5394509434700012], [2, 365.21661376953125, 332.0106506347656, 399.20965576171875, 364.3990783691406, 0.48559921979904175], [0, 77.07466125488281, 332.915771484375, 103.78955078125, 365.0814208984375, 0.47367316484451294], [0, 0.021093368530273438, 613.903076171875, 17.79935646057129, 640.0, 0.3667139708995819]]}