{"clean": [[0, 450.5769348144531, 216.29791259765625, 480.7773742675781, 282.39080810546875, 0.7796028256416321], [0, 445.6427001953125, 49.448516845703125, 463.3465576171875, 107.72557067871094, 0.776810884475708], [0, 325.48162841796875, 12.247756958007812, 343.14434814453125, 70.00528717041016, 0.7595307230949402], [3, 248.94760131835938, 552.43701171875, 298.0639343261719, 639.67431640625, 0.7492678761482239], [0, 129.92861938476562, 384.47320556640625, 162.53707885742188, 450.30975341796875, 0.6912609338760376], [0, 275.3822021484375, 269.37646484375, 299.55755615234375, 338.869384765625, 0.6828057765960693], [0, 222.72222900390625, 602.132080078125, 246.26739501953125, 639.845947265625, 0.6390545964241028], [0, 249.31045532226562, 37.38245391845703, 266.8020324707031, 84.9130859375, 0.6127179861068726], [1, 319.8860778808594, 105.38627624511719, 339.9437561035156, 177.4893341064453, 0.6119645833969116], [0, 303.88458251953125, 0.0, 318.304931640625, 8.726452827453613, 0.584680438041687], [0, 130.97412109375, 226.3115234375, 155.068115234375, 291.75750732421875, 0.3362619876861572]], "patched": [[0, 445.83880615234375, 49.5157470703125, 463.35760498046875, 107.64845275878906, 0.7637789845466614], [3, 248.64881896972656, 552.60888671875, 297.7877197265625, 639.663818359375, 0.7280819416046143], [0, 325.48895263671875, 12.42254638671875, 343.10272216796875, 69.86344146728516, 0.6433849930763245], [1, 320.259033203125, 105.36807250976562, 339.769287109375, 177.44873046875, 0.642602264881134], [0, 304.02392578125, 0.0, 318.1448974609375, 8.63496208190918, 0.6067854166030884], [0, 450.52923583984375, 216.15481567382812, 481.24822998046875, 282.6550598144531, 0.5591834187507629], [0, 450.95709228515625, 216.410400390625, 473.25823974609375, 278.5546875, 0.5332949161529541], [0, 220.3572998046875, 605.9560546875, 246.4552001953125, 640.0, 0.5174274444580078], [0, 249.2982177734375, 45.03268051147461, 265.9522705078125, 85.67584228515625, 0.49416738748550415], [0, 249.45025634765625, 30.472238540649414, 266.79400634765625, 85.0412368774414, 0.44673454761505127], [0, 327.074951171875, 39.49346160888672, 342.3714599609375, 70.79002380371094, 0.34679272770881653], [0, 131.2857208251953, 225.88726806640625, 154.88478088378906, 291.6939697265625, 0.3296147286891937]]}