{"clean": [[0, 243.75515747070312, 287.2135314941406, 257.736328125, 304.1690368652344, 0.8119115233421326], [0, 314.9960021972656, 323.69598388671875, 332.1897888183594, 347.93499755859375, 0.7998158931732178], [0, 196.5807647705078, 252.76101684570312, 207.2092742919922, 264.5219421386719, 0.7848135828971863], [0, 212.6383514404297, 291.5906677246094, 227.52989196777344, 312.1711730957031, 0.7809913754463196], [0, 256.50518798828125, 507.99163818359375, 278.65740966796875, 550.0971069335938, 0.7709776163101196], [0, 271.62005615234375, 276.87860107421875, 284.91436767578125, 294.1217041015625, 0.7695683240890503], [0, 203.06719970703125, 222.22372436523438, 213.22512817382812, 233.97305297851562, 0.7540276646614075], [0, 131.96524047851562, 183.17620849609375, 140.22494506835938, 191.29388427734375, 0.6823685169219971], [0, 127.91539001464844, 161.1093292236328, 134.8232879638672, 167.9891815185547, 0.6496999859809875], [0, 144.73355102539062, 185.98861694335938, 153.79562377929688, 194.69039916992188, 0.6402954459190369], [0, 138.62852478027344, 250.00173950195312, 147.07398986816406, 260.7625427246094, 0.6226531863212585], [0, 118.68045806884766, 142.87982177734375, 124.39322662353516, 148.74801635742188, 0.506674587726593], [3, 213.69442749023438, 245.33853149414062, 228.25723266601562, 270.8467102050781, 0.4842381179332733], [0, 172.20948791503906, 180.1204833984375, 181.1805877685547, 189.00274658203125, 0.4769628047943115], [0, 113.32363891601562, 153.9661407470703, 119.68803405761719, 160.93873596191406, 0.39694514870643616]], "patched": [[0, 243.75830078125, 287.18939208984375, 257.73577880859375, 304.17413330078125, 0.8122325539588928], [0, 314.9752197265625, 323.6173095703125, 332.1871337890625, 347.9605712890625, 0.8036051988601685], [0, 196.58135986328125, 252.76177978515625, 207.2078857421875, 264.5177001953125, 0.7855560779571533], [0, 212.64205932617188, 291.5851135253906, 227.52569580078125, 312.1664733886719, 0.783502459526062], [0, 271.61798095703125, 276.7900390625, 284.81878662109375, 294.1339111328125, 0.7712265253067017], [0, 256.424072265625, 508.70098876953125, 278.50543212890625, 550.1884155273438, 0.7696073651313782], [0, 203.06871032714844, 222.22366333007812, 213.2227020263672, 233.96005249023438, 0.7566475868225098], [0, 131.96875, 183.17559814453125, 140.22265625, 191.2901611328125, 0.6831899285316467], [0, 127.91748809814453, 161.11227416992188, 134.8203125, 167.98455810546875, 0.6508798003196716], [0, 144.73800659179688, 185.98721313476562, 153.79373168945312, 194.68341064453125, 0.6415008902549744], [0, 138.63308715820312, 250.00634765625, 147.0711669921875, 260.75604248046875, 0.6221086382865906], [0, 118.68292236328125, 142.88156127929688, 124.389404296875, 148.74465942382812, 0.5090835690498352], [3, 213.7158203125, 245.05319213867188, 228.31597900390625, 270.7940368652344, 0.4882717430591583], [0, 172.21109008789062, 180.12109375, 181.17984008789062, 188.99929809570312, 0.48028743267059326], [0, 113.3265151977539, 153.96401977539062, 119.68720245361328, 160.93502807617188, 0.3971761167049408]]}