{"clean": [[1, 246.16555786132812, 200.85629272460938, 267.1518249511719, 261.0992736816406, 0.7900917530059814], [0, 480.46270751953125, 100.77747344970703, 519.1000366210938, 189.7242431640625, 0.7851870059967041], [1, 194.5028076171875, 0.19446945190429688, 213.6768798828125, 40.393314361572266, 0.7685784101486206], [1, 216.03656005859375, 249.094970703125, 239.64666748046875, 312.489013671875, 0.7334538698196411], [0, 170.03201293945312, 0.0, 190.32138061523438, 26.438661575317383, 0.7245319485664368], [0, 193.60372924804688, 358.94451904296875, 251.93154907226562, 418.97332763671875, 0.6232314705848694], [1, 211.45892333984375, 502.1041564941406, 258.1558837890625, 573.6947021484375, 0.6232119798660278], [1, 209.432861328125, 560.30322265625, 258.642578125, 633.45068359375, 0.5382325053215027], [0, 211.54885864257812, 501.87530517578125, 257.8843078613281, 574.5862426757812, 0.5361996293067932], [0, 209.33984375, 404.52056884765625, 254.6619873046875, 465.17706298828125, 0.5279558897018433], [1, 211.02685546875, 452.02587890625, 256.3011779785156, 518.5220947265625, 0.5245194435119629], [1, 209.60641479492188, 404.2929382324219, 254.27651977539062, 465.3620300292969, 0.46409088373184204], [0, 209.66647338867188, 560.1824951171875, 258.5119323730469, 633.8489990234375, 0.4514887034893036]], "patched": [[1, 194.5453338623047, 0.19678497314453125, 213.6276092529297, 40.402000427246094, 0.7724663019180298], [1, 216.18760681152344, 249.14300537109375, 239.7842559814453, 312.36834716796875, 0.7297744750976562], [0, 170.16470336914062, 0.0, 190.2750244140625, 26.399433135986328, 0.7055293321609497], [1, 246.87576293945312, 201.0274658203125, 267.1081848144531, 260.9952392578125, 0.680671751499176], [2, 480.53759765625, 100.65174865722656, 518.8871459960938, 187.17771911621094, 0.522770881652832], [0, 212.40231323242188, 502.5380859375, 258.0116271972656, 573.5513916015625, 0.5027961730957031], [0, 211.76910400390625, 451.9210205078125, 256.10382080078125, 516.6318359375, 0.49589937925338745], [0, 215.67807006835938, 249.15460205078125, 239.66531372070312, 312.202392578125, 0.3895139992237091], [0, 209.51254272460938, 404.6504211425781, 254.15658569335938, 463.9751281738281, 0.3647460639476776], [0, 209.62374877929688, 560.7609252929688, 258.5675354003906, 633.7362670898438, 0.3480219841003418], [0, 480.7457275390625, 101.04279327392578, 518.681640625, 185.1829833984375, 0.29710644483566284]]}