{"clean": [[0, 205.42083740234375, 477.64666748046875, 302.20623779296875, 555.6181030273438, 0.9245851039886475], [0, 208.72323608398438, 298.63775634765625, 299.48931884765625, 372.26898193359375, 0.9204723834991455], [0, 208.40713500976562, 377.0164794921875, 303.55975341796875, 455.2979736328125, 0.9155028462409973], [0, 391.89312744140625, 169.13876342773438, 436.01202392578125, 290.658935546875, 0.899524450302124], [0, 209.13702392578125, 169.20565795898438, 289.20306396484375, 232.61691284179688, 0.8806819319725037], [0, 432.4913330078125, 169.8045654296875, 475.1798095703125, 288.82159423828125, 0.8660978674888611], [0, 521.7218627929688, 117.20206451416016, 598.4279174804688, 176.78781127929688, 0.8611880540847778], [1, 178.86422729492188, 599.423095703125, 287.54644775390625, 640.0, 0.8530311584472656], [0, 403.329833984375, 343.51202392578125, 451.3583984375, 477.55010986328125, 0.8460624814033508], [0, 575.3905029296875, 472.77752685546875, 639.8411865234375, 556.2285766601562, 0.8413508534431458], [0, 208.4140625, 229.913818359375, 293.86590576171875, 299.1295166015625, 0.8315206170082092], [0, 593.382080078125, 558.9801025390625, 639.912109375, 639.5618896484375, 0.8184490203857422], [1, 536.5618896484375, 254.04736328125, 637.8577880859375, 328.6639404296875, 0.7873008847236633], [1, 239.0189208984375, 0.0, 297.5101318359375, 28.989561080932617, 0.7427905201911926], [0, 536.2258911132812, 253.33912658691406, 637.8925170898438, 328.414306640625, 0.7256906032562256], [0, 378.3949890136719, 59.15760803222656, 414.5600280761719, 161.3822021484375, 0.7151972651481628], [0, 223.00186157226562, 114.616455078125, 286.400634765625, 172.67559814453125, 0.6629215478897095], [1, 372.1098937988281, 0.0, 437.9836730957031, 34.329872131347656, 0.6153095364570618], [0, 576.6077270507812, 353.6668701171875, 639.8180541992188, 431.5621337890625, 0.5824674367904663], [4, 542.4775390625, 33.18909454345703, 568.98388671875, 69.65496063232422, 0.3387613594532013], [1, 576.7001953125, 354.1041259765625, 639.15234375, 431.598876953125, 0.259249746799469]], "patched": [[0, 205.2347412109375, 480.17138671875, 302.50469970703125, 556.2525634765625, 0.9264256358146667], [0, 208.69894409179688, 298.2752990722656, 299.6100769042969, 372.5754089355469, 0.9170045256614685], [0, 521.8507080078125, 116.53564453125, 597.654296875, 175.29556274414062, 0.8889743089675903], [0, 391.82568359375, 168.88262939453125, 443.679931640625, 290.13330078125, 0.8790294528007507], [0, 207.95193481445312, 380.24713134765625, 303.6726989746094, 456.31719970703125, 0.874869167804718], [0, 209.0958251953125, 172.40760803222656, 289.2480163574219, 231.9489288330078, 0.8665896058082581], [1, 178.7581787109375, 599.3488159179688, 287.84918212890625, 640.0, 0.8628156781196594], [0, 207.9105224609375, 229.20611572265625, 294.01885986328125, 299.03106689453125, 0.7821956276893616], [0, 536.104248046875, 253.1934814453125, 637.9913330078125, 328.60595703125, 0.7732164263725281], [1, 536.4835205078125, 253.8839874267578, 637.9298095703125, 328.80877685546875, 0.7523506879806519], [0, 575.175537109375, 474.23809814453125, 639.872802734375, 557.3086547851562, 0.7158134579658508], [1, 238.73768615722656, 0.0, 297.910888671875, 28.979093551635742, 0.6921448707580566], [1, 376.57000732421875, 59.510040283203125, 417.95025634765625, 161.37908935546875, 0.630161464214325], [1, 402.51019287109375, 341.91717529296875, 452.1651611328125, 476.83013916015625, 0.6254254579544067], [0, 223.07293701171875, 114.02909851074219, 286.672119140625, 172.6156768798828, 0.5317717790603638], [1, 593.5257568359375, 554.7625732421875, 640.0, 639.1734619140625, 0.4315234124660492], [0, 401.92626953125, 341.8341064453125, 452.0792236328125, 477.2030029296875, 0.4059290289878845], [1, 576.7276611328125, 353.22149658203125, 639.8067626953125, 430.71185302734375, 0.3829808235168457], [0, 532.9002685546875, 174.26626586914062, 609.4337158203125, 230.16085815429688, 0.3694221079349518], [4, 542.3672485351562, 32.982032775878906, 568.4044799804688, 69.79520416259766, 0.3108084201812744], [1, 575.5328369140625, 475.80792236328125, 639.7666015625, 557.3351440429688, 0.2970934510231018], [1, 432.27471923828125, 169.98434448242188, 475.44659423828125, 288.6693115234375, 0.2571266293525696]]}