{"clean": [[3, 350.6578369140625, 353.75244140625, 383.9208984375, 428.992431640625, 0.8676349520683289], [0, 275.6148681640625, 468.570068359375, 304.50738525390625, 528.315185546875, 0.8555885553359985], [0, 308.99981689453125, 407.3211669921875, 334.34332275390625, 457.228515625, 0.78544020652771], [0, 353.7809143066406, 294.34320068359375, 364.4043884277344, 307.42718505859375, 0.6323640942573547], [1, 295.0716552734375, 357.84466552734375, 311.15057373046875, 388.24859619140625, 0.6101729869842529], [4, 425.93438720703125, 355.60784912109375, 440.65130615234375, 371.21746826171875, 0.5862615704536438], [4, 394.5345764160156, 339.31182861328125, 401.8874816894531, 353.20428466796875, 0.4822601079940796], [0, 342.25311279296875, 267.36474609375, 351.31378173828125, 276.9935302734375, 0.47390589118003845], [4, 409.24755859375, 402.195068359375, 417.5787353515625, 419.369140625, 0.46859845519065857], [4, 269.2645263671875, 349.34991455078125, 275.29388427734375, 362.398681640625, 0.4365599751472473], [2, 350.8525390625, 353.4169616699219, 383.70849609375, 429.4694519042969, 0.39639541506767273], [4, 287.95086669921875, 309.50677490234375, 292.49298095703125, 319.8349609375, 0.38511598110198975], [0, 331.1766357421875, 261.5703125, 341.4373779296875, 269.60137939453125, 0.37612292170524597], [4, 384.2589111328125, 340.1756286621094, 390.43310546875, 352.3924865722656, 0.37275829911231995], [4, 302.31982421875, 297.5391845703125, 306.8424072265625, 307.3919677734375, 0.37026727199554443], [0, 333.16571044921875, 269.49798583984375, 344.28839111328125, 281.6287841796875, 0.2809726297855377], [0, 457.962646484375, 347.4667663574219, 483.609375, 376.4046936035156, 0.2633307874202728], [4, 374.3005065917969, 309.0943603515625, 379.1087951660156, 319.134765625, 0.25931504368782043]], "patched": [[3, 350.76953125, 353.79205322265625, 383.859375, 429.00006103515625, 0.8769305348396301], [0, 275.85235595703125, 469.0936279296875, 304.52496337890625, 527.8333129882812, 0.8126174807548523], [0, 309.09918212890625, 408.158447265625, 334.19232177734375, 457.32513427734375, 0.7509416341781616], [0, 353.10418701171875, 294.5098876953125, 365.17718505859375, 307.468017578125, 0.6288360953330994], [4, 425.96502685546875, 355.6273193359375, 440.63018798828125, 371.2144775390625, 0.599076509475708], [1, 294.68560791015625, 358.31658935546875, 316.19268798828125, 388.25189208984375, 0.5057262182235718], [0, 341.982666015625, 266.9617919921875, 351.30743408203125, 276.9625244140625, 0.47378596663475037], [4, 394.56317138671875, 339.3738098144531, 401.86529541015625, 353.1764831542969, 0.4639308452606201], [4, 409.288818359375, 402.35980224609375, 417.548583984375, 419.34417724609375, 0.45217210054397583], [4, 269.2972412109375, 349.534423828125, 275.2730712890625, 362.3663330078125, 0.4155404567718506], [4, 302.3214416503906, 297.5343017578125, 306.8511047363281, 307.377685546875, 0.3848538100719452], [4, 287.9283142089844, 309.4417724609375, 292.5022277832031, 319.82366943359375, 0.38207313418388367], [0, 331.1641845703125, 261.6068115234375, 341.54180908203125, 269.631103515625, 0.38093113899230957], [4, 384.29132080078125, 340.196044921875, 390.424560546875, 352.3734130859375, 0.35591956973075867], [0, 333.1781005859375, 269.416259765625, 344.7349853515625, 281.5655517578125, 0.3063335120677948]]}