{"clean": [[4, 25.373252868652344, 597.2857055664062, 53.10343933105469, 640.0, 0.7474445104598999], [0, 303.15460205078125, 268.1434020996094, 309.71917724609375, 275.9352722167969, 0.6306872367858887], [4, 234.73648071289062, 424.673828125, 245.59765625, 446.5517578125, 0.6115118265151978], [0, 304.7310791015625, 296.73614501953125, 315.5362548828125, 312.64434814453125, 0.535561740398407], [0, 311.17596435546875, 271.86492919921875, 318.6329345703125, 279.2540283203125, 0.5306272506713867], [4, 381.3489990234375, 428.8544616699219, 391.7052001953125, 456.4772644042969, 0.5156227946281433], [1, 343.273193359375, 288.348876953125, 351.743896484375, 301.03912353515625, 0.49723175168037415], [3, 331.27032470703125, 431.76220703125, 381.41888427734375, 579.1090087890625, 0.49391505122184753], [0, 601.7803955078125, 525.0904541015625, 639.9066162109375, 610.1036376953125, 0.4845447838306427], [4, 238.36972045898438, 377.76708984375, 246.43289184570312, 393.7603759765625, 0.4725223481655121], [4, 270.13909912109375, 312.5401611328125, 275.09515380859375, 322.6468505859375, 0.4489479660987854], [4, 447.6257629394531, 366.75341796875, 461.5698547363281, 381.0859375, 0.3989095985889435], [1, 602.006591796875, 527.36083984375, 639.72900390625, 610.30029296875, 0.3223751485347748], [4, 556.9967041015625, 450.66217041015625, 581.2266845703125, 474.35980224609375, 0.2963973879814148], [0, 333.01312255859375, 256.9317321777344, 338.66644287109375, 262.9803771972656, 0.2899022400379181], [4, 295.66192626953125, 267.58990478515625, 298.60382080078125, 272.97393798828125, 0.2722267210483551], [4, 364.73883056640625, 309.3830871582031, 370.38555908203125, 319.2306823730469, 0.267387330532074]], "patched": [[4, 25.35329246520996, 597.1212158203125, 53.108314514160156, 640.0, 0.7520286440849304], [0, 303.16473388671875, 269.08123779296875, 309.60845947265625, 275.93646240234375, 0.6671020984649658], [4, 234.73953247070312, 424.60223388671875, 245.59536743164062, 446.55340576171875, 0.6087042689323425], [0, 311.17608642578125, 271.1911926269531, 318.56756591796875, 279.1628723144531, 0.5307688117027283], [0, 305.337646484375, 299.1971740722656, 315.133544921875, 312.5888366699219, 0.5290545225143433], [4, 381.3427734375, 428.685791015625, 391.7177734375, 456.4775390625, 0.524867594242096], [4, 238.33935546875, 377.5645446777344, 246.44354248046875, 393.7485046386719, 0.468145489692688], [3, 331.2807922363281, 431.78656005859375, 381.4132385253906, 579.1438598632812, 0.460389107465744], [0, 601.8950805664062, 523.4156494140625, 639.9434204101562, 609.8841552734375, 0.45928987860679626], [4, 270.14385986328125, 312.50732421875, 275.10675048828125, 322.6278076171875, 0.45739930868148804], [4, 447.58868408203125, 366.81463623046875, 461.60882568359375, 381.07220458984375, 0.408758282661438], [1, 343.7198486328125, 288.64849853515625, 351.7027587890625, 301.18438720703125, 0.3980361223220825], [4, 364.73297119140625, 309.37603759765625, 370.39483642578125, 319.24444580078125, 0.2773338258266449], [4, 295.64202880859375, 267.6284484863281, 298.58489990234375, 272.9938049316406, 0.2751847803592682], [4, 281.1788635253906, 315.42236328125, 286.1824645996094, 326.8714599609375, 0.27380749583244324], [4, 279.3624267578125, 298.3353576660156, 283.545166015625, 307.2776184082031, 0.2653552293777466]]}