{"clean": [[0, 142.13919067382812, 377.7646179199219, 185.25680541992188, 437.3201599121094, 0.875671923160553], [2, 183.88536071777344, 402.92938232421875, 250.51161193847656, 523.3499145507812, 0.874772846698761], [1, 0.107147216796875, 434.5157165527344, 52.05750274658203, 502.7654724121094, 0.8485483527183533], [0, 234.15237426757812, 240.23080444335938, 254.2532958984375, 265.6897888183594, 0.6971521377563477], [0, 257.474365234375, 212.33697509765625, 276.11865234375, 231.64630126953125, 0.6760401725769043], [4, 129.15847778320312, 349.2413330078125, 151.39657592773438, 372.0592041015625, 0.6543882489204407], [1, 235.19146728515625, 253.10321044921875, 258.4627990722656, 287.7779541015625, 0.6515511870384216], [0, 391.83251953125, 220.55197143554688, 411.39013671875, 241.40130615234375, 0.5915936231613159], [0, 258.6676940917969, 202.12863159179688, 274.2145080566406, 216.96939086914062, 0.5796177983283997], [2, 457.20361328125, 334.73583984375, 534.2417602539062, 523.3424682617188, 0.5248873233795166], [4, 407.69970703125, 466.92596435546875, 421.83428955078125, 505.16033935546875, 0.41289594769477844], [1, 337.30859375, 219.56552124023438, 351.95648193359375, 244.97454833984375, 0.4026927649974823], [0, 337.0641784667969, 219.84378051757812, 352.1727600097656, 245.15667724609375, 0.3679327666759491], [0, 383.3219909667969, 207.15252685546875, 407.5764465332031, 229.37603759765625, 0.2987998425960541], [0, 633.5187377929688, 270.45867919921875, 640.0, 322.92376708984375, 0.25167569518089294]], "patched": [[2, 183.88858032226562, 402.9263916015625, 250.48165893554688, 523.3379516601562, 0.8762998580932617], [0, 142.161376953125, 377.8492431640625, 185.2081298828125, 437.3125, 0.8680043816566467], [1, 0.10537338256835938, 434.52532958984375, 52.051368713378906, 502.7894287109375, 0.8511158227920532], [0, 234.16432189941406, 240.60720825195312, 254.21775817871094, 265.64013671875, 0.681118905544281], [0, 257.2153625488281, 212.31329345703125, 276.0382995605469, 231.75765991210938, 0.6614565849304199], [4, 129.14041137695312, 349.0934143066406, 151.38174438476562, 371.9519958496094, 0.656657338142395], [1, 235.23452758789062, 252.9937744140625, 258.515869140625, 287.804931640625, 0.5999742746353149], [0, 259.23248291015625, 201.44625854492188, 274.13409423828125, 216.52862548828125, 0.5555470585823059], [2, 457.2076416015625, 334.87799072265625, 533.962646484375, 523.3233032226562, 0.5268471837043762], [0, 337.1361999511719, 222.99176025390625, 351.9320373535156, 245.31198120117188, 0.5212725400924683], [0, 391.7127380371094, 220.4722442626953, 411.0950012207031, 241.5858917236328, 0.4106100797653198], [4, 407.7218322753906, 466.72760009765625, 421.8561096191406, 505.18634033203125, 0.3927670121192932], [0, 383.25518798828125, 207.44461059570312, 408.06134033203125, 230.1461181640625, 0.3070412576198578], [0, 633.5402221679688, 270.53607177734375, 640.0, 322.71820068359375, 0.2752254605293274]]}