{"clean": [[0, 133.5078125, 502.471923828125, 199.59579467773438, 628.3265380859375, 0.9000154137611389], [0, 383.48870849609375, 243.86318969726562, 403.97357177734375, 272.5414123535156, 0.785468339920044], [0, 427.6570129394531, 241.14881896972656, 462.3901062011719, 278.7532958984375, 0.5932340025901794], [4, 232.57266235351562, 292.273193359375, 242.00570678710938, 312.84942626953125, 0.5845903754234314], [0, 323.3789367675781, 187.94491577148438, 335.6250305175781, 205.56692504882812, 0.5709454417228699], [4, 296.45172119140625, 186.57083129882812, 303.49530029296875, 198.98171997070312, 0.5178550481796265], [1, 87.84686279296875, 294.81787109375, 131.7470703125, 346.5206298828125, 0.4517713487148285], [0, 307.4736328125, 151.74185180664062, 315.4945068359375, 162.5596923828125, 0.3926675617694855], [0, 284.35400390625, 144.56927490234375, 293.5291748046875, 154.13702392578125, 0.37861496210098267], [1, 309.3045654296875, 162.3529815673828, 318.853515625, 178.08412170410156, 0.3727494776248932], [4, 204.667724609375, 290.5131530761719, 214.29888916015625, 310.9067077636719, 0.3564161956310272], [0, 316.2676086425781, 140.88067626953125, 322.9159240722656, 150.52450561523438, 0.3306480944156647], [4, 134.15084838867188, 342.9782409667969, 151.40841674804688, 373.5797424316406, 0.3269103467464447], [4, 358.57525634765625, 195.12002563476562, 363.08441162109375, 204.33139038085938, 0.31428951025009155], [4, 367.062255859375, 576.435546875, 385.8687744140625, 638.787841796875, 0.3079249858856201], [4, 374.07061767578125, 412.65875244140625, 386.86004638671875, 450.82916259765625, 0.27595630288124084]], "patched": [[0, 133.47845458984375, 503.29156494140625, 199.49615478515625, 628.5776977539062, 0.907954216003418], [1, 86.07185363769531, 294.75006103515625, 131.076171875, 346.61297607421875, 0.6550984978675842], [0, 383.6525573730469, 243.1282501220703, 403.7897033691406, 272.41009521484375, 0.6221833825111389], [4, 232.58457946777344, 292.1920166015625, 241.98448181152344, 312.834716796875, 0.584834635257721], [0, 427.51763916015625, 239.77426147460938, 463.27459716796875, 278.9740295410156, 0.5381118655204773], [0, 309.38470458984375, 165.38702392578125, 318.30987548828125, 177.95294189453125, 0.5284140110015869], [4, 296.49420166015625, 186.432861328125, 303.45196533203125, 198.93515014648438, 0.5196124911308289], [0, 322.8219909667969, 188.20477294921875, 335.4493713378906, 205.302734375, 0.38402098417282104], [4, 204.6556396484375, 290.38818359375, 214.32858276367188, 310.9114990234375, 0.3600746989250183], [4, 134.11520385742188, 342.61749267578125, 151.43429565429688, 373.59979248046875, 0.3482299745082855], [0, 284.3763732910156, 144.28509521484375, 293.4603576660156, 154.0594482421875, 0.33338484168052673], [4, 367.1746826171875, 575.7783203125, 385.53076171875, 638.59375, 0.30238112807273865], [4, 358.3152770996094, 194.55836486816406, 362.7762145996094, 204.59751892089844, 0.28865545988082886], [4, 374.2874450683594, 412.40350341796875, 386.9454650878906, 449.74163818359375, 0.27802079916000366]]}