{"clean": [[1, 445.0966796875, 419.5416259765625, 477.150390625, 466.56689453125, 0.8515616059303284], [0, 314.1990661621094, 439.0699157714844, 340.1679992675781, 489.7544250488281, 0.8127444982528687], [4, 581.908935546875, 557.3475341796875, 610.25341796875, 591.2818603515625, 0.7987542152404785], [1, 352.404541015625, 320.836669921875, 366.9859619140625, 342.014404296875, 0.6614915132522583], [4, 597.3323974609375, 508.3196716308594, 635.9737548828125, 542.6102294921875, 0.6225002408027649], [1, 362.025146484375, 350.73272705078125, 377.89239501953125, 373.02655029296875, 0.5819584131240845], [0, 303.1339111328125, 272.8383483886719, 311.0999755859375, 280.7668762207031, 0.572065532207489], [4, 298.1134033203125, 355.5809631347656, 304.0455322265625, 368.8457336425781, 0.5193063616752625], [4, 384.5569763183594, 350.52496337890625, 391.6941223144531, 364.63153076171875, 0.5082683563232422], [4, 260.27020263671875, 418.2210388183594, 271.45892333984375, 438.8050231933594, 0.414318710565567], [0, 343.604248046875, 283.1536865234375, 352.37548828125, 294.95806884765625, 0.37696152925491333], [4, 365.3349914550781, 297.0210266113281, 369.4504699707031, 305.5894470214844, 0.3629485070705414], [4, 285.8372802734375, 357.0681457519531, 291.6741943359375, 371.0812072753906, 0.3523544371128082], [0, 310.1846923828125, 255.7267303466797, 316.4578857421875, 263.73406982421875, 0.35024842619895935], [0, 425.7862854003906, 335.9473876953125, 450.7794494628906, 358.84942626953125, 0.3326336741447449], [0, 597.7364501953125, 591.565185546875, 639.8001708984375, 640.0, 0.3094988465309143], [1, 343.6251525878906, 283.136962890625, 352.3695983886719, 294.8570556640625, 0.3013101816177368], [1, 481.61279296875, 408.4071350097656, 522.3212890625, 458.2818908691406, 0.2869862914085388]], "patched": [[1, 445.1255798339844, 419.45703125, 477.1474304199219, 466.337158203125, 0.8459137082099915], [4, 582.0123291015625, 557.368896484375, 610.1771240234375, 591.246337890625, 0.7980437874794006], [0, 314.2838134765625, 443.13787841796875, 340.1324462890625, 489.90203857421875, 0.6985616087913513], [4, 597.3795166015625, 508.4128112792969, 635.9261474609375, 542.622314453125, 0.6288537979125977], [1, 359.45428466796875, 350.5033264160156, 377.94757080078125, 373.2490539550781, 0.6174349188804626], [1, 352.39013671875, 320.99560546875, 369.37786865234375, 342.164306640625, 0.6102374196052551], [4, 298.1197204589844, 355.4724426269531, 304.0305480957031, 368.8240661621094, 0.5081336498260498], [1, 314.2218017578125, 442.7054443359375, 340.0296630859375, 489.788818359375, 0.5008111000061035], [4, 384.559814453125, 350.5718994140625, 391.68182373046875, 364.6162109375, 0.5002665519714355], [0, 303.09588623046875, 272.70361328125, 310.85906982421875, 280.7220458984375, 0.4844328463077545], [4, 260.33599853515625, 418.16748046875, 271.41790771484375, 438.8033447265625, 0.4301795959472656], [4, 365.34674072265625, 296.9837646484375, 369.44769287109375, 305.5552978515625, 0.3590252101421356], [4, 285.8310852050781, 356.92901611328125, 291.6528015136719, 371.039794921875, 0.34845155477523804], [0, 597.8253173828125, 591.675048828125, 639.7996826171875, 640.0, 0.32955116033554077], [1, 481.67529296875, 408.5684814453125, 522.302490234375, 458.2735595703125, 0.3076860308647156], [0, 426.17913818359375, 335.7408447265625, 451.37255859375, 359.056640625, 0.2989150881767273], [1, 341.55047607421875, 283.33465576171875, 352.4862060546875, 295.16253662109375, 0.2735191285610199]]}