{"clean": [[4, 347.80755615234375, 433.04669189453125, 359.63970947265625, 470.63653564453125, 0.6769898533821106], [0, 200.96311950683594, 592.863037109375, 255.5897979736328, 640.0, 0.6741164922714233], [4, 363.8783874511719, 520.1455078125, 376.7438049316406, 569.92041015625, 0.6639508008956909], [0, 318.9086608886719, 195.202880859375, 332.9925231933594, 219.85919189453125, 0.6101599931716919], [4, 174.46444702148438, 465.1143798828125, 186.78244018554688, 503.3209228515625, 0.6008522510528564], [4, 319.4842529296875, 170.32196044921875, 326.2484130859375, 183.56939697265625, 0.5979194641113281], [4, 162.7288055419922, 438.7935791015625, 178.47425842285156, 471.8765869140625, 0.5049911141395569], [0, 318.0494384765625, 114.680908203125, 329.6878662109375, 126.64816284179688, 0.4632117748260498], [4, 291.4087829589844, 297.244873046875, 299.7349548339844, 318.7998046875, 0.40978536009788513], [4, 325.70880126953125, 144.39117431640625, 330.02398681640625, 153.18890380859375, 0.38452643156051636], [4, 341.72412109375, 196.50323486328125, 347.11767578125, 210.25137329101562, 0.3629722595214844], [4, 244.52438354492188, 346.72265625, 256.49945068359375, 365.97314453125, 0.31795811653137207], [0, 323.425048828125, 107.32418060302734, 334.0, 118.6065902709961, 0.3026908040046692], [4, 168.7698974609375, 606.3951416015625, 193.19857788085938, 639.863037109375, 0.27687928080558777], [4, 353.3857727050781, 415.57550048828125, 362.4001770019531, 435.58538818359375, 0.2684202790260315], [4, 243.22232055664062, 373.66912841796875, 255.96005249023438, 395.6861572265625, 0.2581271827220917], [4, 65.62913513183594, 485.593994140625, 94.41157531738281, 515.564453125, 0.2562050223350525], [4, 485.4881286621094, 396.766357421875, 498.6167297363281, 420.9639892578125, 0.25193318724632263]], "patched": [[4, 347.7935485839844, 433.2810363769531, 359.6596374511719, 470.6358947753906, 0.6648029088973999], [4, 363.896240234375, 521.2012939453125, 376.726806640625, 569.9368896484375, 0.6628789305686951], [4, 174.4309539794922, 465.09893798828125, 186.81068420410156, 503.30621337890625, 0.596034049987793], [4, 319.48443603515625, 171.19677734375, 326.18963623046875, 183.5338134765625, 0.5735358595848083], [0, 318.465576171875, 115.38748168945312, 329.7852783203125, 126.66464233398438, 0.5600115060806274], [4, 162.7548828125, 438.919189453125, 178.508544921875, 471.98895263671875, 0.5178792476654053], [4, 291.37152099609375, 297.89154052734375, 299.78314208984375, 318.7862548828125, 0.43644893169403076], [0, 326.0439453125, 107.57482147216797, 334.4180908203125, 118.44910430908203, 0.4340391159057617], [4, 325.70928955078125, 144.52703857421875, 330.05877685546875, 153.18939208984375, 0.40919822454452515], [4, 341.87213134765625, 197.9621124267578, 346.96722412109375, 209.75807189941406, 0.3907594680786133], [4, 243.93157958984375, 346.6854248046875, 256.4918212890625, 365.9908447265625, 0.3095170855522156], [4, 243.15542602539062, 374.1402282714844, 255.95388793945312, 395.6689147949219, 0.3028371036052704], [4, 485.5174560546875, 396.86590576171875, 498.759765625, 420.96282958984375, 0.2847440838813782], [1, 319.27325439453125, 195.492919921875, 332.88153076171875, 219.8387451171875, 0.272077351808548], [4, 65.6250991821289, 485.6075439453125, 94.4230728149414, 515.5672607421875, 0.27167490124702454], [4, 353.41302490234375, 415.83935546875, 362.3992919921875, 435.5950927734375, 0.2624611258506775]]}