{"clean": [[0, 145.63291931152344, 278.07220458984375, 182.66139221191406, 325.60870361328125, 0.8923246264457703], [0, 523.4855346679688, 9.831771850585938, 548.1477661132812, 50.656982421875, 0.8487920165061951], [0, 414.6904296875, 191.0521697998047, 446.5302734375, 242.1288604736328, 0.846994161605835], [0, 429.2187805175781, 359.96722412109375, 458.7730407714844, 428.17889404296875, 0.8453575372695923], [0, 593.2645263671875, 29.732696533203125, 618.8980712890625, 69.04296875, 0.839216947555542], [0, 585.3123779296875, 136.71481323242188, 608.6236572265625, 178.42178344726562, 0.8172858357429504], [1, 164.31002807617188, 169.78570556640625, 187.02481079101562, 230.8345947265625, 0.6336110234260559], [0, 374.88568115234375, 582.4002075195312, 406.94036865234375, 640.0, 0.6291100978851318], [0, 573.7823486328125, 256.0638427734375, 601.3482666015625, 313.71246337890625, 0.5809558629989624], [0, 494.7269287109375, 436.7254638671875, 524.5926513671875, 511.2252197265625, 0.5692266225814819], [0, 599.676513671875, 458.16070556640625, 635.1435546875, 545.0485229492188, 0.544073224067688], [0, 29.943374633789062, 0.05321502685546875, 54.06464385986328, 27.27800178527832, 0.495442658662796], [0, 29.7940673828125, 0.0, 65.42283630371094, 27.571136474609375, 0.4178270697593689], [3, 599.6959838867188, 456.480712890625, 638.5053100585938, 547.4984130859375, 0.2511870563030243]], "patched": [[0, 145.71066284179688, 278.21075439453125, 182.67794799804688, 325.52325439453125, 0.8946741819381714], [0, 585.5869140625, 136.3807373046875, 608.32373046875, 178.07464599609375, 0.7521324157714844], [0, 593.3043212890625, 29.794754028320312, 618.6334228515625, 69.0054702758789, 0.7490017414093018], [0, 523.4693603515625, 9.790435791015625, 548.1912841796875, 50.624107360839844, 0.7451798319816589], [2, 429.8167724609375, 359.6964111328125, 458.601806640625, 427.8914794921875, 0.7236673831939697], [0, 414.57379150390625, 190.88217163085938, 446.35040283203125, 242.11056518554688, 0.6678605079650879], [1, 165.36318969726562, 169.76861572265625, 187.04925537109375, 230.80410766601562, 0.6614183783531189], [0, 599.803955078125, 458.0537109375, 634.904296875, 545.0830688476562, 0.4687509834766388], [2, 373.55682373046875, 582.7703857421875, 407.04071044921875, 639.9569091796875, 0.4545162320137024], [0, 573.942138671875, 256.5146179199219, 600.64013671875, 313.5660705566406, 0.45313316583633423], [3, 599.7532958984375, 456.37701416015625, 638.3692626953125, 547.5247192382812, 0.32514041662216187], [0, 371.46112060546875, 582.7453002929688, 407.16973876953125, 639.8905639648438, 0.2985672652721405], [1, 494.528076171875, 436.8779296875, 524.619140625, 511.1580810546875, 0.28231289982795715], [0, 494.6304931640625, 436.89892578125, 524.3558349609375, 511.43695068359375, 0.2662990391254425]]}