{"clean": [[2, 337.85723876953125, 132.47698974609375, 358.24700927734375, 182.32601928710938, 0.8343930244445801], [0, 255.07012939453125, 33.231685638427734, 267.76019287109375, 54.46584701538086, 0.8190531730651855], [1, 350.6646728515625, 471.07696533203125, 370.49407958984375, 543.2761840820312, 0.8132880926132202], [0, 279.88970947265625, 109.66398620605469, 292.69927978515625, 137.2989044189453, 0.7979090809822083], [0, 324.593994140625, 311.67352294921875, 341.854248046875, 355.85357666015625, 0.7898024320602417], [0, 253.055419921875, 1.3484477996826172, 267.30694580078125, 19.815685272216797, 0.7832653522491455], [0, 297.62811279296875, 182.54544067382812, 312.30889892578125, 213.24984741210938, 0.7800750732421875], [1, 290.865966796875, 84.88943481445312, 303.4429931640625, 116.05772399902344, 0.7294586300849915], [1, 313.592041015625, 172.98663330078125, 328.3204345703125, 212.604736328125, 0.7000309824943542], [1, 274.7738037109375, 43.22589111328125, 287.6717529296875, 65.19424438476562, 0.5944461822509766], [1, 279.8840026855469, 109.54856872558594, 292.7519836425781, 137.1700439453125, 0.5290398001670837], [1, 313.877197265625, 186.11557006835938, 328.1968994140625, 212.43759155273438, 0.4527932107448578], [0, 137.47805786132812, 152.39340209960938, 149.27151489257812, 173.63125610351562, 0.4339136481285095], [1, 374.9837646484375, 238.0784149169922, 398.071533203125, 279.10858154296875, 0.3514203131198883], [3, 96.30496215820312, 623.4779052734375, 153.3124542236328, 639.91796875, 0.30942413210868835]], "patched": [[2, 337.8594970703125, 132.47781372070312, 358.2353515625, 182.31674194335938, 0.8353182077407837], [0, 255.07101440429688, 33.23546600341797, 267.7546691894531, 54.46354675292969, 0.8191431760787964], [1, 350.66900634765625, 471.09222412109375, 370.48602294921875, 543.2697143554688, 0.8161470890045166], [0, 279.8940734863281, 109.66758728027344, 292.6921691894531, 137.29351806640625, 0.7959032654762268], [0, 297.69720458984375, 182.82118225097656, 312.21954345703125, 213.2184600830078, 0.7917600870132446], [0, 253.05978393554688, 1.353170394897461, 267.3024597167969, 19.811504364013672, 0.7833827137947083], [1, 290.86724853515625, 84.8896484375, 303.43463134765625, 116.05914306640625, 0.7297953367233276], [1, 313.6331787109375, 173.08108520507812, 328.30029296875, 212.57931518554688, 0.6904663443565369], [0, 324.70867919921875, 311.74993896484375, 341.83587646484375, 355.86041259765625, 0.6177119612693787], [1, 274.7769775390625, 43.23058319091797, 287.6661376953125, 65.19256591796875, 0.5982698202133179], [1, 313.62774658203125, 184.50973510742188, 328.16229248046875, 212.40219116210938, 0.5447195172309875], [1, 279.8858642578125, 109.55192565917969, 292.745849609375, 137.1641082763672, 0.5428592562675476], [0, 137.48944091796875, 152.40817260742188, 149.26712036132812, 173.62936401367188, 0.4337991178035736], [3, 96.2899169921875, 623.4993896484375, 153.28665161132812, 639.9190673828125, 0.30846846103668213], [1, 374.9990234375, 238.06494140625, 398.051513671875, 279.08502197265625, 0.29780876636505127]]}