{"clean": [[0, 371.18841552734375, 262.3983459472656, 406.02313232421875, 287.8036193847656, 0.8749053478240967], [0, 375.8538818359375, 365.05584716796875, 411.59783935546875, 392.85687255859375, 0.8544495701789856], [0, 362.2166748046875, 15.390304565429688, 385.27288818359375, 33.77124786376953, 0.8353762626647949], [0, 372.9625549316406, 339.95599365234375, 421.4331970214844, 366.23590087890625, 0.7980188131332397], [0, 371.8312683105469, 539.528564453125, 413.8251037597656, 576.91259765625, 0.789412260055542], [0, 372.17120361328125, 163.20787048339844, 400.11212158203125, 185.4368438720703, 0.7886704206466675], [0, 374.00067138671875, 211.75830078125, 411.62493896484375, 234.57949829101562, 0.7867807745933533], [0, 366.26751708984375, 48.621315002441406, 396.23236083984375, 67.52728271484375, 0.7638620734214783], [0, 369.8058166503906, 589.0390625, 416.8653259277344, 624.1181640625, 0.7389745116233826], [0, 374.12615966796875, 313.1016845703125, 419.04644775390625, 341.3770751953125, 0.7279170751571655], [0, 366.5352783203125, 467.8194580078125, 405.56732177734375, 500.36212158203125, 0.6483514308929443], [0, 371.6087341308594, 289.29931640625, 402.9018859863281, 311.89947509765625, 0.6073623299598694], [0, 374.8619689941406, 96.69126892089844, 400.4250793457031, 117.88172912597656, 0.5724680423736572], [1, 371.3744201660156, 287.848876953125, 402.9625549316406, 311.57904052734375, 0.5309438705444336]], "patched": [[0, 371.2450256347656, 262.549560546875, 406.0281677246094, 287.712646484375, 0.8550795316696167], [0, 375.8525085449219, 365.15673828125, 411.3903503417969, 392.84161376953125, 0.8317739963531494], [0, 362.25811767578125, 15.503926277160645, 385.16363525390625, 33.58003616333008, 0.796745777130127], [0, 372.12200927734375, 163.2235107421875, 399.71044921875, 185.177734375, 0.7757677435874939], [0, 369.7261962890625, 589.1007080078125, 416.7960205078125, 623.8699951171875, 0.741452157497406], [0, 373.95904541015625, 212.3311309814453, 405.07464599609375, 234.4163360595703, 0.7231847643852234], [0, 374.19635009765625, 313.5164489746094, 406.28082275390625, 341.2145690917969, 0.7217298150062561], [0, 372.85736083984375, 340.36016845703125, 415.177490234375, 366.03070068359375, 0.6277446150779724], [0, 366.39019775390625, 468.10552978515625, 405.41705322265625, 500.01995849609375, 0.6251819133758545], [0, 371.84832763671875, 539.54638671875, 413.67828369140625, 576.843505859375, 0.6216306090354919], [0, 366.3133544921875, 51.308860778808594, 394.1116943359375, 67.12032318115234, 0.5745363235473633], [0, 374.588134765625, 102.68232727050781, 400.099365234375, 118.35382080078125, 0.345666766166687], [0, 371.7497253417969, 286.24432373046875, 402.7647399902344, 311.73443603515625, 0.3107655942440033], [0, 374.94903564453125, 98.06614685058594, 400.43048095703125, 116.88232421875, 0.2689043879508972], [1, 371.2640380859375, 288.73187255859375, 402.677978515625, 311.73870849609375, 0.2501301169395447]]}