{"clean": [[2, 26.938217163085938, 313.530029296875, 79.35084533691406, 375.390869140625, 0.862883448600769], [0, 283.1050720214844, 378.47796630859375, 312.6999816894531, 409.73944091796875, 0.8589373230934143], [0, 297.1620178222656, 360.7001953125, 325.7483825683594, 391.91107177734375, 0.8442903757095337], [2, 0.0, 285.69635009765625, 34.3585205078125, 345.64227294921875, 0.8317793011665344], [0, 12.28561782836914, 269.987548828125, 34.27046203613281, 295.973388671875, 0.8233760595321655], [0, 433.23468017578125, 435.2579040527344, 450.07794189453125, 480.5382385253906, 0.8075454831123352], [0, 401.065673828125, 449.08685302734375, 419.4771728515625, 500.87213134765625, 0.789930522441864], [0, 151.82090759277344, 383.0445556640625, 186.59422302246094, 405.0599365234375, 0.7694594264030457], [3, 68.19607543945312, 329.74041748046875, 156.17825317382812, 406.7601318359375, 0.6575332283973694], [2, 223.62396240234375, 323.2096252441406, 287.026123046875, 369.9974670410156, 0.5011790990829468], [1, 64.92552185058594, 323.82574462890625, 105.87129211425781, 353.23565673828125, 0.5009520053863525], [1, 245.37060546875, 360.62310791015625, 276.9324951171875, 394.58282470703125, 0.47126778960227966], [0, 260.37652587890625, 300.08343505859375, 299.99627685546875, 319.78460693359375, 0.4374055862426758], [3, 153.66378784179688, 323.4999084472656, 286.8760681152344, 390.3424377441406, 0.29623138904571533]], "patched": [[2, 27.022872924804688, 313.5621032714844, 79.36752319335938, 375.5590515136719, 0.8626806139945984], [0, 283.28167724609375, 378.7518310546875, 312.61541748046875, 410.48388671875, 0.8480159640312195], [0, 297.12615966796875, 360.2525634765625, 325.53924560546875, 392.0621337890625, 0.8346594572067261], [2, 0.0, 285.6597900390625, 34.44666290283203, 345.685546875, 0.8327005505561829], [0, 433.1920471191406, 435.77691650390625, 449.6361389160156, 480.47967529296875, 0.8112123608589172], [0, 12.59354019165039, 269.93310546875, 34.08771896362305, 295.66650390625, 0.8100000023841858], [0, 400.7081604003906, 448.81549072265625, 419.3969421386719, 501.16204833984375, 0.7646976113319397], [0, 152.13589477539062, 382.9879150390625, 186.61965942382812, 404.0380859375, 0.6988142132759094], [3, 68.1939697265625, 329.73907470703125, 156.2062530517578, 406.83795166015625, 0.6932505369186401], [2, 223.80014038085938, 323.23822021484375, 287.0589904785156, 370.05535888671875, 0.505032479763031], [1, 64.75894165039062, 323.8641357421875, 105.87939453125, 353.246337890625, 0.49347126483917236], [1, 245.4298095703125, 360.7301025390625, 276.99627685546875, 394.5618896484375, 0.37848231196403503]]}