{"clean": [[0, 476.40478515625, 255.95843505859375, 525.696533203125, 320.12451171875, 0.8730214238166809], [0, 428.0788879394531, 186.02029418945312, 477.6267395019531, 261.9615783691406, 0.8694786429405212], [0, 467.2279052734375, 302.383544921875, 515.8644409179688, 365.8310546875, 0.8556777834892273], [0, 497.06060791015625, 217.13082885742188, 545.8246459960938, 284.3649597167969, 0.8408575057983398], [0, 514.0953369140625, 457.8687744140625, 548.2269287109375, 541.2288818359375, 0.7553334832191467], [0, 586.6973876953125, 590.5791015625, 621.6951904296875, 640.0, 0.5931808352470398], [0, 152.50381469726562, 604.9479370117188, 231.54006958007812, 640.0, 0.5922165513038635], [0, 537.81884765625, 495.6009826660156, 571.593994140625, 581.2130126953125, 0.5859786868095398], [0, 490.28759765625, 418.9354248046875, 526.7855224609375, 502.2034912109375, 0.5585606694221497], [1, 537.9510498046875, 495.45001220703125, 571.7869873046875, 581.3082885742188, 0.3234136998653412]], "patched": [[0, 428.3851013183594, 186.06903076171875, 477.5733337402344, 262.0103759765625, 0.8640100359916687], [0, 476.5445556640625, 256.19940185546875, 525.3525390625, 320.21417236328125, 0.8543515801429749], [0, 467.60882568359375, 302.7527160644531, 515.9600219726562, 365.5948791503906, 0.7628093957901001], [0, 497.2809143066406, 217.40472412109375, 545.6658935546875, 284.289794921875, 0.7255390882492065], [0, 538.6958618164062, 495.20208740234375, 571.9458618164062, 581.2637329101562, 0.6552993655204773], [0, 514.693115234375, 457.57196044921875, 548.394775390625, 541.3206787109375, 0.5496947765350342], [0, 587.2781982421875, 590.6693115234375, 621.62548828125, 639.9688720703125, 0.5025004148483276], [0, 152.6103515625, 605.12744140625, 231.12600708007812, 640.0, 0.4931660294532776], [0, 490.5325927734375, 418.948974609375, 526.6470336914062, 502.35919189453125, 0.4809246063232422], [1, 587.083740234375, 590.2816772460938, 621.826171875, 639.8316040039062, 0.30944132804870605]]}