{"clean": [[0, 331.31689453125, 105.07432556152344, 339.67529296875, 125.45222473144531, 0.7924253344535828], [0, 369.8680419921875, 81.7572250366211, 377.6407470703125, 98.11104583740234, 0.7764884233474731], [0, 411.8229064941406, 85.79399108886719, 420.8649597167969, 113.28871154785156, 0.7615060806274414], [0, 316.1210021972656, 173.9293212890625, 325.0281677246094, 195.29843139648438, 0.7410257458686829], [0, 243.03060913085938, 58.60392761230469, 251.15316772460938, 76.30355834960938, 0.7250434756278992], [0, 424.3077392578125, 284.4312744140625, 434.65936279296875, 307.2257080078125, 0.7042034268379211], [0, 410.78057861328125, 40.103248596191406, 419.10894775390625, 56.84947204589844, 0.6988198161125183], [0, 262.07763671875, 486.34088134765625, 279.67047119140625, 533.098876953125, 0.6972744464874268], [0, 407.2022705078125, 252.13656616210938, 418.2935791015625, 285.9430847167969, 0.6623877286911011], [0, 336.9014892578125, 46.195350646972656, 344.4453125, 61.379478454589844, 0.6454386115074158], [0, 287.66021728515625, 454.22576904296875, 297.83990478515625, 479.58624267578125, 0.6247457265853882], [0, 287.5699157714844, 440.93817138671875, 298.1252746582031, 479.56475830078125, 0.5385592579841614], [0, 393.9153747558594, 113.41789245605469, 402.3664245605469, 136.75839233398438, 0.5355331301689148], [0, 397.5496826171875, 0.011143684387207031, 403.92266845703125, 8.432705879211426, 0.44785648584365845], [0, 397.1445617675781, 197.00108337402344, 406.6011657714844, 234.2374725341797, 0.40326356887817383]], "patched": [[0, 331.3232421875, 105.07890319824219, 339.6688232421875, 125.45600891113281, 0.7929235696792603], [0, 369.87994384765625, 81.76331329345703, 377.62994384765625, 98.1073989868164, 0.7771573662757874], [0, 411.8402099609375, 85.80661010742188, 420.8515625, 113.28421020507812, 0.7623297572135925], [0, 316.13592529296875, 173.96493530273438, 324.99273681640625, 195.29299926757812, 0.7409708499908447], [0, 287.71917724609375, 455.34130859375, 297.64556884765625, 479.5732421875, 0.7338757514953613], [0, 243.044189453125, 58.60962677001953, 251.14739990234375, 76.30567169189453, 0.7265231609344482], [0, 424.34765625, 284.5272216796875, 434.636474609375, 307.2156982421875, 0.7121942639350891], [0, 410.7876892089844, 40.109405517578125, 419.1008605957031, 56.84955596923828, 0.6994335055351257], [0, 262.1459045410156, 486.413330078125, 279.6450500488281, 533.094970703125, 0.682810366153717], [0, 407.2858581542969, 252.1484375, 418.2735290527344, 285.95635986328125, 0.6651516556739807], [0, 336.91290283203125, 46.20512008666992, 344.43206787109375, 61.37772750854492, 0.6458023190498352], [0, 393.9266662597656, 113.40376281738281, 402.3456115722656, 136.75706481933594, 0.5375839471817017], [0, 397.5545654296875, 0.011441230773925781, 403.920654296875, 8.431654930114746, 0.452413409948349], [0, 397.1683044433594, 197.01353454589844, 406.5762634277344, 234.2539520263672, 0.4075515866279602], [0, 290.77703857421875, 438.8145751953125, 299.34417724609375, 453.390380859375, 0.27457165718078613]]}