{"clean": [[3, 542.9840698242188, 239.3547821044922, 598.6000366210938, 275.88470458984375, 0.9049849510192871], [2, 59.58188247680664, 196.93966674804688, 98.4522705078125, 233.13735961914062, 0.8396000862121582], [0, 20.437854766845703, 253.0143585205078, 41.65145492553711, 272.43560791015625, 0.8386351466178894], [0, 57.806251525878906, 230.2119140625, 79.09806060791016, 245.07879638671875, 0.8120543360710144], [0, 516.8107299804688, 310.9891357421875, 541.1456909179688, 328.69677734375, 0.7914783358573914], [0, 608.6729125976562, 188.5283660888672, 629.7776489257812, 203.3692169189453, 0.7863733768463135], [0, 275.94866943359375, 220.91758728027344, 297.3538818359375, 236.73744201660156, 0.7592229247093201], [0, 620.130615234375, 202.65463256835938, 639.8995361328125, 218.23483276367188, 0.7507469654083252], [0, 37.74822998046875, 164.14622497558594, 55.750831604003906, 181.72642517089844, 0.7422193884849548], [0, 150.69140625, 420.3460693359375, 163.55194091796875, 458.292724609375, 0.7358388304710388], [0, 413.95330810546875, 329.64044189453125, 438.31170654296875, 344.78375244140625, 0.7335054874420166], [0, 206.88548278808594, 262.10357666015625, 228.7840118408203, 274.36541748046875, 0.7311645150184631], [0, 301.7115173339844, 268.70770263671875, 323.0903625488281, 282.32147216796875, 0.7139992713928223], [0, 145.49774169921875, 216.93124389648438, 165.32656860351562, 234.00289916992188, 0.6946925520896912], [0, 137.68328857421875, 314.6886291503906, 156.7406005859375, 332.1654357910156, 0.6939066052436829], [0, 441.4192810058594, 217.99423217773438, 461.7759704589844, 229.17630004882812, 0.5750269889831543], [0, 296.69635009765625, 194.03994750976562, 314.55682373046875, 207.77792358398438, 0.5249402523040771], [0, 348.91015625, 222.44969177246094, 372.85174560546875, 237.8739776611328, 0.4996696412563324], [0, 435.3193664550781, 0.0, 445.6068420410156, 15.742927551269531, 0.4781341850757599], [1, 569.3636474609375, 69.18190002441406, 591.30517578125, 91.60954284667969, 0.4638272523880005], [0, 441.0908203125, 210.87159729003906, 461.82666015625, 222.7441864013672, 0.40675345063209534]], "patched": [[3, 542.938232421875, 239.30052185058594, 598.63916015625, 275.9381103515625, 0.9048329591751099], [2, 59.62250900268555, 196.8418426513672, 98.53092956542969, 233.15354919433594, 0.8438546657562256], [0, 20.396514892578125, 253.071044921875, 41.789344787597656, 272.3992919921875, 0.8325185179710388], [0, 608.584716796875, 188.37649536132812, 629.824951171875, 203.42636108398438, 0.7902041673660278], [0, 57.22994613647461, 230.2994384765625, 79.0028076171875, 244.84432983398438, 0.7775470614433289], [0, 620.0615234375, 202.5732421875, 639.9091796875, 218.30545043945312, 0.7595264911651611], [0, 137.67897033691406, 315.1624755859375, 156.19151306152344, 332.4337158203125, 0.7491682171821594], [0, 37.719459533691406, 164.12673950195312, 55.778541564941406, 181.75283813476562, 0.7429673671722412], [0, 275.9650573730469, 223.29193115234375, 297.4626159667969, 236.79852294921875, 0.7330929636955261], [0, 206.7879638671875, 261.9952392578125, 228.8841552734375, 274.4510498046875, 0.7252190113067627], [0, 145.39093017578125, 216.9610595703125, 165.4124755859375, 234.01336669921875, 0.6959002017974854], [0, 150.79022216796875, 420.2746276855469, 163.59902954101562, 458.2937316894531, 0.6958281993865967], [0, 517.1754150390625, 316.42681884765625, 541.0252685546875, 328.98724365234375, 0.6925583481788635], [0, 414.02337646484375, 330.257080078125, 438.33892822265625, 344.8873291015625, 0.6290574669837952], [0, 441.3411560058594, 217.86593627929688, 461.8465881347656, 229.19747924804688, 0.5725970268249512], [0, 348.8465270996094, 222.3683319091797, 372.9829406738281, 238.05287170410156, 0.5723353624343872], [0, 296.6278076171875, 193.69436645507812, 314.63543701171875, 207.85482788085938, 0.5354718565940857], [0, 301.7464904785156, 270.151611328125, 323.1100158691406, 282.57025146484375, 0.4919532537460327], [0, 435.27032470703125, 0.0, 445.68743896484375, 15.77541732788086, 0.4805135726928711], [1, 569.3526611328125, 69.19102478027344, 591.3411865234375, 91.61500549316406, 0.47226324677467346], [0, 516.7557373046875, 311.13623046875, 541.2901611328125, 326.509765625, 0.46912679076194763], [0, 440.9804382324219, 210.80348205566406, 461.9023132324219, 223.01014709472656, 0.41359636187553406]]}