{"clean": [[0, 51.113929748535156, 369.18658447265625, 76.08547973632812, 397.34381103515625, 0.8670876026153564], [0, 432.558349609375, 442.3592529296875, 447.3460693359375, 494.4830322265625, 0.7950656414031982], [0, 455.81842041015625, 503.66815185546875, 469.45013427734375, 558.6607055664062, 0.7881984710693359], [0, 444.68927001953125, 321.5799865722656, 459.270263671875, 366.3063659667969, 0.7585130333900452], [0, 367.3106384277344, 561.60693359375, 386.0111999511719, 623.790771484375, 0.7368664741516113], [0, 291.502685546875, 268.974853515625, 310.8858642578125, 319.990478515625, 0.7170546650886536], [0, 395.2205810546875, 336.5631408691406, 412.4720458984375, 385.6717224121094, 0.7159227132797241], [0, 331.50982666015625, 301.76922607421875, 347.21087646484375, 347.8060302734375, 0.670344889163971], [3, 339.2764892578125, 314.9361572265625, 372.3165283203125, 412.1297607421875, 0.6616579294204712], [0, 437.857421875, 25.149477005004883, 448.8843994140625, 56.187255859375, 0.6186962723731995], [3, 316.6640625, 466.62677001953125, 342.0767822265625, 548.693115234375, 0.6080952882766724], [0, 427.3362731933594, 108.01014709472656, 439.4060363769531, 135.87132263183594, 0.5598998069763184], [0, 313.56427001953125, 247.18589782714844, 330.70166015625, 289.1446533203125, 0.5406121611595154], [3, 0.0, 510.5345153808594, 60.47045135498047, 549.3177490234375, 0.536736786365509], [0, 412.32037353515625, 213.46453857421875, 426.4222412109375, 241.2578125, 0.47200635075569153], [0, 294.1466064453125, 505.706787109375, 314.6146240234375, 570.0889892578125, 0.40162238478660583], [4, 321.10205078125, 222.30320739746094, 325.95892333984375, 231.6717987060547, 0.39146682620048523], [0, 279.8919677734375, 39.898948669433594, 295.13824462890625, 67.02948760986328, 0.34189358353614807]], "patched": [[0, 51.35504150390625, 369.10284423828125, 75.79238891601562, 397.53546142578125, 0.7864403128623962], [0, 367.90655517578125, 590.325439453125, 382.42462158203125, 624.771484375, 0.7082200646400452], [0, 455.7315979003906, 503.78912353515625, 469.4809265136719, 558.3878784179688, 0.6850064396858215], [0, 427.5809326171875, 114.29745483398438, 439.5098876953125, 135.84201049804688, 0.6788138747215271], [0, 444.7330627441406, 321.63934326171875, 459.2313537597656, 366.34942626953125, 0.6656079888343811], [3, 339.9927978515625, 315.13714599609375, 371.9249267578125, 412.1357421875, 0.6367695331573486], [0, 291.78997802734375, 290.60882568359375, 306.860595703125, 319.67779541015625, 0.5143482685089111], [3, 331.0451354980469, 302.0823974609375, 347.3769836425781, 347.8616943359375, 0.5140988230705261], [0, 412.41156005859375, 215.2478485107422, 425.90289306640625, 241.2039031982422, 0.5094507336616516], [0, 432.9622802734375, 464.3638610839844, 445.6124267578125, 494.7655334472656, 0.5063048601150513], [0, 331.5844421386719, 301.78143310546875, 347.1340637207031, 347.7626953125, 0.5025722980499268], [3, 316.70867919921875, 466.93865966796875, 341.95501708984375, 549.3511962890625, 0.49603983759880066], [0, 432.8674011230469, 442.32061767578125, 447.3821105957031, 494.471435546875, 0.4859844148159027], [3, 0.0, 510.6234130859375, 60.38657760620117, 549.2088623046875, 0.4647224247455597], [4, 321.2167663574219, 222.4172821044922, 325.9154968261719, 231.55848693847656, 0.4488735496997833], [0, 395.9344787597656, 337.5831298828125, 411.5316467285156, 386.000732421875, 0.4354517161846161], [0, 293.99139404296875, 535.1278686523438, 311.0208740234375, 571.2373657226562, 0.4269031584262848], [0, 437.8415222167969, 34.20904541015625, 448.3846130371094, 56.18119812011719, 0.4191756248474121], [0, 317.2057800292969, 247.55453491210938, 330.8155212402344, 272.4176330566406, 0.39492347836494446], [0, 437.98602294921875, 25.742399215698242, 448.65972900390625, 56.21525573730469, 0.3906650245189667], [0, 370.83294677734375, 561.9862060546875, 385.349853515625, 621.2337646484375, 0.3621685802936554], [0, 280.2463684082031, 53.75404357910156, 292.5601501464844, 67.16525268554688, 0.35287967324256897], [0, 371.7855224609375, 561.6968994140625, 385.038330078125, 597.7935791015625, 0.3187597990036011], [1, 395.9969482421875, 336.5484619140625, 412.00830078125, 385.4923095703125, 0.27649378776550293]]}