{"clean": [[0, 281.2822570800781, 367.8417053222656, 323.3279724121094, 396.0478210449219, 0.7994539737701416], [0, 552.1488037109375, 295.56597900390625, 590.0506591796875, 322.11065673828125, 0.7200124263763428], [0, 164.26431274414062, 333.201416015625, 206.13961791992188, 361.10791015625, 0.6294975876808167], [0, 309.2879943847656, 323.1634826660156, 349.8791809082031, 349.2372131347656, 0.5769065618515015], [0, 82.32615661621094, 351.6990966796875, 100.42875671386719, 380.18505859375, 0.5216880440711975], [0, 59.23276138305664, 355.67279052734375, 99.9931640625, 384.09014892578125, 0.49050840735435486], [0, 174.326416015625, 400.85308837890625, 211.2076416015625, 428.83709716796875, 0.42306146025657654], [0, 398.2514953613281, 250.86956787109375, 442.8579406738281, 281.09112548828125, 0.4140007793903351], [0, 171.43284606933594, 403.26727294921875, 192.21055603027344, 430.29876708984375, 0.3870704174041748], [0, 195.98184204101562, 400.88323974609375, 211.13107299804688, 427.18182373046875, 0.33540698885917664], [0, 1.8686904907226562, 627.7115478515625, 41.417747497558594, 640.0, 0.2909367084503174]], "patched": [[0, 281.348876953125, 368.22198486328125, 323.131103515625, 395.88299560546875, 0.7896682024002075], [0, 399.03326416015625, 250.90988159179688, 425.41021728515625, 280.9323425292969, 0.744947612285614], [0, 309.36572265625, 323.8160400390625, 349.447509765625, 348.97186279296875, 0.575210452079773], [0, 551.9158935546875, 295.33770751953125, 590.2059326171875, 321.74884033203125, 0.568587064743042], [0, 80.64567565917969, 350.5924072265625, 100.42356872558594, 379.85089111328125, 0.5572601556777954], [0, 164.32293701171875, 333.6029052734375, 205.98876953125, 360.906494140625, 0.5312265753746033], [0, 173.27281188964844, 400.565185546875, 211.04872131347656, 429.8370361328125, 0.46726787090301514], [0, 59.25284194946289, 347.877197265625, 100.17550659179688, 383.7772216796875, 0.4641574025154114], [0, 164.80352783203125, 340.84051513671875, 204.3397216796875, 361.15704345703125, 0.259417325258255], [0, 2.1344223022460938, 627.6640014648438, 41.329132080078125, 640.0, 0.25370341539382935]]}