{"clean": [[1, 209.46353149414062, 421.60784912109375, 239.83151245117188, 467.83953857421875, 0.8567008376121521], [0, 349.6527099609375, 452.176513671875, 379.0428466796875, 508.3990478515625, 0.8027880787849426], [0, 227.66012573242188, 371.13568115234375, 256.3770751953125, 422.69903564453125, 0.7312398552894592], [0, 291.036376953125, 287.0621032714844, 306.2861328125, 305.6703186035156, 0.657500684261322], [0, 436.4894714355469, 565.18701171875, 467.9964294433594, 628.115966796875, 0.58133864402771], [4, 74.5938720703125, 379.908203125, 85.36796569824219, 401.34515380859375, 0.5350945591926575], [4, 117.99527740478516, 432.14227294921875, 141.80587768554688, 451.64923095703125, 0.5005283951759338], [1, 268.3422546386719, 298.1636657714844, 286.0486145019531, 320.9665222167969, 0.49414193630218506], [1, 244.79940795898438, 346.3013916015625, 267.0102233886719, 382.19091796875, 0.4904198944568634], [4, 64.85592651367188, 319.15484619140625, 79.48934936523438, 336.21685791015625, 0.4437206983566284], [0, 267.8212890625, 281.9801940917969, 288.8837890625, 300.9585266113281, 0.4145515561103821], [0, 297.02362060546875, 260.6661376953125, 310.66363525390625, 276.6461181640625, 0.37226060032844543], [0, 277.6078796386719, 272.47698974609375, 294.3067932128906, 290.27032470703125, 0.364703506231308], [1, 267.96478271484375, 281.5077819824219, 288.6656494140625, 300.9523010253906, 0.3580612242221832], [4, 288.6476135253906, 422.022216796875, 299.2973937988281, 441.760009765625, 0.35659676790237427], [0, 175.11251831054688, 466.25958251953125, 243.90750122070312, 530.2035522460938, 0.35485023260116577], [4, 324.0831298828125, 364.79400634765625, 336.1207275390625, 382.65155029296875, 0.3410933315753937], [4, 49.9752197265625, 460.99395751953125, 70.65695190429688, 484.33404541015625, 0.3170320391654968], [4, 267.32147216796875, 548.2186889648438, 287.35052490234375, 597.4196166992188, 0.2741377055644989]], "patched": [[1, 209.5516815185547, 421.487060546875, 239.8196258544922, 468.17529296875, 0.8384854197502136], [0, 349.8046875, 452.148193359375, 378.64892578125, 508.322021484375, 0.8266329765319824], [4, 74.60504150390625, 379.7835693359375, 85.29547119140625, 401.2962646484375, 0.5301787257194519], [0, 436.3741455078125, 565.3887939453125, 468.08837890625, 628.2059326171875, 0.5280953049659729], [0, 123.20726776123047, 612.25927734375, 203.26251220703125, 640.0, 0.49156224727630615], [4, 64.85368347167969, 318.93646240234375, 79.53126525878906, 336.2357177734375, 0.48381808400154114], [4, 118.33235168457031, 432.26904296875, 141.8314666748047, 451.40655517578125, 0.4559856355190277], [1, 227.18142700195312, 376.1349182128906, 256.0983581542969, 422.8645935058594, 0.4530004560947418], [4, 288.6070861816406, 418.98828125, 299.3166809082031, 441.6065673828125, 0.3459860682487488], [4, 50.030479431152344, 460.9100036621094, 70.60382080078125, 484.3544006347656, 0.29863840341567993], [0, 171.92745971679688, 465.97613525390625, 244.0474853515625, 548.1414184570312, 0.29543572664260864], [4, 267.3232116699219, 547.4757080078125, 287.3497619628906, 597.28955078125, 0.277448832988739], [4, 274.55389404296875, 383.70965576171875, 287.32647705078125, 405.49334716796875, 0.2605828642845154]]}