{"clean": [[0, 295.7889709472656, 447.91680908203125, 324.1481018066406, 501.93475341796875, 0.8595959544181824], [1, 249.89520263671875, 523.799072265625, 285.6529541015625, 633.20703125, 0.8543099761009216], [4, 411.6684875488281, 579.955322265625, 450.8541564941406, 639.702392578125, 0.8172990083694458], [0, 365.63525390625, 344.22186279296875, 386.2432861328125, 376.05426025390625, 0.8069449663162231], [0, 199.1749267578125, 426.45184326171875, 229.41854858398438, 494.79217529296875, 0.7763803601264954], [0, 208.27728271484375, 394.22784423828125, 240.37713623046875, 441.11541748046875, 0.7703455090522766], [0, 144.87399291992188, 567.270751953125, 203.88546752929688, 639.645751953125, 0.7108141779899597], [0, 151.91676330566406, 426.34918212890625, 192.4400177001953, 479.34429931640625, 0.6861957907676697], [4, 278.9189147949219, 404.8015441894531, 288.5568542480469, 432.6963806152344, 0.5817636847496033], [4, 278.54486083984375, 334.53204345703125, 289.14288330078125, 355.89410400390625, 0.5042603015899658], [0, 249.5258331298828, 284.8975830078125, 278.84820556640625, 312.4390869140625, 0.494672566652298], [0, 217.9234619140625, 343.4742431640625, 251.8739013671875, 403.21826171875, 0.4780215919017792], [4, 252.41351318359375, 489.6300048828125, 264.0029296875, 521.02734375, 0.39117658138275146], [4, 307.503662109375, 239.5848388671875, 315.868896484375, 250.34967041015625, 0.3634626865386963], [4, 318.45257568359375, 411.76068115234375, 332.46905517578125, 439.56182861328125, 0.322346031665802], [4, 451.7337646484375, 568.1282958984375, 482.4605712890625, 608.4261474609375, 0.2794167101383209], [1, 235.5041961669922, 284.63397216796875, 278.69891357421875, 313.18426513671875, 0.2650858163833618]], "patched": [[1, 249.80123901367188, 523.7750854492188, 285.7806091308594, 633.3629760742188, 0.8514193892478943], [0, 295.8899230957031, 448.15576171875, 324.1780090332031, 502.19781494140625, 0.8281795382499695], [4, 411.6461181640625, 580.0132446289062, 450.862548828125, 639.7036743164062, 0.8136230111122131], [0, 365.8061218261719, 344.530029296875, 386.3109436035156, 375.9141845703125, 0.7864400148391724], [0, 199.1605224609375, 428.6343688964844, 229.4847412109375, 494.8294982910156, 0.7610448002815247], [0, 207.89682006835938, 392.05584716796875, 240.82974243164062, 441.22747802734375, 0.7518624067306519], [4, 278.860107421875, 405.5015869140625, 288.61822509765625, 432.74658203125, 0.5759741067886353], [0, 139.12173461914062, 419.6500244140625, 198.68289184570312, 482.66705322265625, 0.510330319404602], [4, 278.53533935546875, 334.90228271484375, 289.11322021484375, 355.88165283203125, 0.5088716149330139], [0, 249.28988647460938, 284.8907470703125, 278.8658752441406, 312.4124755859375, 0.5070476531982422], [0, 149.33157348632812, 566.86865234375, 203.86514282226562, 637.945556640625, 0.4588238298892975], [4, 252.34884643554688, 489.9302978515625, 264.0883483886719, 521.199951171875, 0.3857537806034088], [4, 307.4907531738281, 239.63580322265625, 315.7122497558594, 250.3990478515625, 0.3588778078556061], [4, 318.3583984375, 411.9852294921875, 332.4864501953125, 439.680908203125, 0.3393114507198334], [1, 240.9254608154297, 284.934326171875, 278.99127197265625, 312.452880859375, 0.2560937702655792]]}