{"clean": [[0, 93.64210510253906, 437.5701904296875, 148.95188903808594, 530.8262939453125, 0.8619325757026672], [0, 108.64117431640625, 326.2950439453125, 142.72305297851562, 364.5084228515625, 0.8592993021011353], [1, 131.28030395507812, 292.64129638671875, 165.45455932617188, 330.9234619140625, 0.7924705147743225], [0, 307.5042419433594, 156.19406127929688, 314.6515197753906, 165.54052734375, 0.647162139415741], [0, 334.3306884765625, 152.0379180908203, 342.09368896484375, 161.10377502441406, 0.6192353367805481], [4, 242.42208862304688, 308.6824645996094, 251.05667114257812, 331.7676696777344, 0.6016502976417542], [2, 503.40472412109375, 486.00665283203125, 589.9865112304688, 640.0, 0.5492576360702515], [0, 314.989013671875, 151.33114624023438, 321.7301025390625, 157.92367553710938, 0.49543264508247375], [4, 262.9093017578125, 184.39193725585938, 267.94384765625, 192.87310791015625, 0.4902782440185547], [0, 192.06654357910156, 223.65081787109375, 209.1276397705078, 245.49761962890625, 0.45941564440727234], [4, 271.1388244628906, 183.8356475830078, 275.4160461425781, 193.20521545410156, 0.4211483895778656], [4, 275.9439697265625, 184.35195922851562, 279.7025146484375, 193.47177124023438, 0.3771216571331024], [0, 291.1497497558594, 142.88775634765625, 296.5971984863281, 148.90380859375, 0.3605297803878784], [0, 397.523681640625, 300.531494140625, 429.869384765625, 337.423828125, 0.35132715106010437], [4, 328.8114013671875, 159.42034912109375, 333.36883544921875, 166.1597900390625, 0.3470524549484253], [4, 290.00091552734375, 215.41390991210938, 295.34320068359375, 228.76547241210938, 0.31233566999435425], [4, 338.55706787109375, 225.97793579101562, 343.60455322265625, 239.04232788085938, 0.2949260175228119]], "patched": [[0, 108.384521484375, 326.36419677734375, 142.74505615234375, 364.62261962890625, 0.853385329246521], [1, 131.30047607421875, 292.59649658203125, 165.461181640625, 330.896484375, 0.775578498840332], [0, 93.26052856445312, 436.852294921875, 149.08621215820312, 530.751953125, 0.6558221578598022], [0, 334.255859375, 151.4523162841797, 342.1923828125, 161.6132354736328, 0.621282160282135], [4, 242.42068481445312, 308.54876708984375, 251.0491943359375, 331.75811767578125, 0.5883509516716003], [0, 307.40972900390625, 156.0557403564453, 314.65557861328125, 165.63182067871094, 0.4879125952720642], [4, 262.8875732421875, 184.1396484375, 268.0091552734375, 192.90188598632812, 0.48733994364738464], [0, 192.03915405273438, 223.60443115234375, 208.9981689453125, 245.51239013671875, 0.44405290484428406], [4, 271.11279296875, 183.63726806640625, 275.43798828125, 193.2412109375, 0.43899059295654297], [0, 314.7980041503906, 149.04977416992188, 321.8021545410156, 157.88021850585938, 0.43311023712158203], [0, 397.60791015625, 300.03497314453125, 429.6817626953125, 337.30731201171875, 0.37928906083106995], [4, 275.91546630859375, 184.06195068359375, 279.73712158203125, 193.46905517578125, 0.36947181820869446], [4, 328.9215087890625, 159.45352172851562, 333.1851806640625, 166.11416625976562, 0.36887678503990173], [4, 289.9605712890625, 215.26559448242188, 295.372802734375, 228.75677490234375, 0.28647416830062866], [4, 338.537109375, 225.79562377929688, 343.6102294921875, 239.02450561523438, 0.2574864625930786], [0, 92.20054626464844, 437.18011474609375, 148.34597778320312, 503.12939453125, 0.2520603835582733]]}