{"clean": [[0, 139.54806518554688, 581.1522827148438, 201.27883911132812, 640.0, 0.9122081995010376], [0, 175.1846466064453, 529.4977416992188, 219.59449768066406, 587.5978393554688, 0.8770415782928467], [0, 241.67453002929688, 426.33343505859375, 261.33795166015625, 445.7119140625, 0.7636806964874268], [0, 274.46343994140625, 420.723876953125, 292.82830810546875, 449.2059326171875, 0.7463088035583496], [0, 297.69708251953125, 383.47332763671875, 308.86846923828125, 398.14471435546875, 0.740718424320221], [0, 292.57666015625, 398.65863037109375, 306.1409912109375, 416.56512451171875, 0.6895272731781006], [0, 385.78277587890625, 525.4528198242188, 422.0067138671875, 574.2833862304688, 0.6850405335426331], [0, 276.3935546875, 394.68572998046875, 288.572998046875, 409.02142333984375, 0.6708621978759766], [0, 255.90481567382812, 401.2859191894531, 270.9645690917969, 420.5245056152344, 0.6560141444206238], [0, 237.62744140625, 434.0583801269531, 259.22381591796875, 455.0851745605469, 0.6416218876838684], [0, 279.213134765625, 386.7286071777344, 292.5931396484375, 401.8034973144531, 0.6329321265220642], [0, 284.298828125, 375.12811279296875, 295.2659912109375, 386.1715087890625, 0.34415921568870544], [4, 312.950927734375, 392.6557312011719, 318.4141845703125, 402.3423767089844, 0.2819286584854126], [0, 283.70361328125, 378.38226318359375, 294.9366455078125, 390.18060302734375, 0.281278520822525], [0, 286.3989562988281, 367.3250732421875, 298.1852111816406, 379.547119140625, 0.2647324800491333]], "patched": [[0, 139.67359924316406, 580.8718872070312, 200.7228240966797, 639.9192504882812, 0.908714771270752], [0, 174.8984375, 529.534912109375, 219.02685546875, 586.2447509765625, 0.8386160731315613], [0, 276.32275390625, 396.59259033203125, 288.7432861328125, 409.15142822265625, 0.7389905452728271], [0, 297.7768249511719, 383.5624694824219, 308.8812561035156, 398.1643371582031, 0.7303783893585205], [0, 292.596923828125, 400.1903381347656, 305.9820556640625, 416.5621643066406, 0.7037721276283264], [0, 274.4228515625, 420.77606201171875, 292.69091796875, 449.15838623046875, 0.6424784064292908], [0, 385.50189208984375, 525.4703369140625, 422.45977783203125, 574.1312255859375, 0.6314818263053894], [0, 256.00640869140625, 401.2784423828125, 270.88360595703125, 420.1378173828125, 0.627126157283783], [0, 279.5923767089844, 390.9350280761719, 292.5702209472656, 402.1180725097656, 0.5973657965660095], [0, 241.49267578125, 425.26495361328125, 259.09991455078125, 441.54400634765625, 0.4880131185054779], [0, 280.3946533203125, 386.307861328125, 292.6595458984375, 396.6761474609375, 0.3744296729564667], [4, 312.9119873046875, 392.0946044921875, 318.5291748046875, 402.259033203125, 0.27659672498703003], [0, 283.4209289550781, 378.84454345703125, 294.3987731933594, 391.19976806640625, 0.25868695974349976]]}