{"clean": [[0, 163.12246704101562, 504.7042236328125, 224.26412963867188, 639.596923828125, 0.9233284592628479], [0, 524.99853515625, 366.73406982421875, 576.15576171875, 429.37750244140625, 0.8838003873825073], [0, 590.0997314453125, 392.50921630859375, 636.1275634765625, 462.98687744140625, 0.8443635106086731], [0, 178.68896484375, 215.4404296875, 199.562744140625, 245.81011962890625, 0.7758201360702515], [0, 242.70013427734375, 243.60125732421875, 262.537353515625, 277.166015625, 0.7743467092514038], [0, 51.07383728027344, 311.4830627441406, 96.80552673339844, 354.4263610839844, 0.7405335307121277], [0, 566.6875, 451.3797607421875, 627.8824462890625, 517.1265258789062, 0.7117617726325989], [1, 230.19595336914062, 190.71417236328125, 243.31155395507812, 212.086669921875, 0.6791960000991821], [1, 407.983642578125, 255.7005615234375, 437.7342529296875, 303.78448486328125, 0.6163654327392578], [4, 210.2369384765625, 220.801513671875, 217.0079345703125, 236.67990112304688, 0.4930398166179657], [0, 297.7085876464844, 203.74365234375, 313.2145690917969, 228.4964599609375, 0.46541643142700195], [0, 245.92886352539062, 170.46884155273438, 257.5136413574219, 187.98416137695312, 0.4469118118286133], [1, 297.84649658203125, 203.7085418701172, 313.0772705078125, 228.29026794433594, 0.40147164463996887], [0, 408.0470886230469, 255.75140380859375, 437.6492004394531, 303.28936767578125, 0.3571279048919678], [4, 509.9903564453125, 452.2037353515625, 529.1842041015625, 492.6298828125, 0.26307037472724915]], "patched": [[0, 163.1109619140625, 505.13201904296875, 224.42620849609375, 639.7200317382812, 0.9226742386817932], [0, 524.8447265625, 366.7331848144531, 576.279052734375, 429.4717712402344, 0.8604024648666382], [0, 178.91184997558594, 215.20480346679688, 199.82997131347656, 245.65414428710938, 0.7613180875778198], [0, 589.6529541015625, 392.29718017578125, 636.3192138671875, 464.65155029296875, 0.7402403950691223], [0, 51.497127532958984, 311.45184326171875, 97.09259033203125, 354.7392578125, 0.736586332321167], [0, 297.91156005859375, 204.13223266601562, 313.16839599609375, 228.4310302734375, 0.7044127583503723], [0, 242.79873657226562, 243.80093383789062, 262.7030944824219, 277.3276062011719, 0.6750832200050354], [1, 230.1082000732422, 190.87469482421875, 243.3654022216797, 212.0992431640625, 0.646560788154602], [1, 245.98825073242188, 170.82168579101562, 257.33258056640625, 188.10147094726562, 0.5947709083557129], [4, 210.1363525390625, 220.91336059570312, 217.1956787109375, 236.75439453125, 0.5267468094825745], [4, 509.82476806640625, 451.9949951171875, 529.7749633789062, 492.840087890625, 0.314375102519989], [0, 245.8173828125, 171.13284301757812, 257.43316650390625, 188.43258666992188, 0.26865556836128235]]}