{"clean": [[0, 376.8053283691406, 559.396484375, 411.0585021972656, 639.93408203125, 0.8826221823692322], [0, 294.3183898925781, 439.196044921875, 323.0628356933594, 506.9493408203125, 0.8667240738868713], [0, 168.08078002929688, 268.2781982421875, 201.71676635742188, 296.4302978515625, 0.8341273069381714], [0, 155.87030029296875, 281.07061767578125, 195.3062744140625, 313.77923583984375, 0.8125783801078796], [0, 320.24456787109375, 130.93124389648438, 329.49200439453125, 144.10250854492188, 0.6277085542678833], [0, 352.40130615234375, 219.2960205078125, 365.49151611328125, 240.5404052734375, 0.56407630443573], [4, 359.89190673828125, 332.718017578125, 376.41815185546875, 348.7293701171875, 0.534960925579071], [0, 1.6008682250976562, 308.171142578125, 56.0263557434082, 341.7391357421875, 0.5211442708969116], [4, 317.5919189453125, 201.09442138671875, 324.83599853515625, 214.34027099609375, 0.4826417565345764], [0, 321.93365478515625, 155.8824462890625, 331.51080322265625, 166.657958984375, 0.40993374586105347], [4, 310.23101806640625, 231.90380859375, 317.8970947265625, 247.18975830078125, 0.39843204617500305], [4, 359.3303527832031, 438.158935546875, 370.9702453613281, 457.9473876953125, 0.3852294981479645], [4, 325.1892395019531, 404.3865966796875, 335.1603088378906, 437.24169921875, 0.37304580211639404], [0, 322.73907470703125, 141.94215393066406, 330.82940673828125, 153.62269592285156, 0.358187198638916], [4, 313.52008056640625, 188.7681884765625, 319.53375244140625, 200.630615234375, 0.2778083086013794], [0, 274.1368713378906, 153.61695861816406, 291.1523132324219, 170.3723602294922, 0.2606114447116852]], "patched": [[1, 294.57318115234375, 439.456298828125, 322.91925048828125, 507.3082275390625, 0.7108272910118103], [0, 168.43954467773438, 268.42913818359375, 201.3326416015625, 297.32586669921875, 0.6718986630439758], [0, 321.50335693359375, 157.20172119140625, 331.4449462890625, 166.62030029296875, 0.5994436144828796], [1, 377.15447998046875, 559.65087890625, 411.04266357421875, 639.9232177734375, 0.5971305966377258], [4, 317.55364990234375, 200.88217163085938, 324.91290283203125, 214.33187866210938, 0.5122265219688416], [0, 376.97784423828125, 559.5548095703125, 411.55706787109375, 639.8695068359375, 0.4774024784564972], [4, 359.927001953125, 330.968017578125, 376.5316162109375, 348.5994873046875, 0.4585890471935272], [4, 310.205322265625, 231.99554443359375, 317.932373046875, 247.23419189453125, 0.43132665753364563], [4, 359.272705078125, 438.77197265625, 371.03314208984375, 458.25439453125, 0.3794645369052887], [0, 156.83238220214844, 281.1534423828125, 195.23789978027344, 313.8414306640625, 0.3414345383644104], [4, 325.0960693359375, 404.80548095703125, 335.20947265625, 437.2352294921875, 0.30371806025505066], [4, 313.46649169921875, 188.8436279296875, 319.53192138671875, 200.627685546875, 0.3008003532886505], [1, 156.9581298828125, 281.15924072265625, 195.46881103515625, 314.12689208984375, 0.29659488797187805], [0, 352.43475341796875, 219.63784790039062, 365.37335205078125, 240.60781860351562, 0.2935311198234558], [0, 21.62944221496582, 307.94451904296875, 56.07177734375, 341.65948486328125, 0.28662338852882385], [0, 339.4329528808594, 133.74285888671875, 350.2749328613281, 143.83392333984375, 0.25803592801094055]]}