{"clean": [[0, 368.5648498535156, 495.82867431640625, 396.1622009277344, 563.4450073242188, 0.8856965899467468], [0, 233.92971801757812, 205.15756225585938, 261.6596374511719, 229.19558715820312, 0.8350152969360352], [0, 303.7357177734375, 133.48226928710938, 318.832763671875, 148.13101196289062, 0.7064986228942871], [0, 210.3292236328125, 209.57772827148438, 247.97613525390625, 237.05825805664062, 0.6685696244239807], [4, 325.3395080566406, 350.28948974609375, 337.1853332519531, 369.38482666015625, 0.6240526437759399], [0, 326.803955078125, 128.83096313476562, 341.66180419921875, 143.50860595703125, 0.5615835189819336], [1, 366.00048828125, 133.45460510253906, 380.4793701171875, 152.97325134277344, 0.5420663356781006], [0, 336.08245849609375, 211.671875, 355.71112060546875, 230.681640625, 0.5351954698562622], [0, 275.7158203125, 169.0792694091797, 298.225830078125, 188.14808654785156, 0.5154456496238708], [4, 328.3809814453125, 490.30413818359375, 340.427490234375, 526.9240112304688, 0.4609079658985138], [4, 352.0023193359375, 255.42660522460938, 364.313232421875, 270.9772644042969, 0.4388920068740845], [0, 370.7541809082031, 100.3720703125, 378.7099914550781, 113.950439453125, 0.3811240792274475], [4, 396.56390380859375, 124.39366149902344, 400.72528076171875, 132.2870330810547, 0.31883880496025085], [4, 429.7432861328125, 479.71380615234375, 439.3931884765625, 498.45855712890625, 0.27781736850738525], [1, 370.8746643066406, 99.91920471191406, 378.8466491699219, 113.80265808105469, 0.26432013511657715]], "patched": [[4, 325.2545166015625, 349.6553955078125, 337.39892578125, 369.41619873046875, 0.6282417178153992], [3, 372.23162841796875, 84.13743591308594, 380.85955810546875, 98.43135070800781, 0.5927742719650269], [4, 328.16058349609375, 489.72698974609375, 340.70037841796875, 526.7949829101562, 0.5054236650466919], [0, 365.63385009765625, 139.3370361328125, 380.47796630859375, 153.31414794921875, 0.49610573053359985], [3, 368.75628662109375, 98.422119140625, 378.78936767578125, 114.7030029296875, 0.4479348361492157], [4, 352.02044677734375, 253.08392333984375, 364.4466552734375, 271.04266357421875, 0.44258221983909607], [1, 368.63275146484375, 98.54191589355469, 378.73150634765625, 114.81752014160156, 0.43090391159057617], [1, 303.28173828125, 131.51992797851562, 316.02825927734375, 148.19284057617188, 0.4018118679523468], [1, 369.0015869140625, 117.54745483398438, 379.1524658203125, 132.33633422851562, 0.34255462884902954], [1, 382.03961181640625, 142.1092529296875, 397.38958740234375, 160.21368408203125, 0.30618441104888916], [4, 396.6346435546875, 123.71487426757812, 400.74169921875, 132.20420837402344, 0.27684256434440613], [0, 368.29754638671875, 495.58734130859375, 395.89019775390625, 563.4580688476562, 0.27656927704811096]]}