{"clean": [[0, 9.126937866210938, 43.901641845703125, 211.09033203125, 241.82525634765625, 0.5405932664871216], [0, 56.53142547607422, 38.019004821777344, 267.34765625, 228.03591918945312, 0.42849695682525635]], "patched": [[0, 59.32012176513672, 52.473663330078125, 259.3621826171875, 138.54953002929688, 0.3509727120399475], [0, 40.431854248046875, 176.04669189453125, 253.9598388671875, 272.6845703125, 0.31523558497428894], [0, 23.994476318359375, 142.59909057617188, 246.9254150390625, 204.20718383789062, 0.2725309133529663]]}