{"clean": [[0, 597.3087158203125, 199.5072479248047, 639.944580078125, 242.1862030029297, 0.8135758638381958], [0, 7.666217803955078, 236.40097045898438, 54.33148956298828, 277.1226501464844, 0.6569188237190247]], "patched": [[0, 597.4566650390625, 200.1175537109375, 639.8468017578125, 237.7012939453125, 0.7669263482093811], [1, 530.038330078125, 129.56051635742188, 554.26318359375, 142.98574829101562, 0.6499024629592896], [1, 9.246642112731934, 261.2086181640625, 39.81317901611328, 277.1287841796875, 0.46701768040657043], [1, 599.2020263671875, 228.59100341796875, 628.5133056640625, 242.640625, 0.391947865486145]]}