{"clean": [[4, 119.98793029785156, 294.8345642089844, 148.7328338623047, 323.9157409667969, 0.666545569896698], [0, 579.3797607421875, 142.33798217773438, 639.4129638671875, 169.35446166992188, 0.6383275389671326], [4, 312.0245361328125, 183.1815185546875, 328.6466064453125, 200.7725830078125, 0.574916660785675], [1, 52.14488983154297, 35.06829833984375, 72.72431182861328, 47.2783203125, 0.4099179208278656], [4, 305.3271789550781, 177.86572265625, 321.6855163574219, 193.797119140625, 0.3991580009460449], [0, 0.00933980941772461, 36.69782257080078, 6.589768886566162, 47.04731750488281, 0.38432571291923523], [4, 499.67315673828125, 237.56344604492188, 528.4813842773438, 257.3878173828125, 0.3592758774757385], [4, 323.50408935546875, 190.525390625, 341.89996337890625, 212.45883178710938, 0.34884461760520935], [4, 414.1434020996094, 224.90374755859375, 431.6631164550781, 251.18072509765625, 0.3289277255535126], [4, 414.14404296875, 313.49896240234375, 434.417724609375, 354.29632568359375, 0.32711344957351685], [4, 162.1435089111328, 77.54542541503906, 176.30894470214844, 88.29667663574219, 0.3249661326408386], [4, 318.6427001953125, 187.96099853515625, 339.60296630859375, 208.615966796875, 0.31534501910209656], [4, 459.8311767578125, 199.77911376953125, 479.394775390625, 221.765625, 0.3123771846294403], [4, 299.6656494140625, 173.93008422851562, 315.4345703125, 189.87142944335938, 0.30179572105407715], [4, 536.617431640625, 188.7882537841797, 559.3709716796875, 206.8816680908203, 0.2767188549041748], [4, 274.60150146484375, 103.58746337890625, 293.84747314453125, 118.415771484375, 0.2508692443370819]], "patched": [[4, 119.98605346679688, 295.5252685546875, 148.72854614257812, 323.8790283203125, 0.645849883556366], [0, 579.2379760742188, 142.27630615234375, 639.4369506835938, 169.52215576171875, 0.641234815120697], [4, 312.0689697265625, 183.2030029296875, 328.6851806640625, 200.70855712890625, 0.5751404166221619], [1, 51.96244812011719, 35.043724060058594, 72.7156982421875, 47.26292419433594, 0.4201594591140747], [4, 305.345458984375, 177.911376953125, 321.7318115234375, 193.611083984375, 0.4105875492095947], [0, 0.009244918823242188, 36.625885009765625, 6.626975059509277, 47.05995178222656, 0.3816147744655609], [4, 499.64813232421875, 237.52471923828125, 528.5032348632812, 257.4246826171875, 0.37110456824302673], [4, 414.1020812988281, 313.2294616699219, 434.4747009277344, 354.3164978027344, 0.35890376567840576], [4, 323.4930725097656, 190.53958129882812, 341.9222717285156, 212.47677612304688, 0.3357589840888977], [4, 299.74371337890625, 174.10964965820312, 315.44281005859375, 189.62820434570312, 0.325338214635849], [4, 162.11251831054688, 77.50721740722656, 176.32962036132812, 88.33512878417969, 0.31493204832077026], [4, 414.115478515625, 225.43807983398438, 431.5543212890625, 251.16311645507812, 0.3016752600669861], [4, 459.823486328125, 199.77133178710938, 479.4342041015625, 221.76614379882812, 0.30045855045318604], [4, 318.62689208984375, 187.95428466796875, 339.97314453125, 208.7064208984375, 0.2991634011268616], [4, 536.5852661132812, 188.70278930664062, 559.3825073242188, 206.89706420898438, 0.289870947599411], [4, 296.47955322265625, 168.116943359375, 310.91058349609375, 183.08551025390625, 0.2887013554573059], [4, 274.583740234375, 103.48464965820312, 293.8519287109375, 118.44216918945312, 0.25389614701271057]]}