{"clean": [[0, 545.18408203125, 521.556396484375, 585.741943359375, 570.493896484375, 0.8570501208305359], [0, 344.2394714355469, 505.53253173828125, 383.0715026855469, 542.7039184570312, 0.8041859865188599], [0, 344.2857666015625, 410.5643310546875, 381.95819091796875, 447.1195068359375, 0.8038424253463745], [0, 222.16958618164062, 521.8896484375, 257.0502624511719, 557.2041015625, 0.7896713614463806], [0, 406.4171142578125, 447.4808349609375, 445.0611572265625, 488.3389892578125, 0.7788509726524353], [0, 209.30929565429688, 250.76795959472656, 246.86520385742188, 281.1201171875, 0.7672512531280518], [0, 446.17132568359375, 379.128662109375, 482.02032470703125, 418.03955078125, 0.7567741870880127], [0, 420.6190490722656, 498.5084228515625, 459.0473327636719, 534.9620361328125, 0.7491108775138855], [0, 118.35931396484375, 381.69927978515625, 150.83486938476562, 401.18939208984375, 0.5913143754005432], [0, 153.12637329101562, 473.66241455078125, 186.48153686523438, 497.974609375, 0.5549216866493225], [3, 170.705810546875, 344.6831359863281, 255.45867919921875, 396.1738586425781, 0.44195815920829773], [0, 120.14402770996094, 373.94830322265625, 150.91551208496094, 389.2918701171875, 0.42723196744918823], [0, 248.01446533203125, 465.34881591796875, 280.220703125, 493.654052734375, 0.27339380979537964], [3, 546.4007568359375, 267.0124816894531, 605.7860107421875, 331.7820739746094, 0.2690183222293854]], "patched": [[1, 255.16976928710938, 489.12200927734375, 277.0203552246094, 505.17279052734375, 0.7929404973983765], [1, 452.753173828125, 403.0390930175781, 471.6094970703125, 416.2582092285156, 0.7600286602973938], [1, 259.1867980957031, 479.87615966796875, 280.1369934082031, 494.63201904296875, 0.7197625637054443], [1, 455.4010314941406, 394.86328125, 474.3719787597656, 407.09375, 0.7174659967422485], [1, 554.1591796875, 545.5185546875, 575.7542724609375, 557.994384765625, 0.7095475196838379], [1, 412.76641845703125, 465.9275817871094, 434.39373779296875, 478.1230773925781, 0.6974239945411682], [1, 553.5299072265625, 555.6064453125, 578.5975341796875, 569.818115234375, 0.6900714039802551], [1, 429.04315185546875, 525.0469970703125, 448.58526611328125, 536.2515869140625, 0.6649321913719177], [0, 223.86126708984375, 523.0855712890625, 248.29058837890625, 535.6719970703125, 0.6475246548652649], [1, 429.6653137207031, 515.8803100585938, 449.8081359863281, 526.5088500976562, 0.5920342803001404], [0, 120.822265625, 375.36871337890625, 150.53369140625, 388.47235107421875, 0.5767593383789062], [1, 156.16598510742188, 481.281005859375, 176.30294799804688, 491.01806640625, 0.576130747795105], [1, 352.981201171875, 434.8439636230469, 372.340576171875, 446.7560119628906, 0.5574658513069153], [1, 415.649658203125, 475.70098876953125, 436.2750244140625, 487.2803955078125, 0.5311352610588074], [0, 251.09609985351562, 468.66766357421875, 278.8287658691406, 484.50750732421875, 0.47093135118484497], [1, 222.0507354736328, 272.95452880859375, 237.71620178222656, 282.34600830078125, 0.42090845108032227], [1, 220.5923309326172, 264.96966552734375, 237.1574249267578, 274.67901611328125, 0.39331284165382385], [1, 229.48654174804688, 538.95263671875, 246.14669799804688, 548.726806640625, 0.3717299997806549], [1, 113.26713562011719, 517.9525146484375, 128.74510192871094, 527.5916748046875, 0.3709947466850281], [1, 231.23309326171875, 545.355224609375, 247.26654052734375, 556.00634765625, 0.34247371554374695], [1, 351.42791748046875, 425.95330810546875, 373.19012451171875, 436.75286865234375, 0.33397653698921204], [3, 547.5432739257812, 266.8954772949219, 604.9891967773438, 331.9541931152344, 0.2822769582271576]]}