{"clean": [[0, 352.94873046875, 533.8895874023438, 375.2066650390625, 571.1121215820312, 0.8563711047172546], [0, 149.59564208984375, 547.9615478515625, 178.5924072265625, 578.6766357421875, 0.8058978915214539]], "patched": [[0, 353.47943115234375, 533.8017578125, 374.72637939453125, 569.018798828125, 0.6948689222335815], [0, 150.03895568847656, 547.9576416015625, 178.95616149902344, 575.3953857421875, 0.3682289719581604]]}