{"clean": [[0, 177.94369506835938, 495.27545166015625, 207.89010620117188, 544.6732788085938, 0.8749098777770996], [0, 207.72689819335938, 460.497314453125, 238.34490966796875, 504.51904296875, 0.8578394055366516], [0, 315.74798583984375, 367.79840087890625, 338.79461669921875, 399.04510498046875, 0.8502758145332336], [0, 157.4661865234375, 515.2708740234375, 186.63348388671875, 561.9385986328125, 0.8452410101890564], [0, 226.53216552734375, 446.4989013671875, 252.63565063476562, 483.73101806640625, 0.8401585817337036], [0, 337.8870849609375, 341.7826232910156, 360.446044921875, 376.8366394042969, 0.8228580355644226], [0, 267.91302490234375, 402.26507568359375, 294.35546875, 437.56634521484375, 0.7950239777565002], [0, 508.74371337890625, 264.86029052734375, 534.7194213867188, 288.70086669921875, 0.7836846709251404], [1, 517.01611328125, 303.0399169921875, 540.7265625, 330.42333984375, 0.741698145866394], [0, 262.0701599121094, 416.59356689453125, 281.0804138183594, 444.1744384765625, 0.7377041578292847], [0, 591.8588256835938, 179.40054321289062, 605.6296997070312, 199.01541137695312, 0.6532692909240723], [2, 285.76690673828125, 122.35545349121094, 309.32769775390625, 142.0095977783203, 0.46653109788894653], [2, 392.67376708984375, 255.03651428222656, 426.07904052734375, 296.35693359375, 0.4489808976650238], [1, 392.6171875, 254.98570251464844, 426.324951171875, 296.18359375, 0.4273696541786194], [0, 544.4755859375, 64.91523742675781, 554.5009765625, 74.23280334472656, 0.412704199552536], [2, 553.0269775390625, 75.47062683105469, 574.1732177734375, 88.06352233886719, 0.3807382583618164]], "patched": [[0, 315.77935791015625, 367.95404052734375, 338.81427001953125, 399.10333251953125, 0.8424962759017944], [1, 180.82327270507812, 525.6412353515625, 206.83462524414062, 542.4327392578125, 0.7576072216033936], [1, 182.86990356445312, 517.462158203125, 207.1357421875, 532.515380859375, 0.6692599058151245], [0, 591.8031005859375, 179.31369018554688, 605.6820068359375, 199.06106567382812, 0.654233992099762], [1, 160.4412384033203, 538.1612548828125, 180.7209014892578, 549.6480712890625, 0.6397388577461243], [2, 392.5848388671875, 255.01182556152344, 426.14434814453125, 296.8189697265625, 0.5800812244415283], [1, 516.009521484375, 303.0714416503906, 537.36328125, 323.9230651855469, 0.574790358543396], [1, 158.8483123779297, 543.8555908203125, 185.77821350097656, 559.088134765625, 0.5161494016647339], [2, 285.71966552734375, 122.30670166015625, 309.3291015625, 142.12164306640625, 0.4548216164112091], [1, 179.43759155273438, 497.25762939453125, 206.94259643554688, 531.9212036132812, 0.39766883850097656], [0, 508.902099609375, 266.77496337890625, 526.8206787109375, 283.22833251953125, 0.38604360818862915], [0, 544.4345092773438, 64.76875305175781, 554.4912719726562, 74.27580261230469, 0.37545496225357056], [1, 269.34515380859375, 423.98974609375, 293.52996826171875, 437.3795166015625, 0.36274397373199463], [2, 552.974853515625, 75.39610290527344, 574.214599609375, 88.12043762207031, 0.3477962017059326], [0, 451.7915954589844, 253.98797607421875, 474.1028137207031, 271.74169921875, 0.32998955249786377], [1, 229.5067138671875, 469.9437255859375, 250.95233154296875, 482.92138671875, 0.29896095395088196]]}