{"clean": [[0, 302.5531005859375, 397.8077087402344, 320.1317138671875, 430.4328918457031, 0.8238883018493652], [0, 314.65997314453125, 166.8974609375, 324.03997802734375, 181.8138427734375, 0.8229804635047913], [0, 319.11932373046875, 126.44556427001953, 327.6563720703125, 138.64361572265625, 0.7948371767997742], [0, 357.4354553222656, 115.68415832519531, 367.8001403808594, 130.80409240722656, 0.7923969626426697], [0, 366.6849365234375, 220.71328735351562, 378.8668212890625, 243.51168823242188, 0.7856855392456055], [0, 330.49658203125, 108.35386657714844, 339.02001953125, 119.58815002441406, 0.7854691743850708], [0, 365.2474060058594, 355.4997863769531, 382.4040832519531, 397.6744689941406, 0.773478627204895], [0, 330.4855651855469, 406.9739990234375, 346.2749328613281, 440.5150146484375, 0.7706058025360107], [0, 354.5867919921875, 248.77853393554688, 367.762451171875, 271.8977355957031, 0.7680767774581909], [0, 319.0696105957031, 101.67320251464844, 328.1556701660156, 114.68717956542969, 0.7586040496826172], [0, 402.3544921875, 453.96429443359375, 423.5284423828125, 506.01824951171875, 0.7580013871192932], [0, 346.8462219238281, 132.7528076171875, 356.2053527832031, 147.59564208984375, 0.7563602328300476], [0, 380.0301818847656, 314.30804443359375, 394.9527282714844, 341.03204345703125, 0.7409349679946899], [0, 316.9111328125, 69.1562728881836, 325.3212890625, 79.6870346069336, 0.7302522659301758], [4, 329.94842529296875, 179.71612548828125, 338.88433837890625, 194.61407470703125, 0.6462621688842773], [0, 329.42523193359375, 140.4423828125, 337.85968017578125, 153.71533203125, 0.6458004117012024], [0, 309.7108154296875, 53.975929260253906, 317.8487548828125, 63.220619201660156, 0.6019257307052612], [0, 351.6870422363281, 79.383544921875, 360.2856140136719, 91.07992553710938, 0.592211127281189], [0, 336.25177001953125, 44.92516326904297, 345.0819091796875, 55.57282257080078, 0.5733698010444641], [0, 301.648681640625, 80.81973266601562, 310.716796875, 91.34954833984375, 0.4900660812854767], [3, 282.3978576660156, 29.390472412109375, 296.8572692871094, 47.004737854003906, 0.4595443606376648], [3, 48.698848724365234, 230.63247680664062, 104.43209838867188, 258.4015197753906, 0.3958290219306946], [0, 256.037841796875, 18.45246124267578, 264.9427490234375, 26.291488647460938, 0.33485162258148193], [3, 61.56965255737305, 221.04766845703125, 110.58015441894531, 244.738037109375, 0.28738418221473694]], "patched": [[0, 314.6819152832031, 166.90777587890625, 324.0209045410156, 181.8048095703125, 0.8237119317054749], [0, 319.13653564453125, 126.44511413574219, 327.63983154296875, 138.6400604248047, 0.7954002618789673], [0, 357.4569396972656, 115.68421936035156, 367.7740173339844, 130.7918243408203, 0.7938748002052307], [0, 366.7225341796875, 220.72357177734375, 378.844482421875, 243.49853515625, 0.7870935201644897], [0, 330.5106201171875, 108.35616302490234, 339.0040283203125, 119.58185577392578, 0.7856975793838501], [0, 330.75958251953125, 409.4198303222656, 346.474365234375, 440.6027526855469, 0.7722570300102234], [0, 354.61114501953125, 248.80340576171875, 367.73419189453125, 271.8775634765625, 0.7711054086685181], [0, 365.3017578125, 355.7642822265625, 382.392333984375, 397.62939453125, 0.7613393664360046], [0, 319.07733154296875, 101.61910247802734, 328.1419677734375, 114.68338775634766, 0.7605295777320862], [0, 346.8563232421875, 132.72763061523438, 356.18804931640625, 147.58529663085938, 0.7583547830581665], [0, 380.0956726074219, 314.38702392578125, 394.9178771972656, 340.98541259765625, 0.7484952807426453], [0, 316.9290466308594, 69.16001892089844, 325.2976989746094, 79.67781066894531, 0.7337077260017395], [0, 304.08416748046875, 396.92523193359375, 319.99969482421875, 430.07135009765625, 0.7185683846473694], [0, 329.4410705566406, 140.44033813476562, 337.8515930175781, 153.70428466796875, 0.6661670804023743], [0, 402.55853271484375, 453.35675048828125, 423.04278564453125, 506.74285888671875, 0.6503428816795349], [4, 329.95281982421875, 179.70684814453125, 338.86505126953125, 194.6043701171875, 0.6461465358734131], [0, 309.71966552734375, 53.98047637939453, 317.83746337890625, 63.214210510253906, 0.6050178408622742], [0, 351.7071533203125, 79.36054992675781, 360.26177978515625, 91.06617736816406, 0.5946140289306641], [0, 336.26397705078125, 44.927581787109375, 345.06890869140625, 55.56602478027344, 0.5770027041435242], [0, 301.65185546875, 80.80502319335938, 310.71307373046875, 91.34764099121094, 0.4939861595630646], [3, 282.40631103515625, 29.387493133544922, 296.85552978515625, 46.996761322021484, 0.45287758111953735], [0, 404.1480407714844, 481.0337219238281, 422.8320007324219, 507.1722717285156, 0.38093334436416626], [3, 48.68000411987305, 230.52835083007812, 104.36079406738281, 259.3975524902344, 0.3680366277694702], [0, 256.03564453125, 18.441200256347656, 264.947021484375, 26.300094604492188, 0.33417046070098877], [3, 61.548282623291016, 221.01661682128906, 110.3145751953125, 244.7074737548828, 0.27322521805763245], [0, 304.20037841796875, 412.50201416015625, 319.66546630859375, 430.242431640625, 0.27248209714889526]]}