{"clean": [[0, 327.48681640625, 196.43154907226562, 337.99951171875, 210.11361694335938, 0.8198791146278381], [0, 366.9013977050781, 310.4026184082031, 382.0428161621094, 339.3401184082031, 0.8128899335861206], [0, 345.33258056640625, 110.1326675415039, 354.3018798828125, 122.22054290771484, 0.8103798627853394], [0, 255.31488037109375, 426.0101318359375, 273.97650146484375, 460.70050048828125, 0.8022608757019043], [0, 315.8185729980469, 195.08447265625, 325.4819641113281, 208.89715576171875, 0.7944564819335938], [0, 316.5503845214844, 260.95452880859375, 328.2341003417969, 283.75189208984375, 0.7933781147003174], [0, 333.953125, 123.42534637451172, 342.4949951171875, 135.29974365234375, 0.7920684218406677], [0, 287.75146484375, 324.57696533203125, 303.396484375, 352.26873779296875, 0.7693067789077759], [0, 252.91815185546875, 530.9496459960938, 275.75457763671875, 583.1405639648438, 0.7623388767242432], [0, 362.7447814941406, 204.95460510253906, 373.4769592285156, 229.68629455566406, 0.7499566674232483], [2, 274.5887451171875, 404.0045166015625, 301.216796875, 478.5621337890625, 0.7471888661384583], [0, 351.84185791015625, 86.88265991210938, 359.69354248046875, 97.87203979492188, 0.7082582712173462], [0, 234.26055908203125, 631.770263671875, 254.51251220703125, 640.0, 0.603044331073761], [0, 366.56329345703125, 15.919380187988281, 372.93218994140625, 24.50986099243164, 0.5576163530349731], [0, 324.25567626953125, 500.7063293457031, 346.27166748046875, 552.994384765625, 0.548951268196106], [1, 298.3409118652344, 261.9447021484375, 311.9784240722656, 288.60986328125, 0.5346100926399231], [0, 368.22076416015625, 6.914000511169434, 373.81402587890625, 14.593037605285645, 0.4822689890861511], [1, 488.92266845703125, 194.32684326171875, 510.55596923828125, 210.53335571289062, 0.34583523869514465], [0, 364.0220947265625, 0.014346122741699219, 369.07763671875, 5.056208610534668, 0.3125300109386444], [0, 340.0712890625, 138.64248657226562, 348.781982421875, 149.04196166992188, 0.30349668860435486], [0, 341.6566162109375, 88.25392150878906, 350.87322998046875, 100.70384216308594, 0.2919849455356598], [3, 341.20135498046875, 78.916015625, 350.86859130859375, 100.41616821289062, 0.2724478840827942], [2, 341.3130187988281, 78.84095764160156, 351.2808532714844, 100.48381042480469, 0.2699846625328064], [0, 371.32073974609375, 0.0, 377.12451171875, 5.085719108581543, 0.26122885942459106]], "patched": [[0, 327.54156494140625, 196.48069763183594, 337.95220947265625, 210.10560607910156, 0.8186153173446655], [0, 345.36444091796875, 110.14820098876953, 354.2642822265625, 122.21199798583984, 0.810391902923584], [0, 315.8524169921875, 195.1438446044922, 325.4456787109375, 208.88279724121094, 0.7947678565979004], [0, 255.38331604003906, 426.1917724609375, 273.9305419921875, 460.66558837890625, 0.7938718199729919], [0, 333.98992919921875, 123.45149230957031, 342.47064208984375, 135.29432678222656, 0.7914063334465027], [0, 316.62432861328125, 261.0128173828125, 328.12664794921875, 283.7275390625, 0.788672685623169], [2, 274.64141845703125, 404.01605224609375, 301.16876220703125, 478.568603515625, 0.7710013389587402], [0, 287.79510498046875, 324.592529296875, 303.35009765625, 352.26153564453125, 0.7525154948234558], [0, 362.792236328125, 204.98348999023438, 373.4161376953125, 229.64492797851562, 0.7432295083999634], [3, 253.186279296875, 530.6947021484375, 275.75994873046875, 582.8936767578125, 0.7198712229728699], [0, 351.8798522949219, 86.89045715332031, 359.6662902832031, 97.87327575683594, 0.7131702303886414], [0, 235.0984344482422, 632.2575073242188, 254.4081573486328, 640.0, 0.6036961674690247], [0, 366.58551025390625, 15.93478012084961, 372.90374755859375, 24.495697021484375, 0.5613552927970886], [1, 298.42425537109375, 261.9854736328125, 311.89862060546875, 288.57476806640625, 0.5363854765892029], [0, 368.2486267089844, 6.921696186065674, 373.7907409667969, 14.59033203125, 0.48179560899734497], [1, 366.924072265625, 310.2791748046875, 381.9576416015625, 339.048583984375, 0.41469326615333557], [3, 367.14544677734375, 310.4007568359375, 382.06988525390625, 339.05303955078125, 0.40395987033843994], [1, 592.3055419921875, 215.84671020507812, 606.1055908203125, 224.46823120117188, 0.35573020577430725], [0, 364.03668212890625, 0.014087200164794922, 369.0626220703125, 5.053040504455566, 0.31915172934532166], [0, 340.12255859375, 138.57810974121094, 348.8218994140625, 149.0110321044922, 0.3074060380458832], [1, 488.979248046875, 194.52069091796875, 510.5140380859375, 210.17623901367188, 0.29167863726615906], [2, 341.33673095703125, 78.84513854980469, 351.25299072265625, 100.44914245605469, 0.2912504971027374], [3, 341.2255554199219, 78.93194580078125, 350.8514099121094, 100.41474914550781, 0.2830871045589447], [0, 341.67877197265625, 88.05459594726562, 350.85479736328125, 100.68577575683594, 0.27267715334892273], [0, 371.33331298828125, 0.0, 377.10565185546875, 5.098780632019043, 0.2623865306377411]]}