{"clean": [[0, 156.8323974609375, 279.783203125, 171.1507568359375, 301.3922119140625, 0.851817786693573], [0, 172.35543823242188, 318.34344482421875, 189.27267456054688, 344.5859375, 0.8404120206832886], [0, 183.3939208984375, 341.2608642578125, 197.68246459960938, 366.2989501953125, 0.8390028476715088], [0, 74.89305114746094, 179.16763305664062, 93.02883911132812, 195.16592407226562, 0.8089668154716492], [0, 45.748695373535156, 98.25067138671875, 60.87708282470703, 110.0504150390625, 0.800753653049469], [0, 139.96383666992188, 240.699462890625, 153.57369995117188, 261.077392578125, 0.7978240251541138], [0, 166.46246337890625, 300.84637451171875, 179.5777587890625, 320.25311279296875, 0.7948974370956421], [0, 31.120946884155273, 106.71441650390625, 45.70793914794922, 118.83865356445312, 0.7288001775741577], [0, 192.23260498046875, 366.235107421875, 207.91635131835938, 394.0872802734375, 0.7191224694252014], [0, 5.041780471801758, 119.87010192871094, 19.369831085205078, 132.33343505859375, 0.6871830821037292], [0, 62.40012741088867, 90.38700866699219, 76.58207702636719, 101.59516906738281, 0.6670572757720947], [0, 191.2816162109375, 24.218585968017578, 201.3424072265625, 31.506084442138672, 0.36562731862068176], [0, 75.94462585449219, 195.51904296875, 92.06459045410156, 209.30557250976562, 0.32893306016921997], [0, 79.22626495361328, 198.85263061523438, 98.7503890991211, 214.294677734375, 0.28800085186958313]], "patched": [[0, 156.84140014648438, 279.77984619140625, 171.15142822265625, 301.3931884765625, 0.8534261584281921], [0, 172.36422729492188, 318.35211181640625, 189.22030639648438, 344.47137451171875, 0.8456016778945923], [0, 183.45562744140625, 341.30657958984375, 197.6473388671875, 366.10064697265625, 0.8422053456306458], [0, 74.87237548828125, 179.16488647460938, 93.03575134277344, 195.17477416992188, 0.8106122016906738], [0, 45.74696731567383, 98.24485778808594, 60.879756927490234, 110.05314636230469, 0.8008683323860168], [0, 139.96395874023438, 240.69790649414062, 153.57205200195312, 261.0726013183594, 0.7990360260009766], [0, 166.47732543945312, 300.87139892578125, 179.57144165039062, 320.20440673828125, 0.7987282276153564], [0, 31.120582580566406, 106.71330261230469, 45.71038818359375, 118.84318542480469, 0.7292739748954773], [0, 5.04203987121582, 119.86329650878906, 19.37334442138672, 132.3325958251953, 0.6862659454345703], [0, 62.39657211303711, 90.37950134277344, 76.5831298828125, 101.59619140625, 0.6668034195899963], [0, 191.24424743652344, 24.2158203125, 201.34190368652344, 31.513381958007812, 0.36691373586654663], [0, 75.94969177246094, 195.51177978515625, 92.08396911621094, 209.30596923828125, 0.3197019696235657], [0, 192.4646759033203, 366.09893798828125, 206.9633026123047, 391.82061767578125, 0.3073582053184509], [0, 79.15834045410156, 198.67691040039062, 98.67393493652344, 214.30276489257812, 0.2853145897388458]]}