{"clean": [[0, 325.396728515625, 501.76800537109375, 387.2060546875, 578.5879516601562, 0.8708178997039795], [0, 90.39083862304688, 63.58333206176758, 119.66604614257812, 98.94316101074219, 0.8539362549781799], [0, 117.22367858886719, 234.93301391601562, 157.06993103027344, 283.0201721191406, 0.8535886406898499], [0, 169.1476287841797, 151.9521484375, 207.9870147705078, 198.0072021484375, 0.8505401015281677], [0, 2.545867919921875, 81.71039581298828, 33.5155143737793, 115.35474395751953, 0.8251609802246094], [0, 43.121788024902344, 135.86663818359375, 75.0417709350586, 174.94287109375, 0.7980607151985168], [0, 251.94775390625, 199.3474578857422, 295.22027587890625, 246.7924346923828, 0.7804071307182312], [3, 123.3973617553711, 45.683204650878906, 172.77688598632812, 116.72962188720703, 0.3601396679878235]], "patched": [[0, 252.18707275390625, 203.72560119628906, 295.19293212890625, 247.16651916503906, 0.7877172231674194], [1, 340.088623046875, 542.0901489257812, 372.518798828125, 558.1858520507812, 0.7062555551528931], [1, 178.35675048828125, 183.94479370117188, 200.52850341796875, 196.61062622070312, 0.6942658424377441], [1, 339.8353271484375, 557.76416015625, 377.79931640625, 578.196533203125, 0.6858344078063965], [1, 178.13841247558594, 173.74822998046875, 198.8621368408203, 185.58499145507812, 0.6084400415420532], [1, 341.26654052734375, 552.116943359375, 372.06817626953125, 566.12939453125, 0.5832462310791016], [0, 172.35940551757812, 153.35604858398438, 197.04751586914062, 174.81167602539062, 0.5527834892272949], [1, 117.8465805053711, 235.34939575195312, 156.46878051757812, 282.8959045410156, 0.5162627696990967], [1, 49.215667724609375, 160.3929901123047, 68.46751403808594, 174.70655822753906, 0.4048130214214325], [0, 52.323974609375, 153.49209594726562, 74.75519561767578, 167.86251831054688, 0.3646523952484131], [1, 97.4753189086914, 80.78158569335938, 117.52867889404297, 91.93046569824219, 0.3553772568702698], [0, 325.66558837890625, 502.67047119140625, 376.7415771484375, 547.0630493164062, 0.33471301198005676], [1, 91.54771423339844, 63.84014129638672, 116.62098693847656, 91.62874603271484, 0.3318367600440979], [1, 52.662208557128906, 153.502685546875, 74.96847534179688, 167.58392333984375, 0.32178208231925964], [0, 117.3724365234375, 235.38284301757812, 156.68637084960938, 282.6478576660156, 0.3118458390235901], [1, 125.90111541748047, 264.760498046875, 155.86810302734375, 282.76544189453125, 0.29222166538238525], [1, 96.55661010742188, 88.85398864746094, 116.20747375488281, 100.21577453613281, 0.2919040024280548]]}