{"clean": [[0, 256.98590087890625, 114.52120971679688, 276.12335205078125, 139.2672119140625, 0.8412877321243286], [0, 316.7218017578125, 83.60845947265625, 330.0472412109375, 106.55014038085938, 0.8302598595619202], [0, 343.3922119140625, 250.34451293945312, 362.56536865234375, 291.6612854003906, 0.8089812397956848], [0, 336.39849853515625, 151.16371154785156, 352.64117431640625, 184.7066192626953, 0.8079908490180969], [0, 375.938232421875, 16.530517578125, 389.6588134765625, 41.714237213134766, 0.7971644997596741], [0, 302.9767150878906, 339.66656494140625, 318.6705017089844, 370.45635986328125, 0.7269801497459412], [0, 203.02471923828125, 591.5840454101562, 219.96011352539062, 618.4729614257812, 0.6625835299491882]], "patched": [[0, 316.86761474609375, 84.00042724609375, 329.83953857421875, 106.49688720703125, 0.8117048740386963], [0, 376.038330078125, 16.80107879638672, 389.451904296875, 41.66541290283203, 0.8001490235328674], [0, 202.89089965820312, 591.61962890625, 219.83688354492188, 619.09716796875, 0.659624457359314], [0, 336.61138916015625, 151.24600219726562, 352.4600830078125, 184.24136352539062, 0.6257357001304626], [0, 258.02703857421875, 114.39450073242188, 276.12823486328125, 138.86337280273438, 0.6003352403640747], [1, 258.04547119140625, 114.33195495605469, 276.16815185546875, 138.9167022705078, 0.38546591997146606], [0, 343.8914489746094, 250.65878295898438, 362.6393737792969, 291.5711364746094, 0.3340127766132355]]}