{"clean": [[3, 577.51171875, 122.3181381225586, 617.65869140625, 196.96334838867188, 0.8993135690689087], [0, 468.69793701171875, 461.8665771484375, 489.94488525390625, 504.51800537109375, 0.7533449530601501], [0, 577.3651733398438, 117.07875061035156, 594.6149291992188, 145.8086395263672, 0.6738857626914978], [0, 373.71636962890625, 212.66757202148438, 411.14984130859375, 234.30291748046875, 0.5948477983474731], [0, 301.9745788574219, 313.0680847167969, 311.8045959472656, 355.0538635253906, 0.5661998391151428], [0, 487.52496337890625, 279.765625, 514.9295043945312, 313.735595703125, 0.5460909605026245]], "patched": [[3, 577.5150146484375, 122.51083374023438, 617.6273193359375, 196.95779418945312, 0.9004873633384705], [0, 302.154052734375, 313.1141357421875, 311.74267578125, 355.079833984375, 0.46778056025505066], [1, 509.56884765625, 370.241943359375, 529.3023681640625, 385.9395751953125, 0.3529752492904663], [0, 578.0875244140625, 117.31683349609375, 594.3175048828125, 145.14102172851562, 0.33650434017181396], [1, 469.1780700683594, 489.4936828613281, 487.8881530761719, 498.6836853027344, 0.3139285445213318]]}