{"clean": [[0, 129.77610778808594, 263.07525634765625, 162.1922149658203, 302.14056396484375, 0.8215136528015137], [0, 342.48809814453125, 23.284311294555664, 354.8841552734375, 52.98125457763672, 0.6545305848121643], [0, 254.8544921875, 489.5712585449219, 269.36419677734375, 547.569580078125, 0.6408358812332153], [0, 326.00634765625, 158.853271484375, 339.985595703125, 197.31500244140625, 0.6207332015037537], [0, 409.72113037109375, 124.34941101074219, 423.11285400390625, 165.7549591064453, 0.5316635966300964], [0, 428.17547607421875, 2.7350692749023438, 441.85247802734375, 40.931678771972656, 0.4974769651889801], [0, 254.98001098632812, 504.2911071777344, 268.1502380371094, 547.6920166015625, 0.4317992031574249]], "patched": [[1, 138.5841064453125, 290.97515869140625, 156.9783935546875, 301.89093017578125, 0.5392898321151733], [1, 137.01058959960938, 283.50531005859375, 152.87533569335938, 293.65521240234375, 0.49569812417030334], [0, 342.61016845703125, 23.524337768554688, 354.07415771484375, 52.64032745361328, 0.48336097598075867], [0, 254.80984497070312, 489.16656494140625, 269.6084899902344, 547.7278442382812, 0.4670942425727844], [3, 429.70660400390625, 3.4396629333496094, 441.24310302734375, 34.35546112060547, 0.45604705810546875], [1, 290.1837158203125, 318.41876220703125, 305.3604736328125, 326.847900390625, 0.43464595079421997], [0, 410.0760498046875, 146.51373291015625, 422.78912353515625, 166.26168823242188, 0.38318416476249695], [1, 407.34686279296875, 325.10418701171875, 420.05499267578125, 348.5858154296875, 0.37428557872772217], [2, 429.65264892578125, 2.5972251892089844, 441.11053466796875, 35.757389068603516, 0.2695215046405792], [1, 409.93939208984375, 146.43653869628906, 422.73760986328125, 166.04066467285156, 0.2686387002468109]]}