{"clean": [[0, 22.198213577270508, 531.8834228515625, 68.8538818359375, 581.2139892578125, 0.9121962785720825], [0, 177.0935821533203, 237.39151000976562, 202.3458709716797, 292.9468688964844, 0.8934193253517151], [0, 116.29485321044922, 447.1357421875, 146.59320068359375, 513.8436279296875, 0.8925855159759521], [0, 196.62405395507812, 172.8311004638672, 222.62808227539062, 232.2317352294922, 0.8845165371894836], [0, 158.76454162597656, 307.542724609375, 185.2080841064453, 369.20880126953125, 0.8664752840995789], [0, 280.31201171875, 30.300643920898438, 298.00164794921875, 67.48361206054688, 0.8510826826095581], [0, 231.61610412597656, 56.38155746459961, 253.27870178222656, 101.35470581054688, 0.8389040231704712], [1, 0.0, 497.05340576171875, 27.2603759765625, 546.2597045898438, 0.29037365317344666]], "patched": [[0, 181.28347778320312, 237.6260986328125, 201.72372436523438, 272.2674560546875, 0.8343299031257629], [0, 201.47091674804688, 173.19992065429688, 221.71047973632812, 207.00942993164062, 0.7883636355400085], [1, 160.7459716796875, 347.63372802734375, 180.96771240234375, 360.36907958984375, 0.7794440388679504], [1, 4.603902816772461, 533.81201171875, 22.053293228149414, 545.969482421875, 0.7523881793022156], [1, 116.52503204345703, 490.5154724121094, 139.49798583984375, 505.9021301269531, 0.7393887639045715], [2, 162.26393127441406, 307.4605712890625, 184.66111755371094, 350.2552490234375, 0.7309877276420593], [1, 121.12353515625, 480.8784484863281, 143.28128051757812, 495.8183898925781, 0.7073780298233032], [1, 32.675811767578125, 550.7192993164062, 56.90657043457031, 567.7976684570312, 0.6876242160797119], [1, 33.87830352783203, 562.8633422851562, 60.55047607421875, 580.3001098632812, 0.6778035759925842], [2, 234.00685119628906, 56.51239013671875, 253.39305114746094, 100.8602294921875, 0.6704210042953491], [0, 280.1151123046875, 30.505088806152344, 298.08740234375, 66.26502990722656, 0.6613105535507202], [1, 7.596967697143555, 527.3876953125, 24.427186965942383, 538.540283203125, 0.5755707621574402], [1, 197.97384643554688, 204.6320037841797, 218.18942260742188, 232.4156951904297, 0.4295373260974884], [1, 177.30294799804688, 268.1380920410156, 199.74444580078125, 292.9584045410156, 0.29184624552726746], [1, 121.48690795898438, 460.9414367675781, 144.04238891601562, 495.6912536621094, 0.2689972221851349]]}