{"clean": [[0, 376.8053283691406, 559.396484375, 411.0585021972656, 639.93408203125, 0.8826221823692322], [0, 294.3183898925781, 439.196044921875, 323.0628356933594, 506.9493408203125, 0.8667240738868713], [0, 168.08078002929688, 268.2781982421875, 201.71676635742188, 296.4302978515625, 0.8341273069381714], [0, 155.87030029296875, 281.07061767578125, 195.3062744140625, 313.77923583984375, 0.8125783801078796], [0, 320.24456787109375, 130.93124389648438, 329.49200439453125, 144.10250854492188, 0.6277085542678833], [0, 352.40130615234375, 219.2960205078125, 365.49151611328125, 240.5404052734375, 0.56407630443573], [4, 359.89190673828125, 332.718017578125, 376.41815185546875, 348.7293701171875, 0.534960925579071], [0, 1.6008682250976562, 308.171142578125, 56.0263557434082, 341.7391357421875, 0.5211442708969116], [4, 317.5919189453125, 201.09442138671875, 324.83599853515625, 214.34027099609375, 0.4826417565345764], [0, 321.93365478515625, 155.8824462890625, 331.51080322265625, 166.657958984375, 0.40993374586105347], [4, 310.23101806640625, 231.90380859375, 317.8970947265625, 247.18975830078125, 0.39843204617500305], [4, 359.3303527832031, 438.158935546875, 370.9702453613281, 457.9473876953125, 0.3852294981479645], [4, 325.1892395019531, 404.3865966796875, 335.1603088378906, 437.24169921875, 0.37304580211639404], [0, 322.73907470703125, 141.94215393066406, 330.82940673828125, 153.62269592285156, 0.358187198638916], [4, 313.52008056640625, 188.7681884765625, 319.53375244140625, 200.630615234375, 0.2778083086013794], [0, 274.1368713378906, 153.61695861816406, 291.1523132324219, 170.3723602294922, 0.2606114447116852]], "patched": [[2, 376.51922607421875, 559.4176025390625, 411.43695068359375, 639.9615478515625, 0.7008307576179504], [1, 273.6248779296875, 153.75653076171875, 292.313720703125, 172.43820190429688, 0.6420972347259521], [0, 321.4957275390625, 153.55007934570312, 331.69140625, 166.69149780273438, 0.5717777013778687], [1, 351.3160705566406, 219.88555908203125, 365.6288146972656, 240.1405029296875, 0.524488627910614], [4, 317.5735778808594, 200.98226928710938, 324.8858947753906, 214.32180786132812, 0.5112221240997314], [4, 359.9200134277344, 331.12115478515625, 376.3131408691406, 348.57275390625, 0.4686849117279053], [1, 322.37530517578125, 141.22201538085938, 331.43463134765625, 154.99517822265625, 0.4661663770675659], [1, 345.9202880859375, 197.17266845703125, 359.1932373046875, 215.3402099609375, 0.426586776971817], [4, 310.2142333984375, 232.0542755126953, 317.92041015625, 247.22303771972656, 0.4071049690246582], [4, 359.2199401855469, 438.20806884765625, 371.3449401855469, 458.6456298828125, 0.3750301003456116], [1, 166.65843200683594, 269.452392578125, 201.3204803466797, 297.4527587890625, 0.35190194845199585], [4, 325.217041015625, 404.7828369140625, 335.1917724609375, 437.425537109375, 0.33974525332450867], [1, 158.6772918701172, 269.77947998046875, 201.29273986816406, 310.35009765625, 0.3032595217227936], [0, 320.7098083496094, 163.55792236328125, 330.4784240722656, 173.00311279296875, 0.29673129320144653], [4, 313.47747802734375, 188.90631103515625, 319.496826171875, 200.61346435546875, 0.28033044934272766], [1, 319.2039794921875, 129.55105590820312, 330.708740234375, 144.06283569335938, 0.2501659691333771]]}