{"clean": [[3, 289.741943359375, 246.0267791748047, 330.107421875, 306.98822021484375, 0.8746547102928162], [2, 294.0762939453125, 216.5853729248047, 357.05023193359375, 303.07000732421875, 0.8254647254943848], [0, 427.77337646484375, 341.61370849609375, 463.63421630859375, 377.50738525390625, 0.8070972561836243], [0, 531.8079223632812, 436.20306396484375, 574.7533569335938, 488.08306884765625, 0.7950266599655151], [0, 467.57672119140625, 378.6910400390625, 509.1771240234375, 418.5167236328125, 0.7690592408180237], [0, 227.86770629882812, 157.55625915527344, 243.81402587890625, 172.78709411621094, 0.7524890303611755], [0, 611.001953125, 517.60009765625, 640.0, 591.5927734375, 0.725687563419342], [0, 184.2932891845703, 93.50450134277344, 194.7584991455078, 102.98774719238281, 0.4905683994293213], [1, 358.53411865234375, 310.65142822265625, 386.74542236328125, 344.97113037109375, 0.4895845353603363], [0, 163.47665405273438, 83.25433349609375, 172.78720092773438, 93.33950805664062, 0.45390409231185913], [0, 358.57574462890625, 310.7724609375, 386.99407958984375, 345.1929931640625, 0.414658784866333], [2, 444.0898742675781, 395.646728515625, 585.706298828125, 570.3941650390625, 0.3111025393009186], [4, 225.6751708984375, 137.22523498535156, 233.55914306640625, 147.3295135498047, 0.2998836934566498], [0, 128.12503051757812, 68.49996185302734, 138.67184448242188, 77.83684539794922, 0.28399235010147095], [0, 377.7947998046875, 600.5948486328125, 422.16650390625, 640.0, 0.2727848291397095], [2, 437.3197326660156, 401.8426513671875, 625.4918212890625, 588.1939697265625, 0.25467026233673096]], "patched": [[2, 293.9754333496094, 216.45831298828125, 357.1986999511719, 303.27392578125, 0.7763434052467346], [3, 289.5928955078125, 245.93548583984375, 330.17041015625, 306.6710205078125, 0.48700135946273804], [2, 528.83740234375, 439.12445068359375, 575.061279296875, 486.68231201171875, 0.34208235144615173], [2, 441.0284118652344, 397.28033447265625, 617.9569091796875, 586.6969604492188, 0.30307823419570923], [4, 225.59384155273438, 136.51010131835938, 233.68539428710938, 147.37789916992188, 0.30271878838539124], [2, 102.25727844238281, 31.612577438354492, 129.5592803955078, 55.181640625, 0.29954013228416443]]}