{"clean": [[0, 247.3816375732422, 450.3848876953125, 297.63067626953125, 551.580322265625, 0.8698740601539612], [0, 467.58758544921875, 359.423095703125, 510.43438720703125, 407.336669921875, 0.7633247971534729], [1, 334.16259765625, 334.5777587890625, 359.31109619140625, 370.3294677734375, 0.7551570534706116], [0, 522.822265625, 417.2813415527344, 598.388427734375, 509.1650085449219, 0.7417465448379517], [0, 178.38059997558594, 315.65191650390625, 206.4062042236328, 345.64947509765625, 0.650920033454895], [1, 120.17611694335938, 364.07861328125, 161.71343994140625, 417.5626220703125, 0.6334472298622131], [0, 363.2904968261719, 279.66412353515625, 382.4352111816406, 303.80694580078125, 0.6121010184288025], [1, 398.8057556152344, 262.00079345703125, 443.6782531738281, 283.41766357421875, 0.6084985136985779], [0, 154.42965698242188, 337.4183044433594, 189.39144897460938, 373.2007141113281, 0.5991771221160889], [4, 403.1590270996094, 379.75653076171875, 415.5807189941406, 402.96002197265625, 0.582342267036438], [4, 445.21966552734375, 418.06402587890625, 459.286865234375, 445.59210205078125, 0.5681814551353455], [4, 163.44100952148438, 456.5705871582031, 186.98507690429688, 506.0782165527344, 0.533195972442627], [1, 311.4846496582031, 250.68423461914062, 319.9226989746094, 263.6747741699219, 0.5144794583320618], [0, 422.60302734375, 277.92999267578125, 469.308837890625, 297.53863525390625, 0.45236921310424805], [0, 120.2712631225586, 364.11883544921875, 161.78024291992188, 416.48797607421875, 0.39710521697998047], [4, 412.7958984375, 365.10418701171875, 422.6495361328125, 383.86846923828125, 0.34793636202812195], [4, 139.54052734375, 484.45977783203125, 158.14544677734375, 538.6024169921875, 0.3349018394947052], [0, 292.48760986328125, 224.23223876953125, 297.759521484375, 230.2972412109375, 0.3033849895000458]], "patched": [[0, 248.03353881835938, 450.73785400390625, 300.9970397949219, 551.6223754882812, 0.8474713563919067], [0, 119.8135986328125, 363.88592529296875, 161.5018310546875, 416.46319580078125, 0.8051959872245789], [0, 467.376220703125, 359.6619873046875, 510.5860595703125, 409.59820556640625, 0.7914102673530579], [0, 523.9254150390625, 417.307861328125, 598.2525634765625, 509.27642822265625, 0.7375378608703613], [0, 363.2816162109375, 279.49224853515625, 382.20758056640625, 303.74163818359375, 0.631289541721344], [4, 403.1534423828125, 379.7580261230469, 415.6019287109375, 402.9568786621094, 0.5886795520782471], [1, 334.3074951171875, 334.6781311035156, 359.5634765625, 370.4418029785156, 0.5822044014930725], [4, 445.259521484375, 418.13763427734375, 459.2890625, 445.57525634765625, 0.5656239986419678], [1, 154.47744750976562, 336.1502685546875, 187.99502563476562, 371.9114990234375, 0.5067513585090637], [4, 162.877685546875, 456.931884765625, 186.93853759765625, 506.0323486328125, 0.5019892454147339], [1, 311.6889953613281, 250.6214599609375, 320.6227111816406, 263.7476806640625, 0.47141173481941223], [0, 399.96875, 263.24755859375, 439.85223388671875, 283.0321044921875, 0.46389690041542053], [4, 139.4833984375, 484.394775390625, 158.18731689453125, 538.6492919921875, 0.31311744451522827], [0, 291.88873291015625, 223.26617431640625, 297.66119384765625, 230.0921630859375, 0.3056965470314026], [4, 412.7919616699219, 365.01171875, 422.6982116699219, 383.8787841796875, 0.30415773391723633], [0, 422.48785400390625, 275.42901611328125, 475.67169189453125, 298.154296875, 0.2680012285709381]]}