{"clean": [[0, 93.64210510253906, 437.5701904296875, 148.95188903808594, 530.8262939453125, 0.8619325757026672], [0, 108.64117431640625, 326.2950439453125, 142.72305297851562, 364.5084228515625, 0.8592993021011353], [1, 131.28030395507812, 292.64129638671875, 165.45455932617188, 330.9234619140625, 0.7924705147743225], [0, 307.5042419433594, 156.19406127929688, 314.6515197753906, 165.54052734375, 0.647162139415741], [0, 334.3306884765625, 152.0379180908203, 342.09368896484375, 161.10377502441406, 0.6192353367805481], [4, 242.42208862304688, 308.6824645996094, 251.05667114257812, 331.7676696777344, 0.6016502976417542], [2, 503.40472412109375, 486.00665283203125, 589.9865112304688, 640.0, 0.5492576360702515], [0, 314.989013671875, 151.33114624023438, 321.7301025390625, 157.92367553710938, 0.49543264508247375], [4, 262.9093017578125, 184.39193725585938, 267.94384765625, 192.87310791015625, 0.4902782440185547], [0, 192.06654357910156, 223.65081787109375, 209.1276397705078, 245.49761962890625, 0.45941564440727234], [4, 271.1388244628906, 183.8356475830078, 275.4160461425781, 193.20521545410156, 0.4211483895778656], [4, 275.9439697265625, 184.35195922851562, 279.7025146484375, 193.47177124023438, 0.3771216571331024], [0, 291.1497497558594, 142.88775634765625, 296.5971984863281, 148.90380859375, 0.3605297803878784], [0, 397.523681640625, 300.531494140625, 429.869384765625, 337.423828125, 0.35132715106010437], [4, 328.8114013671875, 159.42034912109375, 333.36883544921875, 166.1597900390625, 0.3470524549484253], [4, 290.00091552734375, 215.41390991210938, 295.34320068359375, 228.76547241210938, 0.31233566999435425], [4, 338.55706787109375, 225.97793579101562, 343.60455322265625, 239.04232788085938, 0.2949260175228119]], "patched": [[1, 332.4190673828125, 149.47911071777344, 342.44775390625, 161.29383850097656, 0.671532392501831], [2, 93.84458923339844, 436.83416748046875, 149.60733032226562, 530.2387084960938, 0.6689899563789368], [2, 503.4345703125, 491.539794921875, 590.03759765625, 640.0, 0.6391615271568298], [1, 131.14263916015625, 292.4888610839844, 165.84588623046875, 330.7394104003906, 0.6129910349845886], [4, 242.40341186523438, 308.37298583984375, 251.12338256835938, 331.84246826171875, 0.6044857501983643], [1, 305.29193115234375, 154.4442138671875, 314.98968505859375, 165.9083251953125, 0.599311888217926], [4, 262.7916259765625, 183.83279418945312, 268.194091796875, 192.97354125976562, 0.534828782081604], [1, 311.5912170410156, 135.94158935546875, 320.9447937011719, 147.83636474609375, 0.5301157832145691], [4, 271.0517578125, 183.482421875, 275.4962158203125, 193.34243774414062, 0.471064954996109], [0, 191.99102783203125, 223.4224395751953, 208.9208984375, 245.7561798095703, 0.42271286249160767], [1, 281.47821044921875, 126.44911193847656, 289.94158935546875, 135.1551055908203, 0.41446149349212646], [4, 275.6318054199219, 183.5364227294922, 279.8413391113281, 193.42076110839844, 0.40134304761886597], [0, 314.0123291015625, 146.61500549316406, 322.01641845703125, 157.88121032714844, 0.34764668345451355], [4, 274.27197265625, 208.10618591308594, 278.8023681640625, 218.3851776123047, 0.29075032472610474], [4, 338.42987060546875, 225.518310546875, 343.693115234375, 239.27252197265625, 0.27795347571372986], [4, 289.89886474609375, 215.46839904785156, 295.54034423828125, 228.79066467285156, 0.2636653184890747]]}