{"clean": [[0, 458.88861083984375, 458.8389892578125, 508.9501953125, 518.0171508789062, 0.8742770552635193], [0, 253.24209594726562, 177.88516235351562, 286.6734313964844, 265.2073974609375, 0.8538352847099304], [0, 306.40008544921875, 432.78399658203125, 330.73822021484375, 527.3640747070312, 0.8519995808601379], [0, 420.4290466308594, 405.24444580078125, 453.8868103027344, 490.10357666015625, 0.8517002463340759], [0, 165.67111206054688, 286.23504638671875, 189.31512451171875, 377.76861572265625, 0.8505443930625916], [0, 95.25088500976562, 510.1415100097656, 124.07537841796875, 593.4490966796875, 0.825401782989502], [0, 317.32525634765625, 588.1903076171875, 339.69219970703125, 640.0, 0.8245059847831726], [0, 272.73748779296875, 452.603515625, 293.40277099609375, 535.750732421875, 0.7637161612510681], [1, 325.2372131347656, 180.78521728515625, 346.1682434082031, 269.596923828125, 0.7545661926269531], [4, 489.19598388671875, 534.763916015625, 509.73016357421875, 549.0782470703125, 0.7202093601226807], [4, 559.4816284179688, 0.5937633514404297, 575.0615844726562, 27.100645065307617, 0.634437620639801], [0, 204.3389892578125, 461.18145751953125, 255.93927001953125, 501.73443603515625, 0.5924251675605774], [4, 446.30596923828125, 494.74072265625, 458.5628662109375, 525.5533447265625, 0.5703586339950562], [0, 325.0738525390625, 180.68777465820312, 346.17230224609375, 270.2781982421875, 0.5396126508712769], [4, 97.55154418945312, 255.94793701171875, 115.29605102539062, 268.8704833984375, 0.48667439818382263], [0, 519.2933959960938, 605.7420043945312, 550.6414184570312, 640.0, 0.4521464407444]], "patched": [[0, 253.72003173828125, 177.76358032226562, 286.819091796875, 269.59710693359375, 0.8417250514030457], [0, 306.28546142578125, 433.193603515625, 330.40411376953125, 530.8665771484375, 0.8416205644607544], [0, 317.7012939453125, 588.2606201171875, 339.4432373046875, 640.0, 0.8217672109603882], [2, 325.09326171875, 180.76473999023438, 346.2281494140625, 273.2407531738281, 0.8039510250091553], [4, 489.1748046875, 534.581298828125, 509.7874755859375, 549.1309814453125, 0.7027418613433838], [0, 459.49798583984375, 458.64544677734375, 508.75177001953125, 521.3577270507812, 0.702093780040741], [0, 204.42626953125, 462.98992919921875, 255.70184326171875, 501.1785888671875, 0.656953752040863], [2, 273.29388427734375, 453.05548095703125, 293.08160400390625, 538.1749267578125, 0.6431187391281128], [0, 96.78657531738281, 510.3887939453125, 124.13827514648438, 596.68994140625, 0.6353884935379028], [4, 446.1617431640625, 494.63250732421875, 458.71466064453125, 525.5835571289062, 0.6240953803062439], [1, 165.64337158203125, 286.15771484375, 189.07305908203125, 377.4788818359375, 0.6196608543395996], [4, 559.4281005859375, 0.5766677856445312, 574.9967041015625, 27.113025665283203, 0.5967257618904114], [1, 420.76873779296875, 405.2461853027344, 453.94342041015625, 493.3669738769531, 0.5209240317344666], [1, 272.9619445800781, 452.88311767578125, 293.1015319824219, 538.0366821289062, 0.4958004951477051], [0, 165.73184204101562, 286.23455810546875, 189.03347778320312, 378.28912353515625, 0.45562610030174255], [4, 97.61672973632812, 256.00018310546875, 115.33526611328125, 268.87933349609375, 0.3713429570198059], [1, 325.1330871582031, 180.84280395507812, 345.9476013183594, 274.1150817871094, 0.32839226722717285], [0, 458.7309265136719, 477.451171875, 476.9594421386719, 517.87841796875, 0.2994406819343567], [0, 325.2645568847656, 180.83560180664062, 346.1020812988281, 273.8312683105469, 0.29431429505348206], [3, 527.0463256835938, 138.933349609375, 577.3626098632812, 266.3541259765625, 0.25234168767929077]]}