{"clean": [[0, 287.0588684082031, 123.19841766357422, 304.0591125488281, 157.51483154296875, 0.8182611465454102], [0, 602.590576171875, 271.4183349609375, 634.268798828125, 301.2479248046875, 0.8005874156951904], [0, 249.66844177246094, 571.166259765625, 265.6671142578125, 596.63037109375, 0.7058305740356445], [3, 200.917236328125, 231.77987670898438, 280.1917724609375, 305.6352233886719, 0.6934989094734192], [0, 526.9937133789062, 295.81829833984375, 559.7808227539062, 324.77239990234375, 0.6907163858413696], [0, 248.32827758789062, 593.3524780273438, 265.8663635253906, 634.7321166992188, 0.6891046762466431], [0, 255.92739868164062, 415.68634033203125, 271.2633972167969, 455.78131103515625, 0.6722480654716492], [0, 247.9153594970703, 571.797607421875, 266.49957275390625, 634.383544921875, 0.4474046528339386], [0, 125.92037963867188, 62.915496826171875, 153.73556518554688, 81.00326538085938, 0.31150612235069275]], "patched": [[0, 602.5645751953125, 271.2654724121094, 634.1409912109375, 301.1508483886719, 0.8018408417701721], [0, 249.88107299804688, 571.1126708984375, 265.4757995605469, 596.3348388671875, 0.7642414569854736], [0, 526.9991455078125, 296.22509765625, 550.7408447265625, 324.3829345703125, 0.7522568702697754], [3, 200.92413330078125, 231.92385864257812, 280.2894287109375, 306.1686096191406, 0.680254340171814], [3, 255.67404174804688, 415.77490234375, 271.0109558105469, 455.4698486328125, 0.4392703175544739], [0, 287.62542724609375, 122.97429656982422, 303.52789306640625, 160.75457763671875, 0.43183210492134094], [1, 256.17510986328125, 417.6278076171875, 270.92205810546875, 455.53759765625, 0.2877645790576935], [0, 248.5721893310547, 590.90478515625, 265.66717529296875, 636.2744140625, 0.2778138220310211], [0, 126.61393737792969, 62.846717834472656, 153.87608337402344, 80.50102996826172, 0.25324028730392456]]}