{"clean": [[0, 426.4346923828125, 588.4178466796875, 441.85858154296875, 605.2952880859375, 0.7267937064170837], [0, 367.0501708984375, 612.2006225585938, 384.6949462890625, 632.0835571289062, 0.663536548614502], [0, 171.69357299804688, 479.2877197265625, 180.20123291015625, 499.27099609375, 0.597110390663147], [4, 147.52572631835938, 191.39552307128906, 152.52377319335938, 202.6373748779297, 0.5342174172401428], [0, 360.97998046875, 160.6706085205078, 369.5330810546875, 173.3296661376953, 0.49236416816711426], [4, 146.0291748046875, 161.5992431640625, 151.76571655273438, 173.55474853515625, 0.48236721754074097], [3, 82.60519409179688, 524.9619140625, 113.16796875, 578.6309814453125, 0.36288827657699585], [0, 366.2459716796875, 169.9599609375, 374.5098876953125, 185.5902099609375, 0.2759343981742859], [0, 163.6737823486328, 303.1003112792969, 171.8329620361328, 312.9206848144531, 0.2512170970439911]], "patched": [[0, 426.3142395019531, 588.2796630859375, 442.0187683105469, 605.3128662109375, 0.7384225130081177], [3, 82.61742401123047, 525.1961669921875, 112.1330337524414, 579.0577392578125, 0.7054557800292969], [0, 366.9458923339844, 612.126953125, 384.9124450683594, 632.11865234375, 0.6318603157997131], [4, 147.51617431640625, 191.38998413085938, 152.52783203125, 202.62887573242188, 0.5301547646522522], [0, 360.9730224609375, 160.67039489746094, 369.5430908203125, 173.33277893066406, 0.49081456661224365], [4, 146.02224731445312, 161.60382080078125, 151.77072143554688, 173.5537109375, 0.4773004949092865], [0, 171.64263916015625, 479.29522705078125, 180.24615478515625, 499.24261474609375, 0.46358153223991394], [0, 163.65963745117188, 303.07928466796875, 171.86624145507812, 312.93719482421875, 0.2764899730682373], [0, 366.24053955078125, 169.9656982421875, 374.51483154296875, 185.5860595703125, 0.2696206271648407]]}