{"clean": [[0, 97.94237518310547, 187.98236083984375, 112.23136138916016, 211.179443359375, 0.8352100253105164], [0, 83.84844207763672, 113.74824523925781, 95.9913558959961, 133.9053497314453, 0.8258517980575562], [3, 556.5753173828125, 313.8109130859375, 586.3607177734375, 403.28472900390625, 0.8141695857048035], [0, 562.9649658203125, 193.7413330078125, 573.0682373046875, 222.77545166015625, 0.7707402110099792], [0, 149.56871032714844, 353.2566833496094, 166.89793395996094, 388.1770935058594, 0.7361438274383545], [0, 552.755859375, 84.08824920654297, 566.51611328125, 106.02741241455078, 0.7251391410827637], [1, 51.315711975097656, 61.96340560913086, 61.65618133544922, 80.1697998046875, 0.7175419330596924], [3, 599.4005737304688, 374.22662353515625, 620.5835571289062, 437.38287353515625, 0.6707456111907959], [0, 493.24560546875, 51.936439514160156, 501.905029296875, 65.62015533447266, 0.6532732248306274], [1, 20.207202911376953, 4.875150680541992, 30.940433502197266, 21.526588439941406, 0.6205934286117554], [1, 523.516357421875, 58.17572021484375, 537.194091796875, 84.57199096679688, 0.6166590452194214], [1, 130.32379150390625, 282.26031494140625, 146.10284423828125, 310.44012451171875, 0.614456832408905], [1, 215.47471618652344, 493.52923583984375, 237.63609313964844, 538.2289428710938, 0.6101629137992859], [1, 63.80598831176758, 55.055015563964844, 74.14231872558594, 72.37409210205078, 0.546265721321106], [1, 592.2535400390625, 542.6845092773438, 608.0814208984375, 593.6237182617188, 0.5313054323196411], [1, 184.4263916015625, 472.24176025390625, 206.2955322265625, 518.1441650390625, 0.5241895318031311], [0, 184.12078857421875, 472.044677734375, 206.2615966796875, 518.0579833984375, 0.4939308762550354], [1, 76.96369934082031, 151.55642700195312, 90.05424499511719, 173.36886596679688, 0.4910935163497925], [0, 25.300846099853516, 60.10826873779297, 35.63497543334961, 79.07678985595703, 0.48622360825538635], [2, 599.295654296875, 374.1697998046875, 620.570556640625, 437.296142578125, 0.44089919328689575], [2, 149.7046356201172, 353.3777160644531, 167.0705108642578, 388.1574401855469, 0.41102126240730286], [0, 76.84382629394531, 151.35340881347656, 90.13865661621094, 173.3645477294922, 0.3426666855812073]], "patched": [[0, 97.96186828613281, 188.01068115234375, 112.21482849121094, 211.087158203125, 0.83245450258255], [0, 83.86476135253906, 113.75509643554688, 95.97785949707031, 133.8878173828125, 0.8235893249511719], [3, 556.6124267578125, 313.8121337890625, 586.3238525390625, 403.25628662109375, 0.817324161529541], [0, 562.9910888671875, 193.752197265625, 573.0433349609375, 222.7647705078125, 0.7646611928939819], [2, 149.76065063476562, 353.381103515625, 166.68923950195312, 388.3162841796875, 0.7407859563827515], [1, 51.327667236328125, 61.97393035888672, 61.642974853515625, 80.19145965576172, 0.7195302844047546], [0, 552.7618408203125, 84.10514068603516, 566.5035400390625, 106.0220718383789, 0.7138344049453735], [3, 599.4262084960938, 374.23980712890625, 620.5797729492188, 437.37054443359375, 0.6960089802742004], [0, 493.26641845703125, 51.96952819824219, 501.88629150390625, 65.57164001464844, 0.6562123894691467], [1, 20.2144775390625, 4.880405426025391, 30.92247772216797, 21.524826049804688, 0.6265482902526855], [1, 523.5286254882812, 58.179832458496094, 537.1795043945312, 84.56282806396484, 0.6092090606689453], [2, 215.66107177734375, 493.53668212890625, 237.35647583007812, 538.1067504882812, 0.607591450214386], [2, 184.22555541992188, 472.09564208984375, 206.00778198242188, 517.6860961914062, 0.5815792679786682], [1, 63.82274627685547, 55.068763732910156, 74.12567901611328, 72.36917877197266, 0.5519777536392212], [1, 76.975830078125, 151.57688903808594, 90.03628540039062, 173.36146545410156, 0.5119982361793518], [1, 592.2701416015625, 542.70947265625, 608.0426025390625, 593.5946044921875, 0.49751946330070496], [0, 25.315776824951172, 60.12551498413086, 35.61989974975586, 79.0615234375, 0.4804331064224243], [2, 599.32861328125, 374.17718505859375, 620.5634765625, 437.28497314453125, 0.44376757740974426], [2, 130.55844116210938, 282.5638427734375, 145.79953002929688, 312.3929443359375, 0.4308174252510071], [1, 130.40931701660156, 282.278564453125, 145.85157775878906, 312.21893310546875, 0.3750295042991638], [0, 76.85979461669922, 151.37890625, 90.11998748779297, 173.35687255859375, 0.3067711591720581], [1, 184.4263916015625, 472.25738525390625, 206.08648681640625, 517.8097534179688, 0.2746637165546417]]}