{"clean": [[0, 303.93017578125, 254.4442901611328, 353.943603515625, 305.56414794921875, 0.920356810092926], [0, 442.5103759765625, 444.257080078125, 492.8695068359375, 546.8486328125, 0.8984414935112], [0, 468.67559814453125, 579.542724609375, 514.6455078125, 639.86865234375, 0.8958948850631714], [0, 387.05535888671875, 55.92197799682617, 430.80572509765625, 86.48655700683594, 0.8773255348205566], [0, 392.07574462890625, 184.89381408691406, 441.62396240234375, 218.9004669189453, 0.8470185995101929], [1, 303.3768310546875, 213.86334228515625, 352.378662109375, 262.80780029296875, 0.618316113948822], [4, 404.1626892089844, 454.4189453125, 417.5899963378906, 497.252685546875, 0.5618389248847961]], "patched": [[0, 304.0654296875, 254.65199279785156, 353.8402099609375, 305.9598388671875, 0.9156627655029297], [0, 387.056396484375, 55.97605895996094, 430.7281494140625, 86.50077819824219, 0.8133748173713684], [2, 443.15447998046875, 444.56829833984375, 492.68072509765625, 546.6857299804688, 0.7858231663703918], [1, 303.4381103515625, 214.03146362304688, 352.374267578125, 262.767333984375, 0.5955585837364197], [4, 404.3487854003906, 454.472900390625, 417.4502258300781, 497.2264404296875, 0.5135676860809326], [0, 468.8084716796875, 579.37939453125, 509.791015625, 639.986328125, 0.2775956392288208]]}