{"clean": [[0, 508.3223876953125, 321.76239013671875, 568.03076171875, 372.06890869140625, 0.8097044229507446], [0, 580.64990234375, 239.3172607421875, 639.993408203125, 285.09881591796875, 0.8062323927879333], [0, 125.48733520507812, 409.65777587890625, 188.46829223632812, 461.2313232421875, 0.8061031699180603], [0, 207.47198486328125, 314.3929748535156, 272.1290283203125, 363.7076721191406, 0.7511976957321167], [0, 0.0, 293.54827880859375, 57.93565368652344, 338.89483642578125, 0.737991213798523]], "patched": [[0, 125.61715698242188, 409.8287353515625, 186.76388549804688, 459.2962646484375, 0.7573402523994446], [0, 223.48971557617188, 315.3613586425781, 251.39535522460938, 361.6795959472656, 0.6303842067718506], [0, 250.01324462890625, 314.09881591796875, 272.30389404296875, 352.67303466796875, 0.6160838007926941], [0, 529.6184692382812, 322.27392578125, 567.8624877929688, 373.8319091796875, 0.557138204574585], [0, 511.75927734375, 322.33709716796875, 568.2265625, 374.34625244140625, 0.4644821584224701], [1, 529.5003662109375, 321.9006652832031, 568.0750732421875, 373.6069030761719, 0.39117562770843506]]}