{"clean": [[0, 289.5426940917969, 309.60498046875, 336.8037414550781, 339.63134765625, 0.8957034945487976], [0, 289.2690124511719, 343.2996826171875, 339.6367492675781, 376.8070068359375, 0.8940688371658325], [0, 11.880313873291016, 172.41232299804688, 39.54386901855469, 212.96127319335938, 0.8800833821296692], [1, 427.35791015625, 315.82904052734375, 474.369384765625, 349.67962646484375, 0.8618431687355042], [0, 44.06880187988281, 151.4193115234375, 68.34012603759766, 188.95855712890625, 0.8609189391136169], [0, 424.24176025390625, 426.04644775390625, 475.1424560546875, 463.29632568359375, 0.8331369757652283], [0, 102.49212646484375, 43.90309143066406, 119.36373901367188, 70.92921447753906, 0.8268458843231201], [0, 504.3948669433594, 304.40826416015625, 554.2850341796875, 335.10272216796875, 0.823040246963501], [0, 128.413818359375, 75.70719909667969, 146.1416015625, 99.32087707519531, 0.812221348285675], [4, 247.83792114257812, 283.42388916015625, 264.1767272949219, 294.62872314453125, 0.7049171328544617], [4, 178.29885864257812, 285.0491943359375, 195.32809448242188, 297.8824462890625, 0.6901472806930542], [4, 301.460205078125, 271.5885009765625, 321.4818115234375, 283.5997314453125, 0.666833758354187], [4, 39.20338439941406, 411.64422607421875, 58.49455261230469, 434.410888671875, 0.6376252770423889], [4, 8.984500885009766, 118.35401916503906, 18.861427307128906, 135.21202087402344, 0.626929521560669], [4, 200.09754943847656, 255.311279296875, 216.72865295410156, 267.7119140625, 0.6095969676971436], [4, 309.3485107421875, 279.59942626953125, 325.6746826171875, 290.70196533203125, 0.47167855501174927], [4, 222.32171630859375, 278.607177734375, 238.0479736328125, 290.1602783203125, 0.4660390615463257], [4, 209.82089233398438, 267.2810974121094, 224.06430053710938, 278.9137268066406, 0.4388311207294464], [4, 259.68890380859375, 260.4547119140625, 275.73638916015625, 272.1309814453125, 0.4237293004989624], [4, 587.54638671875, 222.5281982421875, 609.9002685546875, 239.43212890625, 0.34356990456581116], [4, 317.33209228515625, 263.8101501464844, 334.84967041015625, 274.1818542480469, 0.3198114037513733], [4, 175.92105102539062, 507.7669982910156, 196.582763671875, 527.2818603515625, 0.3114433288574219], [4, 330.01226806640625, 253.1623992919922, 345.3599853515625, 264.52349853515625, 0.3012665808200836]], "patched": [[0, 289.53118896484375, 309.56463623046875, 336.81695556640625, 339.74383544921875, 0.893695056438446], [0, 289.2979736328125, 343.19927978515625, 339.6888427734375, 377.33416748046875, 0.8931487202644348], [1, 427.3459777832031, 315.7352294921875, 474.3788757324219, 349.68939208984375, 0.8605118989944458], [0, 12.132080078125, 172.32647705078125, 39.55027389526367, 213.515869140625, 0.8368019461631775], [0, 44.075233459472656, 151.44754028320312, 68.4658432006836, 189.02639770507812, 0.8246845006942749], [0, 128.31423950195312, 75.7123031616211, 146.18392944335938, 99.4399642944336, 0.7995657920837402], [4, 301.40447998046875, 271.49395751953125, 321.50482177734375, 283.6416015625, 0.7112712860107422], [4, 247.80078125, 283.298583984375, 264.206298828125, 294.708251953125, 0.7062239050865173], [4, 178.26979064941406, 284.87152099609375, 195.3879852294922, 297.90362548828125, 0.7029693126678467], [0, 504.5221252441406, 304.42132568359375, 554.3692626953125, 337.46441650390625, 0.6897972226142883], [0, 102.88621520996094, 43.88646697998047, 119.31599426269531, 69.63799285888672, 0.6626487374305725], [4, 8.923261642456055, 118.62875366210938, 18.907102584838867, 135.18789672851562, 0.6472821831703186], [4, 39.11639404296875, 411.58697509765625, 58.60779571533203, 434.4581298828125, 0.6464827060699463], [4, 200.06292724609375, 254.622314453125, 216.83523559570312, 267.78094482421875, 0.6207935810089111], [4, 309.32177734375, 279.45367431640625, 325.76055908203125, 290.69342041015625, 0.5110512375831604], [0, 424.25714111328125, 425.9264831542969, 475.26470947265625, 468.1459045410156, 0.5015727281570435], [4, 222.27310180664062, 278.457763671875, 238.07791137695312, 290.1859130859375, 0.49752193689346313], [4, 209.81744384765625, 266.9721984863281, 224.12448120117188, 278.9265441894531, 0.476191908121109], [4, 259.693603515625, 260.3750305175781, 275.7337646484375, 272.2047424316406, 0.39420583844184875], [4, 587.5400390625, 222.5025634765625, 609.97119140625, 239.41717529296875, 0.38897836208343506], [4, 317.49786376953125, 263.3665771484375, 334.83245849609375, 274.3843994140625, 0.3812386691570282], [4, 175.8115234375, 507.56866455078125, 196.60800170898438, 527.2998657226562, 0.31006014347076416], [4, 329.9381103515625, 253.0875244140625, 345.3953857421875, 264.58343505859375, 0.2918104827404022], [4, 178.62722778320312, 10.906534194946289, 186.08004760742188, 24.4881534576416, 0.271837443113327]]}