{"clean": [[0, 19.018054962158203, 375.459228515625, 46.7946891784668, 400.669921875, 0.8927220106124878], [0, 80.18382263183594, 514.9976196289062, 109.42330932617188, 549.9486694335938, 0.86232990026474], [0, 0.0, 441.5892028808594, 18.933828353881836, 469.3818664550781, 0.8467340469360352], [0, 11.917754173278809, 410.73583984375, 37.379425048828125, 440.3636474609375, 0.8395422697067261], [3, 65.41497802734375, 450.804931640625, 129.359375, 520.525390625, 0.8354637026786804], [0, 179.4739990234375, 596.8783569335938, 212.25277709960938, 636.4259643554688, 0.8092441558837891], [3, 144.06106567382812, 452.17193603515625, 205.349853515625, 568.9030151367188, 0.7206396460533142]], "patched": [[0, 80.23367309570312, 515.2335205078125, 109.49252319335938, 548.94287109375, 0.8579742312431335], [0, 19.067703247070312, 375.8509521484375, 46.83771514892578, 400.464111328125, 0.8420438170433044], [3, 65.44166564941406, 450.70904541015625, 129.12249755859375, 520.462890625, 0.776502788066864], [3, 144.05154418945312, 452.2659912109375, 205.19216918945312, 568.857666015625, 0.7326247096061707], [0, 11.78759479522705, 410.6554870605469, 37.20817184448242, 440.1540222167969, 0.729871928691864], [0, 179.52130126953125, 596.9547729492188, 212.23654174804688, 636.3217163085938, 0.639638364315033], [0, 0.0, 441.5048522949219, 18.861949920654297, 469.6987609863281, 0.5892319679260254]]}