{"clean": [[0, 424.096435546875, 168.81488037109375, 471.8299560546875, 273.0867614746094, 0.9119964241981506], [0, 296.93353271484375, 532.4788208007812, 356.65203857421875, 639.5436401367188, 0.9051596522331238], [1, 305.23333740234375, 352.39898681640625, 347.93206787109375, 472.47137451171875, 0.8843273520469666], [0, 305.4503173828125, 189.80398559570312, 348.4696044921875, 301.9098815917969, 0.8801574110984802], [0, 309.0123291015625, 89.75387573242188, 346.88134765625, 186.82705688476562, 0.848700225353241], [1, 250.82830810546875, 185.543701171875, 298.06884765625, 298.70611572265625, 0.8345921039581299], [1, 415.03009033203125, 76.17607116699219, 456.57684326171875, 157.44549560546875, 0.8341314196586609], [4, 556.781005859375, 334.010498046875, 593.0263671875, 360.177490234375, 0.7858245372772217], [4, 195.15875244140625, 160.0950469970703, 230.89190673828125, 184.24266052246094, 0.7542703747749329], [0, 181.97650146484375, 0.0, 254.219970703125, 20.79085922241211, 0.7446258664131165], [4, 467.62060546875, 491.066162109375, 497.4151611328125, 552.2845458984375, 0.7188697457313538], [4, 518.179931640625, 488.7511901855469, 547.479248046875, 561.91748046875, 0.6712917685508728], [4, 524.8673706054688, 242.28762817382812, 564.1095581054688, 259.5240173339844, 0.6052303314208984], [4, 581.5718994140625, 364.18780517578125, 601.9246826171875, 410.32513427734375, 0.5448877215385437], [4, 526.9439697265625, 236.4240264892578, 566.14208984375, 251.74794006347656, 0.479713499546051], [4, 533.4729614257812, 261.161376953125, 568.7910766601562, 282.7442626953125, 0.4442673325538635], [0, 478.4761657714844, 625.3408203125, 549.2908935546875, 640.0, 0.42677050828933716], [4, 527.689453125, 82.19194793701172, 556.5174560546875, 105.55423736572266, 0.29944220185279846]], "patched": [[0, 297.0223388671875, 532.404296875, 356.65362548828125, 639.51171875, 0.8991167545318604], [0, 424.46917724609375, 168.57809448242188, 471.93707275390625, 273.94110107421875, 0.8885869979858398], [1, 305.20025634765625, 352.35638427734375, 347.95587158203125, 472.49932861328125, 0.883524477481842], [0, 305.7023010253906, 189.82101440429688, 348.4659118652344, 301.7176818847656, 0.8669120073318481], [1, 414.63848876953125, 76.28704833984375, 457.01385498046875, 156.69845581054688, 0.8664631247520447], [1, 250.7084503173828, 185.57745361328125, 297.86151123046875, 301.5286865234375, 0.851743221282959], [0, 309.054931640625, 89.68038940429688, 346.81964111328125, 187.2286376953125, 0.8396311402320862], [4, 556.7376708984375, 333.99658203125, 593.0450439453125, 360.253173828125, 0.7849166393280029], [4, 195.1393585205078, 160.044921875, 230.9462127685547, 184.27194213867188, 0.7571130394935608], [0, 181.873046875, 0.0, 254.2890625, 20.84099578857422, 0.7318689227104187], [4, 467.5987548828125, 491.021484375, 497.4891357421875, 552.3084716796875, 0.7166136503219604], [4, 518.0758056640625, 488.72637939453125, 547.5567626953125, 561.9303588867188, 0.6644163727760315], [4, 524.7772216796875, 242.15121459960938, 564.286865234375, 259.6822814941406, 0.5931233167648315], [4, 581.547607421875, 364.178955078125, 601.9423828125, 410.342041015625, 0.548859179019928], [4, 526.7933349609375, 236.39471435546875, 566.1768798828125, 252.1378173828125, 0.4641295075416565], [4, 533.3309326171875, 261.07806396484375, 568.9019775390625, 282.80267333984375, 0.4396176338195801], [0, 478.30572509765625, 625.303466796875, 549.2280883789062, 640.0, 0.42271965742111206], [4, 527.6749267578125, 82.16326904296875, 556.6209716796875, 105.61062622070312, 0.2827881872653961]]}