{"clean": [[3, 600.77880859375, 177.47381591796875, 639.82080078125, 252.047119140625, 0.883431613445282], [3, 404.2784729003906, 60.885581970214844, 446.7555236816406, 103.9588394165039, 0.846244215965271], [0, 353.05029296875, 426.90460205078125, 393.714111328125, 527.7711791992188, 0.8345025181770325], [0, 298.49188232421875, 61.26003646850586, 308.7825927734375, 75.1962890625, 0.7957033514976501], [0, 247.55369567871094, 282.07318115234375, 268.298583984375, 314.71929931640625, 0.7917171120643616], [0, 278.776123046875, 37.923851013183594, 288.576904296875, 50.46422576904297, 0.7761241793632507], [0, 274.53973388671875, 71.12753295898438, 284.82342529296875, 86.86697387695312, 0.7746853828430176], [0, 425.0459289550781, 367.31591796875, 455.3628234863281, 438.5513916015625, 0.7612481117248535], [0, 291.73577880859375, 17.821571350097656, 300.13079833984375, 28.203140258789062, 0.74288010597229], [0, 317.3419189453125, 30.96463394165039, 326.3787841796875, 45.82770919799805, 0.7411578893661499], [0, 563.1786499023438, 0.0, 576.3807983398438, 11.13907527923584, 0.7349782586097717], [0, 337.600341796875, 92.14476013183594, 350.59967041015625, 117.44441223144531, 0.6584668159484863], [0, 589.331787109375, 255.44154357910156, 610.460205078125, 289.9425048828125, 0.6016860604286194], [0, 420.2669677734375, 423.91094970703125, 451.5477294921875, 474.30596923828125, 0.4325186312198639]], "patched": [[3, 600.8439331054688, 177.54574584960938, 639.8202514648438, 251.92868041992188, 0.8882178068161011], [3, 404.2879943847656, 60.8695182800293, 446.7360534667969, 103.99928283691406, 0.8441101312637329], [0, 298.521240234375, 61.277313232421875, 308.759033203125, 75.18154907226562, 0.7950147986412048], [0, 278.8089599609375, 37.93115234375, 288.54742431640625, 50.44499969482422, 0.7764031291007996], [0, 274.593017578125, 71.12269592285156, 284.7840576171875, 86.84475708007812, 0.7749590277671814], [0, 248.68099975585938, 282.58917236328125, 267.5433044433594, 315.53863525390625, 0.7714337706565857], [0, 590.220458984375, 257.0017395019531, 610.30224609375, 293.8694763183594, 0.7497687935829163], [0, 317.3607482910156, 30.950746536254883, 326.3606262207031, 45.8056640625, 0.7466326951980591], [0, 291.7572021484375, 17.82280731201172, 300.111328125, 28.176475524902344, 0.7433327436447144], [0, 563.2222900390625, 0.0, 576.3502197265625, 11.116201400756836, 0.7306432723999023], [0, 353.57305908203125, 427.008056640625, 393.10162353515625, 529.60546875, 0.6867186427116394], [0, 425.64764404296875, 367.66644287109375, 455.3515625, 451.58929443359375, 0.6647974252700806], [0, 337.6363525390625, 92.1199951171875, 350.561767578125, 117.42256164550781, 0.6580420136451721], [0, 599.8160400390625, 142.91424560546875, 618.3939208984375, 170.197021484375, 0.49394217133522034], [0, 635.261962890625, 186.25518798828125, 640.0, 209.78955078125, 0.25166764855384827]]}