{"clean": [[0, 405.8734130859375, 379.2108154296875, 426.2640380859375, 408.3271484375, 0.8630653023719788], [0, 355.87835693359375, 490.2589111328125, 382.58843994140625, 561.9766845703125, 0.7797365188598633], [3, 354.4202575683594, 190.9857177734375, 371.1227111816406, 236.9385986328125, 0.7780871391296387], [0, 273.48870849609375, 53.76130294799805, 281.3389892578125, 63.559452056884766, 0.7529126405715942], [0, 295.8343200683594, 39.26777648925781, 302.7961730957031, 48.7041015625, 0.7423840165138245], [0, 304.1438903808594, 44.55927276611328, 311.4822082519531, 55.909751892089844, 0.7423194050788879], [2, 376.39306640625, 149.26031494140625, 389.14630126953125, 168.80270385742188, 0.7078827619552612], [3, 367.3504333496094, 185.5059814453125, 384.5154724121094, 231.11764526367188, 0.661473274230957], [3, 381.4254455566406, 189.99989318847656, 399.4630432128906, 237.07691955566406, 0.6560645699501038], [0, 308.44793701171875, 97.86433410644531, 318.02301025390625, 113.79798889160156, 0.5482288002967834], [3, 340.1011962890625, 150.08859252929688, 356.326904296875, 188.28390502929688, 0.5376777052879333], [0, 283.78961181640625, 39.88786315917969, 289.51654052734375, 47.72691345214844, 0.5370073318481445], [0, 300.0915222167969, 24.112957000732422, 306.1224670410156, 31.867340087890625, 0.5300765037536621], [0, 344.9842529296875, 171.41513061523438, 356.8377685546875, 188.65005493164062, 0.4581087529659271], [0, 279.60888671875, 107.43450927734375, 289.0985107421875, 123.1790771484375, 0.4375050961971283], [0, 338.6343994140625, 136.50131225585938, 346.8204345703125, 147.86935424804688, 0.40927138924598694], [2, 365.03814697265625, 152.23617553710938, 376.90240478515625, 169.11642456054688, 0.4034782350063324], [0, 367.6589660644531, 165.1995849609375, 381.1708068847656, 184.40411376953125, 0.35898110270500183], [0, 352.33868408203125, 156.87527465820312, 362.78985595703125, 168.5616455078125, 0.33589258790016174], [0, 340.4563293457031, 210.49102783203125, 353.1853942871094, 227.86865234375, 0.29387515783309937]], "patched": [[0, 405.8553466796875, 379.21954345703125, 426.2059326171875, 408.18426513671875, 0.8612324595451355], [3, 354.26531982421875, 190.72320556640625, 371.03424072265625, 236.77044677734375, 0.7774224877357483], [0, 273.47857666015625, 53.755733489990234, 281.36065673828125, 63.5704231262207, 0.7522803544998169], [0, 304.1376037597656, 44.55636215209961, 311.4907531738281, 55.91536331176758, 0.7417750358581543], [0, 295.82696533203125, 39.26383972167969, 302.80389404296875, 48.70939636230469, 0.741666316986084], [2, 376.38897705078125, 149.25625610351562, 389.15155029296875, 168.81405639648438, 0.7080506086349487], [0, 356.12933349609375, 490.08233642578125, 381.29559326171875, 562.8340454101562, 0.7019137740135193], [3, 367.35205078125, 185.49984741210938, 384.51904296875, 231.12692260742188, 0.6616184711456299], [3, 381.43890380859375, 189.9951629638672, 399.46893310546875, 237.1033477783203, 0.65668123960495], [0, 308.4502258300781, 97.86334228515625, 318.0251770019531, 113.80523681640625, 0.545078456401825], [3, 340.09246826171875, 150.08633422851562, 356.33441162109375, 188.29641723632812, 0.5384740233421326], [0, 283.7794494628906, 39.88080978393555, 289.5274963378906, 47.73628616333008, 0.5324248671531677], [0, 300.0875244140625, 24.10449981689453, 306.1268310546875, 31.871116638183594, 0.5262385010719299], [0, 344.97381591796875, 171.4124298095703, 356.83892822265625, 188.65879821777344, 0.4556743800640106], [0, 279.6080322265625, 107.4605712890625, 289.1014404296875, 123.19723510742188, 0.4324890971183777], [0, 338.628173828125, 136.4927215576172, 346.8258056640625, 147.8750457763672, 0.40792179107666016], [2, 365.03424072265625, 152.23605346679688, 376.90655517578125, 169.12417602539062, 0.40166303515434265], [0, 367.6534729003906, 165.20184326171875, 381.1805114746094, 184.36431884765625, 0.3673664927482605], [0, 352.338134765625, 156.88555908203125, 362.7911376953125, 168.56851196289062, 0.33421850204467773], [0, 340.4732666015625, 210.5001220703125, 353.19091796875, 227.8687744140625, 0.29260843992233276]]}