{"clean": [[0, 235.342041015625, 402.4713134765625, 268.9615478515625, 492.18505859375, 0.8637345433235168], [0, 0.1881866455078125, 0.0316925048828125, 41.68318176269531, 45.81220245361328, 0.8551883101463318], [0, 56.50274658203125, 143.11459350585938, 104.9383544921875, 192.24810791015625, 0.8527533411979675], [0, 605.3599853515625, 312.2634582519531, 639.9149169921875, 355.5548400878906, 0.805472195148468]], "patched": [[0, 56.47724914550781, 143.369384765625, 105.73297119140625, 193.76959228515625, 0.751724362373352], [0, 235.31045532226562, 402.04815673828125, 269.2574462890625, 495.10174560546875, 0.6759670376777649], [0, 225.27085876464844, 169.37347412109375, 240.86940002441406, 199.4500732421875, 0.4435417652130127], [2, 0.4845848083496094, 0.0, 40.16999435424805, 47.39342498779297, 0.44340986013412476], [1, 204.52005004882812, 159.43814086914062, 229.78048706054688, 199.7039794921875, 0.4154549241065979], [0, 474.49700927734375, 330.20513916015625, 503.85858154296875, 362.27496337890625, 0.2990294396877289]]}