{"clean": [[0, 756.4550170898438, 235.92694091796875, 892.3731079101562, 364.12725830078125, 0.8960830569267273], [0, 808.6842041015625, 0.08624267578125, 875.8936767578125, 65.83494567871094, 0.7981464862823486]], "patched": [[0, 808.9376831054688, 0.0, 873.0427856445312, 66.01982116699219, 0.6064559817314148], [2, 808.9842529296875, 0.15688323974609375, 872.7584228515625, 66.72476196289062, 0.29682081937789917]]}