{"clean": [[0, 352.33270263671875, 856.28759765625, 424.14178466796875, 972.99169921875, 0.8827388286590576], [0, 834.03076171875, 777.3577880859375, 885.308349609375, 842.91552734375, 0.7660595774650574], [1, 639.6849365234375, 686.4736328125, 671.8760986328125, 740.171142578125, 0.7462829351425171], [0, 443.98992919921875, 667.021728515625, 481.71160888671875, 706.79248046875, 0.721254289150238], [0, 466.50518798828125, 703.3992919921875, 501.04425048828125, 757.8577880859375, 0.7127875089645386], [1, 1013.4999389648438, 1093.0009765625, 1147.89453125, 1280.0, 0.6981366276741028], [0, 719.9818115234375, 567.9835815429688, 745.8612060546875, 593.7208862304688, 0.6108839511871338], [0, 560.3740234375, 542.1077270507812, 578.4610595703125, 563.3629760742188, 0.5220996737480164], [1, 651.662841796875, 605.27685546875, 671.7337646484375, 637.872802734375, 0.5163770318031311], [0, 470.5626220703125, 633.832275390625, 499.37939453125, 669.4619140625, 0.49686843156814575], [4, 748.799072265625, 883.4987182617188, 772.042236328125, 931.0385131835938, 0.4487866163253784], [0, 785.91943359375, 671.3697509765625, 831.30908203125, 714.0501708984375, 0.41744959354400635], [0, 565.59375, 531.7242431640625, 583.73974609375, 548.8040771484375, 0.4023858904838562], [4, 576.45703125, 634.3648681640625, 584.824951171875, 651.2054443359375, 0.3722810745239258], [1, 470.55877685546875, 633.6812744140625, 499.86724853515625, 670.1539306640625, 0.3148128390312195], [0, 740.97412109375, 609.0796508789062, 771.985595703125, 636.5111694335938, 0.3124297559261322], [4, 691.6446533203125, 577.1962280273438, 698.0252685546875, 589.8572387695312, 0.29420652985572815], [0, 602.5792236328125, 518.72216796875, 612.3775634765625, 528.986572265625, 0.29308974742889404], [0, 584.1550903320312, 522.1370849609375, 595.2236938476562, 535.334228515625, 0.2861763834953308]], "patched": [[0, 444.0339660644531, 666.8912353515625, 481.5790710449219, 706.752197265625, 0.7220035195350647], [0, 719.664306640625, 567.74169921875, 745.950439453125, 593.7911376953125, 0.6140965223312378], [0, 559.9230346679688, 541.7514038085938, 578.5632934570312, 563.4318237304688, 0.5536535978317261], [1, 651.4638061523438, 604.9451293945312, 671.7810668945312, 638.0172729492188, 0.5511240363121033], [4, 748.606689453125, 882.09814453125, 771.75146484375, 931.2633056640625, 0.5161077976226807], [0, 470.5347595214844, 633.7960205078125, 499.5768127441406, 669.641357421875, 0.46584463119506836], [0, 466.7696838378906, 703.4608154296875, 501.6465148925781, 758.0736083984375, 0.4608564078807831], [0, 565.37353515625, 531.2943115234375, 583.873779296875, 548.8465576171875, 0.38988110423088074], [4, 576.368408203125, 634.206787109375, 584.9544677734375, 651.27685546875, 0.38469216227531433], [1, 639.100341796875, 686.214599609375, 672.00048828125, 740.874267578125, 0.3349345922470093], [0, 739.3561401367188, 607.8746337890625, 772.0421752929688, 636.4202880859375, 0.3044669032096863], [0, 351.97442626953125, 856.128173828125, 424.11279296875, 972.6802978515625, 0.28638702630996704], [4, 691.5046997070312, 576.867431640625, 698.1621704101562, 589.871826171875, 0.2829301059246063], [4, 552.3267822265625, 647.7614135742188, 563.0675048828125, 670.3838500976562, 0.25712892413139343], [0, 584.0007934570312, 521.5093994140625, 595.2372436523438, 535.3546142578125, 0.25697946548461914]]}