{"clean": [[0, 113.56268310546875, 767.656005859375, 249.94171142578125, 876.135986328125, 0.914354681968689], [0, 703.4034423828125, 729.851806640625, 825.666015625, 826.082275390625, 0.9142477512359619], [0, 629.201171875, 629.1136474609375, 745.7183837890625, 719.4903564453125, 0.9096810221672058], [0, 625.4569702148438, 1115.24609375, 701.0380249023438, 1280.0, 0.8887436985969543], [0, 363.58953857421875, 39.5826416015625, 417.16015625, 88.91239929199219, 0.8550819754600525], [0, 6.936128616333008, 452.89410400390625, 70.60643005371094, 551.6312866210938, 0.796116054058075], [0, 585.049560546875, 48.584632873535156, 620.508056640625, 91.3705062866211, 0.7708030939102173], [1, 500.6549987792969, 727.0582885742188, 621.850830078125, 837.4528198242188, 0.7161001563072205], [1, 267.53271484375, 401.28558349609375, 323.84814453125, 499.00787353515625, 0.5708332657814026], [1, 907.6123046875, 590.4521484375, 1038.8154296875, 692.470703125, 0.5336732864379883], [0, 139.82888793945312, 465.80499267578125, 226.49606323242188, 583.9755249023438, 0.3000625967979431], [2, 907.695068359375, 590.9132080078125, 1038.996337890625, 691.9566650390625, 0.2922295033931732]], "patched": [[0, 584.9302978515625, 48.458194732666016, 620.5909423828125, 91.4710693359375, 0.7735809087753296], [0, 112.862548828125, 767.844970703125, 249.92251586914062, 876.002685546875, 0.26758986711502075]]}