{"clean": [[0, 1057.6728515625, 83.49356079101562, 1161.54296875, 211.60317993164062, 0.8499681949615479], [0, 392.6417236328125, 409.390869140625, 491.7637939453125, 724.8704833984375, 0.8475860357284546], [0, 533.2621459960938, 219.2808074951172, 619.0759887695312, 413.04986572265625, 0.7840596437454224], [0, 1123.692138671875, 229.79672241210938, 1237.51953125, 387.7765808105469, 0.7368237972259521], [0, 1000.3021850585938, 0.0, 1080.64892578125, 80.88246154785156, 0.49866047501564026], [4, 331.82098388671875, 407.05218505859375, 365.23760986328125, 513.1137084960938, 0.3824354410171509], [2, 999.8438720703125, 0.07340240478515625, 1079.8824462890625, 81.52410125732422, 0.2933362126350403]], "patched": [[4, 333.2977600097656, 418.1226806640625, 365.0296325683594, 512.1202392578125, 0.3970608413219452]]}