{"clean": [[4, 52.371604919433594, 1192.738525390625, 107.5307388305664, 1280.0, 0.7281186580657959], [0, 609.38671875, 593.6429443359375, 630.641845703125, 624.8804931640625, 0.5758927464485168], [2, 665.894287109375, 861.74658203125, 763.9454345703125, 1159.148193359375, 0.5757439136505127], [4, 469.49267578125, 848.8610229492188, 491.4207763671875, 893.0208129882812, 0.573930025100708], [0, 622.4044799804688, 542.9031982421875, 637.3130493164062, 557.738525390625, 0.5641000866889954], [4, 762.7857055664062, 865.8656005859375, 783.1072387695312, 912.6729736328125, 0.4999447464942932], [4, 477.4927978515625, 754.98388671875, 493.3499755859375, 787.5853271484375, 0.4213356673717499], [4, 1113.54443359375, 901.9176025390625, 1156.74951171875, 948.5179443359375, 0.4131737947463989], [1, 686.5660400390625, 576.8447875976562, 703.953125, 601.7842407226562, 0.39022329449653625], [0, 667.1234741210938, 514.483642578125, 677.3158569335938, 526.129150390625, 0.36000725626945496], [0, 606.43798828125, 534.8984375, 619.4832763671875, 551.8544921875, 0.3558289408683777], [2, 1203.620361328125, 1047.3487548828125, 1279.637451171875, 1220.3118896484375, 0.3413424491882324], [4, 591.5240478515625, 534.7755126953125, 596.8052978515625, 545.6959228515625, 0.3373059630393982], [1, 606.4190673828125, 533.9718017578125, 619.5704345703125, 551.5777587890625, 0.3046787679195404], [4, 540.2913818359375, 625.568603515625, 550.5501708984375, 645.213134765625, 0.29673221707344055], [0, 1203.391845703125, 1044.57861328125, 1279.856689453125, 1220.01708984375, 0.29222631454467773], [4, 654.1622314453125, 574.041259765625, 662.2161865234375, 590.93798828125, 0.2873680591583252], [4, 895.8466796875, 731.9039306640625, 923.66650390625, 761.1202392578125, 0.26762863993644714], [0, 613.2169799804688, 528.8392944335938, 627.2822875976562, 539.8630981445312, 0.2669576406478882]], "patched": [[4, 52.152587890625, 1191.40185546875, 107.580810546875, 1280.0, 0.7163597345352173], [0, 609.3303833007812, 593.5159912109375, 630.7200317382812, 624.9342041015625, 0.5737417936325073], [4, 469.5061950683594, 848.589111328125, 491.4244079589844, 893.05615234375, 0.5722293257713318], [0, 622.3624877929688, 542.74072265625, 637.3529663085938, 557.802490234375, 0.5533537268638611], [4, 762.747802734375, 865.247802734375, 783.1279296875, 912.697265625, 0.49927350878715515], [4, 1113.283935546875, 903.237548828125, 1156.337158203125, 948.5185546875, 0.42654821276664734], [4, 477.45697021484375, 754.6446533203125, 493.38592529296875, 787.6380615234375, 0.42171263694763184], [1, 686.5360107421875, 576.7819213867188, 704.0203857421875, 601.8362426757812, 0.3839292526245117], [0, 667.1028442382812, 514.3629150390625, 677.3339233398438, 526.1595458984375, 0.34681227803230286], [2, 668.2783203125, 973.21728515625, 764.907958984375, 1160.177978515625, 0.34609436988830566], [4, 591.5040283203125, 534.6182250976562, 596.8466796875, 545.7141723632812, 0.33557599782943726], [1, 606.39892578125, 533.737060546875, 619.58203125, 551.6239013671875, 0.33307892084121704], [0, 606.3925170898438, 534.5804443359375, 619.5090942382812, 551.9005126953125, 0.3319780230522156], [4, 540.2503662109375, 625.45361328125, 550.6085205078125, 645.2423095703125, 0.2915700078010559], [4, 654.1268920898438, 573.8978271484375, 662.2579956054688, 590.9901123046875, 0.28624609112739563], [4, 895.7212524414062, 732.1143188476562, 923.7651977539062, 761.0880737304688, 0.2822570502758026]]}