{"clean": [[0, 833.40576171875, 546.08203125, 898.083740234375, 590.617431640625, 0.7412335276603699], [0, 546.2219848632812, 366.925537109375, 566.4186401367188, 400.43896484375, 0.6189424991607666], [0, 840.9130859375, 450.8485107421875, 874.50048828125, 491.092041015625, 0.4962179362773895], [4, 815.58154296875, 446.32672119140625, 829.1396484375, 475.89801025390625, 0.45797985792160034], [0, 617.6135864257812, 244.48828125, 628.5996704101562, 258.30694580078125, 0.4547109603881836], [0, 765.18359375, 538.6282348632812, 800.3870849609375, 587.8242797851562, 0.39599141478538513], [4, 1179.719970703125, 865.0369873046875, 1226.80615234375, 911.6590576171875, 0.3673451840877533], [1, 603.0677490234375, 246.95904541015625, 614.6749267578125, 263.0495910644531, 0.30257728695869446], [1, 840.9224853515625, 450.3348388671875, 874.4847412109375, 491.18701171875, 0.251350075006485]], "patched": [[0, 546.2728271484375, 366.53240966796875, 566.4287109375, 400.48406982421875, 0.6520060300827026], [0, 840.8035888671875, 448.920166015625, 874.5078125, 491.24798583984375, 0.6015520691871643], [0, 617.591796875, 244.18682861328125, 628.634765625, 258.340087890625, 0.4674920439720154], [4, 815.463134765625, 445.8583984375, 829.268798828125, 475.94189453125, 0.4663875102996826], [0, 765.0791015625, 538.3894653320312, 799.660400390625, 587.7688598632812, 0.34015554189682007], [1, 603.0389404296875, 246.85348510742188, 614.6806640625, 263.0662536621094, 0.3108941614627838], [4, 1179.635986328125, 864.6025390625, 1226.745361328125, 911.863037109375, 0.2666473686695099], [0, 833.934326171875, 550.3869018554688, 897.447021484375, 590.4306030273438, 0.2611362338066101]]}