{"clean": [[0, 113.50651550292969, 1136.0091552734375, 203.17689514160156, 1280.0, 0.9007135033607483], [1, 194.95941162109375, 988.916748046875, 277.416259765625, 1150.376708984375, 0.8972663879394531], [1, 423.4671630859375, 836.8199462890625, 476.93310546875, 978.0321044921875, 0.8470008373260498], [4, 415.06707763671875, 773.8927001953125, 439.3245849609375, 831.9024658203125, 0.6581034064292908], [4, 381.144287109375, 872.1796875, 405.0355224609375, 932.283935546875, 0.6260337233543396], [0, 860.8995361328125, 984.829345703125, 956.8463134765625, 1076.06201171875, 0.5233238935470581], [4, 501.43994140625, 496.8159484863281, 517.3131103515625, 533.232666015625, 0.518172562122345], [4, 329.4466247558594, 1050.5654296875, 358.6738586425781, 1136.240234375, 0.4883882999420166], [0, 1151.004150390625, 1012.5982666015625, 1277.510009765625, 1074.9561767578125, 0.4646839201450348], [4, 611.350341796875, 814.6402587890625, 630.751220703125, 878.09912109375, 0.44236674904823303], [0, 261.5587463378906, 831.014404296875, 327.4913024902344, 925.4901123046875, 0.42157554626464844], [4, 396.5440368652344, 996.5322265625, 422.0058288574219, 1056.27783203125, 0.37756112217903137], [0, 471.4986572265625, 423.127685546875, 513.6383056640625, 491.504150390625, 0.2643781900405884]], "patched": [[4, 415.5408935546875, 779.2525024414062, 439.1036376953125, 831.7947387695312, 0.6370260119438171], [4, 381.41668701171875, 875.4409790039062, 404.59136962890625, 932.2169799804688, 0.6342079043388367], [4, 501.33038330078125, 497.176513671875, 517.4263305664062, 533.28271484375, 0.5127300024032593], [4, 329.8690490722656, 1050.85693359375, 358.2856140136719, 1135.6689453125, 0.39959073066711426], [4, 396.51348876953125, 995.68994140625, 421.88397216796875, 1056.007080078125, 0.3874969780445099], [4, 611.5753173828125, 815.44140625, 630.6568603515625, 878.052978515625, 0.3468359708786011], [0, 1150.757568359375, 1011.9598999023438, 1277.890869140625, 1074.6728515625, 0.3083072602748871], [4, 1150.37353515625, 1046.3759765625, 1198.005859375, 1076.90478515625, 0.29870346188545227]]}