{"clean": [[0, 188.70584106445312, 229.9468994140625, 213.66055297851562, 256.17230224609375, 0.7955893874168396], [0, 317.33306884765625, 369.7489318847656, 331.32672119140625, 411.0506896972656, 0.7659406661987305], [3, 259.77423095703125, 242.6565704345703, 278.22076416015625, 344.71478271484375, 0.6986092329025269], [0, 306.303955078125, 183.65626525878906, 332.2681884765625, 204.9320526123047, 0.6948952078819275], [0, 110.83181762695312, 378.3719787597656, 122.93521118164062, 423.9864196777344, 0.6314179301261902], [0, 294.29681396484375, 291.84442138671875, 306.03045654296875, 330.66510009765625, 0.6266839504241943], [1, 624.9091186523438, 246.24981689453125, 640.0, 280.188720703125, 0.5932576656341553], [1, 307.69061279296875, 277.7357177734375, 319.62017822265625, 310.4071044921875, 0.5314157605171204], [0, 307.58941650390625, 277.92547607421875, 320.02703857421875, 310.4832763671875, 0.35884153842926025], [1, 353.2235107421875, 503.6206970214844, 365.755859375, 525.1893310546875, 0.25817060470581055]], "patched": [[3, 260.14013671875, 242.91738891601562, 277.8084716796875, 344.6872253417969, 0.7230884432792664], [0, 319.4908142089844, 389.529541015625, 330.9906921386719, 411.537109375, 0.7227625250816345], [0, 308.29730224609375, 289.75360107421875, 319.02935791015625, 310.29791259765625, 0.7097760438919067], [0, 110.81741333007812, 397.6368408203125, 122.41201782226562, 423.95721435546875, 0.6775131821632385], [0, 295.23504638671875, 309.01654052734375, 305.95660400390625, 330.65618896484375, 0.6405990123748779], [0, 306.269287109375, 183.60366821289062, 332.204833984375, 204.76022338867188, 0.6269817352294922], [0, 294.80560302734375, 293.4811096191406, 305.91998291015625, 330.6054992675781, 0.6130722165107727], [2, 624.57421875, 247.3064422607422, 639.920654296875, 285.33392333984375, 0.5543984770774841], [0, 317.6729736328125, 369.8595886230469, 330.17919921875, 391.3984680175781, 0.5375398993492126], [0, 318.7203369140625, 372.1968994140625, 331.0213623046875, 411.36279296875, 0.5047212839126587], [0, 188.77842712402344, 229.76925659179688, 213.7399444580078, 256.0943298339844, 0.4924452006816864], [0, 312.67608642578125, 86.68473815917969, 322.10064697265625, 101.02552795410156, 0.48054659366607666], [0, 294.1078186035156, 291.75335693359375, 303.6518249511719, 313.22222900390625, 0.44179102778434753], [1, 353.1986083984375, 503.58331298828125, 365.71612548828125, 525.1791381835938, 0.31261104345321655], [0, 306.4221496582031, 269.4964294433594, 318.4757995605469, 291.2840270996094, 0.303331196308136], [0, 111.15682983398438, 378.34161376953125, 122.67680358886719, 423.53741455078125, 0.30189642310142517], [0, 294.12115478515625, 292.06719970703125, 304.27117919921875, 320.81304931640625, 0.28086546063423157]]}