{"clean": [[2, 13.531658172607422, 327.7529296875, 39.29371643066406, 359.41357421875, 0.8126344680786133], [1, 431.14031982421875, 443.60260009765625, 447.14422607421875, 479.35687255859375, 0.7820320725440979], [0, 457.28448486328125, 285.15509033203125, 468.46722412109375, 302.62652587890625, 0.6187941431999207], [0, 448.17047119140625, 301.67047119140625, 459.86065673828125, 319.4088134765625, 0.6166414618492126], [0, 302.8329772949219, 299.32421875, 319.3213806152344, 318.5489501953125, 0.6142591238021851], [1, 295.50946044921875, 249.68429565429688, 310.29364013671875, 271.6606140136719, 0.6137062311172485], [1, 478.0706481933594, 240.73193359375, 490.9517517089844, 262.91436767578125, 0.5796085000038147], [0, 302.85552978515625, 262.13458251953125, 316.10400390625, 282.63726806640625, 0.47220081090927124], [0, 522.2537231445312, 174.25045776367188, 534.7069702148438, 189.50265502929688, 0.4691784679889679], [1, 518.9275512695312, 222.38497924804688, 542.1598510742188, 250.57308959960938, 0.4130426049232483], [0, 498.0125732421875, 196.33633422851562, 516.5869140625, 225.02993774414062, 0.3939242660999298], [2, 498.203857421875, 196.1585693359375, 516.679443359375, 225.03021240234375, 0.35293057560920715], [0, 477.75921630859375, 240.58554077148438, 491.09271240234375, 262.73388671875, 0.29912370443344116]], "patched": [[2, 13.512584686279297, 327.7174377441406, 39.31123352050781, 359.4614562988281, 0.81568443775177], [0, 457.24151611328125, 285.13739013671875, 468.51934814453125, 302.6439208984375, 0.6322223544120789], [0, 448.16009521484375, 301.6751708984375, 459.89385986328125, 319.43359375, 0.629115641117096], [0, 302.819580078125, 299.30194091796875, 319.279541015625, 318.54986572265625, 0.6212860345840454], [1, 295.5256652832031, 249.66842651367188, 310.3050231933594, 271.6961975097656, 0.6151598691940308], [1, 478.0540771484375, 240.70635986328125, 490.973388671875, 262.9443664550781, 0.5760214924812317], [2, 431.27777099609375, 443.50433349609375, 447.0203857421875, 479.49151611328125, 0.5686792731285095], [0, 302.83526611328125, 262.11322021484375, 316.12237548828125, 282.6610107421875, 0.4941174387931824], [0, 522.19677734375, 174.17205810546875, 534.6824951171875, 189.40225219726562, 0.48275378346443176], [2, 498.17889404296875, 196.1474609375, 516.7109985351562, 225.05474853515625, 0.42665910720825195], [1, 518.951416015625, 222.35989379882812, 542.1824951171875, 250.38839721679688, 0.372411847114563], [0, 497.99200439453125, 196.32638549804688, 516.6202392578125, 225.05532836914062, 0.31835487484931946], [0, 477.7679443359375, 240.55718994140625, 491.1173095703125, 262.7654113769531, 0.2756112813949585], [2, 431.45526123046875, 455.8396911621094, 446.22760009765625, 479.2202453613281, 0.25738465785980225], [4, 339.9374694824219, 600.2066040039062, 344.7736511230469, 610.9306030273438, 0.25476643443107605]]}