{"clean": [[2, 181.3790740966797, 20.365097045898438, 210.4585418701172, 64.3187255859375, 0.7875698208808899], [0, 146.54660034179688, 83.90863037109375, 168.08328247070312, 101.38958740234375, 0.7689628601074219], [0, 355.1771240234375, 9.21432876586914, 362.705322265625, 18.943851470947266, 0.7354583740234375], [0, 343.15960693359375, 11.274130821228027, 350.68048095703125, 21.226943969726562, 0.726204514503479], [1, 36.12809753417969, 137.27835083007812, 76.98478698730469, 178.55886840820312, 0.6271958351135254], [2, 235.50631713867188, 0.0, 256.8377990722656, 19.927330017089844, 0.537510335445404], [0, 87.964111328125, 135.73245239257812, 117.941162109375, 163.09759521484375, 0.5311470627784729], [4, 320.9332580566406, 423.88165283203125, 334.8799743652344, 456.98736572265625, 0.5233411192893982], [4, 349.2093505859375, 225.73313903808594, 357.382568359375, 246.27638244628906, 0.2506304085254669]], "patched": [[2, 181.37759399414062, 20.248445510864258, 210.52944946289062, 64.32896423339844, 0.7853943109512329], [0, 146.55435180664062, 83.87722778320312, 168.10299682617188, 101.36456298828125, 0.7702744603157043], [0, 355.1710205078125, 9.202058792114258, 362.7120361328125, 18.947778701782227, 0.7354099750518799], [0, 343.14697265625, 11.262711524963379, 350.68927001953125, 21.229331970214844, 0.7291491031646729], [1, 36.13395690917969, 137.2767333984375, 76.91200256347656, 178.59405517578125, 0.7017503976821899], [2, 235.39474487304688, 0.0, 256.8374938964844, 19.927087783813477, 0.5340007543563843], [4, 320.9432373046875, 423.85906982421875, 334.8804931640625, 456.994140625, 0.5180461406707764]]}