{"clean": [[0, 464.9635925292969, 210.18450927734375, 508.2593688964844, 299.88177490234375, 0.8846682906150818], [1, 222.0201416015625, 252.62490844726562, 259.64398193359375, 351.6443786621094, 0.8833609819412231], [0, 202.38534545898438, 371.66619873046875, 247.47662353515625, 489.83233642578125, 0.8735772967338562], [0, 54.678096771240234, 0.0, 111.705078125, 29.736299514770508, 0.8680831789970398], [0, 233.1834716796875, 161.23419189453125, 270.18731689453125, 254.56353759765625, 0.8664813041687012], [1, 326.07489013671875, 395.3008117675781, 364.1402587890625, 511.3514099121094, 0.8662446737289429], [0, 134.4344482421875, 0.0, 189.13604736328125, 29.992406845092773, 0.8638585209846497], [1, 169.54074096679688, 340.717529296875, 210.23538208007812, 439.9459228515625, 0.8599353432655334], [0, 189.5830078125, 134.9481964111328, 222.92318725585938, 216.85499572753906, 0.8500002026557922], [2, 376.28173828125, 123.78324127197266, 415.169189453125, 230.71896362304688, 0.8228591680526733], [0, 189.45919799804688, 526.8057861328125, 240.683349609375, 639.5477294921875, 0.810832142829895], [0, 325.0653076171875, 169.5244140625, 356.79547119140625, 260.9043273925781, 0.7933179140090942], [0, 329.8961181640625, 585.871337890625, 372.8626708984375, 639.826416015625, 0.772483766078949], [0, 327.79132080078125, 266.3699951171875, 362.86187744140625, 363.7467041015625, 0.7538963556289673], [4, 510.110107421875, 586.4908447265625, 545.4232177734375, 601.7652587890625, 0.5311357378959656], [0, 486.1696472167969, 54.683204650878906, 545.13818359375, 88.25086212158203, 0.43512406945228577], [4, 168.05282592773438, 133.74386596679688, 178.65335083007812, 169.28079223632812, 0.3399979770183563], [2, 431.78106689453125, 12.764488220214844, 516.3086547851562, 56.099571228027344, 0.3107247054576874]], "patched": [[1, 222.41162109375, 252.49559020996094, 259.6790771484375, 351.731201171875, 0.890526294708252], [1, 326.087890625, 395.2642822265625, 364.1668701171875, 511.3385009765625, 0.86601722240448], [0, 329.4561767578125, 267.0315856933594, 360.944580078125, 317.8454895019531, 0.8371394872665405], [1, 169.49020385742188, 339.486572265625, 210.41159057617188, 439.943115234375, 0.8363682627677917], [2, 377.15655517578125, 123.80328369140625, 415.062744140625, 230.8680419921875, 0.8219514489173889], [1, 190.68658447265625, 527.1797485351562, 240.255126953125, 639.1522827148438, 0.7714665532112122], [0, 203.38064575195312, 429.953369140625, 240.23666381835938, 490.5531005859375, 0.6905228495597839], [1, 325.4415588378906, 168.63534545898438, 356.1556701660156, 261.0643005371094, 0.6660611033439636], [1, 472.9656982421875, 251.9929962158203, 503.74664306640625, 270.92730712890625, 0.6247559785842896], [0, 330.63134765625, 585.7901611328125, 372.7242431640625, 639.8104248046875, 0.6171926856040955], [1, 468.2222900390625, 228.41259765625, 507.97119140625, 300.14715576171875, 0.6091357469558716], [0, 212.0665283203125, 371.6025695800781, 245.8411865234375, 436.0632019042969, 0.5706881284713745], [4, 510.18609619140625, 586.3641357421875, 545.3815307617188, 601.8140869140625, 0.5543338060379028], [1, 75.57135009765625, 6.185459136962891, 101.3900146484375, 20.19225311279297, 0.48450157046318054], [0, 328.4622802734375, 315.8026123046875, 359.6524658203125, 363.8828125, 0.47219860553741455], [0, 234.4434814453125, 206.38616943359375, 267.2064514160156, 254.48483276367188, 0.4636583924293518], [1, 191.30154418945312, 135.19696044921875, 222.22927856445312, 217.0721435546875, 0.4500964283943176], [1, 470.0125732421875, 238.21127319335938, 499.064208984375, 258.0375061035156, 0.4209270775318146], [0, 465.37554931640625, 209.71206665039062, 500.05316162109375, 257.4225769042969, 0.41520723700523376], [1, 481.8780517578125, 23.129005432128906, 506.5712890625, 34.49652862548828, 0.3965817391872406], [0, 458.6330261230469, 0.0, 494.2832946777344, 5.467122554779053, 0.3808467388153076], [0, 67.48114013671875, 0.024311065673828125, 107.61407470703125, 10.73328971862793, 0.37148043513298035], [0, 238.10260009765625, 161.49093627929688, 269.693359375, 210.17459106445312, 0.3613971173763275], [1, 481.1007080078125, 20.094257354736328, 516.2027587890625, 36.74576187133789, 0.32093051075935364], [1, 134.86172485351562, 0.0, 188.14743041992188, 19.331201553344727, 0.31644538044929504], [1, 152.33840942382812, 7.115516662597656, 174.03646850585938, 18.927474975585938, 0.3155478835105896], [0, 325.7401123046875, 169.85333251953125, 355.9205322265625, 260.34271240234375, 0.30780088901519775], [1, 236.4205322265625, 206.958251953125, 266.75860595703125, 222.27911376953125, 0.3034738004207611], [0, 189.78025817871094, 528.251953125, 240.19569396972656, 639.599853515625, 0.2919033169746399], [0, 60.041656494140625, 11.76150131225586, 88.33537292480469, 26.06671142578125, 0.28638601303100586], [1, 234.46026611328125, 199.67410278320312, 267.6673278808594, 254.17453002929688, 0.28573304414749146], [0, 76.71066284179688, 0.006428718566894531, 107.39108276367188, 4.18396520614624, 0.27982214093208313], [1, 477.7451171875, 31.992565155029297, 515.80712890625, 44.73598098754883, 0.2795856297016144], [0, 75.5242919921875, 6.186120986938477, 101.31549072265625, 20.065017700195312, 0.2765926420688629], [1, 234.25570678710938, 167.79782104492188, 267.98162841796875, 254.16830444335938, 0.2747059762477875], [0, 472.879638671875, 251.70126342773438, 508.0009765625, 300.2009582519531, 0.27228978276252747], [1, 524.4573364257812, 30.978899002075195, 559.1817016601562, 48.51869201660156, 0.25513899326324463]]}