{"clean": [[0, 283.4048156738281, 241.30648803710938, 300.4195861816406, 302.8346862792969, 0.6138597130775452], [0, 210.67776489257812, 305.214599609375, 226.38796997070312, 356.9808349609375, 0.3884766697883606]], "patched": [[1, 233.08837890625, 596.618896484375, 248.3519287109375, 606.55615234375, 0.6653716564178467], [1, 231.30905151367188, 603.935791015625, 246.31997680664062, 613.1181640625, 0.49711543321609497], [1, 323.24810791015625, 334.7138671875, 337.05474853515625, 365.7191162109375, 0.36974969506263733], [0, 284.1688537597656, 268.42669677734375, 298.5880432128906, 303.22760009765625, 0.33939364552497864], [1, 212.86065673828125, 305.7106628417969, 225.36572265625, 337.0155944824219, 0.29258424043655396], [3, 287.1033935546875, 241.38247680664062, 299.714599609375, 276.6787414550781, 0.270755410194397]]}