{"clean": [[0, 188.50225830078125, 552.7376708984375, 225.8465576171875, 595.3201904296875, 0.8789675831794739], [0, 221.43536376953125, 442.90643310546875, 249.349609375, 477.76422119140625, 0.849327802658081], [0, 360.42608642578125, 289.44415283203125, 383.55987548828125, 312.46246337890625, 0.8483747243881226], [0, 355.01947021484375, 279.09698486328125, 377.42327880859375, 300.07000732421875, 0.843697190284729], [0, 224.37448120117188, 362.22979736328125, 246.52236938476562, 392.28192138671875, 0.8368843197822571], [0, 340.6103515625, 232.46615600585938, 360.3974609375, 249.91409301757812, 0.8333151936531067], [0, 187.70816040039062, 433.37799072265625, 216.34423828125, 466.17205810546875, 0.8294937610626221], [0, 213.35543823242188, 352.6572265625, 237.27853393554688, 384.14068603515625, 0.8224799036979675], [0, 153.1087646484375, 302.1986389160156, 176.00460815429688, 329.8207092285156, 0.8118023872375488], [0, 353.8893737792969, 397.44891357421875, 371.5978088378906, 438.36712646484375, 0.7730708718299866], [0, 73.24293518066406, 175.40814208984375, 92.79594421386719, 193.55148315429688, 0.7579389214515686], [0, 309.8359069824219, 202.43487548828125, 326.2483825683594, 219.55706787109375, 0.7002168297767639], [0, 0.0, 515.9925537109375, 11.812862396240234, 554.3592529296875, 0.6493808031082153], [4, 184.49371337890625, 317.01617431640625, 193.54446411132812, 330.54180908203125, 0.621608316898346], [4, 211.88404846191406, 350.7828063964844, 218.5179901123047, 364.6190490722656, 0.5879477262496948], [0, 368.6824951171875, 300.9186096191406, 389.58868408203125, 320.5991516113281, 0.5404434204101562], [0, 335.5516357421875, 224.25918579101562, 355.80029296875, 240.32675170898438, 0.5275437235832214], [0, 117.4027099609375, 278.529296875, 143.74465942382812, 298.17041015625, 0.44698676466941833], [0, 232.9080810546875, 464.3672790527344, 265.10919189453125, 500.9745178222656, 0.31408435106277466]], "patched": [[0, 340.61871337890625, 232.5270538330078, 360.36163330078125, 249.98985290527344, 0.8402057886123657], [0, 221.64712524414062, 443.4563293457031, 249.01535034179688, 477.7231750488281, 0.7675091624259949], [0, 355.23626708984375, 279.6004943847656, 377.44140625, 298.7632751464844, 0.7610749006271362], [0, 73.26698303222656, 175.41900634765625, 92.77494812011719, 193.5418701171875, 0.7452602982521057], [0, 153.6915740966797, 302.3543701171875, 176.1294403076172, 329.837158203125, 0.7262524962425232], [0, 309.86505126953125, 202.46929931640625, 326.22967529296875, 219.5145263671875, 0.6890866756439209], [0, 0.0, 515.9515991210938, 11.800098419189453, 554.5724487304688, 0.6322866082191467], [1, 225.30319213867188, 362.46759033203125, 246.55322265625, 392.38568115234375, 0.6291260123252869], [4, 184.50146484375, 317.1368408203125, 193.43603515625, 330.5601806640625, 0.5743366479873657], [0, 335.658203125, 224.26760864257812, 355.5167236328125, 240.33233642578125, 0.5647521615028381], [0, 354.23760986328125, 397.0106201171875, 371.47296142578125, 438.6585693359375, 0.5536754131317139], [4, 211.967529296875, 350.91741943359375, 218.333740234375, 364.54791259765625, 0.5524036288261414], [0, 360.7425537109375, 290.0120849609375, 383.2491455078125, 306.1844482421875, 0.41648849844932556], [0, 354.40948486328125, 413.76580810546875, 371.29254150390625, 438.39337158203125, 0.4009793996810913], [0, 368.3932800292969, 302.4380187988281, 389.4358825683594, 320.6816101074219, 0.396199494600296], [0, 116.90409851074219, 278.4460144042969, 143.73814392089844, 297.8185119628906, 0.36905181407928467], [0, 188.59327697753906, 553.100830078125, 225.5159454345703, 595.33203125, 0.36073753237724304], [2, 214.31234741210938, 352.6688232421875, 236.74588012695312, 384.37939453125, 0.33261093497276306], [1, 232.35238647460938, 463.94921875, 265.0582580566406, 500.714111328125, 0.31461217999458313], [0, 190.95587158203125, 433.4334716796875, 216.0858154296875, 461.0135498046875, 0.3077498972415924], [0, 354.463623046875, 397.4842224121094, 368.744140625, 420.4529113769531, 0.2843334674835205], [1, 360.68585205078125, 290.11358642578125, 383.4378662109375, 311.69036865234375, 0.2783350348472595]]}