{"clean": [[0, 477.93328857421875, 438.677001953125, 510.74786376953125, 469.5772705078125, 0.8442139625549316], [0, 369.15966796875, 276.8812255859375, 399.11260986328125, 302.438720703125, 0.7939764857292175], [0, 281.1664733886719, 300.01031494140625, 307.3795471191406, 322.36785888671875, 0.79219651222229], [0, 54.31163787841797, 209.49429321289062, 77.4909896850586, 226.83273315429688, 0.7785746455192566], [0, 613.071044921875, 461.27239990234375, 639.8905029296875, 500.28228759765625, 0.7778443694114685], [0, 138.88558959960938, 228.55419921875, 160.95840454101562, 245.81756591796875, 0.7613568305969238], [0, 195.86561584472656, 267.949951171875, 223.04396057128906, 285.739013671875, 0.7374276518821716], [0, 194.95709228515625, 276.5640869140625, 219.72113037109375, 292.4339599609375, 0.6676544547080994], [0, 334.3432922363281, 247.23782348632812, 360.9367980957031, 268.4021911621094, 0.6347416639328003]], "patched": [[0, 368.30731201171875, 276.97308349609375, 399.13739013671875, 302.52886962890625, 0.8159152865409851], [0, 281.1692199707031, 300.0084228515625, 307.3756408691406, 322.379638671875, 0.792151927947998], [0, 54.296791076660156, 209.49151611328125, 77.4686508178711, 226.84121704101562, 0.7761704325675964], [0, 138.87847900390625, 228.55801391601562, 160.9552001953125, 245.80789184570312, 0.759225070476532], [0, 195.9896240234375, 268.0017395019531, 223.03726196289062, 285.9289855957031, 0.7407018542289734], [0, 612.2774047851562, 462.1907653808594, 633.8340454101562, 486.0315856933594, 0.6795721650123596], [0, 194.95217895507812, 276.5674133300781, 219.66500854492188, 292.4385070800781, 0.677332878112793], [0, 334.39251708984375, 247.15618896484375, 360.91864013671875, 268.39752197265625, 0.645979642868042], [0, 477.67425537109375, 438.4034118652344, 502.43353271484375, 459.5813903808594, 0.6398022174835205], [0, 477.701904296875, 437.9579162597656, 509.641845703125, 470.1844787597656, 0.5805454850196838]]}