{"clean": [[0, 282.4127502441406, 320.7109375, 294.5838928222656, 349.02001953125, 0.8419336676597595], [0, 270.14520263671875, 295.709228515625, 282.21734619140625, 324.46435546875, 0.7886149883270264], [0, 282.7731628417969, 165.74502563476562, 291.1697692871094, 185.43453979492188, 0.7882029414176941], [0, 367.14990234375, 395.392333984375, 380.6851806640625, 436.825439453125, 0.7693932056427002], [0, 427.63037109375, 430.5005187988281, 440.412109375, 472.4649963378906, 0.7572518587112427], [0, 436.3173828125, 160.888916015625, 457.3563232421875, 174.4364013671875, 0.7559457421302795], [0, 299.19024658203125, 64.96444702148438, 306.35626220703125, 78.45597839355469, 0.7509059309959412], [0, 313.18206787109375, 170.65509033203125, 322.76531982421875, 193.5115966796875, 0.7469537258148193], [2, 323.505126953125, 285.5389404296875, 339.49365234375, 370.964111328125, 0.7078530192375183], [1, 296.2755126953125, 125.54562377929688, 303.5765380859375, 143.37149047851562, 0.6957160830497742], [1, 259.3252868652344, 581.56884765625, 275.5368957519531, 635.21630859375, 0.67315274477005], [3, 398.7551574707031, 297.37042236328125, 416.2154235839844, 352.00238037109375, 0.6490331292152405], [1, 355.1872253417969, 226.00506591796875, 365.9685363769531, 252.44635009765625, 0.6352485418319702], [0, 355.1690673828125, 226.72604370117188, 366.19482421875, 252.68765258789062, 0.45772165060043335], [1, 348.40966796875, 86.19789123535156, 355.7354736328125, 99.95497131347656, 0.44566217064857483], [0, 259.44879150390625, 581.7294311523438, 275.51068115234375, 635.5360717773438, 0.4246688485145569], [0, 314.2918701171875, 57.968231201171875, 322.6201171875, 70.72096252441406, 0.3656896650791168], [1, 380.72833251953125, 528.8963012695312, 394.83819580078125, 579.3516235351562, 0.3557679057121277]], "patched": [[0, 282.43865966796875, 320.7318115234375, 294.5653076171875, 349.000732421875, 0.8399735689163208], [0, 282.794189453125, 165.77932739257812, 291.1456298828125, 185.423828125, 0.7879246473312378], [0, 270.1712341308594, 295.7299499511719, 282.1993103027344, 324.4432067871094, 0.7715986967086792], [0, 436.32305908203125, 160.8980712890625, 457.31011962890625, 174.43292236328125, 0.7558445930480957], [0, 299.1991882324219, 64.96620178222656, 306.3505554199219, 78.45930480957031, 0.7520159482955933], [0, 313.2098388671875, 170.67340087890625, 322.7393798828125, 193.50439453125, 0.7473954558372498], [2, 323.54779052734375, 285.55438232421875, 339.44879150390625, 370.96600341796875, 0.7211484909057617], [1, 296.2885437011719, 125.55680084228516, 303.5681457519531, 143.37155151367188, 0.6953895688056946], [3, 398.8245849609375, 297.3839111328125, 416.04931640625, 351.99517822265625, 0.6725356578826904], [0, 367.533447265625, 395.5768737792969, 379.269287109375, 416.8512268066406, 0.671632707118988], [1, 355.2569885253906, 226.2022705078125, 365.9308166503906, 252.44091796875, 0.6382792592048645], [0, 367.82421875, 413.2926025390625, 380.951171875, 436.5487060546875, 0.6365451216697693], [0, 381.54168701171875, 550.5599365234375, 395.7772216796875, 579.8092041015625, 0.6022053360939026], [0, 261.9413146972656, 581.9713134765625, 275.9455871582031, 608.2706298828125, 0.5869733095169067], [2, 427.731201171875, 430.49334716796875, 440.222900390625, 472.33135986328125, 0.5749120116233826], [2, 380.3436279296875, 528.7601318359375, 395.43975830078125, 579.3311767578125, 0.514823853969574], [0, 355.2815246582031, 228.34805297851562, 366.1555480957031, 252.66458129882812, 0.4554917812347412], [1, 348.41448974609375, 86.20462036132812, 355.72357177734375, 99.95619201660156, 0.44422218203544617], [0, 259.4108581542969, 603.0902099609375, 274.8490905761719, 635.2222900390625, 0.4165102541446686], [0, 314.30303955078125, 57.955440521240234, 322.61529541015625, 70.72613525390625, 0.3720185160636902], [1, 262.0221862792969, 581.682861328125, 275.6386413574219, 608.3541259765625, 0.3538788855075836]]}