{"clean": [[3, 359.2362060546875, 370.9599609375, 426.49835205078125, 513.3623657226562, 0.9166005253791809], [3, 481.0284423828125, 177.85928344726562, 519.4273071289062, 268.82733154296875, 0.8859135508537292], [0, 429.11395263671875, 290.08880615234375, 455.87249755859375, 324.25103759765625, 0.8409824371337891], [1, 442.481201171875, 306.9117736816406, 467.8348388671875, 349.6783752441406, 0.8301106095314026], [0, 458.1500244140625, 472.675048828125, 490.1348876953125, 522.3271484375, 0.7998831272125244], [0, 555.583251953125, 261.91082763671875, 575.709228515625, 295.90350341796875, 0.7855159640312195], [0, 288.8548583984375, 613.453369140625, 322.18316650390625, 640.0, 0.5262758731842041], [4, 391.6926574707031, 315.64593505859375, 402.9035949707031, 337.86798095703125, 0.5229971408843994], [2, 524.279052734375, 130.86099243164062, 554.766845703125, 177.05001831054688, 0.4091596007347107]], "patched": [[3, 359.2276611328125, 370.998046875, 426.469970703125, 513.277099609375, 0.9174021482467651], [3, 481.02520751953125, 177.87454223632812, 519.4027709960938, 268.8377380371094, 0.8858618140220642], [0, 429.36346435546875, 289.83831787109375, 455.5909423828125, 324.96636962890625, 0.841092050075531], [1, 442.51788330078125, 306.9227294921875, 467.64697265625, 349.67181396484375, 0.8380940556526184], [0, 556.1333618164062, 261.92559814453125, 575.2496948242188, 295.87432861328125, 0.8093265891075134], [0, 459.0379333496094, 472.54351806640625, 490.3445129394531, 523.233154296875, 0.7084395289421082], [0, 289.170166015625, 613.5035400390625, 322.1295166015625, 640.0, 0.5305322408676147], [4, 391.73992919921875, 315.68017578125, 402.87835693359375, 337.8651123046875, 0.5094431042671204], [2, 524.3285522460938, 130.84463500976562, 554.7860717773438, 177.03286743164062, 0.41318216919898987]]}