{"clean": [[3, 542.9840698242188, 239.3547821044922, 598.6000366210938, 275.88470458984375, 0.9049849510192871], [2, 59.58188247680664, 196.93966674804688, 98.4522705078125, 233.13735961914062, 0.8396000862121582], [0, 20.437854766845703, 253.0143585205078, 41.65145492553711, 272.43560791015625, 0.8386351466178894], [0, 57.806251525878906, 230.2119140625, 79.09806060791016, 245.07879638671875, 0.8120543360710144], [0, 516.8107299804688, 310.9891357421875, 541.1456909179688, 328.69677734375, 0.7914783358573914], [0, 608.6729125976562, 188.5283660888672, 629.7776489257812, 203.3692169189453, 0.7863733768463135], [0, 275.94866943359375, 220.91758728027344, 297.3538818359375, 236.73744201660156, 0.7592229247093201], [0, 620.130615234375, 202.65463256835938, 639.8995361328125, 218.23483276367188, 0.7507469654083252], [0, 37.74822998046875, 164.14622497558594, 55.750831604003906, 181.72642517089844, 0.7422193884849548], [0, 150.69140625, 420.3460693359375, 163.55194091796875, 458.292724609375, 0.7358388304710388], [0, 413.95330810546875, 329.64044189453125, 438.31170654296875, 344.78375244140625, 0.7335054874420166], [0, 206.88548278808594, 262.10357666015625, 228.7840118408203, 274.36541748046875, 0.7311645150184631], [0, 301.7115173339844, 268.70770263671875, 323.0903625488281, 282.32147216796875, 0.7139992713928223], [0, 145.49774169921875, 216.93124389648438, 165.32656860351562, 234.00289916992188, 0.6946925520896912], [0, 137.68328857421875, 314.6886291503906, 156.7406005859375, 332.1654357910156, 0.6939066052436829], [0, 441.4192810058594, 217.99423217773438, 461.7759704589844, 229.17630004882812, 0.5750269889831543], [0, 296.69635009765625, 194.03994750976562, 314.55682373046875, 207.77792358398438, 0.5249402523040771], [0, 348.91015625, 222.44969177246094, 372.85174560546875, 237.8739776611328, 0.4996696412563324], [0, 435.3193664550781, 0.0, 445.6068420410156, 15.742927551269531, 0.4781341850757599], [1, 569.3636474609375, 69.18190002441406, 591.30517578125, 91.60954284667969, 0.4638272523880005], [0, 441.0908203125, 210.87159729003906, 461.82666015625, 222.7441864013672, 0.40675345063209534]], "patched": [[3, 542.93408203125, 239.29251098632812, 598.6455078125, 275.9524230957031, 0.9051039218902588], [2, 59.75321960449219, 196.81088256835938, 98.55122375488281, 233.11923217773438, 0.8485525250434875], [0, 20.377758026123047, 253.1283416748047, 41.81669998168945, 272.48260498046875, 0.8276122808456421], [0, 608.55224609375, 188.2954559326172, 629.8448486328125, 203.4575958251953, 0.7908092737197876], [0, 275.9393615722656, 221.8011474609375, 297.4336853027344, 236.71356201171875, 0.7739939093589783], [0, 620.0458984375, 202.54443359375, 639.908935546875, 218.34942626953125, 0.7578926682472229], [0, 37.70813751220703, 164.13351440429688, 55.780784606933594, 181.75241088867188, 0.7396643161773682], [0, 137.54849243164062, 315.34576416015625, 156.66683959960938, 332.36407470703125, 0.7159662246704102], [0, 206.7589569091797, 261.94537353515625, 228.9019012451172, 274.45709228515625, 0.7158643007278442], [0, 145.3795166015625, 217.0047607421875, 165.433837890625, 234.00604248046875, 0.6897568106651306], [0, 516.9494018554688, 314.4671936035156, 541.1320190429688, 329.0103454589844, 0.6851881742477417], [0, 58.0386962890625, 231.65472412109375, 78.95558166503906, 244.703125, 0.6479163765907288], [0, 151.62530517578125, 420.4705810546875, 163.46710205078125, 458.504638671875, 0.6397897005081177], [0, 414.075439453125, 331.40582275390625, 438.3389892578125, 345.32415771484375, 0.5931169986724854], [0, 348.82086181640625, 222.3512725830078, 372.86444091796875, 238.10472106933594, 0.5759753584861755], [0, 441.30194091796875, 217.77191162109375, 461.88385009765625, 229.18600463867188, 0.5660107135772705], [0, 151.53118896484375, 434.19219970703125, 163.38925170898438, 458.5244140625, 0.5551344156265259], [0, 296.6064758300781, 193.68951416015625, 314.6638488769531, 207.876708984375, 0.5374587774276733], [0, 301.665771484375, 269.3072509765625, 323.2313232421875, 282.541748046875, 0.5318459272384644], [1, 569.3505859375, 69.19721984863281, 591.34619140625, 91.61094665527344, 0.4841316342353821], [0, 435.2691650390625, 0.0, 445.68994140625, 15.772683143615723, 0.4792521893978119], [0, 440.93560791015625, 210.7715301513672, 461.91217041015625, 223.20741271972656, 0.4023725390434265]]}