{"clean": [[0, 306.67218017578125, 245.76016235351562, 319.11126708984375, 269.1545715332031, 0.829753041267395], [0, 328.2325134277344, 202.140869140625, 339.2970275878906, 224.12884521484375, 0.8182638883590698], [0, 330.78717041015625, 358.58026123046875, 345.87945556640625, 396.4635009765625, 0.7736568450927734], [0, 392.74176025390625, 106.43597412109375, 402.35882568359375, 124.44796752929688, 0.7704691886901855], [0, 355.18353271484375, 147.3088836669922, 365.51165771484375, 166.09104919433594, 0.7632418274879456], [0, 405.41302490234375, 446.905517578125, 427.83563232421875, 508.7762451171875, 0.7398837208747864], [0, 400.90582275390625, 66.84144592285156, 409.99810791015625, 82.12608337402344, 0.7347768545150757], [0, 415.17889404296875, 9.14118766784668, 423.82135009765625, 20.729116439819336, 0.7123996615409851], [0, 319.1128234863281, 70.2935791015625, 331.0691833496094, 87.55264282226562, 0.5865892171859741], [0, 424.97808837890625, 0.030251502990722656, 434.32598876953125, 4.558569431304932, 0.5535083413124084], [2, 388.9985656738281, 9.712287902832031, 406.0313415527344, 47.34662628173828, 0.3449399769306183], [0, 354.6358642578125, 35.2147331237793, 363.1661376953125, 44.9166145324707, 0.33415621519088745], [3, 319.0665588378906, 69.89456176757812, 331.0715637207031, 87.55380249023438, 0.32977649569511414], [0, 478.35418701171875, 139.4403533935547, 496.02825927734375, 152.7398223876953, 0.2942379415035248], [4, 354.44366455078125, 35.38605499267578, 363.14300537109375, 44.980613708496094, 0.2525935769081116]], "patched": [[0, 306.7230224609375, 245.80789184570312, 319.04150390625, 269.1130065917969, 0.83091139793396], [0, 328.31097412109375, 202.19236755371094, 339.21319580078125, 224.03172302246094, 0.8207342028617859], [0, 331.3618469238281, 372.2319030761719, 345.7205505371094, 396.4608459472656, 0.798529326915741], [0, 392.7816467285156, 106.48419189453125, 402.3357849121094, 124.43475341796875, 0.7681283950805664], [0, 355.2342529296875, 147.45196533203125, 365.4429931640625, 166.06622314453125, 0.7632724046707153], [0, 400.91748046875, 66.87347412109375, 409.9334716796875, 82.12266540527344, 0.7391238808631897], [0, 415.19891357421875, 9.145875930786133, 423.80035400390625, 20.720617294311523, 0.7103232741355896], [3, 405.32452392578125, 445.0243225097656, 426.9962158203125, 508.6351623535156, 0.7031967043876648], [0, 319.12908935546875, 70.28398132324219, 331.06207275390625, 87.54804992675781, 0.5608658194541931], [0, 424.99822998046875, 0.03014659881591797, 434.3331298828125, 4.567390441894531, 0.5529139637947083], [0, 330.97784423828125, 358.3656005859375, 345.30963134765625, 396.566162109375, 0.39562010765075684], [2, 388.98980712890625, 9.724021911621094, 406.0072021484375, 47.366600036621094, 0.3556683361530304], [0, 354.6627197265625, 35.240135192871094, 363.14959716796875, 44.90605163574219, 0.35251885652542114], [3, 319.08770751953125, 69.8792953491211, 331.06805419921875, 87.55516815185547, 0.34672942757606506], [0, 408.7046203613281, 474.25408935546875, 427.2117614746094, 508.84942626953125, 0.3156094551086426], [0, 478.3463439941406, 139.4578857421875, 496.0608825683594, 152.76702880859375, 0.29566603899002075], [0, 447.61846923828125, 220.82022094726562, 464.40972900390625, 231.92239379882812, 0.25029703974723816]]}