{"clean": [[1, 477.33856201171875, 317.38201904296875, 523.0215454101562, 404.35455322265625, 0.9069409370422363], [0, 31.63135528564453, 438.2362976074219, 115.48873138427734, 586.17822265625, 0.9009833335876465], [0, 128.2237548828125, 242.00743103027344, 174.17291259765625, 322.5411376953125, 0.8813377618789673], [0, 58.04705047607422, 113.19747924804688, 118.73165130615234, 156.65155029296875, 0.88060063123703], [0, 34.93129348754883, 155.8681640625, 107.86293029785156, 194.68264770507812, 0.8710004687309265], [0, 0.32183837890625, 362.84173583984375, 66.025634765625, 471.55596923828125, 0.8658038973808289], [0, 152.34451293945312, 70.84939575195312, 182.48733520507812, 116.80174255371094, 0.8623262643814087], [0, 195.46920776367188, 66.08248901367188, 220.81417846679688, 103.21896362304688, 0.8555394411087036], [0, 214.62362670898438, 95.52096557617188, 244.78335571289062, 138.4818115234375, 0.8542472720146179], [1, 184.90074157714844, 91.70103454589844, 214.81764221191406, 146.15977478027344, 0.8435232639312744], [0, 96.59332275390625, 315.5811767578125, 153.90185546875, 418.2725830078125, 0.8420814871788025], [1, 119.40147399902344, 13.529224395751953, 161.76536560058594, 45.78221893310547, 0.8230290412902832], [0, 39.368499755859375, 281.3157043457031, 108.81700134277344, 365.6148986816406, 0.8157178163528442], [0, 429.93048095703125, 110.35321807861328, 463.75128173828125, 157.6644287109375, 0.7949090600013733], [2, 131.59231567382812, 0.0, 189.7977294921875, 25.464744567871094, 0.7694270610809326], [4, 64.59925842285156, 96.00194549560547, 90.36935424804688, 111.53852081298828, 0.4407919645309448], [1, 31.699722290039062, 437.47784423828125, 115.23542785644531, 584.8230590820312, 0.4214203357696533], [0, 10.869735717773438, 198.71084594726562, 60.85681915283203, 240.63430786132812, 0.4174472689628601], [4, 87.06854248046875, 36.624595642089844, 97.74737548828125, 51.94574737548828, 0.2589634656906128]], "patched": [[1, 477.4146728515625, 317.26678466796875, 522.9866943359375, 404.23626708984375, 0.9014361500740051], [1, 185.03076171875, 90.76234436035156, 214.7298583984375, 146.11923217773438, 0.8560910224914551], [0, 214.88101196289062, 95.64218139648438, 244.80502319335938, 138.26524353027344, 0.8050237894058228], [0, 152.4500732421875, 70.16136169433594, 182.6187744140625, 116.73068237304688, 0.7770959138870239], [1, 119.38274383544922, 13.611289978027344, 161.72894287109375, 45.83172607421875, 0.766339898109436], [2, 131.627197265625, 0.0, 189.9075927734375, 25.49289321899414, 0.7623293995857239], [1, 31.874465942382812, 438.0631103515625, 115.5545654296875, 587.48095703125, 0.7124426364898682], [0, 430.31402587890625, 110.32919311523438, 463.64117431640625, 157.19076538085938, 0.7074210047721863], [0, 57.92985153198242, 113.07452392578125, 118.88005065917969, 156.73721313476562, 0.6816318035125732], [0, 34.78384017944336, 156.19369506835938, 107.78555297851562, 194.14724731445312, 0.6773037314414978], [1, 96.91262817382812, 315.9407958984375, 153.6733856201172, 417.5255126953125, 0.5740774273872375], [1, 58.14979553222656, 113.0678482055664, 118.57133483886719, 156.82363891601562, 0.565200924873352], [0, 128.72738647460938, 242.00706481933594, 174.35031127929688, 322.2535400390625, 0.5543987154960632], [0, 196.1727294921875, 65.92324829101562, 220.931640625, 102.44146728515625, 0.5286036729812622], [1, 50.638389587402344, 437.764892578125, 114.2873764038086, 517.8019409179688, 0.4987899661064148], [1, 430.19781494140625, 110.24749755859375, 463.72576904296875, 157.65765380859375, 0.37488555908203125], [4, 64.587890625, 95.74055480957031, 90.58035278320312, 111.60914611816406, 0.31698620319366455], [1, 51.49998474121094, 437.92999267578125, 114.66899108886719, 573.9108276367188, 0.30321159958839417], [1, 1.3501472473144531, 371.67138671875, 59.96347427368164, 454.0189208984375, 0.2962280213832855], [1, 52.94246292114258, 322.76416015625, 86.12321472167969, 340.2384033203125, 0.2835298478603363], [2, 96.85325622558594, 315.5452880859375, 154.16050720214844, 418.710205078125, 0.2775702178478241], [1, 14.36204719543457, 417.54168701171875, 50.28288269042969, 436.01531982421875, 0.27326700091362], [1, 128.28976440429688, 241.8570556640625, 174.38351440429688, 322.3975830078125, 0.2571253478527069], [1, 3.015106201171875, 395.1258544921875, 55.456687927246094, 443.455078125, 0.2550205588340759]]}