{"clean": [[0, 262.05718994140625, 290.01629638671875, 284.84124755859375, 315.40032958984375, 0.8061943054199219], [0, 188.4731903076172, 344.81646728515625, 219.3174591064453, 373.77606201171875, 0.7818524241447449], [0, 229.33404541015625, 238.25003051757812, 246.0538330078125, 254.10299682617188, 0.776587188243866], [0, 169.31793212890625, 374.487060546875, 215.31585693359375, 400.98291015625, 0.7132433652877808], [0, 203.3658447265625, 216.54544067382812, 217.1402587890625, 232.95205688476562, 0.6509358882904053], [4, 371.42205810546875, 346.58905029296875, 383.377685546875, 362.71087646484375, 0.523473858833313], [0, 434.13262939453125, 551.1752319335938, 468.99273681640625, 592.9132690429688, 0.485772043466568], [0, 232.53924560546875, 278.84674072265625, 250.897705078125, 302.90240478515625, 0.4262576103210449], [4, 208.0076446533203, 243.32363891601562, 214.92088317871094, 254.05178833007812, 0.32940465211868286], [4, 434.2491455078125, 551.2891845703125, 469.04644775390625, 592.5584716796875, 0.32888728380203247], [0, 255.3292999267578, 382.3464050292969, 276.28594970703125, 398.0027770996094, 0.31529027223587036]], "patched": [[0, 262.21380615234375, 290.182861328125, 284.78411865234375, 315.1337890625, 0.8088710904121399], [0, 229.32745361328125, 238.18228149414062, 246.070556640625, 254.09426879882812, 0.7770034074783325], [0, 203.32586669921875, 216.49684143066406, 217.15582275390625, 232.9458770751953, 0.6662209630012512], [1, 188.552001953125, 345.06732177734375, 219.4210205078125, 373.31744384765625, 0.6053293347358704], [0, 434.16339111328125, 551.3468017578125, 468.88494873046875, 592.6607666015625, 0.5620985627174377], [4, 371.3702392578125, 346.3486022949219, 383.46282958984375, 362.7098083496094, 0.5098046660423279], [0, 232.53704833984375, 278.8306884765625, 250.9727783203125, 302.84979248046875, 0.443729043006897], [0, 255.279541015625, 381.50335693359375, 276.2242431640625, 397.88568115234375, 0.3764936029911041], [4, 207.98910522460938, 243.28150939941406, 214.96835327148438, 254.03733825683594, 0.3292832374572754]]}