{"clean": [[0, 213.7725830078125, 212.4962158203125, 234.4559326171875, 235.46746826171875, 0.6988955140113831], [0, 182.13204956054688, 170.16233825683594, 192.86172485351562, 182.32554626464844, 0.622327983379364], [0, 247.03643798828125, 253.39984130859375, 266.841796875, 271.12884521484375, 0.6013985872268677], [2, 199.15704345703125, 284.4630126953125, 220.76849365234375, 317.7496337890625, 0.49925681948661804], [0, 76.69305419921875, 174.275634765625, 89.61680603027344, 189.716064453125, 0.35244041681289673], [0, 239.4962158203125, 247.97955322265625, 259.67205810546875, 264.22967529296875, 0.2762303948402405]], "patched": [[0, 213.76605224609375, 212.49942016601562, 234.48660278320312, 235.46707153320312, 0.6772245168685913], [0, 182.13409423828125, 170.1741485595703, 192.85833740234375, 182.3251495361328, 0.6201225519180298], [0, 247.14837646484375, 253.39373779296875, 267.24365234375, 271.08599853515625, 0.5163445472717285], [2, 199.1596221923828, 284.4678955078125, 220.7524871826172, 317.7559814453125, 0.4946851134300232], [0, 76.6894302368164, 174.261474609375, 89.61621856689453, 189.72055053710938, 0.34602972865104675]]}