{"clean": [[0, 46.424041748046875, 474.36370849609375, 73.12327575683594, 512.1621704101562, 0.8239924311637878], [0, 188.55987548828125, 298.43463134765625, 206.4150390625, 323.5672607421875, 0.8119505047798157], [0, 240.5897979736328, 211.68148803710938, 255.6359405517578, 230.70150756835938, 0.8077826499938965], [0, 111.85404968261719, 437.85162353515625, 136.1594696044922, 486.13787841796875, 0.7917063236236572], [0, 292.84783935546875, 123.22801208496094, 303.35223388671875, 133.7472686767578, 0.7815660238265991], [0, 295.6739501953125, 162.87103271484375, 308.81494140625, 183.32461547851562, 0.7660626173019409], [0, 417.77020263671875, 31.786848068237305, 426.4415283203125, 41.547607421875, 0.7525928020477295], [0, 336.8585205078125, 118.47492980957031, 347.350341796875, 130.21450805664062, 0.7304906249046326], [0, 91.92698669433594, 536.7311401367188, 116.55149841308594, 588.4927368164062, 0.7170950770378113], [0, 350.8702392578125, 67.48942565917969, 360.887451171875, 77.03959655761719, 0.6826130151748657], [0, 425.82440185546875, 47.28678894042969, 435.99676513671875, 57.323585510253906, 0.6699087619781494], [0, 466.12896728515625, 100.76620483398438, 474.44232177734375, 112.44978332519531, 0.6668693423271179], [0, 388.5574645996094, 70.37065124511719, 398.7416076660156, 81.49534606933594, 0.6569544672966003], [0, 290.00341796875, 114.24005126953125, 299.77490234375, 125.20907592773438, 0.6089164018630981], [0, 439.7747802734375, 0.0, 447.5662841796875, 5.297473907470703, 0.600339949131012], [3, 87.96379089355469, 524.380859375, 144.6886444091797, 639.5703125, 0.5684638023376465], [0, 446.209716796875, 9.236743927001953, 454.4779052734375, 18.260353088378906, 0.563312828540802], [3, 577.8261108398438, 136.4624481201172, 607.4212036132812, 168.14381408691406, 0.5630152225494385], [0, 456.5785217285156, 33.19285583496094, 465.2729797363281, 42.918739318847656, 0.39148327708244324], [0, 489.15179443359375, 23.955286026000977, 495.69610595703125, 31.136369705200195, 0.3291908800601959], [0, 378.1724548339844, 109.45634460449219, 394.7248840332031, 121.87504577636719, 0.30213403701782227]], "patched": [[0, 240.6251220703125, 211.72616577148438, 255.5447998046875, 230.68118286132812, 0.8081868886947632], [0, 292.8592529296875, 123.24026489257812, 303.34521484375, 133.73751831054688, 0.7808306217193604], [0, 111.94314575195312, 437.8242492675781, 136.00018310546875, 486.0920104980469, 0.7783646583557129], [0, 46.68489074707031, 486.812744140625, 66.41046142578125, 512.4361572265625, 0.7660460472106934], [0, 295.70501708984375, 162.8910369873047, 308.77801513671875, 183.3095245361328, 0.7631213665008545], [0, 417.77630615234375, 31.79177474975586, 426.43817138671875, 41.5470085144043, 0.7511575818061829], [0, 336.8738708496094, 118.51564025878906, 347.3328552246094, 130.2074737548828, 0.7306373715400696], [0, 188.73129272460938, 298.28875732421875, 205.53189086914062, 323.3160400390625, 0.7239953875541687], [0, 350.8756103515625, 67.50250244140625, 360.89251708984375, 77.03890991210938, 0.6815976500511169], [0, 425.8255310058594, 47.29258728027344, 435.9987487792969, 57.32550811767578, 0.6678260564804077], [0, 466.13067626953125, 100.77188873291016, 474.44219970703125, 112.45087432861328, 0.667043924331665], [0, 388.56396484375, 70.38088989257812, 398.7362060546875, 81.49737548828125, 0.6554568409919739], [3, 87.60885620117188, 522.4517211914062, 144.0106201171875, 639.8259887695312, 0.6462914347648621], [0, 290.0087890625, 114.24760437011719, 299.7706298828125, 125.21025085449219, 0.6065947413444519], [0, 439.78106689453125, 0.0, 447.557861328125, 5.29649543762207, 0.5983280539512634], [0, 446.2185974121094, 9.245527267456055, 454.4714660644531, 18.258268356323242, 0.5614951848983765], [3, 577.8331298828125, 136.459228515625, 607.4217529296875, 168.13128662109375, 0.5575747489929199], [0, 97.75819396972656, 536.9375, 116.25904846191406, 567.12841796875, 0.49376678466796875], [0, 456.585693359375, 33.205162048339844, 465.270751953125, 42.92262268066406, 0.39085710048675537], [0, 92.27674865722656, 539.8335571289062, 115.39424133300781, 588.6259155273438, 0.3407853841781616], [0, 489.14898681640625, 23.95823860168457, 495.69403076171875, 31.137868881225586, 0.328400582075119], [0, 378.1687316894531, 109.46128845214844, 394.7474060058594, 121.89006042480469, 0.30166861414909363]]}