{"clean": [[0, 284.30133056640625, 457.349365234375, 308.25030517578125, 508.9000244140625, 0.8388344049453735], [0, 312.08740234375, 340.87127685546875, 330.5638427734375, 372.17987060546875, 0.8354479670524597], [0, 347.76007080078125, 186.10997009277344, 360.28594970703125, 208.62010192871094, 0.8323306441307068], [0, 375.64569091796875, 73.01083374023438, 383.49237060546875, 83.49542236328125, 0.7846874594688416], [0, 365.79412841796875, 104.14005279541016, 374.46343994140625, 116.10596466064453, 0.7700344324111938], [0, 373.7175598144531, 172.88885498046875, 384.3808288574219, 190.4498291015625, 0.7289597392082214], [3, 386.591552734375, 155.34771728515625, 402.5938720703125, 201.81201171875, 0.6735082268714905], [0, 333.2604675292969, 25.887996673583984, 341.3992614746094, 36.69278335571289, 0.6597411632537842], [0, 360.28936767578125, 141.11953735351562, 370.41912841796875, 154.69882202148438, 0.646783173084259], [0, 384.7923889160156, 202.37237548828125, 399.9494934082031, 223.0953369140625, 0.6445174813270569], [3, 385.5910949707031, 155.37380981445312, 403.3561706542969, 222.80319213867188, 0.5794188976287842], [0, 318.5294189453125, 63.2273063659668, 329.2547607421875, 76.29817199707031, 0.5663751363754272], [3, 272.3255310058594, 103.44070434570312, 294.2538757324219, 139.237060546875, 0.3926968276500702]], "patched": [[0, 347.8141784667969, 186.11436462402344, 360.1898498535156, 208.6380157470703, 0.8283053040504456], [0, 375.6579284667969, 73.01493072509766, 383.4847717285156, 83.49901580810547, 0.7845586538314819], [0, 365.8039855957031, 104.10960388183594, 374.4615173339844, 116.09883117675781, 0.7709462642669678], [0, 373.777587890625, 173.25048828125, 384.30908203125, 190.41717529296875, 0.7315690517425537], [3, 386.64691162109375, 155.3798828125, 402.54876708984375, 202.861083984375, 0.6617553234100342], [0, 360.34124755859375, 141.12657165527344, 370.39471435546875, 154.1956329345703, 0.6587693691253662], [0, 333.27923583984375, 25.82482147216797, 341.40447998046875, 36.685546875, 0.6484619975090027], [0, 384.854736328125, 202.5491180419922, 399.8792724609375, 223.0190887451172, 0.6082927584648132], [3, 385.56658935546875, 155.37893676757812, 403.36004638671875, 222.91189575195312, 0.6039907932281494], [0, 318.5234375, 63.2164421081543, 329.259765625, 76.30372619628906, 0.5638397932052612], [0, 313.37615966796875, 340.7686767578125, 329.89508056640625, 369.819091796875, 0.5231994390487671], [0, 314.2546691894531, 340.9097900390625, 329.6828918457031, 361.281494140625, 0.4499049782752991], [3, 284.90460205078125, 456.51220703125, 307.8748779296875, 508.989990234375, 0.4206889271736145], [0, 360.5770263671875, 141.65660095214844, 370.3858642578125, 158.7403106689453, 0.37833333015441895], [1, 284.51434326171875, 456.8436584472656, 307.93316650390625, 509.0679626464844, 0.373037725687027], [3, 272.2580871582031, 103.05921936035156, 294.2217712402344, 139.27638244628906, 0.36918726563453674], [3, 287.7989501953125, 456.57568359375, 307.6038818359375, 490.12115478515625, 0.36392366886138916], [0, 284.72222900390625, 477.52685546875, 304.14013671875, 509.006103515625, 0.29888492822647095], [0, 284.6840515136719, 456.4984130859375, 307.9357604980469, 508.998046875, 0.2977326810359955]]}