{"clean": [[0, 51.642242431640625, 279.906982421875, 74.96102905273438, 317.9683837890625, 0.8741846084594727], [0, 201.40313720703125, 47.69596862792969, 220.396240234375, 81.1453857421875, 0.864639163017273], [0, 217.80125427246094, 100.53970336914062, 238.5469207763672, 135.57940673828125, 0.8629613518714905], [0, 160.69573974609375, 195.21255493164062, 182.174072265625, 231.6273193359375, 0.8537857532501221], [0, 118.80487060546875, 108.11891174316406, 130.370361328125, 145.04368591308594, 0.8168604373931885], [0, 469.3370361328125, 304.50616455078125, 492.23736572265625, 338.47125244140625, 0.811410129070282], [0, 496.81488037109375, 275.24212646484375, 516.1101684570312, 304.78350830078125, 0.8000515699386597], [1, 153.55319213867188, 117.53645324707031, 174.11776733398438, 152.4858856201172, 0.7797743082046509], [1, 149.2928009033203, 262.194091796875, 171.5070037841797, 297.1722412109375, 0.7621420621871948], [2, 90.72372436523438, 211.3447265625, 125.65116882324219, 273.0949401855469, 0.6655612587928772], [0, 227.56951904296875, 129.1475830078125, 246.662109375, 162.91461181640625, 0.6488493084907532], [2, 530.0069580078125, 264.7037048339844, 555.4368896484375, 302.8163146972656, 0.6459679007530212], [0, 86.24609375, 208.32786560058594, 109.97711181640625, 247.07643127441406, 0.5226304531097412], [3, 529.9271240234375, 264.505615234375, 555.6243896484375, 302.81512451171875, 0.5111725926399231], [2, 238.77285766601562, 264.1236572265625, 269.6152648925781, 321.195556640625, 0.46980494260787964], [3, 238.51101684570312, 263.9776306152344, 269.5904235839844, 320.7876281738281, 0.3762279152870178], [1, 86.00944519042969, 208.01547241210938, 110.13215637207031, 247.43374633789062, 0.2846831977367401]], "patched": [[1, 497.09417724609375, 275.41790771484375, 516.03369140625, 304.70416259765625, 0.7787665128707886], [1, 150.027099609375, 262.4649353027344, 171.29898071289062, 297.2004089355469, 0.7749674320220947], [1, 227.95578002929688, 129.03213500976562, 246.61062622070312, 163.27676391601562, 0.7572551965713501], [1, 153.69564819335938, 117.58576965332031, 174.07437133789062, 153.1233673095703, 0.7315487861633301], [0, 119.10704040527344, 108.21405029296875, 130.2484588623047, 145.03973388671875, 0.6760300397872925], [2, 530.0633544921875, 264.75164794921875, 555.4007568359375, 302.70196533203125, 0.6213928461074829], [2, 238.9249267578125, 264.2223205566406, 269.58160400390625, 321.1219787597656, 0.6154260039329529], [0, 53.75505065917969, 279.7536315917969, 75.12741088867188, 319.2384338378906, 0.6138998866081238], [0, 162.16323852539062, 195.05259704589844, 182.096435546875, 231.06224060058594, 0.5514234304428101], [0, 201.69642639160156, 47.709205627441406, 220.38218688964844, 81.20140838623047, 0.5403879284858704], [2, 218.26126098632812, 100.46464538574219, 238.5687255859375, 135.30227661132812, 0.5283879637718201], [1, 202.17520141601562, 47.6578483581543, 220.35330200195312, 81.17015075683594, 0.44642025232315063], [0, 469.63067626953125, 304.293701171875, 492.26055908203125, 338.11676025390625, 0.4232797920703888], [1, 469.62469482421875, 304.4692077636719, 492.258056640625, 338.3684997558594, 0.4197261333465576], [3, 529.9228515625, 264.5661315917969, 555.609130859375, 302.7452697753906, 0.40117162466049194], [1, 162.53350830078125, 195.17543029785156, 182.15487670898438, 231.1810760498047, 0.3598942160606384], [3, 238.62442016601562, 264.0619812011719, 269.5356140136719, 320.7808532714844, 0.3538929522037506], [4, 314.40283203125, 428.8392333984375, 319.0120849609375, 438.6492919921875, 0.2756221294403076], [2, 469.69805908203125, 304.66473388671875, 492.26397705078125, 338.19842529296875, 0.25387102365493774], [1, 89.06153869628906, 208.00241088867188, 110.29542541503906, 246.88998413085938, 0.25143682956695557]]}