{"clean": [[2, 337.85723876953125, 132.47698974609375, 358.24700927734375, 182.32601928710938, 0.8343930244445801], [0, 255.07012939453125, 33.231685638427734, 267.76019287109375, 54.46584701538086, 0.8190531730651855], [1, 350.6646728515625, 471.07696533203125, 370.49407958984375, 543.2761840820312, 0.8132880926132202], [0, 279.88970947265625, 109.66398620605469, 292.69927978515625, 137.2989044189453, 0.7979090809822083], [0, 324.593994140625, 311.67352294921875, 341.854248046875, 355.85357666015625, 0.7898024320602417], [0, 253.055419921875, 1.3484477996826172, 267.30694580078125, 19.815685272216797, 0.7832653522491455], [0, 297.62811279296875, 182.54544067382812, 312.30889892578125, 213.24984741210938, 0.7800750732421875], [1, 290.865966796875, 84.88943481445312, 303.4429931640625, 116.05772399902344, 0.7294586300849915], [1, 313.592041015625, 172.98663330078125, 328.3204345703125, 212.604736328125, 0.7000309824943542], [1, 274.7738037109375, 43.22589111328125, 287.6717529296875, 65.19424438476562, 0.5944461822509766], [1, 279.8840026855469, 109.54856872558594, 292.7519836425781, 137.1700439453125, 0.5290398001670837], [1, 313.877197265625, 186.11557006835938, 328.1968994140625, 212.43759155273438, 0.4527932107448578], [0, 137.47805786132812, 152.39340209960938, 149.27151489257812, 173.63125610351562, 0.4339136481285095], [1, 374.9837646484375, 238.0784149169922, 398.071533203125, 279.10858154296875, 0.3514203131198883], [3, 96.30496215820312, 623.4779052734375, 153.3124542236328, 639.91796875, 0.30942413210868835]], "patched": [[2, 337.86865234375, 132.4846649169922, 358.20068359375, 182.29490661621094, 0.8330770134925842], [1, 350.69451904296875, 471.14013671875, 370.46026611328125, 543.2205810546875, 0.8214097619056702], [0, 255.0749969482422, 33.254112243652344, 267.73724365234375, 54.428550720214844, 0.8197563886642456], [0, 279.89947509765625, 109.69000244140625, 292.69244384765625, 137.26742553710938, 0.7903962135314941], [0, 253.06549072265625, 1.373361587524414, 267.2877197265625, 19.78993034362793, 0.7837663292884827], [1, 290.8658142089844, 84.89175415039062, 303.4335632324219, 116.03858947753906, 0.7255207896232605], [1, 313.6246643066406, 173.69271850585938, 328.3189392089844, 212.52822875976562, 0.6736859083175659], [1, 297.42218017578125, 182.775634765625, 311.66827392578125, 213.06512451171875, 0.6322361826896667], [1, 274.7765197753906, 43.24839782714844, 287.6567687988281, 65.15723419189453, 0.6277511119842529], [1, 279.88677978515625, 109.56858825683594, 292.74639892578125, 137.13673400878906, 0.6009508371353149], [1, 313.6927490234375, 185.08538818359375, 328.1749267578125, 212.3560791015625, 0.5755223035812378], [0, 297.61407470703125, 182.650390625, 312.07342529296875, 213.15811157226562, 0.5660597681999207], [1, 324.245849609375, 311.7029724121094, 341.3255615234375, 355.4085998535156, 0.4855770766735077], [0, 137.55052185058594, 152.54531860351562, 149.2356414794922, 173.582275390625, 0.4251984655857086], [0, 324.37884521484375, 311.77655029296875, 341.26580810546875, 355.44134521484375, 0.3623864948749542], [3, 96.31846618652344, 623.60693359375, 152.5884246826172, 639.9185791015625, 0.3125104308128357], [1, 375.0438232421875, 238.19052124023438, 398.0216064453125, 279.0653381347656, 0.301298588514328], [1, 0.03818225860595703, 157.55026245117188, 6.781126022338867, 181.31588745117188, 0.25618332624435425]]}