{"clean": [[3, 18.29302215576172, 61.05000686645508, 55.035118103027344, 99.66435241699219, 0.5712393522262573]], "patched": [[3, 18.233274459838867, 61.05664825439453, 55.02333068847656, 99.67479705810547, 0.576204776763916]]}