{"clean": [[0, 441.1671447753906, 299.9293518066406, 476.1872253417969, 323.3454895019531, 0.8320763111114502], [0, 52.38111877441406, 236.3904571533203, 78.96745300292969, 255.97267150878906, 0.8294249176979065], [0, 269.0694580078125, 343.7697448730469, 306.54534912109375, 366.6134948730469, 0.8257446885108948], [0, 298.96490478515625, 312.7374267578125, 333.73614501953125, 335.142333984375, 0.8225697875022888], [0, 234.02752685546875, 285.66265869140625, 264.17327880859375, 306.31634521484375, 0.8225594162940979], [0, 493.959228515625, 414.63470458984375, 534.37890625, 439.0013427734375, 0.8022428154945374], [0, 434.75054931640625, 333.1456298828125, 470.30389404296875, 358.4468994140625, 0.7815622687339783], [0, 336.8892822265625, 301.4678955078125, 371.25982666015625, 322.03533935546875, 0.7810185551643372], [0, 210.10455322265625, 506.197021484375, 248.03131103515625, 531.1480712890625, 0.7702909111976624], [0, 423.77008056640625, 58.47040939331055, 441.43768310546875, 69.68046569824219, 0.7605471611022949], [0, 537.0457763671875, 53.41497802734375, 555.2225341796875, 66.43316650390625, 0.7115931510925293], [0, 579.745849609375, 555.1260375976562, 631.223388671875, 585.8490600585938, 0.7110984325408936], [0, 91.29013061523438, 483.286376953125, 127.72486877441406, 509.8438720703125, 0.686493456363678], [0, 85.82240295410156, 43.104251861572266, 99.63542175292969, 52.45186233520508, 0.6658575534820557], [0, 115.1483154296875, 210.8252716064453, 134.16575622558594, 228.7226104736328, 0.6636500358581543], [0, 563.6343994140625, 335.39093017578125, 609.4923095703125, 367.48883056640625, 0.5605261325836182], [0, 13.66695785522461, 34.47132873535156, 25.439727783203125, 44.329193115234375, 0.5136759877204895], [0, 80.59314727783203, 190.21578979492188, 94.69622039794922, 205.36614990234375, 0.3306892216205597], [0, 67.31109619140625, 44.14215087890625, 83.43046569824219, 55.188446044921875, 0.2773300111293793]], "patched": [[0, 423.8005065917969, 58.65482711791992, 441.3813171386719, 69.62434387207031, 0.7568610906600952], [0, 52.399131774902344, 236.4556427001953, 78.5873031616211, 255.7253875732422, 0.7522542476654053], [0, 233.84683227539062, 285.57855224609375, 262.4687194824219, 305.62628173828125, 0.7446731925010681], [0, 441.3603515625, 301.4063720703125, 475.81768798828125, 322.4913330078125, 0.7219595909118652], [0, 299.17523193359375, 313.5323791503906, 333.02142333984375, 334.8479919433594, 0.7149181365966797], [0, 537.0691528320312, 53.77116394042969, 555.1753540039062, 66.4232406616211, 0.7045615911483765], [0, 85.88406372070312, 43.20558166503906, 99.6065673828125, 52.41358947753906, 0.6729616522789001], [0, 580.0814208984375, 555.07861328125, 624.8531494140625, 573.361083984375, 0.6509200930595398], [0, 211.5135955810547, 506.2754821777344, 247.52674865722656, 525.7034912109375, 0.6424572467803955], [0, 493.9847412109375, 414.505615234375, 529.6729736328125, 432.60333251953125, 0.6157151460647583], [0, 115.24777221679688, 211.07766723632812, 134.07211303710938, 228.35427856445312, 0.6031796932220459], [1, 584.720458984375, 576.5054931640625, 614.4251708984375, 592.0123291015625, 0.5936746001243591], [0, 503.08917236328125, 423.043701171875, 533.5924682617188, 440.143798828125, 0.5807915329933167], [0, 91.29669189453125, 483.73297119140625, 127.62942504882812, 507.49456787109375, 0.5721908211708069], [1, 278.58941650390625, 360.21685791015625, 295.12225341796875, 370.19305419921875, 0.5352687835693359], [0, 338.025390625, 303.5581359863281, 362.6021728515625, 321.2055358886719, 0.5335448980331421], [0, 13.719099044799805, 34.56259536743164, 25.379262924194336, 44.29531478881836, 0.5225540995597839], [1, 584.1167602539062, 568.0936279296875, 616.9130249023438, 583.5924072265625, 0.5085662603378296], [0, 269.2422180175781, 343.99591064453125, 304.0984802246094, 360.48138427734375, 0.49451562762260437], [0, 80.85728454589844, 190.88592529296875, 94.63191223144531, 205.0020751953125, 0.45866677165031433], [1, 277.74749755859375, 353.5238952636719, 294.48297119140625, 363.3495788574219, 0.41222673654556274], [0, 441.43402099609375, 344.371826171875, 470.15032958984375, 357.91455078125, 0.39608585834503174], [0, 351.4980773925781, 305.43798828125, 371.4237365722656, 320.4278564453125, 0.39448943734169006], [0, 277.5701599121094, 353.731689453125, 294.5391540527344, 363.0528564453125, 0.3933700919151306], [1, 563.6715087890625, 335.63482666015625, 609.5865478515625, 367.4718017578125, 0.3859688937664032], [0, 438.00494384765625, 340.32501220703125, 470.19659423828125, 357.51171875, 0.3704935908317566], [0, 210.14395141601562, 510.9195556640625, 246.77371215820312, 530.5318603515625, 0.3640472888946533], [0, 584.8701171875, 568.2014770507812, 616.888427734375, 583.2446899414062, 0.3633163273334503], [0, 67.30841827392578, 44.376060485839844, 83.47480010986328, 55.057151794433594, 0.31439200043678284], [1, 91.451416015625, 484.7662353515625, 127.61563110351562, 507.48876953125, 0.29400530457496643]]}