{"clean": [[1, 132.02560424804688, 228.36793518066406, 146.73788452148438, 255.96229553222656, 0.7810080051422119], [3, 53.166343688964844, 154.47381591796875, 78.7486801147461, 177.09405517578125, 0.763745903968811], [2, 86.83251953125, 168.27008056640625, 117.67887878417969, 202.39129638671875, 0.7245464324951172], [0, 161.2447967529297, 316.7903137207031, 174.04945373535156, 346.0408020019531, 0.6861976385116577], [3, 29.51276397705078, 152.0710906982422, 54.593971252441406, 172.89796447753906, 0.656577467918396], [1, 190.40487670898438, 494.9620361328125, 204.19625854492188, 535.839111328125, 0.6541264653205872], [0, 293.67462158203125, 526.556884765625, 316.30218505859375, 555.4111328125, 0.604148268699646], [1, 117.34089660644531, 202.4771728515625, 132.83448791503906, 227.09588623046875, 0.5920211672782898], [0, 148.7032012939453, 269.40936279296875, 161.9416046142578, 298.59112548828125, 0.5633799433708191], [2, 157.85882568359375, 374.8567199707031, 180.46832275390625, 430.2952575683594, 0.5208756327629089], [1, 148.537841796875, 269.3475341796875, 162.017578125, 298.66015625, 0.49276089668273926]], "patched": [[1, 132.02249145507812, 228.36639404296875, 146.74380493164062, 255.9619140625, 0.7823851108551025], [3, 53.16436767578125, 154.47384643554688, 78.74884033203125, 177.09402465820312, 0.7638737559318542], [2, 86.82804870605469, 168.26895141601562, 117.68064880371094, 202.38995361328125, 0.7254416346549988], [0, 161.24159240722656, 316.79052734375, 174.0523223876953, 346.0399169921875, 0.6795794367790222], [3, 29.511871337890625, 152.07025146484375, 54.59489440917969, 172.899658203125, 0.6576599478721619], [1, 190.4012908935547, 494.9663391113281, 204.1989288330078, 535.83203125, 0.643002986907959], [2, 294.84503173828125, 510.76483154296875, 357.58795166015625, 554.9198608398438, 0.5921194553375244], [1, 117.33941650390625, 202.47743225097656, 132.83587646484375, 227.0946807861328, 0.5902022123336792], [0, 148.69921875, 269.40850830078125, 161.94342041015625, 298.59136962890625, 0.5613094568252563], [2, 157.86065673828125, 374.8616943359375, 180.47015380859375, 430.292724609375, 0.5220243334770203], [1, 148.5343017578125, 269.3470458984375, 162.0185546875, 298.65936279296875, 0.4923437535762787]]}