{"clean": [[0, 418.94586181640625, 468.99273681640625, 436.00128173828125, 507.77056884765625, 0.8453282117843628], [0, 381.52032470703125, 466.5253601074219, 397.69744873046875, 499.3449401855469, 0.8258805274963379], [0, 358.49951171875, 341.0731201171875, 372.2677001953125, 362.97088623046875, 0.8222293853759766], [0, 346.9624328613281, 289.753173828125, 359.4377746582031, 308.43963623046875, 0.8141745924949646], [0, 311.87725830078125, 340.93243408203125, 325.42108154296875, 362.75238037109375, 0.7940350770950317], [0, 386.61102294921875, 337.7369384765625, 402.52520751953125, 365.4505615234375, 0.7899998426437378], [0, 358.6365051269531, 250.28514099121094, 371.2427062988281, 269.1416015625, 0.7127535939216614], [1, 347.7071838378906, 195.82373046875, 361.5111999511719, 219.2230224609375, 0.38144680857658386], [0, 228.64175415039062, 111.06257629394531, 237.21627807617188, 119.23117065429688, 0.34283146262168884], [3, 347.61541748046875, 195.86056518554688, 361.35546875, 219.43621826171875, 0.25703999400138855]], "patched": [[0, 358.5181884765625, 341.08074951171875, 372.24908447265625, 362.98138427734375, 0.8222647309303284], [0, 346.97320556640625, 289.76824951171875, 359.42388916015625, 308.43853759765625, 0.814346194267273], [0, 381.82220458984375, 466.6865234375, 397.38153076171875, 500.29510498046875, 0.8028345108032227], [0, 311.8868408203125, 340.9356384277344, 325.4114990234375, 362.7633361816406, 0.7976279258728027], [0, 386.6336669921875, 337.71636962890625, 402.513671875, 365.44940185546875, 0.7905617356300354], [0, 418.87347412109375, 469.02667236328125, 435.75408935546875, 509.26202392578125, 0.7477683424949646], [0, 358.651123046875, 250.29171752929688, 371.226806640625, 269.1410827636719, 0.7163715362548828], [1, 347.71868896484375, 195.8275146484375, 361.50030517578125, 219.21881103515625, 0.37645667791366577], [0, 228.65562438964844, 111.08451843261719, 237.21238708496094, 119.22715759277344, 0.34232810139656067], [3, 347.6321105957031, 195.87149047851562, 361.3435974121094, 219.42694091796875, 0.2591719627380371]]}