{"clean": [[0, 355.9903869628906, 305.81695556640625, 373.5957336425781, 331.06756591796875, 0.8748775124549866], [0, 207.4349365234375, 578.3377685546875, 243.19610595703125, 632.7559814453125, 0.8723896741867065], [0, 224.88645935058594, 477.94696044921875, 254.84303283691406, 523.1301879882812, 0.8662558794021606], [0, 331.57183837890625, 291.80999755859375, 350.08087158203125, 316.30108642578125, 0.8644905090332031], [0, 32.586326599121094, 280.1265869140625, 53.83189392089844, 300.6319580078125, 0.8514003157615662], [1, 154.09124755859375, 410.3683166503906, 181.23504638671875, 448.5389709472656, 0.8394825458526611], [0, 130.9705810546875, 526.8421630859375, 161.16461181640625, 567.2049560546875, 0.836411714553833], [0, 408.8589782714844, 262.98394775390625, 422.4700012207031, 283.85614013671875, 0.8349093198776245], [0, 414.70062255859375, 245.01641845703125, 427.52325439453125, 265.0465393066406, 0.8159692883491516], [0, 266.777587890625, 528.0501708984375, 293.0078125, 571.9127197265625, 0.8123179078102112], [0, 434.8929748535156, 151.1912384033203, 445.3587951660156, 167.53990173339844, 0.7994738221168518], [0, 426.55718994140625, 170.32029724121094, 438.33111572265625, 185.18251037597656, 0.7904982566833496], [0, 6.528018951416016, 302.21319580078125, 29.281002044677734, 326.02410888671875, 0.7837334871292114], [0, 401.0129089355469, 194.6705780029297, 411.9781799316406, 210.62034606933594, 0.7823521494865417], [0, 429.81005859375, 114.63495635986328, 441.5546875, 126.0085220336914, 0.7744411826133728], [1, 413.8144226074219, 189.83462524414062, 425.5875549316406, 212.33889770507812, 0.7662384510040283], [0, 51.285797119140625, 259.12518310546875, 73.56459045410156, 281.4222412109375, 0.7411143183708191], [0, 379.51312255859375, 220.97576904296875, 399.84588623046875, 240.968505859375, 0.7138702273368835], [0, 318.0456848144531, 285.6680908203125, 334.9653625488281, 309.1019287109375, 0.5864370465278625], [0, 422.1043701171875, 107.67413330078125, 436.044921875, 122.19146728515625, 0.3868020176887512]], "patched": [[0, 32.59686279296875, 280.1062927246094, 53.82941436767578, 300.6598205566406, 0.851428210735321], [1, 154.0950927734375, 410.38323974609375, 181.217041015625, 448.68206787109375, 0.8379920721054077], [0, 408.8923034667969, 262.9939880371094, 422.4597473144531, 283.8434753417969, 0.8344275951385498], [1, 272.6782531738281, 563.8612060546875, 293.2104187011719, 577.3162841796875, 0.8220750093460083], [0, 331.95550537109375, 291.6876220703125, 350.14862060546875, 316.7763671875, 0.8201656937599182], [0, 414.72039794921875, 245.01791381835938, 427.51019287109375, 265.0763854980469, 0.814053475856781], [0, 434.8885192871094, 151.1869659423828, 445.3652038574219, 167.55006408691406, 0.7951312065124512], [0, 356.02581787109375, 305.79345703125, 373.62762451171875, 332.0438232421875, 0.7883027195930481], [0, 426.56329345703125, 170.319091796875, 438.33428955078125, 185.19744873046875, 0.7861840128898621], [0, 400.9981689453125, 194.6534423828125, 411.98846435546875, 210.63665771484375, 0.7792749404907227], [0, 429.81304931640625, 114.62364196777344, 441.55560302734375, 126.01930236816406, 0.7656477689743042], [1, 413.8345947265625, 189.82989501953125, 425.6119384765625, 212.34832763671875, 0.7631388306617737], [0, 51.29008483886719, 259.1275939941406, 73.45655059814453, 281.3351745605469, 0.7375061511993408], [0, 379.705078125, 220.9806671142578, 399.859130859375, 240.8493194580078, 0.7290051579475403], [0, 227.01019287109375, 478.36767578125, 254.533935546875, 509.9249267578125, 0.7211569547653198], [1, 211.9003143310547, 620.5093994140625, 237.60960388183594, 635.2677001953125, 0.7120218276977539], [1, 225.45468139648438, 510.01678466796875, 248.72415161132812, 524.3980102539062, 0.6540662050247192], [1, 267.7965087890625, 553.5571899414062, 291.7659912109375, 568.3952026367188, 0.6533302068710327], [0, 207.91912841796875, 578.6226806640625, 235.51272583007812, 609.968505859375, 0.6251004338264465], [0, 318.39349365234375, 286.60662841796875, 333.37921142578125, 309.10882568359375, 0.5959048271179199], [1, 214.09771728515625, 608.9479370117188, 241.9395751953125, 623.9450073242188, 0.4944762587547302], [0, 131.36373901367188, 532.4986572265625, 161.03378295898438, 564.0772705078125, 0.4110740125179291], [0, 422.09674072265625, 107.65252685546875, 436.04351806640625, 122.2220458984375, 0.35872402787208557], [1, 131.23306274414062, 532.0145263671875, 160.98214721679688, 564.7142333984375, 0.2659970223903656], [1, 225.57406616210938, 500.47552490234375, 253.15298461914062, 518.4411010742188, 0.25695788860321045]]}