{"clean": [[0, 572.728515625, 559.1265258789062, 603.4925537109375, 609.5952758789062, 0.8469587564468384], [0, 574.2609252929688, 369.2585754394531, 594.2542114257812, 400.5520935058594, 0.8409755229949951], [3, 453.68414306640625, 92.52908325195312, 519.7606811523438, 136.11578369140625, 0.8373058438301086], [0, 207.65802001953125, 279.162353515625, 229.16464233398438, 302.71563720703125, 0.810089111328125], [1, 321.13983154296875, 312.8603515625, 347.30816650390625, 346.57177734375, 0.7850996851921082], [1, 352.8160705566406, 258.0523681640625, 377.3813171386719, 287.496826171875, 0.7839563488960266], [3, 450.2271728515625, 113.88610076904297, 493.4354248046875, 142.56756591796875, 0.7731542587280273], [0, 613.502197265625, 551.3751220703125, 639.431640625, 602.5496826171875, 0.7664463520050049], [1, 594.0452270507812, 380.4479675292969, 619.1270141601562, 422.1417541503906, 0.7260807156562805], [3, 428.0167541503906, 119.6104507446289, 479.6867370605469, 152.14657592773438, 0.7051302790641785], [0, 231.11473083496094, 41.439605712890625, 245.45301818847656, 49.99174499511719, 0.6943344473838806], [3, 509.9881591796875, 64.34776306152344, 547.4044189453125, 85.87718200683594, 0.6558479070663452], [3, 471.75592041015625, 85.03094482421875, 517.6074829101562, 113.40245056152344, 0.5995515584945679], [1, 578.6234741210938, 293.57098388671875, 599.6206665039062, 330.37017822265625, 0.5215573906898499], [3, 404.2406005859375, 127.80078887939453, 452.809814453125, 164.13580322265625, 0.5010107755661011], [0, 405.2441711425781, 251.59127807617188, 423.9829406738281, 277.1783752441406, 0.4951947033405304], [0, 283.5535583496094, 191.60140991210938, 298.9676818847656, 208.42660522460938, 0.43833106756210327], [3, 500.66448974609375, 72.89872741699219, 566.3093872070312, 111.00350952148438, 0.39541056752204895], [1, 457.05499267578125, 506.0660705566406, 489.47991943359375, 564.7264404296875, 0.3879188895225525], [1, 308.72015380859375, 307.60321044921875, 333.45855712890625, 342.2152099609375, 0.38509121537208557], [1, 405.4143371582031, 251.6725311279297, 424.0325622558594, 277.15338134765625, 0.33185580372810364]], "patched": [[3, 453.68701171875, 92.52882385253906, 519.764404296875, 136.14707946777344, 0.8370558619499207], [0, 207.65878295898438, 279.1717834472656, 229.16976928710938, 302.7195739746094, 0.8095522522926331], [1, 321.1478271484375, 312.8623046875, 347.304931640625, 346.57666015625, 0.7825349569320679], [1, 352.82025146484375, 258.05657958984375, 377.37762451171875, 287.49969482421875, 0.7824745774269104], [3, 450.22821044921875, 113.88239288330078, 493.46002197265625, 142.6297607421875, 0.7729264497756958], [1, 594.0509643554688, 380.51019287109375, 619.1179809570312, 422.16546630859375, 0.7656391859054565], [3, 427.93707275390625, 119.60814666748047, 479.69610595703125, 152.21978759765625, 0.7008620500564575], [0, 231.10952758789062, 41.43509292602539, 245.453857421875, 49.99399948120117, 0.6936626434326172], [3, 509.982666015625, 64.34233093261719, 547.4188232421875, 85.87879943847656, 0.6570436954498291], [0, 574.4305419921875, 369.4450378417969, 594.0765380859375, 400.7091369628906, 0.6018762588500977], [3, 471.74908447265625, 85.0401840209961, 517.6381225585938, 113.44718170166016, 0.59991854429245], [1, 571.54248046875, 599.3702392578125, 596.018798828125, 611.5400390625, 0.5644049048423767], [1, 578.6951904296875, 293.6330871582031, 599.5731201171875, 330.4186706542969, 0.5146635174751282], [0, 573.085693359375, 559.524169921875, 603.384521484375, 601.54541015625, 0.5041476488113403], [0, 405.2393798828125, 251.5959930419922, 423.9866943359375, 277.18548583984375, 0.4965144693851471], [1, 614.8860473632812, 553.1368408203125, 638.6618041992188, 592.34814453125, 0.49376213550567627], [3, 404.24139404296875, 127.79454803466797, 452.84515380859375, 164.2940673828125, 0.4927518665790558], [0, 283.5465393066406, 191.60061645507812, 298.9751892089844, 208.43545532226562, 0.439330130815506], [1, 574.6640014648438, 369.38116455078125, 593.9500122070312, 400.48040771484375, 0.4239896833896637], [3, 500.65936279296875, 72.90206909179688, 566.3087768554688, 111.03073120117188, 0.3851443827152252], [1, 457.0906982421875, 506.0509033203125, 489.44854736328125, 564.732666015625, 0.3824295103549957], [1, 308.7242431640625, 307.64154052734375, 333.469970703125, 342.23773193359375, 0.3709939420223236], [1, 405.4105529785156, 251.676513671875, 424.0361022949219, 277.1619873046875, 0.3299570679664612], [1, 573.3214111328125, 560.2548828125, 602.8179931640625, 601.84423828125, 0.2983735501766205]]}