{"clean": [[0, 443.6963806152344, 381.10498046875, 464.4071960449219, 418.6844482421875, 0.8195720314979553], [0, 334.3126220703125, 197.86154174804688, 346.0821533203125, 217.50186157226562, 0.7494627237319946], [0, 68.19448852539062, 500.68939208984375, 89.66716003417969, 532.8927612304688, 0.7367908358573914], [0, 363.988037109375, 607.8935546875, 383.896484375, 639.9473876953125, 0.6802238821983337], [0, 134.599853515625, 369.4637451171875, 151.113525390625, 389.83563232421875, 0.6799730062484741], [0, 413.2081298828125, 93.32179260253906, 423.025634765625, 103.62950134277344, 0.6733274459838867], [0, 463.54803466796875, 44.40974807739258, 473.03424072265625, 54.09238052368164, 0.6641539335250854], [2, 325.0924072265625, 230.99578857421875, 344.3548583984375, 279.85028076171875, 0.6256449818611145], [0, 548.484375, 79.18092346191406, 558.0677490234375, 89.28739929199219, 0.5639232993125916], [0, 512.9102783203125, 24.88058090209961, 519.9210205078125, 31.84439468383789, 0.4878306984901428], [0, 486.78948974609375, 36.836143493652344, 494.65118408203125, 45.32477569580078, 0.364027202129364], [0, 516.4058227539062, 278.3248291015625, 532.7578735351562, 294.151123046875, 0.32035061717033386], [0, 563.2236328125, 29.34468650817871, 570.1761474609375, 36.564476013183594, 0.3175867199897766], [4, 233.72647094726562, 332.5390625, 240.82656860351562, 344.7630615234375, 0.2997831106185913]], "patched": [[0, 443.70513916015625, 381.108642578125, 464.39996337890625, 418.6790771484375, 0.8204538226127625], [0, 334.3326110839844, 197.86572265625, 346.0606384277344, 217.498046875, 0.7525111436843872], [0, 68.27542114257812, 500.70013427734375, 89.5894775390625, 532.8446655273438, 0.737608015537262], [0, 134.61196899414062, 369.42437744140625, 151.10858154296875, 389.81341552734375, 0.6800710558891296], [0, 413.2138977050781, 93.32489013671875, 423.0189514160156, 103.62469482421875, 0.6735220551490784], [0, 463.552490234375, 44.39971160888672, 473.03057861328125, 54.083946228027344, 0.6630995273590088], [2, 325.11688232421875, 231.0047607421875, 344.31329345703125, 279.84405517578125, 0.6144344210624695], [0, 548.48486328125, 79.17652130126953, 558.074951171875, 89.29000091552734, 0.5630306005477905], [0, 365.94598388671875, 609.6903076171875, 383.7127685546875, 639.423828125, 0.5146002769470215], [0, 512.9161987304688, 24.873821258544922, 519.9226684570312, 31.842815399169922, 0.4853902757167816], [0, 486.79345703125, 36.830787658691406, 494.6553955078125, 45.32276153564453, 0.3644436001777649], [0, 516.4041748046875, 278.321044921875, 532.7503662109375, 294.15185546875, 0.32139354944229126], [0, 563.222900390625, 29.32833480834961, 570.18505859375, 36.56340408325195, 0.31389278173446655], [4, 233.73480224609375, 332.5388488769531, 240.81683349609375, 344.7601013183594, 0.30365243554115295]]}