{"clean": [[3, 82.58163452148438, 89.16282653808594, 110.02822875976562, 149.9918975830078, 0.880446195602417], [2, 46.76287841796875, 21.202293395996094, 79.38359069824219, 73.89352416992188, 0.6436432600021362], [1, 153.60641479492188, 426.99774169921875, 173.67083740234375, 479.77130126953125, 0.5884721279144287], [1, 194.9432373046875, 529.4169921875, 224.1795654296875, 575.606201171875, 0.5423207879066467], [2, 105.37911987304688, 169.59915161132812, 135.231689453125, 261.1447448730469, 0.43156975507736206], [3, 46.69514465332031, 21.11631965637207, 79.25862121582031, 74.02384948730469, 0.35884714126586914], [0, 307.39111328125, 571.5111083984375, 339.251220703125, 598.7110595703125, 0.3377852439880371], [3, 153.45794677734375, 427.05914306640625, 173.501708984375, 479.60467529296875, 0.3122944235801697]], "patched": [[3, 82.5925064086914, 89.16755676269531, 110.0244369506836, 149.9866485595703, 0.8794389963150024], [2, 46.76579284667969, 21.20732879638672, 79.37908172607422, 73.8935546875, 0.6692060828208923], [3, 153.52191162109375, 427.24945068359375, 172.82794189453125, 478.287109375, 0.569093644618988], [1, 195.14324951171875, 529.9081420898438, 223.71759033203125, 575.2632446289062, 0.5436052680015564], [2, 105.41069030761719, 169.42245483398438, 135.11265563964844, 261.04156494140625, 0.4068092703819275], [1, 153.97726440429688, 427.10345458984375, 173.04391479492188, 478.76739501953125, 0.39187389612197876]]}