{"clean": [[0, 331.34161376953125, 529.095703125, 347.26617431640625, 585.5458984375, 0.7036247849464417], [0, 473.20672607421875, 59.9177360534668, 487.50921630859375, 93.95298767089844, 0.6165742874145508], [0, 294.88372802734375, 194.47784423828125, 306.82611083984375, 222.67584228515625, 0.3749222159385681], [0, 277.6069641113281, 123.73121643066406, 290.0281066894531, 160.69773864746094, 0.33913755416870117], [0, 382.41009521484375, 593.144287109375, 402.12127685546875, 640.0, 0.3362095355987549], [0, 474.8497314453125, 225.70089721679688, 489.4207763671875, 273.5025329589844, 0.26843366026878357], [0, 294.6744689941406, 174.3243408203125, 306.9720764160156, 222.67926025390625, 0.2618597149848938]], "patched": [[0, 330.760009765625, 529.153076171875, 347.2327880859375, 585.76171875, 0.6688230037689209], [2, 272.49493408203125, 341.14111328125, 285.62457275390625, 381.12188720703125, 0.6236228346824646], [0, 473.1798400878906, 59.96574401855469, 487.5480041503906, 94.12504577636719, 0.5847567319869995], [0, 295.16131591796875, 206.06234741210938, 307.32049560546875, 222.68133544921875, 0.5697731971740723], [0, 278.3371276855469, 145.4945068359375, 289.5849304199219, 160.7618408203125, 0.5135354399681091], [1, 487.6175537109375, 409.65087890625, 501.0972900390625, 424.557373046875, 0.41799771785736084], [0, 388.22369384765625, 172.22341918945312, 403.55999755859375, 221.718017578125, 0.2849811017513275], [0, 329.1889343261719, 141.64288330078125, 339.7298889160156, 153.91455078125, 0.2800392806529999], [3, 456.0775146484375, 68.94495391845703, 468.2930908203125, 120.5721664428711, 0.25359591841697693]]}