{"clean": [[0, 215.1279296875, 125.98827362060547, 226.49240112304688, 157.887451171875, 0.6958496570587158], [0, 247.94970703125, 143.78842163085938, 260.07965087890625, 185.69747924804688, 0.5377708673477173], [1, 504.7755126953125, 560.7694091796875, 561.2601318359375, 589.0347900390625, 0.5128441452980042], [0, 253.18690490722656, 240.6516876220703, 264.337646484375, 281.91241455078125, 0.42094534635543823], [0, 223.37969970703125, 314.64178466796875, 233.9527587890625, 347.09515380859375, 0.3142130672931671], [0, 24.707311630249023, 143.6649169921875, 39.837257385253906, 177.34637451171875, 0.2885064482688904]], "patched": [[0, 215.41949462890625, 125.79704284667969, 226.28509521484375, 157.6070098876953, 0.5871531963348389], [0, 254.1190185546875, 242.77549743652344, 264.3782958984375, 282.4356689453125, 0.37271252274513245], [1, 504.8608093261719, 560.816650390625, 561.69189453125, 588.9556884765625, 0.3551376461982727]]}