{"clean": [[0, 133.33148193359375, 47.61859130859375, 148.8634033203125, 70.24769592285156, 0.8546065092086792], [3, 502.81341552734375, 508.34820556640625, 541.6580200195312, 562.9629516601562, 0.7931466698646545], [0, 117.32341003417969, 49.54960632324219, 132.14071655273438, 70.30656433105469, 0.7593066692352295], [0, 268.159912109375, 241.22528076171875, 286.246337890625, 267.4757995605469, 0.683379054069519], [0, 451.65179443359375, 516.2799072265625, 471.28717041015625, 547.6334228515625, 0.6003685593605042], [0, 339.68389892578125, 276.29058837890625, 368.40618896484375, 317.78668212890625, 0.5830086469650269], [0, 339.74737548828125, 103.362548828125, 347.67559814453125, 130.92959594726562, 0.565447211265564], [0, 182.616943359375, 372.1417236328125, 201.3720703125, 394.32666015625, 0.4416656196117401], [0, 632.949951171875, 360.47711181640625, 640.0, 390.57342529296875, 0.4381394684314728], [4, 519.5514526367188, 619.7994995117188, 538.5610961914062, 640.0, 0.32813572883605957], [0, 158.62588500976562, 312.043212890625, 168.421875, 346.417724609375, 0.3245845437049866], [0, 196.830322265625, 0.022897720336914062, 205.8721923828125, 18.60472297668457, 0.29808276891708374], [0, 519.384521484375, 620.0799560546875, 540.1964111328125, 639.9935302734375, 0.28370192646980286], [0, 158.71731567382812, 327.696044921875, 167.99270629882812, 346.1314697265625, 0.2535334527492523]], "patched": [[0, 133.34829711914062, 47.62892150878906, 148.83718872070312, 70.22779083251953, 0.8545271754264832], [3, 502.98919677734375, 508.2998046875, 541.6764526367188, 562.71337890625, 0.8036306500434875], [0, 117.3564453125, 49.585845947265625, 132.12191772460938, 70.27861022949219, 0.7599738836288452], [3, 268.1998291015625, 241.55252075195312, 284.3228759765625, 267.2679443359375, 0.616649329662323], [0, 451.69525146484375, 516.325439453125, 471.24053955078125, 547.5447998046875, 0.5497920513153076], [0, 339.7821044921875, 103.37847900390625, 347.64892578125, 130.92510986328125, 0.514141857624054], [0, 339.99591064453125, 276.36151123046875, 368.3770751953125, 317.62908935546875, 0.4533342719078064], [0, 632.9658203125, 360.5057373046875, 640.0, 390.67083740234375, 0.4149930775165558], [0, 182.6593017578125, 372.17877197265625, 201.27276611328125, 394.22174072265625, 0.41000503301620483], [0, 196.85653686523438, 0.02520751953125, 205.86062622070312, 18.582988739013672, 0.30102524161338806], [4, 519.5695190429688, 619.9017333984375, 538.4541625976562, 640.0, 0.297865092754364], [0, 158.81756591796875, 328.3949890136719, 167.92745971679688, 346.0932922363281, 0.28701186180114746], [0, 158.78878784179688, 312.3189697265625, 168.3389892578125, 346.3760986328125, 0.2822849750518799], [1, 182.56661987304688, 372.1513366699219, 201.37881469726562, 394.3870544433594, 0.2770622968673706], [0, 519.4133911132812, 620.2730712890625, 540.0436401367188, 639.9949951171875, 0.2633618712425232], [0, 340.2208251953125, 118.67327880859375, 346.908935546875, 130.74191284179688, 0.25272125005722046]]}