{"clean": [[3, 286.5140380859375, 424.6029052734375, 319.98260498046875, 515.7874755859375, 0.874077558517456], [0, 317.11627197265625, 538.2586059570312, 362.94842529296875, 614.3184204101562, 0.8560327291488647], [0, 327.6788330078125, 456.29766845703125, 364.55615234375, 517.7904663085938, 0.8456602692604065], [0, 187.6718292236328, 277.3096923828125, 205.8097686767578, 310.0247802734375, 0.8372494578361511], [0, 227.0748291015625, 333.9322509765625, 261.5520324707031, 363.44091796875, 0.8281483054161072], [3, 351.7177734375, 32.121559143066406, 370.2691650390625, 66.93988037109375, 0.8272701501846313], [0, 274.0001525878906, 46.37273406982422, 285.4164733886719, 62.79021453857422, 0.7920742630958557], [0, 320.38189697265625, 411.9070739746094, 340.06854248046875, 445.6692199707031, 0.7650068402290344], [3, 367.52325439453125, 40.2891845703125, 385.94451904296875, 77.27652740478516, 0.7589704394340515], [0, 271.9249267578125, 362.12347412109375, 299.3060302734375, 409.375, 0.7489950656890869], [0, 267.18011474609375, 185.60897827148438, 281.15728759765625, 208.46835327148438, 0.6684970259666443], [0, 358.75262451171875, 626.2361450195312, 401.60516357421875, 640.0, 0.6628895998001099], [0, 265.6726989746094, 246.4080352783203, 279.8323059082031, 274.29071044921875, 0.5512051582336426], [3, 360.2921142578125, 18.53260040283203, 379.0172119140625, 39.66670608520508, 0.5262840390205383], [0, 311.92230224609375, 353.739990234375, 329.5289306640625, 391.61138916015625, 0.5035118460655212], [2, 44.966392517089844, 195.063232421875, 81.05870056152344, 266.79132080078125, 0.4768650233745575], [0, 364.20001220703125, 555.5006103515625, 424.01776123046875, 628.9544677734375, 0.45201820135116577]], "patched": [[3, 286.7052001953125, 424.61407470703125, 320.01165771484375, 515.7201538085938, 0.8732448816299438], [3, 351.71038818359375, 32.112892150878906, 370.28912353515625, 66.94342041015625, 0.826614499092102], [0, 327.8017578125, 456.72607421875, 364.5379638671875, 517.6981201171875, 0.8199797868728638], [1, 377.62713623046875, 612.5205688476562, 408.67291259765625, 630.3662719726562, 0.8060830235481262], [0, 273.9898376464844, 46.34109878540039, 285.4198303222656, 62.80045700073242, 0.7915717959403992], [1, 325.5657958984375, 599.8948974609375, 354.806884765625, 616.0614013671875, 0.7848132252693176], [1, 374.36181640625, 596.0537109375, 404.74041748046875, 614.8079833984375, 0.7657848000526428], [3, 367.5135498046875, 40.291160583496094, 385.966552734375, 77.30255889892578, 0.7559196949005127], [0, 359.2260437011719, 626.640625, 395.4332580566406, 640.0, 0.6973586082458496], [1, 379.07269287109375, 605.51025390625, 406.91650390625, 619.982177734375, 0.6958009004592896], [0, 188.10374450683594, 277.11114501953125, 205.4029083251953, 309.92742919921875, 0.6899942755699158], [1, 323.64178466796875, 585.3978271484375, 358.39166259765625, 606.062255859375, 0.6833156943321228], [0, 267.1813049316406, 185.61383056640625, 281.1240539550781, 208.4654541015625, 0.6667579412460327], [0, 319.9610595703125, 402.24951171875, 338.13201904296875, 444.9310302734375, 0.650871217250824], [1, 312.14141845703125, 354.0488586425781, 328.72735595703125, 391.8216247558594, 0.5833413004875183], [0, 265.70428466796875, 246.42506408691406, 279.73565673828125, 272.399169921875, 0.5081644058227539], [0, 364.67498779296875, 555.3182373046875, 396.9171142578125, 599.3826904296875, 0.505315899848938], [0, 271.99176025390625, 362.03900146484375, 299.35906982421875, 409.380615234375, 0.5003848075866699], [3, 360.29595947265625, 18.539295196533203, 379.03948974609375, 39.663692474365234, 0.4996044337749481], [2, 44.96129608154297, 194.87420654296875, 81.07320404052734, 266.8480224609375, 0.49767401814460754], [1, 271.88848876953125, 362.0083923339844, 299.27081298828125, 409.5433044433594, 0.4753913879394531], [1, 227.07913208007812, 333.8386535644531, 261.4338684082031, 363.4754333496094, 0.34084615111351013], [0, 227.35806274414062, 333.5694885253906, 261.2598571777344, 363.4262390136719, 0.3201805651187897]]}