{"clean": [[0, 428.9114990234375, 425.7908935546875, 541.1025390625, 514.5169677734375, 0.8842172622680664], [4, 494.4462585449219, 49.84796142578125, 503.8511657714844, 62.70442199707031, 0.40108010172843933]], "patched": [[0, 428.9534912109375, 425.819091796875, 541.067626953125, 514.9069213867188, 0.8855006694793701], [4, 494.4447937011719, 49.84130859375, 503.8526916503906, 62.70587158203125, 0.4019083082675934]]}