{"clean": [[0, 63.6197624206543, 521.6319580078125, 118.60755920410156, 568.3385009765625, 0.9035672545433044], [0, 131.35592651367188, 530.7781982421875, 182.65853881835938, 580.0430908203125, 0.8913660049438477], [0, 472.9247131347656, 291.092529296875, 498.6178894042969, 310.425048828125, 0.8442762494087219], [2, 389.47723388671875, 287.44232177734375, 420.76837158203125, 316.79095458984375, 0.8181015253067017], [2, 302.17706298828125, 196.07583618164062, 324.29913330078125, 226.28997802734375, 0.7950334548950195], [2, 417.9454650878906, 342.0821838378906, 452.5376281738281, 396.7911682128906, 0.7853010892868042], [2, 503.84332275390625, 425.5607604980469, 562.1486206054688, 504.5878601074219, 0.7823492288589478], [1, 254.9833984375, 407.8066101074219, 276.44427490234375, 446.3794250488281, 0.7535513043403625], [1, 321.74444580078125, 219.1455841064453, 334.24627685546875, 236.87721252441406, 0.6710624694824219], [2, 184.928955078125, 339.26739501953125, 227.55712890625, 369.50482177734375, 0.601416826248169], [1, 385.22821044921875, 274.7900695800781, 397.30230712890625, 291.7695617675781, 0.5388906002044678], [2, 256.84356689453125, 172.6885986328125, 272.80499267578125, 191.85455322265625, 0.4767369329929352], [1, 359.27099609375, 254.63995361328125, 372.43011474609375, 272.17645263671875, 0.46062958240509033], [0, 470.11895751953125, 357.3568115234375, 496.4820556640625, 383.064208984375, 0.4492713510990143], [0, 207.78240966796875, 180.76242065429688, 218.0216064453125, 191.95657348632812, 0.4491462707519531], [1, 470.0814208984375, 357.1761474609375, 496.78173828125, 382.9849853515625, 0.41383200883865356], [0, 627.781005859375, 500.7958984375, 640.0, 536.8260498046875, 0.4071384072303772], [0, 625.04736328125, 500.1221923828125, 640.0, 542.9930419921875, 0.40163299441337585], [1, 302.717041015625, 233.97964477539062, 322.1993408203125, 255.49307250976562, 0.38797175884246826], [0, 385.06329345703125, 274.59344482421875, 397.96148681640625, 291.88787841796875, 0.38575243949890137]], "patched": [[0, 63.67417907714844, 521.5531005859375, 118.76846313476562, 568.3267822265625, 0.8879891633987427], [0, 131.32455444335938, 530.7608642578125, 182.67254638671875, 580.0404052734375, 0.8386690616607666], [2, 389.48760986328125, 287.4414367675781, 420.72357177734375, 316.8005065917969, 0.8174862265586853], [0, 472.9616394042969, 291.20941162109375, 498.7261657714844, 310.23297119140625, 0.79837965965271], [2, 302.16973876953125, 195.93649291992188, 324.2857666015625, 226.30313110351562, 0.7947086095809937], [2, 417.9380798339844, 342.0238037109375, 452.5174865722656, 396.745361328125, 0.7881994247436523], [2, 503.83966064453125, 425.54522705078125, 562.1530151367188, 504.59503173828125, 0.7811940908432007], [1, 254.99411010742188, 407.8101806640625, 276.4455871582031, 446.3983154296875, 0.7584662437438965], [1, 321.7590026855469, 219.14666748046875, 334.2399597167969, 236.88323974609375, 0.6901916861534119], [2, 184.95831298828125, 339.2691650390625, 227.5513916015625, 369.5015869140625, 0.6073222756385803], [1, 385.24322509765625, 274.7962646484375, 397.23876953125, 291.75750732421875, 0.5447515249252319], [1, 359.27789306640625, 254.66464233398438, 372.15850830078125, 272.1733703613281, 0.48618191480636597], [1, 470.07891845703125, 357.1979064941406, 496.55316162109375, 382.9676818847656, 0.4790305197238922], [2, 256.84478759765625, 172.6935272216797, 272.78668212890625, 191.8697052001953, 0.4731411039829254], [0, 207.79798889160156, 180.77633666992188, 218.00242614746094, 191.94332885742188, 0.45822301506996155], [0, 628.2174072265625, 500.8763427734375, 640.0, 536.57958984375, 0.4108346700668335], [0, 470.12432861328125, 357.375732421875, 496.26141357421875, 383.04931640625, 0.4103279411792755], [0, 385.0799255371094, 274.60400390625, 397.8917541503906, 291.8804931640625, 0.3897477090358734], [0, 625.47509765625, 500.17193603515625, 640.0, 542.5043334960938, 0.386966347694397], [1, 302.7984619140625, 234.08285522460938, 322.1732177734375, 255.19137573242188, 0.35562071204185486]]}