{"clean": [[0, 180.01547241210938, 241.43406677246094, 195.08889770507812, 292.6859130859375, 0.8018555045127869], [0, 335.26470947265625, 305.6699523925781, 366.24835205078125, 323.2961730957031, 0.6030329465866089], [2, 613.0203857421875, 342.7318420410156, 640.0, 368.1556091308594, 0.5814857482910156], [1, 343.67437744140625, 539.2916259765625, 379.81634521484375, 575.5675048828125, 0.44679585099220276], [0, 335.4902038574219, 299.033447265625, 366.2173767089844, 313.9969482421875, 0.3876081705093384], [0, 311.6622314453125, 624.667724609375, 352.7127685546875, 639.9404296875, 0.289707750082016]], "patched": [[0, 180.12513732910156, 241.53897094726562, 194.9562530517578, 292.6860656738281, 0.7376079559326172], [0, 316.9189453125, 624.5975341796875, 351.013916015625, 639.9234619140625, 0.42477887868881226], [0, 335.5068664550781, 299.2926940917969, 366.1021423339844, 314.5721740722656, 0.4187696576118469], [1, 343.7562255859375, 539.3154296875, 379.68115234375, 575.412109375, 0.3823018968105316], [0, 335.453369140625, 301.270751953125, 366.25634765625, 322.550048828125, 0.36023667454719543], [1, 335.62896728515625, 303.9366455078125, 365.8548583984375, 323.0260009765625, 0.28253912925720215], [2, 613.2713012695312, 344.13824462890625, 639.9984741210938, 367.21185302734375, 0.2571127712726593]]}