{"clean": [[0, 256.2235107421875, 429.32025146484375, 279.2059326171875, 484.9169921875, 0.8520926237106323], [0, 113.47807312011719, 22.75080108642578, 131.95941162109375, 53.1248779296875, 0.8102101683616638], [0, 154.29830932617188, 160.99911499023438, 172.98025512695312, 187.97174072265625, 0.7817761301994324]], "patched": [[0, 256.12652587890625, 429.35003662109375, 278.2139892578125, 480.00872802734375, 0.7840357422828674], [0, 153.87820434570312, 161.4340057373047, 173.27175903320312, 192.3881072998047, 0.30969640612602234], [3, 113.39140319824219, 22.908658981323242, 131.84854125976562, 52.581695556640625, 0.2948087453842163], [1, 113.35055541992188, 22.743852615356445, 131.8040008544922, 52.815826416015625, 0.2720729112625122], [0, 113.34555053710938, 22.815811157226562, 131.71334838867188, 52.691749572753906, 0.27185434103012085]]}