{"clean": [[0, 464.9635925292969, 210.18450927734375, 508.2593688964844, 299.88177490234375, 0.8846682906150818], [1, 222.0201416015625, 252.62490844726562, 259.64398193359375, 351.6443786621094, 0.8833609819412231], [0, 202.38534545898438, 371.66619873046875, 247.47662353515625, 489.83233642578125, 0.8735772967338562], [0, 54.678096771240234, 0.0, 111.705078125, 29.736299514770508, 0.8680831789970398], [0, 233.1834716796875, 161.23419189453125, 270.18731689453125, 254.56353759765625, 0.8664813041687012], [1, 326.07489013671875, 395.3008117675781, 364.1402587890625, 511.3514099121094, 0.8662446737289429], [0, 134.4344482421875, 0.0, 189.13604736328125, 29.992406845092773, 0.8638585209846497], [1, 169.54074096679688, 340.717529296875, 210.23538208007812, 439.9459228515625, 0.8599353432655334], [0, 189.5830078125, 134.9481964111328, 222.92318725585938, 216.85499572753906, 0.8500002026557922], [2, 376.28173828125, 123.78324127197266, 415.169189453125, 230.71896362304688, 0.8228591680526733], [0, 189.45919799804688, 526.8057861328125, 240.683349609375, 639.5477294921875, 0.810832142829895], [0, 325.0653076171875, 169.5244140625, 356.79547119140625, 260.9043273925781, 0.7933179140090942], [0, 329.8961181640625, 585.871337890625, 372.8626708984375, 639.826416015625, 0.772483766078949], [0, 327.79132080078125, 266.3699951171875, 362.86187744140625, 363.7467041015625, 0.7538963556289673], [4, 510.110107421875, 586.4908447265625, 545.4232177734375, 601.7652587890625, 0.5311357378959656], [0, 486.1696472167969, 54.683204650878906, 545.13818359375, 88.25086212158203, 0.43512406945228577], [4, 168.05282592773438, 133.74386596679688, 178.65335083007812, 169.28079223632812, 0.3399979770183563], [2, 431.78106689453125, 12.764488220214844, 516.3086547851562, 56.099571228027344, 0.3107247054576874]], "patched": [[1, 222.20468139648438, 252.1675567626953, 259.6826477050781, 351.68145751953125, 0.8918176293373108], [1, 326.0887451171875, 395.32293701171875, 364.1328125, 511.2939453125, 0.8665655255317688], [1, 169.48458862304688, 340.75665283203125, 210.31314086914062, 439.96966552734375, 0.8547598719596863], [2, 376.70489501953125, 123.74075317382812, 415.09881591796875, 230.7135009765625, 0.8254644870758057], [0, 189.97076416015625, 134.938720703125, 222.96658325195312, 216.8087158203125, 0.8093873858451843], [0, 234.1571044921875, 161.49203491210938, 270.24212646484375, 254.75277709960938, 0.7826691269874573], [0, 330.6360778808594, 585.7601928710938, 372.5552673339844, 639.8749389648438, 0.7642176747322083], [0, 325.38592529296875, 169.50942993164062, 356.90631103515625, 260.8388366699219, 0.6887946724891663], [0, 464.95953369140625, 210.14581298828125, 508.84539794921875, 300.375, 0.6594074964523315], [1, 203.26980590820312, 371.649169921875, 247.1396484375, 489.8597412109375, 0.6333435773849487], [1, 134.51858520507812, 0.0, 189.12368774414062, 30.249637603759766, 0.6259684562683105], [0, 54.91460037231445, 0.0, 111.24790954589844, 20.663864135742188, 0.6193585395812988], [1, 189.7608184814453, 526.8784790039062, 240.87550354003906, 639.6915893554688, 0.612993597984314], [1, 328.13531494140625, 266.7485656738281, 361.97698974609375, 363.7975158691406, 0.5949167609214783], [1, 524.9697265625, 36.354148864746094, 567.724365234375, 60.38513946533203, 0.587633490562439], [1, 475.2921142578125, 27.01652717590332, 516.1900634765625, 52.19483947753906, 0.5868942141532898], [0, 203.01669311523438, 371.6443786621094, 247.14788818359375, 490.3015441894531, 0.5514013171195984], [4, 510.10455322265625, 586.2623291015625, 545.5863647460938, 601.7535400390625, 0.5474081039428711], [1, 464.15496826171875, 12.608474731445312, 516.6701049804688, 42.663787841796875, 0.5133736729621887], [0, 328.0440673828125, 266.8231201171875, 362.37457275390625, 363.9425048828125, 0.5069019198417664], [1, 491.3865966796875, 71.4873046875, 533.5338134765625, 94.18405151367188, 0.4299720227718353], [0, 189.77207946777344, 526.8547973632812, 240.6914520263672, 639.3239135742188, 0.396648645401001], [0, 58.12846374511719, 0.0, 110.33517456054688, 10.306550025939941, 0.3669895529747009], [0, 525.1437377929688, 22.436206817626953, 568.1166381835938, 46.142398834228516, 0.3261014521121979], [0, 466.58447265625, 12.639202117919922, 514.9174194335938, 33.82275390625, 0.30951693654060364], [0, 59.01411437988281, 0.0, 111.956787109375, 15.283702850341797, 0.3022783100605011], [4, 168.1506805419922, 133.9019012451172, 178.5789031982422, 168.8382110595703, 0.29801639914512634], [0, 456.04217529296875, 0.0, 494.60223388671875, 6.002228260040283, 0.2828262746334076]]}