{"clean": [[0, 339.31707763671875, 169.113525390625, 347.57000732421875, 186.59017944335938, 0.7631388306617737], [0, 336.3381042480469, 92.21747589111328, 344.2265319824219, 108.11934661865234, 0.7308759093284607], [0, 307.3343811035156, 107.8748550415039, 315.5400695800781, 122.96419525146484, 0.7208248376846313], [0, 319.56170654296875, 163.88308715820312, 328.47393798828125, 181.17715454101562, 0.6872689127922058], [0, 339.698974609375, 25.830652236938477, 347.12939453125, 40.26807403564453, 0.6816108822822571], [0, 252.848876953125, 288.81707763671875, 264.290771484375, 311.12359619140625, 0.6440882682800293], [0, 336.3256530761719, 139.55828857421875, 344.8513488769531, 157.2528076171875, 0.6429280638694763], [0, 345.182861328125, 51.06515884399414, 351.93145751953125, 62.94121170043945, 0.6402506828308105], [0, 443.83331298828125, 54.75787353515625, 454.99090576171875, 67.27925872802734, 0.5808358788490295], [3, 349.73095703125, 56.83494567871094, 361.4854736328125, 88.34539794921875, 0.5763228535652161], [0, 249.87945556640625, 570.2776489257812, 262.99676513671875, 608.6271362304688, 0.5654886364936829], [0, 289.86444091796875, 405.4405212402344, 302.52410888671875, 422.6792907714844, 0.5351609587669373], [0, 227.4854736328125, 523.3304443359375, 238.707763671875, 537.6732177734375, 0.49249181151390076], [0, 405.1435241699219, 146.28846740722656, 412.7258605957031, 157.90382385253906, 0.4304422438144684], [0, 375.9849853515625, 238.17337036132812, 386.7451171875, 259.8009338378906, 0.3050175607204437], [2, 349.6044616699219, 56.80332946777344, 361.9043273925781, 88.5360107421875, 0.2804087996482849], [0, 309.4014892578125, 562.1473999023438, 322.6016845703125, 597.9779663085938, 0.2702709138393402], [0, 325.82525634765625, 182.52157592773438, 334.89556884765625, 201.29171752929688, 0.26874035596847534]], "patched": [[0, 339.3316650390625, 169.13189697265625, 347.56170654296875, 186.564697265625, 0.759575605392456], [0, 336.3399353027344, 92.21819305419922, 344.2228088378906, 108.11583709716797, 0.7298085689544678], [0, 307.33709716796875, 107.91242218017578, 315.53118896484375, 122.96204376220703, 0.7204498648643494], [0, 319.5733947753906, 163.89132690429688, 328.4460144042969, 181.17196655273438, 0.6805475950241089], [0, 339.6978759765625, 25.835668563842773, 347.1234130859375, 40.268714904785156, 0.677144467830658], [0, 345.1845397949219, 51.121315002441406, 351.9204406738281, 62.93964385986328, 0.6399891972541809], [0, 336.340576171875, 140.06712341308594, 344.7191162109375, 157.25856018066406, 0.6333484649658203], [0, 252.8951416015625, 289.20361328125, 264.0360107421875, 310.992919921875, 0.6232995986938477], [0, 443.83258056640625, 54.7491455078125, 454.99261474609375, 67.28099060058594, 0.5794438719749451], [3, 349.73370361328125, 56.833675384521484, 361.47943115234375, 88.34396362304688, 0.5771512985229492], [0, 227.76284790039062, 523.6643676757812, 238.24295043945312, 537.4135131835938, 0.5608654618263245], [0, 405.145751953125, 146.34817504882812, 412.6982421875, 157.89340209960938, 0.43255525827407837], [0, 252.763671875, 295.80450439453125, 263.69232177734375, 310.863525390625, 0.38099193572998047], [0, 375.994873046875, 238.42495727539062, 386.7200927734375, 259.8114318847656, 0.3232254087924957], [0, 249.99462890625, 572.3831787109375, 261.78192138671875, 608.6795654296875, 0.3231337070465088], [2, 349.60748291015625, 56.80131149291992, 361.895263671875, 88.53486633300781, 0.27569523453712463], [3, 249.9368133544922, 570.3834838867188, 262.99615478515625, 608.4328002929688, 0.2560371458530426], [0, 290.9832763671875, 406.4346923828125, 301.16064453125, 421.837890625, 0.2531435191631317]]}