{"clean": [[0, 414.10888671875, 475.67779541015625, 453.602783203125, 521.16357421875, 0.9040588140487671], [0, 46.512428283691406, 35.709442138671875, 89.82547760009766, 85.4239273071289, 0.8999268412590027], [0, 303.00372314453125, 298.5541687011719, 344.35894775390625, 346.0272521972656, 0.8878375887870789], [0, 435.8334045410156, 425.6748046875, 473.9256286621094, 469.85137939453125, 0.8864582777023315], [0, 511.44476318359375, 508.5237731933594, 557.3732299804688, 559.7930908203125, 0.8864267468452454], [0, 368.6908264160156, 379.1827697753906, 411.3516540527344, 429.6398620605469, 0.8813410997390747], [0, 106.96287536621094, 47.30143356323242, 143.3538055419922, 89.31193542480469, 0.8320832252502441], [0, 0.0, 97.210693359375, 18.871761322021484, 157.32284545898438, 0.7635555863380432], [0, 604.0008544921875, 597.33203125, 639.5020751953125, 639.784423828125, 0.7169309258460999], [4, 344.1053771972656, 509.0804748535156, 357.7732849121094, 528.0059814453125, 0.6912310123443604], [4, 289.5589904785156, 434.34405517578125, 303.8404846191406, 452.17376708984375, 0.643042802810669], [0, 562.10546875, 602.2734375, 601.256103515625, 640.0, 0.6377458572387695], [4, 274.357421875, 400.8184814453125, 289.70458984375, 418.8927001953125, 0.5998242497444153], [4, 238.50787353515625, 239.31585693359375, 248.7496337890625, 263.9703063964844, 0.5939635038375854], [4, 312.44549560546875, 571.3941650390625, 321.34844970703125, 592.8294677734375, 0.5836323499679565], [0, 340.73785400390625, 608.36669921875, 362.35369873046875, 639.991455078125, 0.5228833556175232], [4, 126.80834197998047, 251.48236083984375, 140.42333984375, 269.30517578125, 0.4699898958206177], [4, 562.4493408203125, 602.5626220703125, 601.1688232421875, 639.8565673828125, 0.4638214409351349], [4, 131.31414794921875, 89.73907470703125, 147.0595703125, 108.20916748046875, 0.3796411156654358], [4, 306.8077392578125, 437.38873291015625, 322.2525634765625, 457.13958740234375, 0.3571038842201233], [4, 29.06353759765625, 72.8414306640625, 65.4896469116211, 92.11442565917969, 0.29637038707733154], [4, 281.72833251953125, 493.5799865722656, 289.726318359375, 510.4748840332031, 0.292982816696167], [4, 265.23321533203125, 284.407958984375, 271.78375244140625, 299.917236328125, 0.2848013639450073]], "patched": [[1, 46.56112289428711, 35.81511688232422, 89.65585327148438, 85.69461822509766, 0.8953694701194763], [0, 368.6331787109375, 379.207763671875, 411.3447265625, 429.7879638671875, 0.8739940524101257], [0, 414.14166259765625, 475.9173583984375, 453.33355712890625, 520.8156127929688, 0.8590025305747986], [0, 511.249755859375, 508.2228698730469, 557.20166015625, 559.679931640625, 0.8224701285362244], [4, 344.13299560546875, 509.07611083984375, 357.66119384765625, 527.9841918945312, 0.6906077861785889], [0, 604.392578125, 597.1552734375, 639.642578125, 639.931884765625, 0.6816534996032715], [1, 303.0848388671875, 298.480224609375, 344.32269287109375, 344.8819580078125, 0.6691339015960693], [4, 289.5862731933594, 434.39593505859375, 303.8373718261719, 452.20184326171875, 0.6431654095649719], [0, 341.0299072265625, 609.759765625, 358.080322265625, 639.952880859375, 0.6335725784301758], [4, 274.0827331542969, 400.7853088378906, 289.8222961425781, 419.0483093261719, 0.5907031297683716], [0, 435.95806884765625, 425.9573974609375, 473.98992919921875, 468.98931884765625, 0.5572788119316101], [0, 0.0, 96.95518493652344, 19.003650665283203, 154.45205688476562, 0.541657567024231], [4, 238.3115692138672, 239.42083740234375, 249.10011291503906, 264.04345703125, 0.5416167378425598], [4, 312.8094177246094, 571.54931640625, 321.3247985839844, 592.7578125, 0.5342186093330383], [4, 126.77763366699219, 251.55653381347656, 140.7487335205078, 269.3460693359375, 0.4822848439216614], [1, 435.9556579589844, 425.7574768066406, 473.8913879394531, 468.9660949707031, 0.47314557433128357], [4, 131.29803466796875, 90.29086303710938, 147.00201416015625, 108.17153930664062, 0.4666224420070648], [0, 562.6361083984375, 602.5127563476562, 601.0096435546875, 639.8118286132812, 0.3966396450996399], [4, 265.2278747558594, 284.48944091796875, 271.7710876464844, 299.90582275390625, 0.2981165647506714], [4, 306.8214111328125, 437.35723876953125, 322.2421875, 457.158203125, 0.29072389006614685], [4, 44.947174072265625, 80.7276382446289, 65.23713684082031, 92.56537628173828, 0.2798858880996704], [4, 281.686279296875, 493.6293640136719, 289.699951171875, 510.5043029785156, 0.26891815662384033]]}