{"clean": [[0, 477.93328857421875, 438.677001953125, 510.74786376953125, 469.5772705078125, 0.8442139625549316], [0, 369.15966796875, 276.8812255859375, 399.11260986328125, 302.438720703125, 0.7939764857292175], [0, 281.1664733886719, 300.01031494140625, 307.3795471191406, 322.36785888671875, 0.79219651222229], [0, 54.31163787841797, 209.49429321289062, 77.4909896850586, 226.83273315429688, 0.7785746455192566], [0, 613.071044921875, 461.27239990234375, 639.8905029296875, 500.28228759765625, 0.7778443694114685], [0, 138.88558959960938, 228.55419921875, 160.95840454101562, 245.81756591796875, 0.7613568305969238], [0, 195.86561584472656, 267.949951171875, 223.04396057128906, 285.739013671875, 0.7374276518821716], [0, 194.95709228515625, 276.5640869140625, 219.72113037109375, 292.4339599609375, 0.6676544547080994], [0, 334.3432922363281, 247.23782348632812, 360.9367980957031, 268.4021911621094, 0.6347416639328003]], "patched": [[0, 281.1934509277344, 300.0550537109375, 307.3761901855469, 322.26611328125, 0.7927811741828918], [0, 368.0270080566406, 276.70465087890625, 398.9732971191406, 302.12554931640625, 0.792750895023346], [0, 477.95574951171875, 438.38916015625, 509.72796630859375, 469.8660888671875, 0.7824718356132507], [0, 54.30400848388672, 209.50802612304688, 77.44458770751953, 226.80316162109375, 0.7753472924232483], [0, 138.88583374023438, 228.57595825195312, 160.95053100585938, 245.78402709960938, 0.7597243189811707], [0, 196.00387573242188, 268.0212707519531, 223.02517700195312, 285.7826843261719, 0.7485907077789307], [0, 195.0066680908203, 276.582763671875, 219.6211395263672, 292.4110107421875, 0.6860254406929016], [0, 334.90985107421875, 247.81076049804688, 360.87689208984375, 268.2952575683594, 0.633374810218811], [0, 611.9823608398438, 471.785400390625, 633.7012329101562, 493.7296142578125, 0.3990269601345062]]}