{"clean": [[0, 11.805976867675781, 290.9661865234375, 47.349849700927734, 328.305419921875, 0.9035671353340149], [0, 29.39818572998047, 335.6729431152344, 69.56017303466797, 379.0131530761719, 0.8967412114143372], [0, 410.6904296875, 286.136474609375, 436.0308837890625, 324.606201171875, 0.8853328227996826], [0, 396.90972900390625, 270.107421875, 421.5931396484375, 306.247802734375, 0.8811309337615967], [0, 200.42527770996094, 588.5415649414062, 239.26185607910156, 640.0, 0.8724282383918762], [1, 142.05209350585938, 503.8118896484375, 177.52651977539062, 558.0079345703125, 0.8250462412834167], [0, 173.2196044921875, 566.040283203125, 214.1744384765625, 620.39013671875, 0.807309091091156], [0, 0.058483123779296875, 242.77938842773438, 24.324058532714844, 279.4656677246094, 0.7983829975128174], [0, 382.06158447265625, 256.692626953125, 405.12896728515625, 291.73681640625, 0.7977765798568726], [0, 409.91082763671875, 27.501440048217773, 432.42803955078125, 44.367103576660156, 0.7854518294334412], [0, 436.1748352050781, 68.92768859863281, 450.0564880371094, 97.66145324707031, 0.7805609107017517], [0, 345.61920166015625, 0.0, 358.96014404296875, 13.543783187866211, 0.7790523767471313], [0, 48.32244873046875, 366.3961181640625, 84.65193176269531, 413.811767578125, 0.755283772945404], [0, 122.60945892333984, 482.16656494140625, 164.56820678710938, 529.3107299804688, 0.7211024761199951], [0, 462.3248291015625, 66.32807922363281, 474.52001953125, 94.94255065917969, 0.6505223512649536], [0, 0.07329273223876953, 230.89950561523438, 15.529609680175781, 259.9778137207031, 0.5740220546722412], [1, 421.7333984375, 142.23936462402344, 449.3284912109375, 164.0266571044922, 0.5237398147583008], [2, 0.0, 119.9437255859375, 27.93025779724121, 169.88800048828125, 0.4908221364021301], [0, 421.7844543457031, 144.8436279296875, 449.5308532714844, 164.120849609375, 0.35295793414115906]], "patched": [[0, 30.029708862304688, 335.7503662109375, 69.54885864257812, 378.99853515625, 0.8973399996757507], [0, 11.727729797363281, 290.88568115234375, 47.646141052246094, 327.30364990234375, 0.8658851385116577], [0, 410.8272705078125, 285.8880920410156, 436.2276611328125, 323.9338073730469, 0.8587111234664917], [1, 142.67327880859375, 504.8748474121094, 177.34051513671875, 557.3983154296875, 0.8279467821121216], [0, 397.23333740234375, 269.9924011230469, 421.44110107421875, 303.5916442871094, 0.8097733855247498], [0, 200.94137573242188, 588.4459838867188, 239.24899291992188, 639.9047241210938, 0.7930702567100525], [0, 0.0, 242.77603149414062, 24.13775062561035, 279.2207336425781, 0.7883296608924866], [0, 436.25927734375, 68.79524230957031, 450.145263671875, 97.71376037597656, 0.781623899936676], [0, 345.5544738769531, 0.0, 359.0275573730469, 13.630115509033203, 0.7780267596244812], [0, 174.49478149414062, 565.7642822265625, 214.25570678710938, 612.61572265625, 0.714722752571106], [0, 462.2845458984375, 66.17086791992188, 474.5272216796875, 95.00009155273438, 0.6604318618774414], [0, 48.916168212890625, 366.27325439453125, 84.83425903320312, 414.06658935546875, 0.6566129922866821], [0, 387.6275329589844, 256.38714599609375, 405.2700500488281, 281.47442626953125, 0.5972150564193726], [0, 0.07071113586425781, 230.83956909179688, 15.518678665161133, 259.9731140136719, 0.5892354249954224], [0, 409.9482727050781, 28.323448181152344, 432.3430480957031, 44.50642395019531, 0.5376077890396118], [1, 421.71307373046875, 142.858642578125, 449.33642578125, 164.07611083984375, 0.5094724297523499], [2, 0.0, 119.68940734863281, 27.981250762939453, 169.9270782470703, 0.47983071208000183], [0, 421.784912109375, 145.3572998046875, 449.5057373046875, 164.18609619140625, 0.4046131372451782], [0, 116.55500793457031, 482.248291015625, 164.26353454589844, 521.0159912109375, 0.32115408778190613], [1, 462.232177734375, 66.65921020507812, 474.42022705078125, 94.876953125, 0.28792673349380493]]}