{"clean": [[0, 308.86468505859375, 422.2424011230469, 327.00860595703125, 454.1682434082031, 0.8605648279190063], [0, 270.4164123535156, 564.631591796875, 294.3334655761719, 615.297119140625, 0.8349969387054443], [0, 368.7444763183594, 300.53656005859375, 382.4784240722656, 325.52337646484375, 0.7971100807189941], [0, 384.7950134277344, 307.80706787109375, 399.0063781738281, 335.16766357421875, 0.7710846662521362], [0, 346.02178955078125, 392.8636474609375, 363.25103759765625, 435.1805419921875, 0.7679435014724731], [0, 285.95465087890625, 77.98444366455078, 300.84222412109375, 89.9203109741211, 0.7354023456573486], [0, 401.788818359375, 97.13639831542969, 408.4818115234375, 105.71928405761719, 0.6478086709976196], [0, 325.06158447265625, 65.33026123046875, 338.5078125, 76.6707763671875, 0.6330135464668274], [0, 365.8317565917969, 238.1107177734375, 378.9645690917969, 256.4681091308594, 0.5920777916908264], [0, 431.4971923828125, 5.213522911071777, 437.3465576171875, 11.094584465026855, 0.531873345375061], [0, 410.96002197265625, 93.14048767089844, 418.08453369140625, 103.06575012207031, 0.518242597579956], [3, 327.25872802734375, 133.545166015625, 344.36468505859375, 157.79217529296875, 0.5178606510162354], [0, 257.832275390625, 80.29081726074219, 271.1773681640625, 88.589599609375, 0.47505518794059753], [0, 433.2563781738281, 0.04924821853637695, 440.4000549316406, 2.5050883293151855, 0.41493985056877136], [0, 443.7265625, 0.0, 449.4136962890625, 2.2918636798858643, 0.3854101300239563], [0, 384.49468994140625, 42.66527557373047, 392.97979736328125, 50.264610290527344, 0.30580654740333557]], "patched": [[0, 309.0499267578125, 422.2738037109375, 326.9013671875, 453.8953857421875, 0.8557690978050232], [0, 270.4817810058594, 564.6145629882812, 294.2936096191406, 615.2189331054688, 0.8359476923942566], [0, 368.75177001953125, 300.58563232421875, 382.45391845703125, 325.51800537109375, 0.7982234954833984], [0, 384.796142578125, 307.9085693359375, 398.9974365234375, 335.15826416015625, 0.7717812061309814], [0, 285.943359375, 77.97090148925781, 300.8531494140625, 89.93418884277344, 0.7345291972160339], [0, 401.78240966796875, 97.12229919433594, 408.49200439453125, 105.72862243652344, 0.6429622173309326], [0, 325.05438232421875, 65.31175994873047, 338.54962158203125, 76.68323516845703, 0.6293402314186096], [0, 365.8282470703125, 238.16500854492188, 378.95166015625, 256.4750061035156, 0.6016930937767029], [0, 346.4605712890625, 392.8076171875, 362.9564208984375, 434.8836669921875, 0.5690733790397644], [0, 431.4771728515625, 5.181933879852295, 437.36474609375, 11.100749969482422, 0.5265249013900757], [0, 410.94732666015625, 93.09796142578125, 418.11395263671875, 103.09304809570312, 0.5123600363731384], [3, 327.25958251953125, 133.51609802246094, 344.37591552734375, 157.8080291748047, 0.5099107027053833], [0, 257.8232727050781, 80.27324676513672, 271.1910095214844, 88.60652923583984, 0.47035571932792664], [0, 433.2452087402344, 0.04947233200073242, 440.4207458496094, 2.5036540031433105, 0.4136233329772949], [0, 443.7198181152344, 0.0, 449.4358825683594, 2.2943954467773438, 0.3798142075538635], [0, 384.4853515625, 42.65019607543945, 392.9908447265625, 50.2772102355957, 0.29045817255973816]]}