{"clean": [[2, 361.0191650390625, 306.560302734375, 411.27978515625, 418.200927734375, 0.8543356657028198], [0, 280.1268310546875, 224.8612823486328, 295.567626953125, 255.8109588623047, 0.8360556364059448], [1, 359.4156799316406, 227.16311645507812, 376.9548034667969, 261.7437438964844, 0.8345490097999573], [0, 412.41082763671875, 256.0740661621094, 435.26873779296875, 289.6391906738281, 0.830170750617981], [1, 389.7743225097656, 200.7186737060547, 406.0782775878906, 226.9317169189453, 0.7973480820655823], [1, 269.4892883300781, 67.15967559814453, 281.3529357910156, 86.26276397705078, 0.7708351612091064], [0, 247.42019653320312, 14.510749816894531, 255.78018188476562, 25.42041778564453, 0.7446917295455933], [0, 290.82196044921875, 122.68360137939453, 304.7003173828125, 141.7066650390625, 0.7350258231163025], [0, 31.577716827392578, 208.83082580566406, 50.04178237915039, 238.76914978027344, 0.6769632697105408], [0, 7.716561317443848, 137.4894256591797, 36.17596435546875, 150.9956817626953, 0.676053524017334], [0, 334.66107177734375, 179.4367218017578, 350.55963134765625, 204.82533264160156, 0.6754201650619507], [1, 309.876220703125, 171.87461853027344, 323.3125, 196.0526580810547, 0.6074677109718323], [0, 313.25408935546875, 117.34506225585938, 332.58148193359375, 128.4657440185547, 0.597625195980072], [0, 216.51910400390625, 0.27829837799072266, 223.7093505859375, 9.516040802001953, 0.5699606537818909], [0, 0.0, 328.3792724609375, 16.777843475341797, 367.77203369140625, 0.5079168677330017], [0, 231.77297973632812, 55.465538024902344, 243.10592651367188, 72.15401458740234, 0.4848979115486145], [0, 286.4857177734375, 111.8509292602539, 297.6309814453125, 125.53949737548828, 0.3673422038555145], [0, 478.37939453125, 229.4246826171875, 509.9373779296875, 247.746826171875, 0.30680525302886963], [1, 226.80276489257812, 34.6494140625, 235.60531616210938, 50.350006103515625, 0.29628050327301025], [2, 286.252197265625, 255.982666015625, 304.6297607421875, 293.5252685546875, 0.2746579051017761], [4, 305.12408447265625, 159.78265380859375, 310.8133544921875, 171.75759887695312, 0.25617489218711853]], "patched": [[2, 361.03387451171875, 306.552978515625, 411.31048583984375, 418.23974609375, 0.8555378913879395], [1, 359.41015625, 227.14178466796875, 376.95965576171875, 261.7519836425781, 0.8336480855941772], [0, 280.0265197753906, 224.78994750976562, 295.5262756347656, 255.71621704101562, 0.8225576281547546], [1, 389.764892578125, 200.69871520996094, 406.0826416015625, 226.9369354248047, 0.796514630317688], [1, 269.483154296875, 67.15040588378906, 281.366455078125, 86.27735900878906, 0.7708027958869934], [0, 247.40948486328125, 14.504547119140625, 255.78628540039062, 25.430381774902344, 0.7455824017524719], [0, 290.8099365234375, 122.67449951171875, 304.71142578125, 141.72000122070312, 0.7382979989051819], [0, 412.33428955078125, 256.19036865234375, 433.09417724609375, 286.9931640625, 0.7126415371894836], [0, 334.66162109375, 179.4285888671875, 350.5606689453125, 204.8446044921875, 0.6807866096496582], [0, 7.845455169677734, 137.5006103515625, 36.15934371948242, 150.94024658203125, 0.6770060062408447], [1, 309.86651611328125, 171.86209106445312, 323.32159423828125, 196.07992553710938, 0.6157466769218445], [0, 313.2413330078125, 117.33755493164062, 332.6053466796875, 128.4813995361328, 0.5928946137428284], [0, 216.50955200195312, 0.27182865142822266, 223.71597290039062, 9.523542404174805, 0.5730743408203125], [0, 231.76625061035156, 55.458534240722656, 243.12123107910156, 72.16497039794922, 0.4850788414478302], [0, 0.0, 328.3863220214844, 14.835988998413086, 367.7499694824219, 0.40504664182662964], [0, 286.478759765625, 111.83746337890625, 297.64178466796875, 125.56002807617188, 0.36654025316238403], [0, 31.852602005004883, 208.86270141601562, 49.405853271484375, 238.26211547851562, 0.36143946647644043], [0, 478.3554382324219, 229.53250122070312, 509.8245544433594, 247.7431640625, 0.30617231130599976], [1, 226.79327392578125, 34.646278381347656, 235.61456298828125, 50.34453582763672, 0.29517921805381775], [2, 286.19482421875, 256.1675109863281, 304.626953125, 293.5256042480469, 0.28187650442123413], [4, 305.1075134277344, 159.76727294921875, 310.8400573730469, 171.79547119140625, 0.2675158977508545]]}