{"clean": [[0, 536.1019287109375, 530.7144775390625, 560.2628173828125, 560.8148193359375, 0.8685262799263], [0, 606.7737426757812, 340.7164306640625, 628.2217407226562, 362.9259033203125, 0.8553544878959656], [0, 563.6319580078125, 536.118896484375, 588.3399658203125, 565.553466796875, 0.8419577479362488], [0, 357.74462890625, 561.3470458984375, 383.27252197265625, 591.0147705078125, 0.8269243240356445], [0, 607.5145874023438, 510.20159912109375, 631.5620727539062, 539.2484741210938, 0.8162074685096741], [3, 511.19281005859375, 583.52490234375, 581.5575561523438, 640.0, 0.7995589375495911], [0, 440.94482421875, 531.678955078125, 460.281982421875, 555.9326171875, 0.6863163113594055], [0, 419.9707946777344, 513.49853515625, 442.1697692871094, 540.552490234375, 0.6853482127189636], [1, 441.82257080078125, 619.268798828125, 463.27264404296875, 640.0, 0.5921311974525452], [1, 526.7266845703125, 458.67431640625, 551.2972412109375, 486.5916748046875, 0.5768133997917175], [1, 512.6122436523438, 437.88214111328125, 535.9082641601562, 465.14044189453125, 0.5247476696968079], [0, 628.12109375, 519.7354736328125, 640.0, 555.4447021484375, 0.5210967063903809], [0, 311.6368408203125, 266.7604064941406, 326.2498779296875, 292.0392761230469, 0.4849804639816284], [0, 630.9390258789062, 441.15814208984375, 640.0, 478.66387939453125, 0.42050909996032715], [0, 512.6231079101562, 437.9593811035156, 535.5971069335938, 464.8359680175781, 0.4188845157623291], [2, 552.5899658203125, 465.86761474609375, 592.4947509765625, 512.4630737304688, 0.3241192102432251], [3, 630.87158203125, 433.8919677734375, 639.884033203125, 478.37261962890625, 0.2664441168308258]], "patched": [[0, 607.2408447265625, 340.73748779296875, 628.3885498046875, 362.92303466796875, 0.7894764542579651], [3, 511.6328125, 584.0930786132812, 581.6435546875, 640.0, 0.7512570023536682], [0, 563.7459106445312, 536.272216796875, 588.2899780273438, 564.9803466796875, 0.7220104932785034], [0, 536.248291015625, 530.4820556640625, 560.458740234375, 560.3465576171875, 0.6952922344207764], [0, 441.93768310546875, 619.3677978515625, 463.22845458984375, 639.84326171875, 0.6824222803115845], [0, 420.16058349609375, 513.1190185546875, 442.12042236328125, 539.7484130859375, 0.5513509511947632], [0, 441.6266174316406, 531.75, 460.2516174316406, 554.365478515625, 0.5240882039070129], [0, 628.1856689453125, 519.8311767578125, 639.9976806640625, 555.5264892578125, 0.41500988602638245], [1, 607.7506103515625, 510.60205078125, 631.8543701171875, 538.5633544921875, 0.3674563467502594], [1, 527.0062255859375, 458.4747314453125, 551.1856689453125, 483.985107421875, 0.3508754372596741], [0, 607.9600219726562, 510.39013671875, 631.7311401367188, 538.3121337890625, 0.3429996371269226], [0, 631.0252075195312, 445.508544921875, 640.0, 478.59332275390625, 0.29812344908714294], [1, 357.795166015625, 560.9932861328125, 383.3621826171875, 588.3155517578125, 0.2848407030105591], [1, 512.7215576171875, 439.22625732421875, 535.90869140625, 461.42840576171875, 0.2719523310661316], [1, 536.216552734375, 530.8162841796875, 560.5205078125, 560.4307861328125, 0.25804194808006287]]}