{"clean": [[3, 306.3947448730469, 462.9978942871094, 339.0527038574219, 511.2074890136719, 0.9034382104873657], [3, 112.8883056640625, 485.316162109375, 146.05084228515625, 545.3402099609375, 0.8912344574928284], [3, 75.99009704589844, 490.51776123046875, 115.06016540527344, 552.7177124023438, 0.8904763460159302], [3, 260.9339294433594, 474.580810546875, 288.0522766113281, 520.0516357421875, 0.8850705027580261], [3, 208.09625244140625, 475.9317626953125, 232.056884765625, 529.9385986328125, 0.8836930990219116], [0, 343.1592102050781, 545.1292724609375, 381.6296081542969, 571.2095947265625, 0.8501303791999817], [0, 398.1715393066406, 499.5068359375, 431.4922790527344, 518.8887939453125, 0.8490725755691528], [3, 0.0113525390625, 499.823974609375, 49.40325164794922, 570.555419921875, 0.8415085077285767], [0, 464.2726745605469, 582.9992065429688, 505.5258483886719, 614.3660278320312, 0.8119192123413086], [3, 33.3291015625, 501.41131591796875, 79.41790771484375, 565.2973022460938, 0.7963190674781799], [0, 223.137451171875, 449.14080810546875, 237.2078857421875, 465.62335205078125, 0.7825474143028259], [3, 63.67992401123047, 467.89678955078125, 121.07662200927734, 508.16754150390625, 0.7823349237442017], [0, 204.98353576660156, 450.368896484375, 217.77244567871094, 466.869384765625, 0.7127457857131958], [0, 330.940673828125, 436.8861083984375, 346.759033203125, 450.968505859375, 0.7006142139434814], [0, 346.5997619628906, 435.369140625, 361.6709289550781, 448.9698486328125, 0.6848151087760925], [0, 299.41168212890625, 440.963134765625, 314.892578125, 455.61114501953125, 0.6549591422080994], [0, 154.42892456054688, 459.2708740234375, 169.12753295898438, 476.88751220703125, 0.5096015930175781]], "patched": [[3, 306.415283203125, 463.007568359375, 339.06292724609375, 511.197265625, 0.9016666412353516], [3, 112.81289672851562, 485.09783935546875, 146.37313842773438, 545.0657348632812, 0.8901764750480652], [3, 75.95919799804688, 490.535888671875, 115.05494689941406, 552.659912109375, 0.8879515528678894], [3, 260.9163818359375, 474.60540771484375, 288.0450439453125, 520.07177734375, 0.8836584091186523], [3, 208.10414123535156, 475.925537109375, 232.0570831298828, 529.880126953125, 0.8823446035385132], [3, 0.015216827392578125, 499.84442138671875, 49.42661666870117, 570.5033569335938, 0.841242253780365], [0, 464.20574951171875, 582.961669921875, 505.42779541015625, 613.450439453125, 0.8365063071250916], [0, 343.0447998046875, 545.0689086914062, 381.5733642578125, 570.8213500976562, 0.8230915069580078], [3, 33.45234680175781, 499.12213134765625, 79.35186004638672, 565.0787963867188, 0.8034310340881348], [0, 398.047607421875, 499.20306396484375, 431.430908203125, 520.181396484375, 0.7997551560401917], [0, 223.13662719726562, 449.1380310058594, 237.21658325195312, 465.6305847167969, 0.7825055122375488], [3, 63.46586990356445, 467.90252685546875, 121.09825134277344, 508.35528564453125, 0.7742985486984253], [0, 204.96807861328125, 450.3758850097656, 217.77801513671875, 466.8686218261719, 0.7100353240966797], [0, 330.924560546875, 436.94073486328125, 346.739501953125, 450.96881103515625, 0.7007796764373779], [0, 346.55322265625, 435.40625, 361.67730712890625, 448.96917724609375, 0.6792090535163879], [0, 299.3995361328125, 440.9676513671875, 314.90789794921875, 455.596923828125, 0.6501343250274658], [0, 154.35000610351562, 459.28802490234375, 169.13662719726562, 476.93292236328125, 0.501860499382019]]}