{"clean": [[1, 154.84889221191406, 105.2686767578125, 191.6509246826172, 175.27301025390625, 0.9114102125167847], [0, 0.0, 427.6270751953125, 77.79167938232422, 582.929443359375, 0.910724401473999], [0, 191.3492431640625, 107.21730041503906, 230.56658935546875, 160.80210876464844, 0.9073294997215271], [0, 340.4521484375, 125.20138549804688, 371.41015625, 184.2452392578125, 0.8951706886291504], [0, 294.74298095703125, 146.37838745117188, 329.81048583984375, 211.09707641601562, 0.8899902701377869], [0, 202.56417846679688, 39.04932403564453, 235.47714233398438, 77.68465423583984, 0.88765549659729], [1, 435.9839172363281, 0.00475311279296875, 466.0796813964844, 40.84879684448242, 0.8730005621910095], [1, 228.43222045898438, 7.162391662597656, 256.41961669921875, 52.32478332519531, 0.837720513343811], [1, 209.68255615234375, 1.5009193420410156, 233.204833984375, 39.43416213989258, 0.8244383335113525], [1, 90.83024597167969, 221.667724609375, 151.8458709716797, 327.20220947265625, 0.809465765953064], [0, 345.0837707519531, 69.61035919189453, 370.3677062988281, 115.36902618408203, 0.8066279292106628], [1, 180.76171875, 60.71622848510742, 214.829833984375, 113.35197448730469, 0.7850267291069031], [0, 320.067626953125, 449.20794677734375, 370.798095703125, 595.8440551757812, 0.7644370198249817], [0, 334.33624267578125, 204.44146728515625, 373.13653564453125, 279.1112365722656, 0.7566612958908081], [1, 350.20074462890625, 24.34014129638672, 370.985107421875, 67.98704528808594, 0.6995252966880798], [4, 525.8386840820312, 220.8023223876953, 544.9525756835938, 251.05113220214844, 0.6417635679244995], [0, 228.09523010253906, 0.0, 250.05320739746094, 9.033905029296875, 0.6215579509735107], [0, 411.71160888671875, 155.166015625, 446.78900146484375, 208.2159423828125, 0.6192243695259094], [0, 0.0, 379.41766357421875, 17.638259887695312, 496.64923095703125, 0.46941104531288147], [0, 90.9681396484375, 221.40487670898438, 152.20364379882812, 327.7256774902344, 0.4598609209060669], [4, 119.12657928466797, 96.30914306640625, 148.208251953125, 116.09918212890625, 0.40575799345970154], [4, 535.895751953125, 272.729736328125, 571.049072265625, 292.96051025390625, 0.28212210536003113]], "patched": [[1, 154.84698486328125, 105.26909637451172, 191.54730224609375, 175.22393798828125, 0.910225510597229], [0, 191.42813110351562, 107.20563507080078, 230.48532104492188, 160.7801513671875, 0.9059771299362183], [0, 202.60377502441406, 39.113304138183594, 235.42308044433594, 77.77281188964844, 0.8896685242652893], [1, 90.86570739746094, 221.6929931640625, 152.09019470214844, 327.113525390625, 0.8873581290245056], [0, 294.870849609375, 146.670654296875, 329.6126708984375, 210.671875, 0.885280191898346], [0, 340.7292175292969, 125.24139404296875, 371.2710266113281, 184.041748046875, 0.8851804137229919], [1, 436.00048828125, 0.01630401611328125, 466.0980224609375, 40.81584167480469, 0.8712956309318542], [1, 180.9573974609375, 60.81898880004883, 214.81365966796875, 110.77888488769531, 0.8502810001373291], [1, 228.38494873046875, 7.22271728515625, 256.4246826171875, 52.30970001220703, 0.839411199092865], [0, 334.1705322265625, 204.599609375, 373.12451171875, 274.2950744628906, 0.8305253386497498], [1, 209.68499755859375, 1.5820426940917969, 233.2637939453125, 39.44004440307617, 0.8232457041740417], [0, 0.0, 427.87353515625, 78.27730560302734, 585.7901611328125, 0.8207505941390991], [1, 345.3061218261719, 70.091796875, 370.2029724121094, 115.29238891601562, 0.8093191385269165], [1, 350.10333251953125, 24.25861358642578, 370.99981689453125, 68.104736328125, 0.7297374606132507], [0, 321.23931884765625, 449.1866455078125, 370.63262939453125, 571.6673583984375, 0.6725001931190491], [1, 410.140625, 155.18235778808594, 445.9332275390625, 210.85511779785156, 0.659577488899231], [4, 525.732666015625, 220.69476318359375, 545.017333984375, 250.96234130859375, 0.6541317701339722], [0, 227.95172119140625, 0.0, 250.042724609375, 9.044595718383789, 0.6107842922210693], [4, 119.04669189453125, 96.20671081542969, 148.28961181640625, 116.26980590820312, 0.375487744808197], [0, 410.9540100097656, 155.1815185546875, 445.8498840332031, 210.239013671875, 0.3542385697364807], [4, 535.8457641601562, 272.5704345703125, 571.1517944335938, 293.07080078125, 0.3218645453453064], [4, 508.725830078125, 132.99462890625, 521.412841796875, 157.37225341796875, 0.32091325521469116]]}