{"clean": [[0, 378.9223937988281, 436.1989440917969, 398.3153381347656, 472.3292541503906, 0.8194347620010376], [0, 480.683349609375, 168.96353149414062, 492.65087890625, 190.11666870117188, 0.8146947622299194], [0, 482.3653564453125, 1.8342885971069336, 491.670654296875, 14.117940902709961, 0.8126867413520813], [0, 496.6639709472656, 114.34660339355469, 507.7741394042969, 134.4784393310547, 0.8093148469924927], [0, 517.001708984375, 29.232501983642578, 526.482177734375, 47.674625396728516, 0.8028880953788757], [0, 355.58758544921875, 510.93719482421875, 376.99261474609375, 555.8630981445312, 0.7638223767280579], [0, 410.97735595703125, 359.225341796875, 428.13006591796875, 390.545654296875, 0.7551662921905518], [0, 520.958740234375, 121.17918395996094, 534.27880859375, 142.61891174316406, 0.6505500674247742], [0, 450.6612548828125, 281.16082763671875, 469.9219970703125, 311.84747314453125, 0.5792044997215271], [0, 423.98223876953125, 381.02227783203125, 442.33441162109375, 411.16436767578125, 0.5207550525665283], [0, 440.66070556640625, 37.144927978515625, 456.49066162109375, 48.30232238769531, 0.36213377118110657]], "patched": [[0, 480.734130859375, 169.042724609375, 492.56085205078125, 190.04638671875, 0.8149256110191345], [0, 482.369140625, 1.8404531478881836, 491.671142578125, 14.119684219360352, 0.811570942401886], [0, 496.71307373046875, 114.40135192871094, 507.73065185546875, 134.43222045898438, 0.8093647360801697], [0, 517.019775390625, 29.243314743041992, 526.468994140625, 47.67024230957031, 0.8018974661827087], [0, 384.8056945800781, 436.35528564453125, 397.6486511230469, 454.87823486328125, 0.6854985356330872], [0, 520.99609375, 121.21126556396484, 534.19287109375, 142.60018920898438, 0.6182529926300049], [0, 379.33331298828125, 455.7052001953125, 394.03753662109375, 470.06103515625, 0.5411052703857422], [3, 355.8211669921875, 511.39569091796875, 376.2578125, 555.7243041992188, 0.5295612215995789], [0, 451.7950439453125, 297.8060607910156, 464.614013671875, 312.1525573730469, 0.5022509098052979], [3, 411.28106689453125, 359.4112548828125, 427.12677001953125, 388.8062744140625, 0.4822435975074768], [0, 440.69317626953125, 37.21955871582031, 456.48150634765625, 48.29944610595703, 0.3798397183418274], [1, 411.4718933105469, 359.46142578125, 427.2442321777344, 389.1005859375, 0.3493827283382416], [0, 382.1553955078125, 436.3001708984375, 397.5860595703125, 460.6390380859375, 0.34354591369628906], [0, 379.363037109375, 436.7131042480469, 396.5179443359375, 469.6466979980469, 0.32761135697364807]]}