{"clean": [[0, 243.92901611328125, 316.8586120605469, 256.2890625, 354.4837341308594, 0.8236067891120911], [0, 276.6569519042969, 104.50830078125, 287.8905944824219, 121.99627685546875, 0.7606860995292664], [0, 286.377197265625, 617.075927734375, 299.9942626953125, 640.0, 0.7416490316390991], [0, 353.2696533203125, 181.22640991210938, 365.5078125, 211.72732543945312, 0.7394624948501587], [0, 206.8594970703125, 318.28936767578125, 221.64154052734375, 352.77532958984375, 0.7186686396598816], [0, 323.50189208984375, 288.20440673828125, 335.19439697265625, 324.23223876953125, 0.6895913481712341], [0, 240.7288818359375, 402.049560546875, 251.65966796875, 444.291015625, 0.6700904965400696], [0, 342.5152587890625, 129.10560607910156, 354.431640625, 159.54563903808594, 0.6166349649429321], [0, 279.3147888183594, 497.4534606933594, 293.2279968261719, 548.3311767578125, 0.5770788788795471], [2, 254.27481079101562, 466.28131103515625, 275.0954284667969, 586.0635375976562, 0.5595980882644653], [0, 277.95269775390625, 168.73817443847656, 289.91485595703125, 188.9466094970703, 0.535182535648346], [0, 238.21044921875, 520.5291748046875, 251.74810791015625, 575.7291259765625, 0.4956108331680298], [0, 616.461669921875, 260.6539611816406, 635.6668701171875, 292.0361633300781, 0.4805856943130493], [0, 325.37774658203125, 169.01588439941406, 337.16046142578125, 202.1735076904297, 0.36667200922966003]], "patched": [[0, 243.96847534179688, 316.87274169921875, 256.2099609375, 354.47039794921875, 0.8229646682739258], [0, 276.6819152832031, 104.53607940673828, 287.8390197753906, 121.9717788696289, 0.7613915801048279], [0, 353.3214111328125, 181.401123046875, 365.39599609375, 211.69332885742188, 0.7382521033287048], [0, 286.5231018066406, 617.14892578125, 299.8456115722656, 640.0, 0.733700156211853], [0, 206.90115356445312, 318.30474853515625, 221.58404541015625, 352.75299072265625, 0.7099086046218872], [0, 323.57708740234375, 288.2650146484375, 335.0968017578125, 324.230224609375, 0.6857350468635559], [0, 240.78408813476562, 402.06005859375, 251.58377075195312, 444.2723388671875, 0.6658769249916077], [0, 342.569091796875, 129.1976318359375, 354.26904296875, 159.53399658203125, 0.6141346096992493], [2, 254.46807861328125, 466.3657531738281, 275.06536865234375, 586.1904296875, 0.5817850828170776], [0, 278.0573425292969, 167.80361938476562, 290.0998840332031, 188.89364624023438, 0.5388281941413879], [0, 616.4629516601562, 260.67633056640625, 635.6029663085938, 291.99896240234375, 0.45257216691970825], [0, 280.5406188964844, 496.66595458984375, 293.2190246582031, 548.2239379882812, 0.4242824614048004], [0, 325.43133544921875, 168.96957397460938, 337.06781005859375, 202.14816284179688, 0.3584383428096771]]}