{"clean": [[0, 136.96678161621094, 34.595298767089844, 158.6813201904297, 61.10546112060547, 0.8384592533111572], [3, 586.250732421875, 43.59516906738281, 618.078857421875, 111.36933898925781, 0.8002820014953613], [0, 618.6459350585938, 297.00225830078125, 639.9412231445312, 343.1063232421875, 0.79543536901474], [0, 575.366943359375, 544.2200927734375, 592.89208984375, 592.0439453125, 0.7689855694770813], [0, 514.4188842773438, 86.12942504882812, 530.6878051757812, 115.33914184570312, 0.6770200729370117], [0, 552.616943359375, 124.75818634033203, 570.4716796875, 154.54437255859375, 0.6425941586494446], [0, 64.58990478515625, 0.0, 88.05322265625, 10.84467601776123, 0.5869585275650024], [0, 425.0498046875, 573.0458984375, 450.7147216796875, 625.0003662109375, 0.5838101506233215], [0, 601.593505859375, 359.2859191894531, 623.39599609375, 403.7904968261719, 0.5298976302146912], [3, 41.238582611083984, 10.513904571533203, 59.48929977416992, 45.441650390625, 0.5202711820602417], [0, 1.1513824462890625, 566.2569580078125, 66.30513000488281, 607.4146728515625, 0.4419720470905304], [0, 445.43414306640625, 129.42552185058594, 462.78997802734375, 162.14796447753906, 0.4353303611278534], [3, 630.8372192382812, 21.67046356201172, 639.9977416992188, 98.61713409423828, 0.4045673906803131], [3, 601.6759643554688, 359.08392333984375, 623.2553100585938, 403.64031982421875, 0.3829776346683502], [0, 583.915771484375, 10.10382080078125, 605.007568359375, 52.6715087890625, 0.3622574806213379], [0, 448.97259521484375, 166.75067138671875, 466.15167236328125, 202.10662841796875, 0.348674476146698], [4, 425.221923828125, 573.3685302734375, 450.6075439453125, 625.3829345703125, 0.2603417932987213]], "patched": [[3, 586.3667602539062, 43.628570556640625, 617.8914184570312, 110.98716735839844, 0.8161160349845886], [3, 602.2183227539062, 359.3299560546875, 623.4065551757812, 399.56268310546875, 0.8070858120918274], [0, 136.9838104248047, 34.68730163574219, 158.13099670410156, 60.04832458496094, 0.710339367389679], [3, 554.1927490234375, 125.583251953125, 570.0594482421875, 157.10250854492188, 0.6894303560256958], [3, 41.33806610107422, 10.674331665039062, 59.467567443847656, 45.6536865234375, 0.5992776155471802], [0, 65.97966003417969, 0.0, 87.97178649902344, 10.66895580291748, 0.590252161026001], [3, 619.9783935546875, 297.45916748046875, 639.8297119140625, 342.717041015625, 0.5746586918830872], [0, 425.3099670410156, 573.296142578125, 450.4081115722656, 624.8431396484375, 0.566344141960144], [1, 449.2257995605469, 129.5834197998047, 462.9866638183594, 157.59715270996094, 0.5267564654350281], [3, 575.447021484375, 546.0130615234375, 592.158935546875, 592.1114501953125, 0.4508255422115326], [3, 630.986328125, 21.746742248535156, 640.0, 99.0622329711914, 0.3623856008052826], [0, 1.23065185546875, 566.3770141601562, 66.29714965820312, 607.3466186523438, 0.35509049892425537], [1, 517.110595703125, 88.05302429199219, 530.0599365234375, 107.99598693847656, 0.3128437101840973], [1, 452.42333984375, 168.07525634765625, 466.44775390625, 197.69564819335938, 0.31228920817375183], [0, 575.494140625, 545.7684326171875, 591.939208984375, 591.82470703125, 0.30554452538490295]]}