{"clean": [[1, 395.6646728515625, 64.72573852539062, 408.46856689453125, 83.23027038574219, 0.6771905422210693], [3, 42.36957550048828, 291.04736328125, 76.75093841552734, 403.9508056640625, 0.6535107493400574], [1, 378.115478515625, 44.944793701171875, 395.712890625, 62.79493713378906, 0.6214114427566528], [2, 382.4908447265625, 582.521240234375, 429.800048828125, 639.694091796875, 0.5779470801353455], [0, 265.73809814453125, 275.4156494140625, 283.38018798828125, 318.3790283203125, 0.5719406008720398], [0, 0.08060932159423828, 299.36944580078125, 15.713143348693848, 329.32611083984375, 0.5619919896125793], [0, 537.792724609375, 21.694068908691406, 561.789306640625, 34.59295654296875, 0.5260146260261536], [3, 176.3804931640625, 263.7335205078125, 200.1612548828125, 368.5146484375, 0.5167615413665771], [0, 551.7388916015625, 26.365821838378906, 570.9542236328125, 37.44941711425781, 0.515887975692749], [0, 574.760009765625, 22.856491088867188, 598.56982421875, 35.13269805908203, 0.5135492086410522], [3, 110.95783996582031, 253.48196411132812, 144.82994079589844, 366.5076599121094, 0.48792898654937744], [1, 581.6153564453125, 125.04902648925781, 610.2496337890625, 146.96046447753906, 0.47487327456474304], [0, 625.5938720703125, 14.25658130645752, 639.998779296875, 26.198993682861328, 0.3870161473751068], [0, 606.7904052734375, 16.481338500976562, 623.4781494140625, 28.484512329101562, 0.36913007497787476], [0, 598.8446655273438, 18.05168914794922, 614.5253295898438, 29.339935302734375, 0.3550654649734497], [2, 486.518310546875, 35.936622619628906, 534.1556396484375, 55.636878967285156, 0.31326577067375183], [0, 586.294189453125, 19.744346618652344, 606.5517578125, 31.333045959472656, 0.30964556336402893], [2, 177.03457641601562, 225.0643310546875, 194.66574096679688, 260.09442138671875, 0.2642896771430969], [3, 290.907958984375, 241.8636474609375, 320.52490234375, 323.7642822265625, 0.2548462152481079]], "patched": [[1, 395.6835021972656, 64.72706604003906, 408.4571838378906, 83.21820068359375, 0.6744534373283386], [3, 42.378936767578125, 291.0458984375, 76.77793884277344, 403.9481201171875, 0.659419059753418], [1, 377.976806640625, 44.87321090698242, 395.76507568359375, 62.72446060180664, 0.5891712307929993], [2, 382.49200439453125, 582.5169677734375, 429.713134765625, 639.689453125, 0.5808736085891724], [0, 0.078216552734375, 299.4129333496094, 15.646673202514648, 329.3194274902344, 0.5637967586517334], [0, 265.807861328125, 275.47344970703125, 283.3658447265625, 318.36053466796875, 0.542529821395874], [3, 176.46932983398438, 264.33807373046875, 200.08575439453125, 368.4521484375, 0.5315915942192078], [0, 551.7481689453125, 26.374435424804688, 570.9437255859375, 37.424285888671875, 0.5152187943458557], [0, 537.7957153320312, 21.69363784790039, 561.7905883789062, 34.58768081665039, 0.5133121609687805], [0, 574.7630004882812, 22.872482299804688, 598.5642700195312, 35.12472915649414, 0.5025371313095093], [3, 111.35157012939453, 253.46302795410156, 144.78302001953125, 366.470703125, 0.49138808250427246], [1, 581.6171875, 125.03909301757812, 610.231201171875, 146.9208984375, 0.46661320328712463], [0, 310.1683349609375, 122.77246856689453, 321.16168212890625, 138.09576416015625, 0.4021601676940918], [0, 625.605712890625, 14.28447437286377, 639.997314453125, 26.179882049560547, 0.3815484941005707], [0, 606.8572998046875, 16.49929428100586, 623.4735107421875, 28.45718765258789, 0.36465778946876526], [0, 598.90380859375, 18.06783103942871, 614.51123046875, 29.306081771850586, 0.3520033657550812], [2, 486.53082275390625, 35.947471618652344, 534.2039794921875, 55.57733154296875, 0.3105729818344116], [0, 586.35107421875, 19.755413055419922, 606.5458984375, 31.309635162353516, 0.3045685291290283], [2, 177.08651733398438, 225.19216918945312, 194.60787963867188, 259.8544006347656, 0.2899739146232605], [3, 291.0028076171875, 241.41148376464844, 320.4637451171875, 323.7705078125, 0.2612166404724121]]}