{"clean": [[0, 130.95831298828125, 291.38922119140625, 162.87298583984375, 358.99249267578125, 0.8757975697517395], [0, 307.5092468261719, 30.984046936035156, 319.7380065917969, 50.743553161621094, 0.713755190372467], [0, 311.4793395996094, 285.62396240234375, 334.6858215332031, 344.82781982421875, 0.6164267063140869], [1, 311.56671142578125, 285.82208251953125, 334.77850341796875, 344.75714111328125, 0.5574215650558472]], "patched": [[2, 131.00537109375, 291.255615234375, 163.57769775390625, 359.54290771484375, 0.8094250559806824], [2, 311.4940185546875, 285.63397216796875, 334.4298095703125, 344.7886962890625, 0.7407554984092712], [0, 307.50909423828125, 30.973905563354492, 319.72796630859375, 50.746368408203125, 0.7184109091758728]]}