{"clean": [[0, 493.051513671875, 357.68756103515625, 529.583984375, 405.88201904296875, 0.897896409034729], [0, 243.78106689453125, 421.60565185546875, 266.3748779296875, 473.61663818359375, 0.8596270084381104], [0, 521.92822265625, 356.3682861328125, 551.8544921875, 405.28271484375, 0.8520802855491638], [0, 582.822021484375, 344.8008117675781, 618.096923828125, 386.9356994628906, 0.842138409614563], [0, 618.32177734375, 592.4107666015625, 639.9102783203125, 640.0, 0.8273833394050598], [0, 611.5574951171875, 313.91217041015625, 634.814208984375, 348.87701416015625, 0.7509507536888123], [0, 365.12420654296875, 397.58746337890625, 407.70147705078125, 432.40203857421875, 0.7364038228988647], [0, 0.0, 442.1067199707031, 15.820918083190918, 500.1387023925781, 0.7204610705375671], [1, 542.4117431640625, 350.5166015625, 575.7991943359375, 398.91656494140625, 0.7051814198493958], [0, 531.3709716796875, 618.22265625, 560.5919189453125, 640.0, 0.6211084127426147], [4, 481.3059997558594, 347.1952819824219, 491.5018005371094, 364.5096740722656, 0.40753859281539917], [4, 541.9802856445312, 440.5687255859375, 558.7692260742188, 465.244384765625, 0.3546641170978546], [0, 256.7473449707031, 164.84225463867188, 271.7734069824219, 190.74758911132812, 0.27932605147361755]], "patched": [[0, 0.0, 442.71636962890625, 15.37597942352295, 500.44671630859375, 0.5544758439064026], [4, 541.1832275390625, 440.53955078125, 558.9339599609375, 465.20751953125, 0.5477654933929443]]}