{"clean": [[0, 594.6561279296875, 221.75192260742188, 639.8592529296875, 289.749755859375, 0.8949390053749084], [0, 562.9144287109375, 164.24745178222656, 607.2957763671875, 218.09071350097656, 0.8846361041069031], [0, 253.22259521484375, 362.1600036621094, 304.50146484375, 498.7658386230469, 0.8522677421569824], [0, 529.476318359375, 68.95100402832031, 559.823974609375, 110.52391052246094, 0.8512251973152161], [0, 593.765869140625, 57.81386184692383, 628.934326171875, 98.00749206542969, 0.8379795551300049], [1, 302.48834228515625, 126.08406066894531, 329.30364990234375, 199.41868591308594, 0.8375676870346069], [0, 341.7549743652344, 96.70124816894531, 364.6290588378906, 145.25730895996094, 0.8046441674232483], [0, 317.0666809082031, 364.346923828125, 363.1007385253906, 516.5772705078125, 0.7404847145080566], [0, 583.6559448242188, 20.273357391357422, 639.7847290039062, 52.409053802490234, 0.7309654355049133], [0, 279.2041015625, 215.41738891601562, 316.9149169921875, 316.7564392089844, 0.6976717114448547], [0, 237.84075927734375, 0.0, 258.24981689453125, 17.343971252441406, 0.6854156851768494], [0, 497.381103515625, 1.9170074462890625, 517.9664306640625, 30.053464889526367, 0.5643935203552246], [1, 279.23492431640625, 215.70645141601562, 316.66607666015625, 316.8981628417969, 0.3785703778266907]], "patched": [[0, 529.3282470703125, 69.059814453125, 559.6795654296875, 110.53854370117188, 0.8408839702606201], [0, 593.9189453125, 57.68445587158203, 628.5693359375, 97.94817352294922, 0.7820250391960144], [0, 563.0601806640625, 164.7528076171875, 606.7882080078125, 217.67156982421875, 0.7529144287109375], [0, 595.1141357421875, 221.767578125, 639.889404296875, 289.1981201171875, 0.7325538992881775], [0, 237.7003173828125, 0.0, 257.89520263671875, 17.208070755004883, 0.6948325634002686], [0, 341.7159423828125, 111.68756103515625, 364.086669921875, 145.08285522460938, 0.6823964715003967], [2, 253.61572265625, 361.76654052734375, 304.23974609375, 498.40826416015625, 0.6255525350570679], [0, 498.31561279296875, 4.062905311584473, 517.975830078125, 30.145751953125, 0.5145782232284546], [2, 315.941162109375, 360.8682861328125, 364.26123046875, 516.9979248046875, 0.4935944974422455], [1, 302.4715576171875, 126.0831298828125, 328.4888916015625, 198.64202880859375, 0.48058751225471497], [0, 343.1739807128906, 96.53541564941406, 362.4329528808594, 121.55677795410156, 0.4577096700668335], [0, 342.36566162109375, 96.57252502441406, 363.03131103515625, 138.1941375732422, 0.31959986686706543], [1, 279.857666015625, 215.9117431640625, 315.88623046875, 316.8817138671875, 0.2724233865737915], [2, 279.33905029296875, 215.00543212890625, 316.61285400390625, 316.74273681640625, 0.259782999753952]]}