{"clean": [[0, 0.0, 278.12872314453125, 70.90068054199219, 354.84698486328125, 0.9239397644996643], [0, 0.0, 99.93965148925781, 55.20960998535156, 162.08116149902344, 0.8930132985115051], [0, 254.96041870117188, 93.18974304199219, 286.3947448730469, 152.6283721923828, 0.8807133436203003], [0, 27.048904418945312, 21.618637084960938, 61.63368225097656, 76.69648742675781, 0.8696267008781433], [0, 43.35685348510742, 0.0, 93.09989929199219, 26.00522232055664, 0.8684417605400085], [0, 145.78872680664062, 42.45851135253906, 172.34490966796875, 97.43411254882812, 0.8657304644584656], [0, 234.9814453125, 44.305755615234375, 271.685791015625, 95.06538391113281, 0.8188044428825378], [0, 222.59600830078125, 0.0, 260.79541015625, 28.189300537109375, 0.8053821325302124], [4, 141.78375244140625, 540.28369140625, 173.2061767578125, 593.2900390625, 0.6914328336715698], [4, 497.9452819824219, 542.5665283203125, 540.9169921875, 598.8472900390625, 0.4136267900466919], [4, 29.86004066467285, 74.13691711425781, 60.53540802001953, 101.59303283691406, 0.3907623291015625], [4, 602.5304565429688, 351.7598571777344, 622.4390258789062, 402.1765441894531, 0.3798066973686218], [4, 75.84954833984375, 224.88937377929688, 92.50360107421875, 263.2566223144531, 0.3746632933616638], [4, 14.87636947631836, 0.3572349548339844, 28.096416473388672, 26.285972595214844, 0.3402271866798401], [4, 586.437744140625, 293.63885498046875, 608.200927734375, 339.20953369140625, 0.31531786918640137], [4, 602.234130859375, 353.3298645019531, 617.399658203125, 400.5804138183594, 0.2800244688987732], [4, 620.09521484375, 353.7689514160156, 636.4678955078125, 384.1044616699219, 0.26384419202804565], [4, 610.55810546875, 352.69207763671875, 626.117919921875, 402.05352783203125, 0.2526244521141052]], "patched": [[0, 0.0, 278.1345520019531, 70.90777587890625, 354.8467102050781, 0.918722927570343], [0, 0.0, 100.31641387939453, 55.15184783935547, 161.9283447265625, 0.8935118913650513], [0, 254.95909118652344, 93.1405029296875, 286.3919677734375, 152.6268310546875, 0.8790543079376221], [0, 43.3843994140625, 0.0, 93.10130310058594, 25.948928833007812, 0.8622433543205261], [1, 235.36508178710938, 44.380958557128906, 271.5816955566406, 95.25090789794922, 0.8597608208656311], [0, 145.81234741210938, 42.560420989990234, 172.43557739257812, 97.50509643554688, 0.8529611229896545], [0, 27.186681747436523, 21.846580505371094, 61.58916473388672, 76.17216491699219, 0.8143246173858643], [0, 222.48184204101562, 0.0, 259.5714111328125, 27.833574295043945, 0.7777155637741089], [4, 141.80807495117188, 541.0404663085938, 173.21759033203125, 593.2870483398438, 0.7066969275474548], [4, 497.943115234375, 542.653076171875, 540.942138671875, 598.83544921875, 0.4367417097091675], [4, 75.89851379394531, 225.6683349609375, 92.47064208984375, 263.1419677734375, 0.40860140323638916], [4, 29.726274490356445, 76.42916870117188, 60.51397705078125, 101.53839111328125, 0.4060838520526886], [4, 602.5101318359375, 351.7442932128906, 622.6607666015625, 401.8619689941406, 0.3676666021347046], [4, 586.4598388671875, 293.6817626953125, 608.2791748046875, 339.1600341796875, 0.3073861300945282], [4, 15.05251693725586, 0.8138866424560547, 28.100372314453125, 26.28902244567871, 0.3069767653942108], [4, 620.0673828125, 353.64569091796875, 636.6943359375, 383.84222412109375, 0.265959769487381], [4, 602.241943359375, 353.4662780761719, 617.5302734375, 400.3457946777344, 0.2619641423225403]]}