{"clean": [[0, 433.8224792480469, 353.79876708984375, 484.7763977050781, 381.81170654296875, 0.572303295135498], [1, 374.803466796875, 392.510498046875, 416.0152587890625, 450.0567626953125, 0.4100116193294525]], "patched": [[0, 433.8693542480469, 353.44537353515625, 471.9707336425781, 381.7073974609375, 0.56843501329422], [1, 374.8037109375, 392.50482177734375, 416.0150146484375, 450.01385498046875, 0.3972810208797455]]}