{"clean": [[0, 261.09747314453125, 532.026611328125, 336.70953369140625, 602.2724609375, 0.9321548938751221], [0, 276.986328125, 269.50830078125, 330.74371337890625, 297.373291015625, 0.8698118329048157], [4, 374.15576171875, 254.1985321044922, 395.2850341796875, 270.15411376953125, 0.7995007634162903], [4, 335.05059814453125, 248.78155517578125, 351.87200927734375, 267.02801513671875, 0.7877057790756226], [2, 223.49014282226562, 343.88494873046875, 263.9870300292969, 417.777587890625, 0.7757108211517334], [4, 427.7161865234375, 239.11676025390625, 438.167236328125, 263.6444091796875, 0.767535924911499], [4, 360.1037902832031, 229.81271362304688, 368.3338317871094, 252.15988159179688, 0.7423757910728455], [4, 351.50506591796875, 230.04965209960938, 359.21307373046875, 251.479736328125, 0.7101733088493347], [4, 342.5464782714844, 229.00326538085938, 351.2771911621094, 249.64358520507812, 0.6910982728004456], [4, 375.0142822265625, 230.94204711914062, 383.50567626953125, 255.74337768554688, 0.6379623413085938], [0, 0.0, 467.0889892578125, 20.17284393310547, 522.2841186523438, 0.6331856846809387], [4, 348.67095947265625, 252.0010223388672, 368.12298583984375, 269.57672119140625, 0.5865579843521118], [2, 87.6325454711914, 297.61328125, 174.60995483398438, 436.16961669921875, 0.525520384311676], [4, 382.9911804199219, 232.203125, 391.5911560058594, 256.9767150878906, 0.5078149437904358], [2, 243.140625, 310.842529296875, 333.77728271484375, 465.968505859375, 0.5058196783065796], [4, 294.2633972167969, 244.6025390625, 310.3424987792969, 263.9800720214844, 0.31912294030189514]], "patched": [[0, 261.0872802734375, 532.0023803710938, 336.67938232421875, 602.2411499023438, 0.932557225227356], [0, 276.82470703125, 269.6382751464844, 330.7542724609375, 297.3247375488281, 0.87163907289505], [4, 374.13885498046875, 254.18519592285156, 395.30853271484375, 270.1676025390625, 0.8002405762672424], [4, 335.04461669921875, 248.76065063476562, 351.87579345703125, 267.0335998535156, 0.7875534296035767], [4, 427.7098693847656, 239.09634399414062, 438.1750793457031, 263.652587890625, 0.7673273682594299], [2, 223.47171020507812, 343.87042236328125, 263.96484375, 417.79217529296875, 0.7642416954040527], [4, 360.0972900390625, 229.79544067382812, 368.345458984375, 252.16409301757812, 0.7431516647338867], [4, 351.49951171875, 230.02951049804688, 359.22119140625, 251.49200439453125, 0.7098813056945801], [4, 342.5181884765625, 228.98214721679688, 351.282958984375, 249.66226196289062, 0.6903250813484192], [4, 375.01055908203125, 230.90335083007812, 383.50946044921875, 255.74478149414062, 0.6403659582138062], [0, 0.0, 467.1220703125, 20.193187713623047, 522.3001098632812, 0.6343218088150024], [4, 348.651611328125, 251.9634552001953, 368.141357421875, 269.58563232421875, 0.5885762572288513], [2, 87.61654663085938, 297.6703796386719, 174.60638427734375, 436.4955749511719, 0.5580983757972717], [2, 243.12362670898438, 311.05401611328125, 333.7558898925781, 466.56488037109375, 0.5566285848617554], [4, 382.98846435546875, 232.17227172851562, 391.61614990234375, 256.9810791015625, 0.5120192766189575], [4, 294.3192138671875, 244.650390625, 310.34716796875, 263.98077392578125, 0.31331902742385864]]}