{"clean": [[0, 320.44110107421875, 35.483558654785156, 341.07598876953125, 75.13973236083984, 0.8484967350959778], [0, 415.0771484375, 323.1103515625, 448.6298828125, 404.7333984375, 0.8271609544754028], [0, 373.85626220703125, 115.9322280883789, 402.05120849609375, 168.12088012695312, 0.8040831089019775], [0, 253.65914916992188, 122.16678619384766, 271.4983215332031, 168.54141235351562, 0.7426581978797913], [0, 451.67022705078125, 34.89225769042969, 486.6435546875, 117.09483337402344, 0.5330185890197754], [0, 311.95159912109375, 576.2142333984375, 346.99554443359375, 639.7918701171875, 0.401379257440567]], "patched": [[0, 320.5052490234375, 35.738197326660156, 341.260986328125, 74.87870788574219, 0.802209198474884], [0, 373.922119140625, 115.7750015258789, 402.09039306640625, 168.21981811523438, 0.7802755236625671], [0, 415.3346862792969, 322.585205078125, 448.6916198730469, 405.6292724609375, 0.7090053558349609], [0, 254.11593627929688, 136.24169921875, 270.0379333496094, 167.85113525390625, 0.6535124778747559], [0, 452.0550537109375, 70.63877868652344, 478.4857177734375, 120.42118835449219, 0.5539330244064331], [0, 254.19381713867188, 124.05862426757812, 270.7522888183594, 168.25692749023438, 0.4532352685928345]]}