{"clean": [[0, 407.7631530761719, 366.4512634277344, 431.3904113769531, 416.8872985839844, 0.8508886098861694], [0, 432.2913818359375, 168.9383544921875, 447.25537109375, 196.6435546875, 0.8453570604324341], [2, 412.3212585449219, 129.23013305664062, 437.6033020019531, 185.74459838867188, 0.8365851044654846], [0, 393.2182922363281, 245.25421142578125, 407.3292541503906, 280.30560302734375, 0.8190441131591797], [0, 440.1549072265625, 145.083740234375, 455.7021484375, 169.99725341796875, 0.8008500337600708], [0, 435.6962890625, 117.52668762207031, 450.97625732421875, 138.60511779785156, 0.7827485799789429], [0, 141.06129455566406, 358.50030517578125, 173.69895935058594, 381.10406494140625, 0.7395728230476379], [0, 419.19586181640625, 293.0494384765625, 437.01312255859375, 341.30877685546875, 0.7306870222091675], [0, 447.62890625, 122.06685638427734, 461.96533203125, 144.43869018554688, 0.7246014475822449], [1, 419.86993408203125, 202.95242309570312, 437.4197998046875, 241.1229248046875, 0.5404899716377258], [0, 419.91058349609375, 202.87774658203125, 437.18414306640625, 240.8720703125, 0.5285776257514954], [3, 460.12188720703125, 213.65176391601562, 483.83367919921875, 289.1816101074219, 0.45974981784820557], [0, 141.79281616210938, 369.65911865234375, 174.10757446289062, 388.50885009765625, 0.4298892915248871], [3, 439.6301574707031, 29.77489471435547, 461.8266906738281, 73.0607681274414, 0.3667573630809784]], "patched": [[0, 432.3145751953125, 168.9495849609375, 447.2197265625, 196.63970947265625, 0.8455410599708557], [2, 412.372802734375, 129.24005126953125, 437.59942626953125, 185.75936889648438, 0.8360738158226013], [0, 408.0570068359375, 366.41668701171875, 430.156005859375, 416.776611328125, 0.8118997812271118], [0, 440.1753845214844, 145.063232421875, 455.6747131347656, 169.986083984375, 0.8006014227867126], [0, 408.2098388671875, 366.5797119140625, 427.163330078125, 396.502685546875, 0.7880836129188538], [0, 435.7352294921875, 117.52825927734375, 450.95574951171875, 138.60977172851562, 0.7819063067436218], [0, 447.6434326171875, 122.07882690429688, 461.8953857421875, 144.45660400390625, 0.721685528755188], [0, 419.2904357910156, 293.01605224609375, 436.9153137207031, 341.2669677734375, 0.709787130355835], [0, 141.0578155517578, 358.56640625, 173.8322296142578, 382.26251220703125, 0.7056081295013428], [0, 393.263427734375, 246.94952392578125, 406.714599609375, 280.68792724609375, 0.6937869191169739], [1, 419.8944091796875, 202.9579315185547, 437.3946533203125, 241.1120147705078, 0.5620164275169373], [0, 141.23065185546875, 362.51904296875, 174.16119384765625, 387.9588623046875, 0.5340413451194763], [0, 419.92529296875, 202.8724365234375, 437.163330078125, 240.8416748046875, 0.4929180145263672], [3, 460.20025634765625, 213.64639282226562, 483.72979736328125, 289.2777404785156, 0.43994393944740295], [3, 439.6434020996094, 29.828712463378906, 461.8119812011719, 73.07272338867188, 0.35842761397361755]]}