{"clean": [[0, 313.5518798828125, 445.281494140625, 339.2823486328125, 488.0167236328125, 0.8166159987449646], [0, 347.48382568359375, 488.4874267578125, 381.37286376953125, 533.455078125, 0.8069741725921631], [0, 256.64825439453125, 220.3404998779297, 268.92022705078125, 239.93370056152344, 0.804448664188385], [2, 276.4432373046875, 352.90618896484375, 307.009521484375, 418.8204345703125, 0.7997562289237976], [3, 371.732177734375, 497.7567138671875, 472.1558837890625, 578.5791015625, 0.7521430850028992], [0, 176.16354370117188, 148.09130859375, 186.06484985351562, 162.40704345703125, 0.7389335036277771], [2, 219.81698608398438, 141.74505615234375, 241.77572631835938, 178.87359619140625, 0.7193493843078613], [0, 172.1197509765625, 116.98103332519531, 180.732421875, 127.66548156738281, 0.7193118333816528], [0, 183.23519897460938, 211.93399047851562, 197.16714477539062, 235.37313842773438, 0.6017245054244995], [3, 147.5474853515625, 190.4084930419922, 179.9052734375, 211.16102600097656, 0.6009438037872314], [0, 158.014892578125, 99.40713500976562, 166.51348876953125, 111.57905578613281, 0.4496384263038635], [0, 271.7397766113281, 266.12847900390625, 285.6579895019531, 285.80645751953125, 0.4470541775226593], [1, 313.55316162109375, 445.16131591796875, 339.13470458984375, 487.94940185546875, 0.4414902627468109], [0, 186.74427795410156, 233.83248901367188, 201.47499084472656, 251.99227905273438, 0.38484013080596924], [0, 266.135009765625, 329.39007568359375, 283.13720703125, 359.21917724609375, 0.3148067593574524], [0, 163.91131591796875, 91.06806945800781, 171.6412353515625, 103.51194763183594, 0.30740582942962646]], "patched": [[0, 313.45672607421875, 445.3670654296875, 339.13897705078125, 487.96337890625, 0.8453302979469299], [0, 256.640625, 220.33560180664062, 268.932861328125, 239.94052124023438, 0.8038426041603088], [0, 347.46148681640625, 488.52447509765625, 379.41339111328125, 533.5049438476562, 0.7870140671730042], [2, 276.4500732421875, 352.8578796386719, 306.99658203125, 418.8152160644531, 0.7805757522583008], [3, 371.7427673339844, 497.78753662109375, 472.0163879394531, 578.5785522460938, 0.7586711049079895], [0, 176.1513214111328, 148.08450317382812, 186.07228088378906, 162.41134643554688, 0.7389997839927673], [0, 172.1083984375, 116.97184753417969, 180.74114990234375, 127.67381286621094, 0.7194132804870605], [2, 219.79788208007812, 141.7393798828125, 241.79629516601562, 178.87652587890625, 0.7180946469306946], [3, 147.53717041015625, 190.39405822753906, 179.915283203125, 211.17201232910156, 0.6054926514625549], [0, 183.22769165039062, 211.92599487304688, 197.17544555664062, 235.34664916992188, 0.5998738408088684], [0, 266.1949157714844, 331.08270263671875, 282.8464050292969, 359.14495849609375, 0.5541511178016663], [0, 158.0059356689453, 99.40359497070312, 166.51942443847656, 111.58546447753906, 0.4483107924461365], [0, 271.7268371582031, 266.13885498046875, 285.6690979003906, 285.8076171875, 0.44351494312286377], [0, 186.73114013671875, 233.82901000976562, 201.48526000976562, 251.99319458007812, 0.3957348167896271], [0, 163.90277099609375, 91.06106567382812, 171.64886474609375, 103.51504516601562, 0.30592653155326843]]}