{"clean": [[0, 531.8267822265625, 282.59820556640625, 575.8096923828125, 326.51629638671875, 0.8341144323348999], [0, 317.9837646484375, 133.85366821289062, 342.32373046875, 172.58419799804688, 0.8191332817077637], [2, 283.741455078125, 48.34634780883789, 314.4986572265625, 115.25283813476562, 0.811102569103241], [0, 354.6463928222656, 177.612548828125, 383.2621765136719, 218.023193359375, 0.7633416652679443], [3, 374.6346130371094, 183.75387573242188, 470.9648742675781, 255.11593627929688, 0.7551776170730591]], "patched": [[0, 317.862060546875, 133.50408935546875, 342.267333984375, 172.7147216796875, 0.8043070435523987], [2, 283.81207275390625, 48.49839782714844, 314.45880126953125, 115.083984375, 0.790220320224762], [3, 374.2452392578125, 183.74700927734375, 470.873046875, 255.1729736328125, 0.7614726424217224], [0, 354.5616455078125, 177.69407653808594, 379.1353759765625, 204.6980438232422, 0.6668144464492798], [0, 531.6953125, 282.44427490234375, 575.534912109375, 326.30169677734375, 0.5449730753898621]]}