{"clean": [[0, 165.08560180664062, 306.12274169921875, 188.89981079101562, 334.90692138671875, 0.8409574031829834], [0, 24.89460563659668, 437.28265380859375, 58.75300598144531, 481.18572998046875, 0.8117188811302185], [2, 233.29632568359375, 51.44879913330078, 257.05743408203125, 77.82755279541016, 0.7834067940711975], [3, 463.3268127441406, 59.013118743896484, 506.4936828613281, 85.36569213867188, 0.7792383432388306], [1, 320.672607421875, 289.3826904296875, 347.90283203125, 323.4954833984375, 0.7638777494430542], [3, 442.7933654785156, 69.46315002441406, 488.1442565917969, 100.76634216308594, 0.7582946419715881], [0, 269.9034729003906, 37.58806610107422, 278.9367980957031, 51.04174041748047, 0.7424084544181824], [0, 576.92431640625, 455.7806396484375, 605.806396484375, 510.85040283203125, 0.7050934433937073], [3, 493.7358093261719, 50.16117858886719, 565.192626953125, 86.262939453125, 0.665913999080658], [0, 230.60147094726562, 9.810514450073242, 244.38031005859375, 22.228200912475586, 0.6631446480751038], [3, 503.949462890625, 31.78143310546875, 544.4552001953125, 58.39179229736328, 0.6191877126693726], [3, 436.70574951171875, 93.26071166992188, 486.15106201171875, 130.66458129882812, 0.6145283579826355], [0, 336.3758544921875, 234.59896850585938, 352.410888671875, 257.0929260253906, 0.6039279699325562], [1, 556.2261962890625, 429.267822265625, 582.4871826171875, 480.3150634765625, 0.5760210156440735], [1, 267.337890625, 357.64630126953125, 296.10107421875, 396.75787353515625, 0.5723581910133362], [1, 577.3018798828125, 263.3876647949219, 613.6109619140625, 299.1432189941406, 0.5058491230010986], [0, 556.15185546875, 429.29949951171875, 582.398681640625, 480.51715087890625, 0.4710095226764679], [0, 621.3986206054688, 353.4951171875, 640.0, 392.02978515625, 0.3600766062736511], [3, 410.17169189453125, 104.48057556152344, 467.244384765625, 139.56544494628906, 0.3274269700050354]], "patched": [[0, 164.9766845703125, 305.9412841796875, 189.19586181640625, 334.67041015625, 0.8208311796188354], [0, 24.892330169677734, 437.29132080078125, 58.743534088134766, 481.18707275390625, 0.8093274831771851], [2, 233.29690551757812, 51.451446533203125, 257.0566711425781, 77.82835388183594, 0.7828040719032288], [3, 463.3243408203125, 59.012054443359375, 506.4976806640625, 85.40205383300781, 0.7785103917121887], [1, 320.67047119140625, 289.38592529296875, 347.90167236328125, 323.49346923828125, 0.7625840306282043], [3, 442.791748046875, 69.46711730957031, 488.1337890625, 100.79933166503906, 0.7573896050453186], [0, 269.9031982421875, 37.58793640136719, 278.937255859375, 51.04051208496094, 0.7419306635856628], [0, 576.9343872070312, 455.8077697753906, 605.7948608398438, 510.8558044433594, 0.6816909313201904], [3, 493.7314453125, 50.16099548339844, 565.1881103515625, 86.28311157226562, 0.6621482372283936], [0, 230.60238647460938, 9.80665397644043, 244.38394165039062, 22.228906631469727, 0.6614848375320435], [1, 556.2345581054688, 429.27813720703125, 582.4801635742188, 480.316162109375, 0.622482180595398], [3, 503.9487609863281, 31.77824592590332, 544.451904296875, 58.43849182128906, 0.6156927943229675], [3, 436.70831298828125, 93.29837036132812, 486.18072509765625, 130.8175048828125, 0.6145823001861572], [0, 336.373779296875, 234.6536865234375, 352.40966796875, 257.092041015625, 0.603789210319519], [1, 267.34039306640625, 357.6573486328125, 296.10369873046875, 396.76220703125, 0.5676899552345276], [1, 577.312255859375, 263.21759033203125, 613.583984375, 299.20013427734375, 0.49511927366256714], [0, 556.107421875, 429.1424255371094, 582.268798828125, 480.1836242675781, 0.4119727909564972], [0, 621.5347900390625, 354.8092956542969, 639.9495849609375, 391.8395690917969, 0.3786851167678833], [3, 410.2030029296875, 104.478271484375, 467.283935546875, 139.65277099609375, 0.3234652578830719]]}