{"clean": [[0, 215.1279296875, 125.98827362060547, 226.49240112304688, 157.887451171875, 0.6958496570587158], [0, 247.94970703125, 143.78842163085938, 260.07965087890625, 185.69747924804688, 0.5377708673477173], [1, 504.7755126953125, 560.7694091796875, 561.2601318359375, 589.0347900390625, 0.5128441452980042], [0, 253.18690490722656, 240.6516876220703, 264.337646484375, 281.91241455078125, 0.42094534635543823], [0, 223.37969970703125, 314.64178466796875, 233.9527587890625, 347.09515380859375, 0.3142130672931671], [0, 24.707311630249023, 143.6649169921875, 39.837257385253906, 177.34637451171875, 0.2885064482688904]], "patched": [[0, 248.44375610351562, 161.00914001464844, 259.6439514160156, 186.12327575683594, 0.7449750304222107], [0, 215.30335998535156, 125.97701263427734, 226.36500549316406, 157.77792358398438, 0.6706387400627136], [1, 504.78778076171875, 560.7913818359375, 561.5375366210938, 589.0213623046875, 0.4766862392425537], [0, 253.71612548828125, 240.45626831054688, 264.51934814453125, 282.4319763183594, 0.4482288360595703], [0, 25.51486587524414, 143.72247314453125, 36.03131103515625, 163.06634521484375, 0.3199775815010071], [0, 223.55419921875, 314.58599853515625, 233.8380126953125, 347.20196533203125, 0.31751275062561035]]}