{"clean": [[3, 363.31072998046875, 290.82464599609375, 428.76129150390625, 374.94012451171875, 0.8939408659934998], [0, 288.03778076171875, 68.73936462402344, 302.21392822265625, 101.83164978027344, 0.841042697429657], [3, 60.00566101074219, 233.30966186523438, 165.89691162109375, 388.3003234863281, 0.8353758454322815], [0, 238.45977783203125, 263.3197021484375, 278.88079833984375, 293.3917236328125, 0.7982425689697266], [3, 0.0, 342.16925048828125, 50.37575912475586, 525.4312133789062, 0.7980226278305054], [2, 197.42184448242188, 207.89456176757812, 283.4641418457031, 269.7845153808594, 0.7749127745628357], [0, 286.8761901855469, 0.0, 299.6070861816406, 17.962318420410156, 0.7720514535903931], [1, 305.9913330078125, 26.65439796447754, 319.48333740234375, 63.343162536621094, 0.6317391991615295], [0, 291.0299987792969, 202.68850708007812, 328.3076477050781, 225.16708374023438, 0.2868066132068634]], "patched": [[3, 363.2822265625, 290.8203125, 428.7728271484375, 374.9437255859375, 0.8934606313705444], [0, 288.029052734375, 68.72683715820312, 302.22161865234375, 101.83453369140625, 0.840934693813324], [3, 60.07415771484375, 233.25685119628906, 165.9252471923828, 388.9300537109375, 0.8349115252494812], [3, 0.0, 342.17181396484375, 50.40352249145508, 525.2167358398438, 0.7978758215904236], [2, 197.37271118164062, 207.90582275390625, 283.49847412109375, 270.41680908203125, 0.7780891060829163], [0, 286.86895751953125, 0.0, 299.61383056640625, 17.965335845947266, 0.7718433141708374], [0, 238.39767456054688, 263.2852783203125, 279.0117492675781, 293.310791015625, 0.6237493753433228], [1, 306.11962890625, 26.57185935974121, 319.43414306640625, 63.363319396972656, 0.6229559779167175]]}