{"clean": [[0, 449.1883239746094, 356.0137939453125, 477.9549255371094, 388.27484130859375, 0.8439167141914368], [2, 303.99127197265625, 220.58230590820312, 338.31951904296875, 267.53887939453125, 0.8303138613700867], [0, 338.8174133300781, 552.565673828125, 374.5565490722656, 605.935302734375, 0.8067201972007751], [0, 415.7799377441406, 417.0108642578125, 447.4888610839844, 458.1912841796875, 0.8061233162879944], [0, 441.51519775390625, 373.02978515625, 470.94061279296875, 406.43817138671875, 0.7467902302742004], [2, 416.295654296875, 180.4321746826172, 438.411865234375, 213.8652801513672, 0.7444713711738586], [2, 310.45050048828125, 263.24749755859375, 375.35345458984375, 345.12310791015625, 0.717297375202179], [1, 583.1962890625, 19.074600219726562, 595.607666015625, 31.78907012939453, 0.607882559299469], [0, 609.6753540039062, 41.349334716796875, 624.8219604492188, 59.863067626953125, 0.469926118850708], [2, 230.5303955078125, 181.2626953125, 271.78033447265625, 229.03759765625, 0.4619395434856415], [0, 361.672119140625, 503.5447692871094, 397.5086669921875, 552.8421630859375, 0.43656715750694275], [0, 490.3594055175781, 21.949203491210938, 499.4307556152344, 32.19154739379883, 0.357814759016037], [1, 570.676025390625, 66.47435760498047, 582.731201171875, 82.5152816772461, 0.31839844584465027], [0, 436.1414794921875, 65.84953308105469, 455.41217041015625, 83.84599304199219, 0.2894993722438812]], "patched": [[2, 303.9837341308594, 220.56103515625, 338.3379211425781, 267.55633544921875, 0.8286864161491394], [0, 448.81085205078125, 355.94989013671875, 477.796142578125, 388.4610595703125, 0.7730647921562195], [2, 416.4573974609375, 180.16001892089844, 438.4918212890625, 213.85289001464844, 0.7377781867980957], [2, 310.44287109375, 263.24188232421875, 375.272705078125, 345.1282958984375, 0.7099239826202393], [1, 583.1773681640625, 19.058086395263672, 595.6204833984375, 31.81216812133789, 0.6065425872802734], [0, 609.6625366210938, 41.33230209350586, 624.8395385742188, 59.86704635620117, 0.47258368134498596], [2, 230.52215576171875, 181.25491333007812, 271.788330078125, 229.09811401367188, 0.44548937678337097], [0, 415.93109130859375, 416.951171875, 447.23895263671875, 458.502685546875, 0.3485438823699951], [0, 490.34686279296875, 21.93561553955078, 499.43731689453125, 32.206153869628906, 0.34621429443359375], [1, 570.65673828125, 66.45703887939453, 582.7501220703125, 82.52898406982422, 0.3044985234737396], [0, 436.121826171875, 65.82852935791016, 455.4307861328125, 83.85924530029297, 0.27794280648231506]]}