{"clean": [[3, 197.75558471679688, 14.058708190917969, 237.08309936523438, 73.03167724609375, 0.8956438899040222], [0, 275.79888916015625, 411.6822509765625, 303.98675537109375, 454.6796875, 0.8493490815162659], [0, 338.47259521484375, 296.9424133300781, 368.90740966796875, 337.8772277832031, 0.828086793422699], [0, 207.8564453125, 177.52476501464844, 233.36700439453125, 208.11866760253906, 0.8270121812820435], [0, 160.36624145507812, 58.49639129638672, 182.94778442382812, 86.93822479248047, 0.8168256878852844], [0, 562.7155151367188, 439.4493713378906, 599.3425903320312, 482.4484558105469, 0.8135717511177063], [0, 114.64201354980469, 83.26078796386719, 136.9429473876953, 110.26475524902344, 0.8096185922622681], [0, 402.4322509765625, 494.7186279296875, 441.081298828125, 544.857177734375, 0.8048794269561768], [2, 227.27902221679688, 26.92303466796875, 264.8204040527344, 90.28441619873047, 0.7865025401115417], [0, 419.9700622558594, 379.4980773925781, 466.0480041503906, 438.1185607910156, 0.693683922290802], [0, 599.8004150390625, 1.4673519134521484, 624.1871337890625, 19.028690338134766, 0.6919661164283752], [0, 174.51004028320312, 0.01601409912109375, 198.99655151367188, 17.015613555908203, 0.6845387816429138], [3, 314.40203857421875, 207.47689819335938, 382.20947265625, 304.2080383300781, 0.675323486328125], [0, 115.61384582519531, 137.21609497070312, 138.34776306152344, 164.10208129882812, 0.6566240787506104], [0, 339.6956787109375, 533.3421630859375, 369.59326171875, 584.9852294921875, 0.6522985696792603], [3, 226.363037109375, 26.84861946105957, 264.5625915527344, 89.53936767578125, 0.4044487178325653], [3, 191.21060180664062, 0.0, 226.97128295898438, 21.260770797729492, 0.365040123462677], [3, 477.06170654296875, 571.9024658203125, 573.7647094726562, 640.0, 0.3388978838920593], [2, 477.2305908203125, 572.11572265625, 570.23876953125, 640.0, 0.33179301023483276]], "patched": [[3, 197.79742431640625, 14.0628662109375, 237.04559326171875, 73.01583862304688, 0.8965182900428772], [0, 275.8096923828125, 411.65234375, 303.8458251953125, 454.79833984375, 0.8499682545661926], [0, 160.490234375, 58.48950958251953, 182.70346069335938, 86.29589080810547, 0.810463547706604], [0, 114.72041320800781, 83.50465393066406, 136.46261596679688, 110.30778503417969, 0.7824235558509827], [0, 208.14703369140625, 177.235107421875, 233.47100830078125, 208.00173950195312, 0.7808433771133423], [2, 227.29702758789062, 26.936767578125, 264.79852294921875, 90.2701416015625, 0.7803095579147339], [0, 562.958251953125, 440.4379577636719, 585.10595703125, 466.3500061035156, 0.7299082279205322], [0, 338.44744873046875, 296.79620361328125, 360.73687744140625, 323.89898681640625, 0.722236156463623], [3, 314.23004150390625, 207.375244140625, 381.07635498046875, 304.1878662109375, 0.7004293203353882], [0, 599.8076171875, 1.5398883819580078, 624.048095703125, 18.973281860351562, 0.6880622506141663], [0, 174.76060485839844, 0.015073776245117188, 198.9624481201172, 16.996179580688477, 0.6763782501220703], [0, 402.06280517578125, 493.52691650390625, 440.00811767578125, 544.0366821289062, 0.6711087226867676], [0, 420.0247802734375, 379.85821533203125, 466.1002197265625, 438.06890869140625, 0.6622382998466492], [0, 402.9486389160156, 493.927001953125, 429.1964416503906, 524.807861328125, 0.6399292349815369], [0, 115.66946411132812, 137.2391815185547, 138.31411743164062, 164.08763122558594, 0.629952609539032], [0, 339.7507629394531, 533.286376953125, 369.5131530761719, 585.009521484375, 0.5755293965339661], [0, 88.16244506835938, 7.518308639526367, 104.57205200195312, 23.6021728515625, 0.5603702664375305], [0, 413.42425537109375, 512.2195434570312, 440.35723876953125, 545.2874145507812, 0.47342970967292786], [0, 578.3123168945312, 459.85699462890625, 599.2079467773438, 483.49945068359375, 0.42783400416374207], [3, 226.37649536132812, 26.873870849609375, 264.5382385253906, 89.51747131347656, 0.4166320562362671], [3, 190.49232482910156, 0.0, 226.96192932128906, 21.267986297607422, 0.3521360754966736], [2, 476.9692687988281, 571.890869140625, 573.77099609375, 640.0, 0.3299681544303894], [3, 477.01531982421875, 571.8784790039062, 573.5280151367188, 640.0, 0.29437798261642456]]}