{"clean": [[0, 331.8120422363281, 506.5663757324219, 352.1513977050781, 532.6708984375, 0.8668770790100098], [3, 153.5712890625, 110.77350616455078, 190.2032470703125, 169.04559326171875, 0.8211182355880737], [3, 282.2781982421875, 420.7686462402344, 322.9268798828125, 473.3967590332031, 0.8152477145195007], [0, 268.70684814453125, 256.30364990234375, 284.49761962890625, 279.57427978515625, 0.8014856576919556], [0, 544.0611572265625, 611.2581787109375, 565.5091552734375, 636.2354736328125, 0.7607170939445496], [0, 65.26765441894531, 56.707786560058594, 80.5931396484375, 68.59542083740234, 0.7265385389328003], [3, 189.377197265625, 185.8035125732422, 223.711669921875, 241.9208526611328, 0.7077251076698303], [0, 606.1495361328125, 531.3657836914062, 629.2890625, 552.9368286132812, 0.7049165368080139], [0, 229.94276428222656, 202.08340454101562, 244.4987335205078, 222.43228149414062, 0.6947718858718872], [0, 377.51434326171875, 468.2835693359375, 396.16314697265625, 493.009521484375, 0.6931533813476562], [0, 69.14363861083984, 8.92409896850586, 83.13375091552734, 25.16318130493164, 0.6827406883239746], [0, 392.4520263671875, 415.98284912109375, 411.223388671875, 440.68450927734375, 0.6710046529769897], [0, 227.58685302734375, 247.41226196289062, 243.37567138671875, 270.5499572753906, 0.6572712063789368], [0, 334.6220397949219, 344.180419921875, 351.6431579589844, 367.3070068359375, 0.604999840259552], [0, 432.9280700683594, 605.46142578125, 457.4609680175781, 631.3671875, 0.6034170985221863], [0, 3.3754725456237793, 129.07891845703125, 19.062297821044922, 150.21170043945312, 0.5856680274009705], [0, 128.2284393310547, 125.73835754394531, 141.8203582763672, 144.49208068847656, 0.5228171348571777], [0, 173.42404174804688, 188.3321533203125, 188.99655151367188, 211.04849243164062, 0.4553738832473755], [3, 511.39056396484375, 508.56280517578125, 560.7343139648438, 536.5125122070312, 0.4500296115875244], [0, 74.62265014648438, 30.08415412902832, 87.37173461914062, 45.7301025390625, 0.42517945170402527], [0, 454.24493408203125, 482.15325927734375, 468.07635498046875, 498.8944091796875, 0.28248488903045654]], "patched": [[0, 331.8308410644531, 506.5737609863281, 352.0656433105469, 532.5732421875, 0.8472607731819153], [3, 153.56936645507812, 110.77406311035156, 190.20181274414062, 169.04652404785156, 0.8235520124435425], [3, 282.27423095703125, 420.76727294921875, 322.89678955078125, 473.37615966796875, 0.818389356136322], [0, 544.0968017578125, 611.5181884765625, 565.4803466796875, 636.18798828125, 0.8058205246925354], [0, 268.70672607421875, 256.310302734375, 284.48162841796875, 279.5819091796875, 0.8049595952033997], [0, 65.2741470336914, 56.710777282714844, 80.58150482177734, 68.5839614868164, 0.7263579964637756], [3, 189.37905883789062, 185.80482482910156, 223.71456909179688, 241.9392852783203, 0.7087158560752869], [0, 334.944580078125, 344.48028564453125, 351.288330078125, 366.913818359375, 0.7084031105041504], [0, 392.498291015625, 415.92974853515625, 411.23828125, 440.13739013671875, 0.7038159370422363], [0, 606.1561889648438, 531.379150390625, 629.2799682617188, 552.914794921875, 0.6937376856803894], [0, 229.94371032714844, 202.10025024414062, 244.49330139160156, 222.42935180664062, 0.6877893209457397], [0, 69.14726257324219, 8.926141738891602, 83.13206481933594, 25.1606388092041, 0.6830183863639832], [0, 377.53363037109375, 468.32373046875, 396.1248779296875, 492.896240234375, 0.6826788783073425], [0, 227.60861206054688, 247.42291259765625, 243.36618041992188, 270.5360107421875, 0.6684660911560059], [0, 454.3023681640625, 483.8197021484375, 467.88885498046875, 498.8831787109375, 0.5920827388763428], [0, 432.9822998046875, 605.6445922851562, 457.44580078125, 631.3366088867188, 0.5806416869163513], [0, 3.3931546211242676, 129.09619140625, 19.057315826416016, 150.21820068359375, 0.5779741406440735], [0, 128.2316436767578, 125.74169921875, 141.8153533935547, 144.48171997070312, 0.5281078219413757], [0, 173.42831420898438, 188.33535766601562, 188.99111938476562, 211.03433227539062, 0.466545432806015], [3, 511.38934326171875, 508.56280517578125, 560.7276000976562, 536.2140502929688, 0.4614572525024414], [0, 74.67911529541016, 30.181583404541016, 87.21822357177734, 45.74332809448242, 0.4205589294433594]]}