{"clean": [[0, 293.9744873046875, 131.22640991210938, 327.834228515625, 159.01895141601562, 0.8084115982055664], [0, 293.7760009765625, 154.23968505859375, 327.464599609375, 182.42236328125, 0.8050405383110046], [0, 92.55387878417969, 32.1536865234375, 129.86903381347656, 59.03462219238281, 0.7860625386238098], [0, 61.31382751464844, 178.7678985595703, 98.31388854980469, 209.68763732910156, 0.7587504386901855], [0, 298.4224853515625, 0.0, 327.7374267578125, 9.217741012573242, 0.718010663986206], [0, 107.67144775390625, 0.0, 137.94253540039062, 13.361839294433594, 0.68887859582901], [0, 0.0, 535.270263671875, 28.383426666259766, 572.96875, 0.6409221291542053], [0, 287.7685546875, 250.86976623535156, 326.9903564453125, 280.6251220703125, 0.6163753867149353], [4, 20.254581451416016, 380.9625549316406, 38.5920524597168, 392.3968200683594, 0.5502418279647827], [4, 31.2459774017334, 366.1046142578125, 48.666709899902344, 378.82080078125, 0.5441411137580872], [4, 40.84647750854492, 323.24224853515625, 57.57307052612305, 334.49700927734375, 0.36207395792007446], [0, 381.38665771484375, 75.82035827636719, 409.51959228515625, 99.54463195800781, 0.3434554636478424], [0, 278.26800537109375, 475.59893798828125, 327.71112060546875, 498.25103759765625, 0.34267616271972656], [4, 299.24603271484375, 106.5950927734375, 315.36187744140625, 117.841796875, 0.3097597360610962], [0, 292.2694091796875, 82.84660339355469, 323.5928955078125, 108.40080261230469, 0.3075443208217621]], "patched": [[0, 294.0560302734375, 131.449462890625, 327.62890625, 158.82989501953125, 0.7960208654403687], [0, 0.044971466064453125, 535.332275390625, 28.136531829833984, 573.183349609375, 0.7939541339874268], [0, 293.84759521484375, 154.90304565429688, 327.37933349609375, 182.37210083007812, 0.7777357697486877], [0, 92.61666870117188, 32.22120666503906, 129.13694763183594, 58.991302490234375, 0.7500441074371338], [0, 298.4245300292969, 0.0, 327.7275695800781, 9.20328140258789, 0.7273007035255432], [0, 107.62060546875, 0.0, 138.0069580078125, 13.354156494140625, 0.6774212718009949], [4, 20.195022583007812, 380.94110107421875, 38.684181213378906, 392.43182373046875, 0.5495555996894836], [4, 30.923297882080078, 365.998779296875, 48.666255950927734, 378.8419189453125, 0.5342413783073425], [0, 61.39881896972656, 179.21823120117188, 98.33779907226562, 209.70062255859375, 0.4705757796764374], [4, 40.838958740234375, 323.1999816894531, 57.607147216796875, 334.5150451660156, 0.357345849275589], [4, 299.28521728515625, 106.70948791503906, 315.30706787109375, 117.85401916503906, 0.33097928762435913], [0, 279.09320068359375, 463.9610290527344, 327.60516357421875, 497.9599304199219, 0.3196592330932617], [0, 293.5999450683594, 84.98347473144531, 323.3630065917969, 108.52525329589844, 0.2996641993522644]]}