{"clean": [[3, 414.03857421875, 193.63003540039062, 435.6331787109375, 262.2995910644531, 0.8909875154495239], [3, 384.16998291015625, 66.94351196289062, 413.31683349609375, 148.541015625, 0.8592153787612915], [3, 355.80853271484375, 0.048206329345703125, 383.06085205078125, 46.96900939941406, 0.8556048274040222], [0, 339.84771728515625, 92.5035400390625, 352.26947021484375, 121.541259765625, 0.7789682149887085], [1, 266.38031005859375, 54.1529541015625, 276.85675048828125, 78.94281005859375, 0.7630188465118408], [0, 221.64022827148438, 596.52880859375, 242.67929077148438, 639.834716796875, 0.7414049506187439], [0, 222.43844604492188, 474.878662109375, 239.25204467773438, 504.7528076171875, 0.6378448009490967], [0, 219.83839416503906, 449.5762634277344, 240.0999298095703, 504.6363220214844, 0.5180454254150391], [3, 160.52349853515625, 546.216796875, 201.8935546875, 640.0, 0.4900524318218231], [0, 333.7264099121094, 223.60397338867188, 348.6348571777344, 258.90679931640625, 0.47072744369506836], [0, 437.4154357910156, 261.84857177734375, 460.0730285644531, 294.72698974609375, 0.3758229911327362], [0, 333.9580078125, 207.381103515625, 348.729736328125, 258.487548828125, 0.26016589999198914]], "patched": [[3, 414.0389709472656, 193.63076782226562, 435.6316833496094, 262.3024597167969, 0.8908118605613708], [3, 384.1689758300781, 66.94198608398438, 413.3189392089844, 148.54205322265625, 0.8592617511749268], [3, 355.80584716796875, 0.04869842529296875, 383.06256103515625, 46.9736442565918, 0.8553849458694458], [0, 339.845947265625, 92.50190734863281, 352.27069091796875, 121.54216003417969, 0.7789568305015564], [1, 266.380615234375, 54.15259552001953, 276.857421875, 78.94355010986328, 0.7628000974655151], [0, 221.67396545410156, 596.7074584960938, 242.35716247558594, 639.8986206054688, 0.724429726600647], [0, 222.45675659179688, 475.0047607421875, 239.25259399414062, 504.76556396484375, 0.6369893550872803], [0, 219.833984375, 449.5731201171875, 240.08984375, 504.6494140625, 0.49355342984199524], [0, 333.73712158203125, 223.52978515625, 348.62652587890625, 258.90716552734375, 0.4622964560985565], [3, 160.5269775390625, 546.2167358398438, 201.91796875, 640.0, 0.45345884561538696], [0, 437.41162109375, 261.84942626953125, 460.03955078125, 294.70648193359375, 0.37222304940223694], [0, 333.965576171875, 207.70675659179688, 348.720703125, 258.48956298828125, 0.2561049163341522]]}