{"clean": [[0, 370.10699462890625, 393.34765625, 405.81292724609375, 421.08544921875, 0.8195345401763916], [0, 321.4810791015625, 385.02166748046875, 352.0235595703125, 416.23968505859375, 0.6640290021896362], [0, 134.5740966796875, 431.45404052734375, 174.47601318359375, 460.20025634765625, 0.6525387763977051], [0, 505.5711364746094, 580.74169921875, 530.6263427734375, 633.825927734375, 0.6368513107299805], [0, 0.0, 334.9195861816406, 17.493030548095703, 364.8665466308594, 0.549041748046875], [0, 464.70062255859375, 395.793212890625, 503.46435546875, 427.19677734375, 0.2948521375656128]], "patched": [[0, 370.1312255859375, 393.33111572265625, 405.76019287109375, 421.10137939453125, 0.8208007216453552], [0, 321.531005859375, 385.0235595703125, 352.0294189453125, 416.18292236328125, 0.7485395669937134], [0, 0.025274276733398438, 336.2936096191406, 17.370681762695312, 365.0268859863281, 0.584078311920166], [0, 134.62826538085938, 431.51416015625, 174.37380981445312, 461.41552734375, 0.49929237365722656], [0, 488.4119873046875, 576.19921875, 507.40570068359375, 613.694091796875, 0.4536733329296112], [0, 506.1773986816406, 580.88330078125, 525.9925537109375, 614.732177734375, 0.4405826926231384]]}