{"clean": [[0, 303.2857971191406, 217.07321166992188, 314.7380065917969, 257.3472595214844, 0.841334342956543], [0, 265.4429931640625, 250.24560546875, 278.662109375, 292.9964599609375, 0.8166995048522949], [0, 282.368408203125, 269.33056640625, 295.26226806640625, 310.74481201171875, 0.7708045840263367], [0, 313.0472717285156, 83.61064147949219, 323.6201477050781, 113.72541809082031, 0.7134473919868469], [0, 456.0210876464844, 165.97622680664062, 478.4748840332031, 184.37503051757812, 0.7082837224006653], [0, 452.82586669921875, 187.23263549804688, 476.64178466796875, 209.43429565429688, 0.5672516226768494], [0, 385.97064208984375, 329.94573974609375, 399.49749755859375, 380.75946044921875, 0.391318678855896], [0, 320.6637268066406, 0.01813220977783203, 329.3811950683594, 4.285243988037109, 0.27987557649612427]], "patched": [[0, 265.47271728515625, 250.10049438476562, 278.60308837890625, 292.9694519042969, 0.7746739387512207], [0, 303.2633056640625, 218.32476806640625, 314.33782958984375, 257.4162292480469, 0.7507078647613525], [0, 282.40185546875, 269.03118896484375, 295.1719970703125, 310.45416259765625, 0.7379688024520874], [0, 313.0048522949219, 83.76237487792969, 323.3987731933594, 113.92195129394531, 0.7369006872177124], [0, 456.0309143066406, 165.9756317138672, 478.4857482910156, 184.3523406982422, 0.7177190184593201], [0, 452.8193359375, 187.21405029296875, 476.6409912109375, 209.433837890625, 0.5581918954849243], [0, 386.7981872558594, 330.00146484375, 399.0749206542969, 381.528564453125, 0.49421432614326477], [0, 387.1522216796875, 354.0421447753906, 397.9893798828125, 381.5609436035156, 0.48623985052108765], [0, 320.66119384765625, 0.01814126968383789, 329.41387939453125, 4.2904953956604, 0.3101232051849365]]}