{"clean": [[0, 57.74726867675781, 536.334716796875, 93.47377014160156, 588.7027587890625, 0.8409273028373718], [0, 150.64425659179688, 349.047119140625, 166.69754028320312, 390.568115234375, 0.8225283622741699], [0, 9.945697784423828, 593.6795654296875, 50.1258544921875, 640.0, 0.8132749795913696], [0, 138.11195373535156, 402.2825622558594, 163.8737030029297, 443.9234924316406, 0.7838073372840881], [3, 157.55853271484375, 79.84721374511719, 198.5594482421875, 118.19017028808594, 0.7703962922096252], [0, 118.98663330078125, 291.3865661621094, 150.56549072265625, 343.6153259277344, 0.7579469084739685], [0, 357.33929443359375, 344.0374755859375, 374.35260009765625, 388.8050537109375, 0.7546151280403137], [0, 334.5191650390625, 160.804443359375, 349.0787353515625, 193.65606689453125, 0.7223243117332458], [0, 125.2707290649414, 78.15083312988281, 139.52755737304688, 91.18278503417969, 0.6494147181510925], [0, 8.40981674194336, 132.04776000976562, 31.47223663330078, 149.99209594726562, 0.633453905582428], [0, 343.55841064453125, 248.4068145751953, 356.78619384765625, 274.83355712890625, 0.6226807236671448], [0, 76.42527770996094, 53.20177459716797, 88.1812744140625, 65.8682632446289, 0.6080766320228577], [0, 97.58467102050781, 467.131591796875, 134.2821807861328, 526.4111328125, 0.5863130688667297], [0, 86.32794189453125, 57.8332405090332, 98.638427734375, 70.30839538574219, 0.5033286213874817], [0, 4.344890594482422, 125.22398376464844, 25.08209991455078, 144.24916076660156, 0.43969210982322693]], "patched": [[0, 150.72747802734375, 349.13134765625, 166.6094970703125, 390.5465087890625, 0.8149888515472412], [0, 138.29710388183594, 402.48101806640625, 163.8423309326172, 443.85247802734375, 0.7842158079147339], [3, 157.52096557617188, 79.82070922851562, 198.50137329101562, 118.20025634765625, 0.7687293291091919], [0, 357.5303649902344, 344.23272705078125, 373.9430236816406, 388.7752685546875, 0.7652918696403503], [0, 334.60211181640625, 160.71737670898438, 349.03533935546875, 193.59829711914062, 0.7263497710227966], [0, 125.25936126708984, 78.14788818359375, 139.54940795898438, 91.20172119140625, 0.6476378440856934], [0, 58.24681091308594, 556.138671875, 82.88589477539062, 589.64453125, 0.6464549899101257], [0, 8.599536895751953, 132.0166015625, 31.495891571044922, 150.03158569335938, 0.634363055229187], [0, 343.5889892578125, 248.40057373046875, 356.77459716796875, 274.75531005859375, 0.6214682459831238], [0, 76.40409851074219, 53.197731018066406, 88.14512634277344, 65.87889862060547, 0.6119061708450317], [0, 57.9342155456543, 536.1380615234375, 92.84184265136719, 588.9207763671875, 0.6023346781730652], [3, 0.0, 516.494873046875, 45.69770050048828, 587.411865234375, 0.5750110745429993], [0, 119.04026794433594, 293.0679931640625, 148.97386169433594, 343.64306640625, 0.5657342076301575], [0, 9.173851013183594, 593.2656860351562, 49.73475646972656, 640.0, 0.5069491863250732], [0, 86.30340576171875, 57.803138732910156, 98.634521484375, 70.32207489013672, 0.502608060836792], [0, 4.368354797363281, 125.1834716796875, 25.09933853149414, 144.31570434570312, 0.43436184525489807], [0, 97.71879577636719, 467.22637939453125, 134.22512817382812, 526.4978637695312, 0.4214291572570801], [1, 9.742263793945312, 593.564453125, 50.004615783691406, 640.0, 0.3560681641101837], [0, 118.75589752197266, 310.55450439453125, 143.97000122070312, 343.61785888671875, 0.35475149750709534], [0, 66.94833374023438, 536.468017578125, 92.65426635742188, 570.418212890625, 0.3513348698616028]]}