{"clean": [[0, 381.2845458984375, 29.581315994262695, 397.0738525390625, 46.3214111328125, 0.8215796947479248], [1, 311.52093505859375, 204.172607421875, 321.21173095703125, 235.49261474609375, 0.7883076667785645], [0, 377.10516357421875, 58.260746002197266, 390.29400634765625, 77.73391723632812, 0.7842378616333008], [3, 228.77645874023438, 421.69110107421875, 243.10128784179688, 460.96807861328125, 0.7822542190551758], [1, 253.60519409179688, 224.27720642089844, 263.2503967285156, 253.14283752441406, 0.7720207571983337], [0, 354.945556640625, 70.71138000488281, 367.4991455078125, 90.53782653808594, 0.7539545297622681], [0, 367.85858154296875, 47.35700988769531, 380.15228271484375, 65.53907012939453, 0.732559323310852], [0, 289.70758056640625, 184.72732543945312, 297.56549072265625, 214.49130249023438, 0.7296574711799622], [1, 277.1649169921875, 207.50537109375, 286.21875, 237.0654296875, 0.7151045203208923], [0, 290.5347900390625, 600.7930908203125, 303.7396240234375, 640.0, 0.7069031596183777], [0, 312.0829772949219, 290.6067810058594, 321.2255554199219, 324.5146789550781, 0.6672656536102295], [1, 251.76150512695312, 100.82672119140625, 261.2356262207031, 127.33685302734375, 0.646681010723114], [1, 250.20822143554688, 4.7230072021484375, 257.41497802734375, 27.284748077392578, 0.6436572670936584], [1, 279.980712890625, 118.39019775390625, 288.2296142578125, 148.31610107421875, 0.610002338886261], [0, 299.6568603515625, 359.5307922363281, 310.28240966796875, 394.7796936035156, 0.5954428315162659], [0, 309.5682373046875, 419.72796630859375, 320.8509521484375, 460.19268798828125, 0.5941354632377625], [0, 19.34459114074707, 459.4160461425781, 50.92744445800781, 485.8204650878906, 0.5389764308929443], [1, 309.59796142578125, 420.352783203125, 320.98828125, 460.5877685546875, 0.5133163332939148], [0, 490.516357421875, 16.322998046875, 511.9678955078125, 26.99759292602539, 0.4862269461154938], [1, 43.523155212402344, 410.902587890625, 73.39105224609375, 433.1119384765625, 0.4699682593345642], [0, 33.54608917236328, 479.3792419433594, 66.20465850830078, 506.3716125488281, 0.4067001938819885], [0, 0.00745391845703125, 610.4171142578125, 19.399150848388672, 637.6763916015625, 0.39841535687446594], [4, 277.96893310546875, 0.0, 280.99560546875, 3.977022171020508, 0.37439456582069397], [0, 312.43145751953125, 304.864990234375, 321.27703857421875, 324.69976806640625, 0.31665363907814026]], "patched": [[0, 381.28338623046875, 29.58115577697754, 397.07415771484375, 46.32103729248047, 0.8213454484939575], [1, 311.52349853515625, 204.17477416992188, 321.2076416015625, 235.48788452148438, 0.7884607315063477], [3, 228.79147338867188, 421.69866943359375, 243.09866333007812, 460.96649169921875, 0.7854037284851074], [0, 377.1053466796875, 58.267860412597656, 390.2900390625, 77.73340606689453, 0.7840831279754639], [1, 253.60848999023438, 224.27957153320312, 263.2484436035156, 253.13717651367188, 0.7722176313400269], [0, 290.57012939453125, 600.8558959960938, 303.68121337890625, 640.0, 0.760181188583374], [0, 354.9449462890625, 70.71147155761719, 367.4991455078125, 90.53785705566406, 0.7535883784294128], [0, 367.8580322265625, 47.358253479003906, 380.15234375, 65.53862762451172, 0.7322671413421631], [0, 289.70947265625, 184.72752380371094, 297.5631103515625, 214.49024963378906, 0.7294215559959412], [1, 277.16729736328125, 207.5077667236328, 286.2156982421875, 237.06040954589844, 0.716650664806366], [0, 312.08636474609375, 290.60784912109375, 321.22088623046875, 324.50799560546875, 0.6654568314552307], [1, 251.76217651367188, 100.82707214355469, 261.2346496582031, 127.33686828613281, 0.6462858319282532], [1, 250.208740234375, 4.7237396240234375, 257.41497802734375, 27.285011291503906, 0.6436066627502441], [1, 279.9815368652344, 118.39060974121094, 288.2289123535156, 148.31544494628906, 0.6105337738990784], [0, 299.66180419921875, 359.532470703125, 310.27532958984375, 394.775390625, 0.5917508602142334], [0, 309.5743408203125, 419.734619140625, 320.843017578125, 460.1844482421875, 0.585780143737793], [0, 0.014284133911132812, 610.002197265625, 19.711624145507812, 637.79443359375, 0.5733526349067688], [1, 309.6063232421875, 420.3593444824219, 320.9810791015625, 460.5833435058594, 0.5197896361351013], [0, 490.51580810546875, 16.320594787597656, 511.9747314453125, 27.000751495361328, 0.4854190945625305], [0, 33.55657196044922, 479.32391357421875, 66.52088165283203, 506.146728515625, 0.44841140508651733], [4, 277.9688720703125, 0.0, 280.9957275390625, 3.9765310287475586, 0.3740120232105255], [0, 312.435546875, 304.90399169921875, 321.2716064453125, 324.69464111328125, 0.3189544975757599]]}