{"clean": [[0, 494.3832702636719, 409.01715087890625, 604.257568359375, 499.7666015625, 0.9317118525505066], [0, 170.94061279296875, 540.55126953125, 268.4080810546875, 607.980224609375, 0.901056706905365], [0, 378.4369201660156, 297.6479187011719, 471.2720031738281, 407.2678527832031, 0.8980918526649475], [0, 305.64288330078125, 331.79949951171875, 357.48760986328125, 454.98919677734375, 0.8899444341659546], [0, 142.86734008789062, 376.69012451171875, 199.98892211914062, 499.13519287109375, 0.8737692832946777], [0, 25.801471710205078, 495.9637451171875, 125.72587585449219, 619.10595703125, 0.8679941296577454], [0, 245.3704833984375, 365.5850830078125, 297.40972900390625, 491.36083984375, 0.8581742644309998], [0, 0.0, 393.97637939453125, 44.471473693847656, 457.24468994140625, 0.8360905647277832], [0, 343.81109619140625, 412.65679931640625, 400.83221435546875, 542.2681274414062, 0.8335987329483032], [0, 214.04244995117188, 9.50958251953125, 252.76272583007812, 121.4111328125, 0.8113175630569458], [0, 55.30650329589844, 0.11734771728515625, 102.3466796875, 65.50489807128906, 0.7672227025032043], [0, 300.8109130859375, 158.15142822265625, 344.9951171875, 276.51849365234375, 0.6419521570205688], [0, 317.6520080566406, 1.555145263671875, 356.6143493652344, 117.428466796875, 0.49067819118499756], [4, 439.24853515625, 120.58721923828125, 457.0938720703125, 158.31439208984375, 0.4683358669281006], [0, 269.30499267578125, 619.2484741210938, 385.933349609375, 640.0, 0.4437883794307709], [0, 268.1549987792969, 625.421142578125, 386.4295349121094, 640.0, 0.3808421492576599], [1, 0.0, 0.8625335693359375, 56.90273666381836, 117.53102111816406, 0.32655638456344604], [2, 0.0, 228.2705841064453, 102.70123291015625, 399.51287841796875, 0.26172196865081787], [0, 255.99246215820312, 628.55419921875, 336.5114440917969, 640.0, 0.258758544921875]], "patched": [[0, 494.39239501953125, 409.0762939453125, 604.3396606445312, 499.768798828125, 0.9231720566749573], [0, 171.00381469726562, 540.5181274414062, 268.6299743652344, 608.1664428710938, 0.8880634307861328], [0, 305.808837890625, 332.20135498046875, 357.4244384765625, 454.83135986328125, 0.8635300397872925], [0, 344.66363525390625, 412.4027099609375, 401.17236328125, 541.9093627929688, 0.8633596897125244], [0, 245.6622314453125, 365.6356201171875, 297.20526123046875, 491.01123046875, 0.8587931990623474], [0, 142.97732543945312, 377.4029541015625, 199.62661743164062, 498.668212890625, 0.8551325798034668], [0, 213.92945861816406, 10.046890258789062, 252.59703063964844, 120.98905944824219, 0.7994359135627747], [0, 0.0, 394.0648193359375, 45.82905578613281, 455.355712890625, 0.7797759771347046], [0, 300.659423828125, 158.17770385742188, 344.96728515625, 276.40655517578125, 0.7762439846992493], [0, 53.119319915771484, 0.125335693359375, 102.6175537109375, 65.38720703125, 0.7054473161697388], [0, 378.4833679199219, 297.81182861328125, 470.8016052246094, 406.90826416015625, 0.5798569917678833], [0, 27.17110824584961, 495.5492248535156, 126.11773681640625, 615.4769287109375, 0.5546053051948547], [0, 318.7059326171875, 3.4990463256835938, 355.1146240234375, 92.18467712402344, 0.44913387298583984], [4, 439.2694091796875, 120.75494384765625, 457.06695556640625, 158.28952026367188, 0.38475003838539124], [0, 257.60076904296875, 628.0097045898438, 338.6212158203125, 640.0, 0.29138514399528503], [2, 0.0, 224.53509521484375, 102.47135925292969, 400.4805908203125, 0.26626279950141907], [1, 0.0, 0.8713607788085938, 57.06122970581055, 117.71385955810547, 0.2503504455089569]]}