{"clean": [[0, 364.1790771484375, 428.52777099609375, 416.7432861328125, 541.7931518554688, 0.9214988946914673], [2, 398.037109375, 330.8504333496094, 551.9078979492188, 424.2868957519531, 0.7755517363548279], [4, 327.88775634765625, 413.97381591796875, 344.76593017578125, 461.418701171875, 0.7522419691085815], [1, 272.7035217285156, 405.4339294433594, 316.6569519042969, 493.0724182128906, 0.7358481884002686], [4, 107.05491638183594, 305.228759765625, 137.06968688964844, 330.70233154296875, 0.6572079062461853]], "patched": [[0, 364.287353515625, 428.6124267578125, 416.1356201171875, 541.7666015625, 0.8901619911193848], [2, 398.10870361328125, 330.84063720703125, 551.827880859375, 424.29180908203125, 0.774448812007904], [4, 327.94488525390625, 414.0317687988281, 344.7801513671875, 461.4586486816406, 0.7416356205940247], [4, 107.00389099121094, 305.0498046875, 137.0775146484375, 330.7392578125, 0.650702714920044], [2, 272.83636474609375, 405.6324462890625, 316.79193115234375, 492.752685546875, 0.3513329029083252], [0, 272.637939453125, 405.6389465332031, 316.762451171875, 492.8483581542969, 0.31248074769973755], [1, 272.7586669921875, 405.47113037109375, 316.65802001953125, 492.82806396484375, 0.2817976474761963]]}