{"clean": [[0, 0.0, 81.6082763671875, 60.285247802734375, 147.31454467773438, 0.8332341313362122], [4, 228.5955810546875, 570.8822631835938, 285.2469482421875, 633.3801879882812, 0.5268740057945251]], "patched": [[4, 228.596435546875, 570.5318603515625, 285.268310546875, 633.4306640625, 0.5081071853637695], [0, 0.0, 82.0987548828125, 60.881591796875, 149.5530548095703, 0.4113599359989166]]}