{"clean": [[0, 63.6197624206543, 521.6319580078125, 118.60755920410156, 568.3385009765625, 0.9035672545433044], [0, 131.35592651367188, 530.7781982421875, 182.65853881835938, 580.0430908203125, 0.8913660049438477], [0, 472.9247131347656, 291.092529296875, 498.6178894042969, 310.425048828125, 0.8442762494087219], [2, 389.47723388671875, 287.44232177734375, 420.76837158203125, 316.79095458984375, 0.8181015253067017], [2, 302.17706298828125, 196.07583618164062, 324.29913330078125, 226.28997802734375, 0.7950334548950195], [2, 417.9454650878906, 342.0821838378906, 452.5376281738281, 396.7911682128906, 0.7853010892868042], [2, 503.84332275390625, 425.5607604980469, 562.1486206054688, 504.5878601074219, 0.7823492288589478], [1, 254.9833984375, 407.8066101074219, 276.44427490234375, 446.3794250488281, 0.7535513043403625], [1, 321.74444580078125, 219.1455841064453, 334.24627685546875, 236.87721252441406, 0.6710624694824219], [2, 184.928955078125, 339.26739501953125, 227.55712890625, 369.50482177734375, 0.601416826248169], [1, 385.22821044921875, 274.7900695800781, 397.30230712890625, 291.7695617675781, 0.5388906002044678], [2, 256.84356689453125, 172.6885986328125, 272.80499267578125, 191.85455322265625, 0.4767369329929352], [1, 359.27099609375, 254.63995361328125, 372.43011474609375, 272.17645263671875, 0.46062958240509033], [0, 470.11895751953125, 357.3568115234375, 496.4820556640625, 383.064208984375, 0.4492713510990143], [0, 207.78240966796875, 180.76242065429688, 218.0216064453125, 191.95657348632812, 0.4491462707519531], [1, 470.0814208984375, 357.1761474609375, 496.78173828125, 382.9849853515625, 0.41383200883865356], [0, 627.781005859375, 500.7958984375, 640.0, 536.8260498046875, 0.4071384072303772], [0, 625.04736328125, 500.1221923828125, 640.0, 542.9930419921875, 0.40163299441337585], [1, 302.717041015625, 233.97964477539062, 322.1993408203125, 255.49307250976562, 0.38797175884246826], [0, 385.06329345703125, 274.59344482421875, 397.96148681640625, 291.88787841796875, 0.38575243949890137]], "patched": [[0, 472.78680419921875, 291.1097412109375, 498.61907958984375, 310.3544921875, 0.8346807956695557], [2, 389.47479248046875, 287.44000244140625, 420.77520751953125, 316.78717041015625, 0.81879061460495], [2, 302.1857604980469, 196.13661193847656, 324.3019714355469, 226.28404235839844, 0.7944865226745605], [2, 417.9549560546875, 342.0797119140625, 452.5601806640625, 396.8189697265625, 0.7883382439613342], [2, 503.8314208984375, 425.57305908203125, 562.1453857421875, 504.57977294921875, 0.7821208238601685], [0, 63.854217529296875, 521.6031494140625, 118.68609619140625, 568.3916015625, 0.7527176141738892], [1, 254.9700927734375, 407.8072509765625, 276.45147705078125, 446.3658447265625, 0.7500563859939575], [0, 131.20892333984375, 530.8659057617188, 182.69232177734375, 580.0863647460938, 0.7218514084815979], [1, 321.7437744140625, 219.1488494873047, 334.24560546875, 236.8761749267578, 0.6644854545593262], [2, 184.89608764648438, 339.260009765625, 227.56845092773438, 369.51220703125, 0.6006686091423035], [1, 385.224365234375, 274.7884521484375, 397.3231201171875, 291.772705078125, 0.539423942565918], [2, 256.85076904296875, 172.70343017578125, 272.8094482421875, 191.84771728515625, 0.47493886947631836], [0, 470.11724853515625, 357.3551025390625, 496.49249267578125, 383.0748291015625, 0.45395925641059875], [1, 359.27020263671875, 254.63430786132812, 372.5987548828125, 272.1770324707031, 0.45234736800193787], [0, 207.77713012695312, 180.76083374023438, 218.02951049804688, 191.95877075195312, 0.449016273021698], [0, 624.8795166015625, 500.0965576171875, 640.0, 543.123779296875, 0.4087141156196594], [1, 470.0828857421875, 357.172119140625, 496.78125, 382.989013671875, 0.4060068130493164], [0, 627.5955810546875, 500.7606506347656, 640.0, 536.8868408203125, 0.40560612082481384], [1, 302.69244384765625, 233.99838256835938, 322.20440673828125, 255.47805786132812, 0.39932772517204285], [0, 385.05908203125, 274.5909423828125, 397.9898681640625, 291.89013671875, 0.38330939412117004]]}