{"clean": [[0, 463.3902587890625, 534.03125, 507.1063232421875, 613.877197265625, 0.8796186447143555], [0, 455.64471435546875, 366.056396484375, 489.77337646484375, 422.787353515625, 0.8600592613220215], [0, 400.2099609375, 532.0318603515625, 437.7025146484375, 612.8634033203125, 0.8600159287452698], [1, 439.77276611328125, 435.4770202636719, 470.78277587890625, 498.2272033691406, 0.8587466478347778], [1, 377.61737060546875, 399.51702880859375, 403.277099609375, 452.92095947265625, 0.8522700667381287], [0, 237.24053955078125, 251.3428497314453, 254.81719970703125, 282.75396728515625, 0.8301937580108643], [1, 74.18817138671875, 351.43646240234375, 111.4322509765625, 410.260009765625, 0.8022034764289856], [0, 303.11297607421875, 229.98519897460938, 315.73876953125, 252.75588989257812, 0.7948423027992249], [0, 359.2900390625, 314.38006591796875, 379.72857666015625, 351.3724365234375, 0.7803492546081543], [0, 260.22021484375, 263.51580810546875, 276.0352783203125, 296.24383544921875, 0.7275713682174683], [0, 251.74322509765625, 209.0162353515625, 266.62957763671875, 233.92526245117188, 0.7012497782707214], [1, 511.6910400390625, 405.28155517578125, 537.1805419921875, 468.54144287109375, 0.6087729334831238], [0, 341.2116394042969, 148.96136474609375, 351.8893127441406, 164.5810546875, 0.5772508978843689], [0, 290.8385925292969, 69.42820739746094, 296.5491027832031, 76.7364501953125, 0.5010353326797485], [4, 342.14312744140625, 220.61817932128906, 348.12774658203125, 234.98887634277344, 0.495265394449234], [1, 312.07354736328125, 106.10923767089844, 318.81488037109375, 116.29307556152344, 0.4506438970565796], [0, 333.23077392578125, 96.4724349975586, 340.7294921875, 106.53533172607422, 0.4197121560573578], [0, 278.7314147949219, 59.992401123046875, 285.0982360839844, 67.26565551757812, 0.32740646600723267], [0, 252.8898162841797, 146.53451538085938, 264.02996826171875, 160.95236206054688, 0.31630274653434753], [0, 313.4638671875, 63.44832229614258, 318.6243896484375, 70.34446716308594, 0.27773317694664], [0, 255.34176635742188, 138.1436767578125, 265.9314880371094, 151.770751953125, 0.2508522868156433]], "patched": [[1, 439.8450927734375, 435.56591796875, 470.8148193359375, 498.2239990234375, 0.8595772981643677], [0, 455.5625915527344, 366.07574462890625, 489.4067687988281, 421.71142578125, 0.8559845089912415], [1, 377.5582275390625, 399.46978759765625, 403.3197021484375, 452.90020751953125, 0.8520424962043762], [0, 237.26629638671875, 251.2882537841797, 254.91192626953125, 283.32452392578125, 0.8236901760101318], [0, 400.413818359375, 530.8408203125, 437.90460205078125, 612.998046875, 0.8169095516204834], [1, 74.14218139648438, 351.4216003417969, 111.45758056640625, 410.3172302246094, 0.8039193153381348], [0, 303.0437316894531, 229.9532012939453, 315.7842102050781, 252.7887420654297, 0.7834247350692749], [0, 463.71893310546875, 530.81640625, 507.16595458984375, 613.72412109375, 0.77097088098526], [0, 251.70266723632812, 208.9737548828125, 266.6685485839844, 233.9915771484375, 0.6952199339866638], [0, 260.3140563964844, 263.44525146484375, 275.9375915527344, 296.57830810546875, 0.6703636646270752], [1, 511.71148681640625, 404.86785888671875, 537.2514038085938, 468.41412353515625, 0.6082478761672974], [0, 341.1875, 148.93345642089844, 351.9437255859375, 164.5932159423828, 0.5750309824943542], [0, 359.2652893066406, 312.26861572265625, 379.3749084472656, 351.36053466796875, 0.5054419636726379], [1, 359.37103271484375, 312.417236328125, 379.559814453125, 351.529052734375, 0.5006155967712402], [0, 290.83074951171875, 69.40859985351562, 296.55877685546875, 76.74517822265625, 0.49826765060424805], [4, 342.116455078125, 220.57754516601562, 348.165283203125, 235.00210571289062, 0.4970298409461975], [1, 312.0534362792969, 106.07152557373047, 318.8334655761719, 116.31710052490234, 0.4559936225414276], [0, 333.2132873535156, 96.35743713378906, 340.7598571777344, 106.54301452636719, 0.418748676776886], [1, 463.84710693359375, 530.4818725585938, 507.30926513671875, 614.0371704101562, 0.3964552581310272], [0, 278.71990966796875, 59.97575378417969, 285.10858154296875, 67.27503204345703, 0.32588404417037964], [0, 252.870361328125, 146.46786499023438, 264.08721923828125, 160.97430419921875, 0.3142547011375427], [0, 313.456787109375, 63.43559265136719, 318.6353759765625, 70.35586547851562, 0.2803109586238861], [0, 255.4117431640625, 138.48458862304688, 265.81103515625, 151.80966186523438, 0.25208526849746704]]}