{"clean": [[0, 323.40576171875, 241.62673950195312, 335.838623046875, 261.2070007324219, 0.807732105255127], [0, 340.0535888671875, 227.98825073242188, 351.171142578125, 247.08126831054688, 0.7929919958114624], [0, 374.6313781738281, 192.16122436523438, 386.3949890136719, 212.14529418945312, 0.789704442024231], [0, 328.48321533203125, 155.04620361328125, 337.71270751953125, 168.643310546875, 0.788120448589325], [0, 322.02960205078125, 100.07654571533203, 329.99517822265625, 110.86315155029297, 0.786149263381958], [0, 325.76519775390625, 127.92485046386719, 334.50933837890625, 140.82090759277344, 0.7552659511566162], [0, 385.966064453125, 295.08050537109375, 401.238037109375, 326.21246337890625, 0.7549031972885132], [0, 312.8193359375, 171.62997436523438, 325.161376953125, 189.39663696289062, 0.7539002299308777], [0, 424.7191467285156, 536.5771484375, 451.8288269042969, 613.6417236328125, 0.7500227689743042], [0, 320.90350341796875, 77.41950225830078, 328.93194580078125, 86.61238861083984, 0.7024396061897278], [0, 287.29559326171875, 52.971343994140625, 296.43707275390625, 64.2706069946289, 0.6770750880241394], [0, 374.61761474609375, 101.39059448242188, 385.07525634765625, 114.69087219238281, 0.6629200577735901], [0, 331.2762451171875, 98.9693603515625, 339.008544921875, 109.41897583007812, 0.6616859436035156], [3, 0.0, 327.1263732910156, 47.47930145263672, 360.4862365722656, 0.6562066078186035], [0, 321.62176513671875, 50.38328552246094, 330.93829345703125, 61.48329162597656, 0.5779832005500793], [0, 311.3333740234375, 78.88707733154297, 320.8436279296875, 91.81465911865234, 0.5398179292678833], [3, 3.5035018920898438, 313.4002990722656, 62.86846923828125, 340.4427185058594, 0.5356171131134033], [0, 339.3656921386719, 118.495361328125, 347.1628112792969, 130.69564819335938, 0.4056919515132904], [3, 278.4217224121094, 504.9143981933594, 306.6730651855469, 594.6632080078125, 0.3296568989753723]], "patched": [[0, 323.4754943847656, 241.66470336914062, 335.7480163574219, 261.14886474609375, 0.8116036057472229], [0, 340.1395568847656, 228.03204345703125, 351.0517883300781, 247.061767578125, 0.7961795330047607], [0, 374.68011474609375, 192.16094970703125, 386.37567138671875, 212.11981201171875, 0.7896996736526489], [0, 328.5069580078125, 155.0533447265625, 337.68988037109375, 168.63101196289062, 0.7886114716529846], [0, 322.0382995605469, 100.08334350585938, 329.9867248535156, 110.85971069335938, 0.7869972586631775], [0, 386.11419677734375, 295.13970947265625, 401.15008544921875, 326.20123291015625, 0.7586572766304016], [0, 325.78265380859375, 127.92930603027344, 334.4990234375, 140.8166046142578, 0.7533968091011047], [0, 312.8582763671875, 171.63430786132812, 325.11602783203125, 189.36929321289062, 0.753062903881073], [0, 320.9160461425781, 77.42437744140625, 328.9179382324219, 86.60888671875, 0.7026711106300354], [0, 287.30157470703125, 52.961692810058594, 296.42889404296875, 64.27144622802734, 0.6759647130966187], [0, 331.29010009765625, 98.97315979003906, 339.00164794921875, 109.41554260253906, 0.6637877225875854], [0, 374.6295166015625, 101.38607788085938, 385.07098388671875, 114.68583679199219, 0.6601216197013855], [3, 0.0, 327.1307373046875, 47.50189971923828, 360.578369140625, 0.6451666951179504], [0, 321.6331481933594, 50.37999725341797, 330.9320373535156, 61.48236846923828, 0.5702540874481201], [0, 311.3457336425781, 78.8748779296875, 320.8404235839844, 91.81024169921875, 0.5375593900680542], [0, 425.5606994628906, 534.5601806640625, 451.7375793457031, 613.7490234375, 0.5254108309745789], [3, 3.4921417236328125, 313.41619873046875, 62.88397216796875, 340.57940673828125, 0.5055811405181885], [0, 339.37896728515625, 118.49932861328125, 347.16436767578125, 130.70172119140625, 0.40776053071022034], [3, 278.4257507324219, 506.21014404296875, 306.6213073730469, 594.6686401367188, 0.2727448642253876], [0, 278.50823974609375, 515.0164794921875, 306.39190673828125, 594.7857666015625, 0.2664981782436371]]}