{"clean": [[0, 255.34201049804688, 325.87200927734375, 271.1594543457031, 360.35015869140625, 0.8263697028160095], [0, 420.71160888671875, 583.6473999023438, 445.47283935546875, 628.6618041992188, 0.7888117432594299], [0, 298.8404235839844, 141.03912353515625, 309.0314636230469, 156.04522705078125, 0.7768599390983582], [0, 308.5581359863281, 185.27102661132812, 320.7646179199219, 214.89743041992188, 0.7480937838554382], [0, 473.86309814453125, 23.869792938232422, 481.26947021484375, 33.27443313598633, 0.7420108318328857], [3, 274.92156982421875, 115.87051391601562, 297.21771240234375, 172.32028198242188, 0.7353500127792358], [0, 481.0445556640625, 95.62796783447266, 490.641845703125, 107.50293731689453, 0.7240689992904663], [0, 274.6881103515625, 154.2896270751953, 288.5738525390625, 176.2317657470703, 0.6677065491676331], [2, 547.8098754882812, 341.2315979003906, 577.1149291992188, 383.9383239746094, 0.36720559000968933], [1, 547.80517578125, 341.46588134765625, 577.172119140625, 384.26812744140625, 0.28528860211372375]], "patched": [[0, 255.14263916015625, 324.52789306640625, 270.19708251953125, 360.251220703125, 0.8341332674026489], [0, 420.61468505859375, 580.8685302734375, 445.351806640625, 628.9642333984375, 0.784034013748169], [0, 298.8336486816406, 141.0392608642578, 309.0435485839844, 156.04893493652344, 0.7768215537071228], [0, 308.552978515625, 185.26608276367188, 320.774658203125, 214.90338134765625, 0.7460764646530151], [0, 473.859375, 23.865055084228516, 481.275146484375, 33.27725601196289, 0.7402748465538025], [3, 274.9169921875, 115.86294555664062, 297.2257080078125, 172.012939453125, 0.7337649464607239], [0, 481.03704833984375, 95.62364959716797, 490.64935302734375, 107.5040054321289, 0.7208580374717712], [0, 274.67572021484375, 154.32394409179688, 288.58941650390625, 176.23263549804688, 0.6676653027534485], [2, 547.7998657226562, 341.2283935546875, 577.1237182617188, 383.92315673828125, 0.37374624609947205], [1, 547.7935791015625, 341.46087646484375, 577.1788330078125, 384.23223876953125, 0.28112778067588806]]}