{"clean": [[0, 35.402252197265625, 602.861572265625, 76.8741226196289, 640.0, 0.8901466131210327], [1, 456.2601318359375, 19.554763793945312, 482.5916748046875, 41.65233612060547, 0.8682915568351746], [0, 445.62762451171875, 179.06085205078125, 479.04144287109375, 203.77679443359375, 0.8429746627807617], [0, 439.11297607421875, 236.13494873046875, 473.35797119140625, 262.5135498046875, 0.8364956378936768], [0, 447.1495056152344, 11.860906600952148, 468.7937316894531, 29.17732048034668, 0.8179378509521484], [0, 457.9027404785156, 59.814727783203125, 483.2930603027344, 80.72727966308594, 0.8045940399169922], [0, 126.787841796875, 45.339324951171875, 152.45941162109375, 62.87611389160156, 0.7738999724388123], [0, 429.2275390625, 279.0354309082031, 469.5867919921875, 303.0482482910156, 0.7699482440948486], [0, 426.6565246582031, 303.3255615234375, 465.9754333496094, 333.9996337890625, 0.7557314038276672], [0, 366.18896484375, 50.99701690673828, 390.70947265625, 68.1083755493164, 0.7048224806785583], [0, 142.30978393554688, 15.19540786743164, 168.48788452148438, 30.77499008178711, 0.6227818131446838], [0, 418.21636962890625, 232.53680419921875, 433.94830322265625, 274.8944091796875, 0.595997154712677], [0, 633.201904296875, 141.24618530273438, 640.0, 160.38140869140625, 0.5033846497535706], [4, 389.22479248046875, 580.5701904296875, 398.04925537109375, 594.6502685546875, 0.3178614675998688], [0, 376.25628662109375, 534.5448608398438, 413.52764892578125, 576.1860961914062, 0.28435683250427246]], "patched": [[0, 35.36792755126953, 602.7907104492188, 76.93583679199219, 640.0, 0.8896322250366211], [1, 456.2136535644531, 19.533916473388672, 482.6188659667969, 41.6651496887207, 0.8697839975357056], [0, 447.12115478515625, 11.828909873962402, 468.82684326171875, 29.209747314453125, 0.8122490644454956], [0, 445.558349609375, 178.80941772460938, 482.565673828125, 203.98123168945312, 0.8051567077636719], [0, 126.69347381591797, 45.25757598876953, 152.49884033203125, 62.921913146972656, 0.7600592970848083], [0, 366.1256103515625, 50.93687438964844, 390.821044921875, 68.11415100097656, 0.6179053783416748], [0, 142.26564025878906, 15.046899795532227, 168.63966369628906, 30.74388313293457, 0.5852757096290588], [1, 437.53546142578125, 237.41531372070312, 471.22137451171875, 262.2610168457031, 0.5313580632209778], [0, 426.6156921386719, 305.43017578125, 464.4502258300781, 334.7178955078125, 0.48618730902671814], [0, 633.1038208007812, 140.69467163085938, 640.0, 160.30801391601562, 0.4553871154785156], [0, 457.76861572265625, 59.419891357421875, 482.05914306640625, 80.46839904785156, 0.4423148036003113], [0, 417.985595703125, 230.47454833984375, 433.5101318359375, 274.78179931640625, 0.4339701235294342], [0, 428.93408203125, 279.69598388671875, 462.35382080078125, 302.87628173828125, 0.31182989478111267], [4, 389.1925048828125, 580.439697265625, 398.0977783203125, 594.681396484375, 0.2516094446182251]]}