{"clean": [[3, 345.3895263671875, 113.5736312866211, 373.16046142578125, 193.20468139648438, 0.8603107333183289], [0, 252.7110595703125, 194.32203674316406, 263.76263427734375, 220.0940399169922, 0.8161193132400513], [0, 213.56832885742188, 107.05940246582031, 223.10885620117188, 127.93824768066406, 0.8076392412185669], [0, 246.71084594726562, 274.6588134765625, 259.281494140625, 304.96337890625, 0.7826324701309204], [0, 316.216064453125, 51.779075622558594, 326.97412109375, 72.20543670654297, 0.7724679708480835], [0, 202.85284423828125, 12.332775115966797, 210.5628662109375, 27.886215209960938, 0.7719243168830872], [0, 311.0082702636719, 331.3111572265625, 325.0751647949219, 369.498046875, 0.7620218396186829], [0, 275.345703125, 362.536376953125, 287.65509033203125, 396.510498046875, 0.7464429140090942], [1, 117.86714172363281, 224.90435791015625, 138.35081481933594, 256.3371276855469, 0.7387220859527588], [1, 292.15423583984375, 4.804492950439453, 302.52484130859375, 30.278526306152344, 0.6922619938850403], [1, 261.33673095703125, 29.32270050048828, 270.20086669921875, 52.498382568359375, 0.6689656376838684], [1, 229.7259521484375, 60.45214080810547, 238.76513671875, 79.83708953857422, 0.620173990726471], [1, 97.94488525390625, 211.91893005371094, 123.8739013671875, 236.5766143798828, 0.5724436640739441], [1, 257.90673828125, 402.317626953125, 271.8455810546875, 442.5020751953125, 0.5194501876831055], [1, 328.42059326171875, 108.6844482421875, 339.26214599609375, 131.43911743164062, 0.5127679705619812], [1, 133.02227783203125, 34.99458312988281, 152.1177978515625, 50.553367614746094, 0.5125398635864258], [1, 252.1864013671875, 0.6804656982421875, 261.004638671875, 18.14398193359375, 0.414195716381073], [0, 127.77923583984375, 356.9178161621094, 144.59347534179688, 386.6600036621094, 0.40499547123908997], [0, 257.67547607421875, 401.7230529785156, 271.48089599609375, 442.1352844238281, 0.40035927295684814], [1, 275.21697998046875, 362.5478515625, 287.67376708984375, 396.5093994140625, 0.39542388916015625], [0, 252.38436889648438, 1.0688934326171875, 261.0558166503906, 18.21725845336914, 0.35599350929260254], [0, 328.50323486328125, 108.49942016601562, 339.29949951171875, 131.7957000732422, 0.34566500782966614], [0, 303.60400390625, 2.999113082885742, 312.6173095703125, 23.623065948486328, 0.2987346649169922]], "patched": [[3, 345.3902587890625, 113.57037353515625, 373.1566162109375, 193.20144653320312, 0.8613570332527161], [0, 252.7027130126953, 194.32420349121094, 263.76409912109375, 220.08595275878906, 0.8163963556289673], [0, 213.56561279296875, 107.06346130371094, 223.11102294921875, 127.92546081542969, 0.8068403005599976], [0, 246.68954467773438, 274.6429443359375, 259.3150939941406, 304.98486328125, 0.7823414206504822], [0, 316.2042236328125, 51.77824401855469, 326.9786376953125, 72.20266723632812, 0.7718592286109924], [0, 202.84591674804688, 12.331457138061523, 210.56692504882812, 27.885839462280273, 0.7714380621910095], [0, 275.2965393066406, 361.58575439453125, 287.7892150878906, 396.49517822265625, 0.7661517262458801], [1, 117.88511657714844, 224.91067504882812, 138.35475158691406, 256.3428649902344, 0.7346755862236023], [1, 292.150390625, 4.8056135177612305, 302.5262451171875, 30.28066635131836, 0.6889948844909668], [1, 261.3330383300781, 29.32192611694336, 270.2020568847656, 52.4952507019043, 0.6680845618247986], [1, 229.7219696044922, 60.45066833496094, 238.76841735839844, 79.83311462402344, 0.6228897571563721], [0, 311.80853271484375, 329.4366455078125, 325.4722900390625, 369.61669921875, 0.5900609493255615], [1, 98.00920104980469, 211.92324829101562, 123.8760986328125, 236.55520629882812, 0.5678071975708008], [1, 328.415283203125, 108.68325805664062, 339.267822265625, 131.43829345703125, 0.5185604095458984], [1, 133.0277862548828, 34.995628356933594, 152.11875915527344, 50.548736572265625, 0.5116294026374817], [1, 257.8583984375, 402.26776123046875, 271.8890380859375, 442.52191162109375, 0.5089616775512695], [0, 257.6307373046875, 401.67730712890625, 271.5286865234375, 442.14324951171875, 0.4154600203037262], [1, 252.2073516845703, 0.8207340240478516, 261.00531005859375, 18.14543342590332, 0.40751412510871887], [0, 127.78253936767578, 357.0975341796875, 144.57830810546875, 386.654296875, 0.40331217646598816], [0, 252.404296875, 1.2006454467773438, 261.05938720703125, 18.218387603759766, 0.3590092957019806], [0, 328.4998779296875, 108.4930419921875, 339.302734375, 131.79425048828125, 0.34070342779159546], [0, 303.62060546875, 3.090188980102539, 312.6212158203125, 23.623781204223633, 0.29512128233909607]]}