{"clean": [[0, 435.98907470703125, 387.66424560546875, 464.01361083984375, 464.98565673828125, 0.8881494402885437], [0, 315.5618896484375, 126.18879699707031, 356.11102294921875, 174.75331115722656, 0.8450230360031128], [0, 483.199462890625, 45.6766357421875, 511.5113525390625, 86.4202880859375, 0.7988519072532654], [0, 395.2862243652344, 53.94291687011719, 422.8953552246094, 94.32304382324219, 0.7723028063774109], [3, 71.65425109863281, 529.8512573242188, 196.77378845214844, 640.0, 0.7549444437026978], [0, 202.9512176513672, 519.5074462890625, 255.20787048339844, 576.4886474609375, 0.7546911239624023], [1, 215.94235229492188, 215.53140258789062, 262.48345947265625, 281.2397766113281, 0.7078247666358948], [0, 473.68524169921875, 363.46026611328125, 499.70782470703125, 439.78045654296875, 0.6751551628112793], [0, 432.0263671875, 219.35369873046875, 451.9171142578125, 285.58758544921875, 0.6146112084388733], [0, 431.6756591796875, 243.94857788085938, 449.567626953125, 285.5201110839844, 0.51823490858078]], "patched": [[0, 483.2310791015625, 45.707908630371094, 511.5318603515625, 84.74893951416016, 0.8280986547470093], [0, 315.71820068359375, 126.2121810913086, 356.08477783203125, 175.57125854492188, 0.8257147669792175], [3, 71.592529296875, 531.31884765625, 196.7457275390625, 640.0, 0.7584677934646606], [0, 436.0428466796875, 387.4949951171875, 461.892578125, 447.5543212890625, 0.7392104268074036], [1, 215.93359375, 215.50341796875, 262.5190124511719, 281.2494201660156, 0.6955572366714478], [0, 395.26513671875, 53.310951232910156, 422.8748779296875, 94.27234649658203, 0.6163502335548401], [0, 473.6201171875, 363.19061279296875, 499.61041259765625, 439.20184326171875, 0.5128344893455505], [0, 432.538330078125, 219.26559448242188, 451.8775634765625, 288.6213684082031, 0.44014471769332886], [0, 434.00067138671875, 219.42747497558594, 451.778076171875, 254.23533630371094, 0.35221102833747864]]}