{"clean": [[0, 462.3392333984375, 468.93060302734375, 481.32965087890625, 512.0618896484375, 0.8334386348724365], [0, 189.83746337890625, 325.80023193359375, 208.16192626953125, 347.31072998046875, 0.815759003162384], [0, 464.09765625, 159.23016357421875, 474.4783935546875, 171.54000854492188, 0.7713347673416138], [0, 497.70806884765625, 268.44427490234375, 510.82183837890625, 297.21783447265625, 0.753899872303009], [0, 544.1824340820312, 227.56048583984375, 556.4707641601562, 247.1715087890625, 0.7337179780006409], [0, 475.62445068359375, 182.5771484375, 486.23175048828125, 201.18798828125, 0.5377691388130188], [4, 510.74688720703125, 379.84326171875, 520.7744750976562, 403.1771240234375, 0.3057897686958313], [0, 510.3536376953125, 379.4647216796875, 520.6895751953125, 403.08056640625, 0.2770824432373047]], "patched": [[0, 462.2911376953125, 467.21295166015625, 481.07183837890625, 512.1438598632812, 0.8312536478042603], [0, 189.83505249023438, 325.812744140625, 208.16543579101562, 347.30865478515625, 0.816095232963562], [0, 464.0928955078125, 159.2324981689453, 474.48126220703125, 171.5443878173828, 0.7713318467140198], [0, 497.69921875, 268.4458312988281, 510.8255615234375, 297.2260437011719, 0.7543930411338806], [0, 544.1712646484375, 227.55209350585938, 556.4805908203125, 247.18106079101562, 0.7348615527153015], [0, 475.6204833984375, 182.57940673828125, 486.2335205078125, 201.19140625, 0.5374186038970947], [4, 510.73907470703125, 379.8560791015625, 520.7786254882812, 403.1826171875, 0.30975106358528137], [0, 510.35009765625, 379.47454833984375, 520.6942138671875, 403.08428955078125, 0.26727554202079773]]}