{"clean": [[1, 395.6646728515625, 64.72573852539062, 408.46856689453125, 83.23027038574219, 0.6771905422210693], [3, 42.36957550048828, 291.04736328125, 76.75093841552734, 403.9508056640625, 0.6535107493400574], [1, 378.115478515625, 44.944793701171875, 395.712890625, 62.79493713378906, 0.6214114427566528], [2, 382.4908447265625, 582.521240234375, 429.800048828125, 639.694091796875, 0.5779470801353455], [0, 265.73809814453125, 275.4156494140625, 283.38018798828125, 318.3790283203125, 0.5719406008720398], [0, 0.08060932159423828, 299.36944580078125, 15.713143348693848, 329.32611083984375, 0.5619919896125793], [0, 537.792724609375, 21.694068908691406, 561.789306640625, 34.59295654296875, 0.5260146260261536], [3, 176.3804931640625, 263.7335205078125, 200.1612548828125, 368.5146484375, 0.5167615413665771], [0, 551.7388916015625, 26.365821838378906, 570.9542236328125, 37.44941711425781, 0.515887975692749], [0, 574.760009765625, 22.856491088867188, 598.56982421875, 35.13269805908203, 0.5135492086410522], [3, 110.95783996582031, 253.48196411132812, 144.82994079589844, 366.5076599121094, 0.48792898654937744], [1, 581.6153564453125, 125.04902648925781, 610.2496337890625, 146.96046447753906, 0.47487327456474304], [0, 625.5938720703125, 14.25658130645752, 639.998779296875, 26.198993682861328, 0.3870161473751068], [0, 606.7904052734375, 16.481338500976562, 623.4781494140625, 28.484512329101562, 0.36913007497787476], [0, 598.8446655273438, 18.05168914794922, 614.5253295898438, 29.339935302734375, 0.3550654649734497], [2, 486.518310546875, 35.936622619628906, 534.1556396484375, 55.636878967285156, 0.31326577067375183], [0, 586.294189453125, 19.744346618652344, 606.5517578125, 31.333045959472656, 0.30964556336402893], [2, 177.03457641601562, 225.0643310546875, 194.66574096679688, 260.09442138671875, 0.2642896771430969], [3, 290.907958984375, 241.8636474609375, 320.52490234375, 323.7642822265625, 0.2548462152481079]], "patched": [[1, 395.67864990234375, 64.743408203125, 408.46099853515625, 83.22697448730469, 0.6775434017181396], [3, 42.36988067626953, 291.046142578125, 76.7455062866211, 403.949951171875, 0.6522453427314758], [1, 378.12823486328125, 44.954444885253906, 395.69744873046875, 62.79009246826172, 0.6229502558708191], [2, 382.4915771484375, 582.5220947265625, 429.818603515625, 639.6954345703125, 0.5785514116287231], [0, 265.74517822265625, 275.43353271484375, 283.37457275390625, 318.37640380859375, 0.5675773620605469], [0, 0.08048057556152344, 299.3747253417969, 15.719148635864258, 329.3254699707031, 0.561551034450531], [0, 537.7974853515625, 21.699481964111328, 561.7921142578125, 34.58804702758789, 0.5233235359191895], [0, 551.7438354492188, 26.371299743652344, 570.9480590820312, 37.44374084472656, 0.5140130519866943], [0, 574.7638549804688, 22.861618041992188, 598.5664672851562, 35.12482452392578, 0.5132491588592529], [3, 176.38339233398438, 263.8243408203125, 200.15988159179688, 368.511474609375, 0.51123046875], [3, 110.92927551269531, 253.47640991210938, 144.8305206298828, 366.5065612792969, 0.4847155809402466], [1, 581.6192626953125, 125.05467224121094, 610.2425537109375, 146.95970153808594, 0.4767276346683502], [0, 625.6014404296875, 14.260973930358887, 639.9986572265625, 26.19455337524414, 0.3847806453704834], [0, 606.7960205078125, 16.49093246459961, 623.4718017578125, 28.479671478271484, 0.3677186965942383], [0, 598.8515625, 18.062461853027344, 614.519775390625, 29.33438491821289, 0.35312873125076294], [2, 486.520751953125, 35.93780517578125, 534.1544189453125, 55.62818908691406, 0.3126187324523926], [0, 586.2916870117188, 19.754749298095703, 606.5470581054688, 31.32782745361328, 0.307697594165802], [2, 177.02850341796875, 225.05746459960938, 194.67181396484375, 260.0938415527344, 0.2616437077522278], [3, 290.88372802734375, 241.67453002929688, 320.52288818359375, 323.7618713378906, 0.2537998557090759], [1, 11.42989730834961, 294.34075927734375, 50.20491409301758, 361.08148193359375, 0.25308457016944885]]}