{"clean": [[0, 0.09676361083984375, 523.7576904296875, 19.210098266601562, 582.8668212890625, 0.8352668881416321], [0, 277.6380615234375, 70.61386108398438, 287.68353271484375, 86.39556884765625, 0.796343982219696], [3, 188.1962890625, 330.6329040527344, 213.23690795898438, 383.9380187988281, 0.7947874665260315], [0, 259.52227783203125, 92.87626647949219, 270.2503662109375, 109.06571960449219, 0.766454815864563], [0, 235.92044067382812, 516.1971435546875, 258.4981994628906, 582.5240478515625, 0.7458266615867615], [3, 327.7451477050781, 37.73011779785156, 340.1863708496094, 74.98565673828125, 0.7322123646736145], [3, 412.96820068359375, 384.33575439453125, 442.52093505859375, 502.33184814453125, 0.5956065058708191], [3, 375.68023681640625, 414.805419921875, 404.39178466796875, 532.3970947265625, 0.5320398807525635], [0, 363.64105224609375, 80.58901977539062, 374.89886474609375, 97.65744018554688, 0.526549756526947], [3, 353.32720947265625, 43.49523162841797, 365.95623779296875, 81.16677856445312, 0.5168421864509583], [3, 378.59393310546875, 461.59051513671875, 404.53594970703125, 533.178466796875, 0.4612075388431549], [1, 594.98681640625, 567.1550903320312, 639.16357421875, 604.0750122070312, 0.431913822889328], [2, 365.0618591308594, 57.09135437011719, 375.5675354003906, 81.84733581542969, 0.4270622730255127], [0, 530.7207641601562, 452.87945556640625, 555.4406127929688, 496.32891845703125, 0.404931902885437], [0, 343.12884521484375, 55.84931945800781, 353.21014404296875, 68.46007537841797, 0.3711606562137604], [2, 61.695098876953125, 174.90435791015625, 92.99981689453125, 233.89276123046875, 0.3406676650047302], [0, 499.635986328125, 447.321044921875, 523.6893310546875, 493.7613525390625, 0.2801973521709442]], "patched": [[0, 0.09092330932617188, 523.646240234375, 19.24111557006836, 582.909912109375, 0.8355899453163147], [3, 188.193115234375, 330.635498046875, 213.226806640625, 383.9779052734375, 0.8001421689987183], [0, 277.7039489746094, 70.57562255859375, 287.6385192871094, 86.44418334960938, 0.7965674996376038], [0, 259.52923583984375, 92.89497375488281, 270.2431640625, 109.06390380859375, 0.7662584185600281], [3, 327.75201416015625, 37.738037109375, 340.17694091796875, 74.98356628417969, 0.7324257493019104], [0, 236.22726440429688, 516.2744140625, 257.9617614746094, 592.978759765625, 0.7302943468093872], [3, 412.33221435546875, 384.5401611328125, 442.859619140625, 502.423828125, 0.6110346913337708], [3, 353.3245544433594, 43.50482940673828, 365.9361267089844, 81.17375946044922, 0.5307992100715637], [3, 375.70770263671875, 414.49566650390625, 404.38995361328125, 532.3455200195312, 0.5299763679504395], [0, 363.6611328125, 80.5893783569336, 374.890625, 97.64220428466797, 0.525544285774231], [3, 378.63604736328125, 461.19464111328125, 404.53814697265625, 533.1898803710938, 0.4801095724105835], [1, 595.2806396484375, 567.2257080078125, 638.8509521484375, 604.1177978515625, 0.43630874156951904], [2, 365.0606384277344, 57.09203338623047, 375.5517272949219, 81.84825897216797, 0.43462321162223816], [0, 530.6805419921875, 452.84527587890625, 555.44775390625, 496.38494873046875, 0.4052373766899109], [0, 343.133544921875, 55.795265197753906, 353.2000732421875, 68.45804595947266, 0.36582186818122864], [2, 61.698997497558594, 174.8587646484375, 92.97029876708984, 233.89599609375, 0.326856791973114], [0, 499.61529541015625, 447.28118896484375, 523.7398071289062, 493.84185791015625, 0.29075515270233154]]}