{"clean": [[0, 262.33734130859375, 41.66505432128906, 275.37066650390625, 68.90827178955078, 0.8028557896614075], [0, 322.13916015625, 61.522216796875, 330.677978515625, 83.40390014648438, 0.7932963371276855], [3, 350.2660217285156, 348.52734375, 367.2036437988281, 415.6812744140625, 0.7390514612197876], [1, 301.62457275390625, 116.771240234375, 313.17431640625, 145.21524047851562, 0.7244451642036438], [0, 251.0875244140625, 134.95956420898438, 260.2149658203125, 165.79293823242188, 0.7175415754318237], [3, 369.5176696777344, 398.18023681640625, 384.8229064941406, 463.0870361328125, 0.7148489356040955], [0, 331.1075439453125, 418.888916015625, 343.4725341796875, 445.50982666015625, 0.6977344751358032], [3, 347.0808410644531, 456.20318603515625, 366.7698669433594, 622.6536254882812, 0.6921088099479675], [0, 337.82379150390625, 165.31588745117188, 347.73675537109375, 193.09506225585938, 0.5912003517150879], [3, 320.96588134765625, 523.8470458984375, 340.71173095703125, 640.0, 0.5599121451377869], [1, 250.7532958984375, 271.83575439453125, 261.057373046875, 302.96124267578125, 0.536260724067688], [1, 337.8720703125, 165.29995727539062, 347.8115234375, 192.73977661132812, 0.4440564513206482], [1, 343.5509033203125, 230.54547119140625, 354.1187744140625, 265.24151611328125, 0.3863590955734253], [1, 282.73028564453125, 260.069580078125, 295.63616943359375, 300.244384765625, 0.3701635003089905], [0, 341.6183166503906, 1.5326194763183594, 351.1269226074219, 22.221275329589844, 0.2555212378501892], [1, 343.44189453125, 241.21896362304688, 354.17083740234375, 265.4283447265625, 0.2531563341617584]], "patched": [[0, 262.3369140625, 41.661766052246094, 275.371337890625, 68.90953826904297, 0.8045467734336853], [0, 322.13775634765625, 61.51349639892578, 330.68011474609375, 83.4061508178711, 0.7937294840812683], [3, 350.279296875, 348.56597900390625, 367.18896484375, 415.65411376953125, 0.7367803454399109], [1, 301.6234130859375, 116.76986694335938, 313.1749267578125, 145.21728515625, 0.722446858882904], [0, 251.08572387695312, 134.95872497558594, 260.21490478515625, 165.7946319580078, 0.7220448851585388], [3, 369.609375, 398.29901123046875, 384.5233154296875, 462.66619873046875, 0.7055041193962097], [3, 347.07464599609375, 456.1520690917969, 366.77142333984375, 622.688232421875, 0.6905843615531921], [0, 337.8221435546875, 165.3125, 347.7384033203125, 193.100830078125, 0.5986156463623047], [0, 330.723876953125, 419.3509521484375, 343.39349365234375, 443.3355712890625, 0.5677070021629333], [3, 320.9588623046875, 523.8486328125, 340.7216796875, 640.0, 0.5543463230133057], [1, 250.88507080078125, 271.877685546875, 260.92437744140625, 299.027099609375, 0.46033674478530884], [1, 337.8702392578125, 165.29727172851562, 347.8114013671875, 192.74783325195312, 0.432032972574234], [1, 250.64315795898438, 271.8653564453125, 261.3107604980469, 309.576171875, 0.353954553604126], [1, 282.70703125, 260.0731201171875, 295.6143798828125, 300.190673828125, 0.34050253033638], [0, 341.6128234863281, 1.5131797790527344, 351.1274719238281, 22.222381591796875, 0.2557384669780731]]}