{"clean": [[1, 402.9968566894531, 201.50704956054688, 449.7201843261719, 258.7601623535156, 0.8713085651397705], [1, 336.54071044921875, 176.93673706054688, 356.80303955078125, 241.66140747070312, 0.7043575644493103], [1, 357.3092041015625, 148.65341186523438, 378.7388916015625, 212.48434448242188, 0.6563951373100281], [0, 269.19232177734375, 555.9287109375, 291.64459228515625, 610.643310546875, 0.5847819447517395], [1, 453.2934875488281, 476.1209716796875, 509.9689025878906, 526.032958984375, 0.5843647718429565], [0, 0.0, 408.52227783203125, 15.418021202087402, 463.55841064453125, 0.4869288206100464], [0, 228.34054565429688, 347.45098876953125, 258.3004455566406, 394.942138671875, 0.3718763291835785], [2, 226.65640258789062, 251.19178771972656, 262.3213195800781, 395.5562744140625, 0.31024104356765747], [1, 24.680673599243164, 248.67410278320312, 58.324302673339844, 313.6289978027344, 0.266236811876297], [2, 94.2125015258789, 422.0184631347656, 168.43533325195312, 462.7798156738281, 0.2505781948566437]], "patched": [[1, 402.99713134765625, 201.50689697265625, 449.72137451171875, 258.7596130371094, 0.8714839220046997], [1, 336.543212890625, 176.93429565429688, 356.80157470703125, 241.65380859375, 0.7004111409187317], [1, 357.30938720703125, 148.65325927734375, 378.73712158203125, 212.48550415039062, 0.6529200077056885], [1, 453.3038330078125, 476.13580322265625, 509.95953369140625, 526.0286865234375, 0.5726646780967712], [0, 0.0, 408.5292663574219, 15.412163734436035, 463.5499572753906, 0.47823280096054077], [0, 228.35665893554688, 347.4524841308594, 258.29296875, 394.9418029785156, 0.36209312081336975], [2, 226.69973754882812, 251.2012939453125, 262.3164978027344, 395.54595947265625, 0.3146161139011383], [1, 24.68419647216797, 248.66732788085938, 58.32627868652344, 313.6205139160156, 0.2656802237033844], [2, 94.20569610595703, 422.00543212890625, 168.4222412109375, 462.77117919921875, 0.2557346224784851]]}