{"clean": [[3, 265.9669189453125, 456.87255859375, 283.7249755859375, 544.643798828125, 0.7390672564506531], [0, 280.85638427734375, 382.6192626953125, 296.58880615234375, 424.28094482421875, 0.6907781362533569], [3, 320.3111267089844, 298.13299560546875, 337.5936584472656, 383.17608642578125, 0.6380780339241028]], "patched": [[3, 266.0546569824219, 456.9449462890625, 283.6732482910156, 544.64794921875, 0.7320189476013184], [0, 281.1827392578125, 382.5941467285156, 296.449951171875, 425.2760925292969, 0.6421544551849365], [3, 320.43206787109375, 298.1568603515625, 337.38592529296875, 383.163330078125, 0.63763427734375], [0, 213.16583251953125, 319.1592712402344, 228.99310302734375, 370.7242736816406, 0.34782400727272034]]}