{"clean": [[3, 197.75558471679688, 14.058708190917969, 237.08309936523438, 73.03167724609375, 0.8956438899040222], [0, 275.79888916015625, 411.6822509765625, 303.98675537109375, 454.6796875, 0.8493490815162659], [0, 338.47259521484375, 296.9424133300781, 368.90740966796875, 337.8772277832031, 0.828086793422699], [0, 207.8564453125, 177.52476501464844, 233.36700439453125, 208.11866760253906, 0.8270121812820435], [0, 160.36624145507812, 58.49639129638672, 182.94778442382812, 86.93822479248047, 0.8168256878852844], [0, 562.7155151367188, 439.4493713378906, 599.3425903320312, 482.4484558105469, 0.8135717511177063], [0, 114.64201354980469, 83.26078796386719, 136.9429473876953, 110.26475524902344, 0.8096185922622681], [0, 402.4322509765625, 494.7186279296875, 441.081298828125, 544.857177734375, 0.8048794269561768], [2, 227.27902221679688, 26.92303466796875, 264.8204040527344, 90.28441619873047, 0.7865025401115417], [0, 419.9700622558594, 379.4980773925781, 466.0480041503906, 438.1185607910156, 0.693683922290802], [0, 599.8004150390625, 1.4673519134521484, 624.1871337890625, 19.028690338134766, 0.6919661164283752], [0, 174.51004028320312, 0.01601409912109375, 198.99655151367188, 17.015613555908203, 0.6845387816429138], [3, 314.40203857421875, 207.47689819335938, 382.20947265625, 304.2080383300781, 0.675323486328125], [0, 115.61384582519531, 137.21609497070312, 138.34776306152344, 164.10208129882812, 0.6566240787506104], [0, 339.6956787109375, 533.3421630859375, 369.59326171875, 584.9852294921875, 0.6522985696792603], [3, 226.363037109375, 26.84861946105957, 264.5625915527344, 89.53936767578125, 0.4044487178325653], [3, 191.21060180664062, 0.0, 226.97128295898438, 21.260770797729492, 0.365040123462677], [3, 477.06170654296875, 571.9024658203125, 573.7647094726562, 640.0, 0.3388978838920593], [2, 477.2305908203125, 572.11572265625, 570.23876953125, 640.0, 0.33179301023483276]], "patched": [[3, 197.76071166992188, 14.063875198364258, 237.03762817382812, 72.983154296875, 0.8942081928253174], [0, 211.79608154296875, 175.9263458251953, 233.29974365234375, 208.0392608642578, 0.8379883766174316], [0, 275.9192810058594, 409.90216064453125, 303.7044372558594, 455.00299072265625, 0.8102596998214722], [2, 227.29330444335938, 26.949386596679688, 264.73944091796875, 90.22058868408203, 0.8097125887870789], [0, 115.10134887695312, 80.6473617553711, 136.96527099609375, 110.21503448486328, 0.7983033061027527], [0, 160.38583374023438, 58.45939636230469, 182.51992797851562, 83.73674011230469, 0.7874436378479004], [0, 338.53826904296875, 297.07861328125, 368.2364501953125, 333.3717041015625, 0.7778149843215942], [3, 314.4893493652344, 207.84140014648438, 381.5192565917969, 304.5558166503906, 0.7113041877746582], [0, 172.74166870117188, 0.0, 198.84970092773438, 17.089126586914062, 0.7036566734313965], [0, 599.7826538085938, 1.4678478240966797, 623.9110717773438, 19.049421310424805, 0.6987772583961487], [0, 420.15673828125, 379.902099609375, 466.0467529296875, 438.247802734375, 0.6813610792160034], [0, 562.7476806640625, 439.45123291015625, 595.8544921875, 475.7396240234375, 0.6627964973449707], [0, 115.63624572753906, 137.24853515625, 138.3153839111328, 164.1185302734375, 0.6255466341972351], [0, 339.64373779296875, 533.2833251953125, 369.45123291015625, 585.0406494140625, 0.6015973091125488], [0, 401.6900634765625, 493.9412841796875, 438.1556396484375, 545.4854736328125, 0.5893141627311707], [3, 191.13125610351562, 0.0, 226.94985961914062, 21.287748336791992, 0.351052463054657], [3, 226.39065551757812, 26.88446617126465, 264.4752502441406, 89.50508880615234, 0.3454480767250061], [2, 476.84515380859375, 571.9248046875, 574.5017700195312, 640.0, 0.3157579302787781], [3, 476.8494873046875, 571.897705078125, 573.979248046875, 640.0, 0.3004297912120819]]}