{"clean": [[0, 264.50616455078125, 505.99615478515625, 302.01348876953125, 585.0481567382812, 0.9000236392021179], [0, 480.4508056640625, 372.975341796875, 515.276123046875, 434.7767333984375, 0.8989992737770081], [0, 418.2663269042969, 300.4681091308594, 453.7418518066406, 361.4579162597656, 0.8951550126075745], [1, 240.37924194335938, 539.4815673828125, 279.8056945800781, 621.7510986328125, 0.8920326232910156], [0, 509.331787109375, 432.613525390625, 553.27783203125, 489.706298828125, 0.8781241178512573], [0, 295.61224365234375, 463.55126953125, 336.92327880859375, 528.6998291015625, 0.877366304397583], [1, 530.0911865234375, 468.0177001953125, 570.610107421875, 529.46435546875, 0.8280726671218872], [0, 211.172607421875, 560.461669921875, 250.70645141601562, 638.963134765625, 0.779324471950531], [0, 320.00628662109375, 426.7078857421875, 355.94769287109375, 493.3914794921875, 0.7776130437850952]], "patched": [[0, 480.71478271484375, 373.0050964355469, 515.3182983398438, 435.7820129394531, 0.8794848322868347], [1, 240.32131958007812, 539.377685546875, 279.4388122558594, 621.50341796875, 0.8652507662773132], [1, 320.7279052734375, 424.7413330078125, 355.825439453125, 492.841796875, 0.8646689057350159], [0, 418.4436340332031, 298.6673278808594, 453.5912170410156, 361.6546936035156, 0.8520851731300354], [1, 296.6907958984375, 461.53570556640625, 336.3875732421875, 528.8089599609375, 0.8502415418624878], [0, 264.95294189453125, 504.17266845703125, 301.6595458984375, 584.7638549804688, 0.8461233377456665], [1, 530.1936645507812, 468.10205078125, 570.5037231445312, 529.374755859375, 0.8390049338340759], [1, 509.64337158203125, 431.474853515625, 552.7676391601562, 490.0206298828125, 0.7923564314842224], [1, 211.32565307617188, 558.3500366210938, 250.46090698242188, 638.9734497070312, 0.4124356210231781], [1, 441.01739501953125, 437.54473876953125, 484.983154296875, 505.00372314453125, 0.40812504291534424], [0, 320.7662353515625, 424.20416259765625, 355.86260986328125, 492.89715576171875, 0.3990749716758728], [0, 211.37939453125, 558.8785400390625, 250.43780517578125, 638.6602783203125, 0.3661705255508423], [1, 264.8919677734375, 504.5090637207031, 301.661376953125, 584.793212890625, 0.33880186080932617], [4, 625.501953125, 483.74658203125, 639.8935546875, 520.254150390625, 0.264605849981308]]}