{"clean": [[3, 402.3268127441406, 136.70372009277344, 442.6966857910156, 189.51063537597656, 0.9230014085769653], [0, 409.56884765625, 458.1314392089844, 461.6878662109375, 508.7810363769531, 0.9177002310752869], [0, 247.40338134765625, 318.8314514160156, 267.48193359375, 362.2566833496094, 0.8701795935630798], [3, 234.57870483398438, 221.18202209472656, 262.73358154296875, 311.939208984375, 0.8549237847328186], [0, 229.2716064453125, 9.873310089111328, 238.47488403320312, 23.17074966430664, 0.7752329111099243], [0, 235.59185791015625, 172.64727783203125, 247.28662109375, 195.505126953125, 0.7728549838066101], [4, 304.5453796386719, 486.1564025878906, 326.0017395019531, 504.1170349121094, 0.7219395041465759], [0, 238.48385620117188, 199.4560546875, 251.71182250976562, 225.35601806640625, 0.6457375288009644], [2, 228.02804565429688, 111.69815063476562, 238.944091796875, 131.22817993164062, 0.6099089980125427], [0, 609.9693603515625, 527.6151733398438, 639.9964599609375, 566.2914428710938, 0.535762369632721], [4, 251.67794799804688, 413.4947204589844, 264.0075988769531, 440.9137268066406, 0.47707855701446533]], "patched": [[3, 402.3403015136719, 136.7108154296875, 442.6796569824219, 189.50665283203125, 0.9233309030532837], [0, 408.76788330078125, 458.5292663574219, 461.87713623046875, 508.8341369628906, 0.8625946640968323], [3, 234.59756469726562, 221.1951904296875, 262.6703796386719, 312.0533447265625, 0.8550411462783813], [0, 247.39459228515625, 318.4435729980469, 267.4669189453125, 362.2587585449219, 0.8548682928085327], [0, 229.27645874023438, 9.879114151000977, 238.470947265625, 23.170297622680664, 0.7754910588264465], [0, 235.59732055664062, 172.65042114257812, 247.28366088867188, 195.50686645507812, 0.7741031050682068], [4, 304.5301513671875, 486.19097900390625, 325.980712890625, 504.11614990234375, 0.7237049341201782], [0, 238.49884033203125, 199.46176147460938, 251.70440673828125, 225.35018920898438, 0.6547009348869324], [2, 228.0347900390625, 111.72344970703125, 238.9334716796875, 131.22689819335938, 0.6060560941696167], [4, 251.64794921875, 413.24920654296875, 263.99029541015625, 440.93096923828125, 0.48738402128219604]]}