{"clean": [[0, 434.8145751953125, 258.73760986328125, 455.936279296875, 317.34814453125, 0.8177621364593506], [2, 447.37017822265625, 422.34967041015625, 490.93389892578125, 536.2328491210938, 0.8055751323699951], [2, 411.39031982421875, 24.906768798828125, 436.21636962890625, 94.95692443847656, 0.7356206774711609], [1, 440.33148193359375, 342.679931640625, 466.56640625, 421.4019775390625, 0.6726784706115723], [1, 374.634765625, 44.42284393310547, 389.267822265625, 81.55782318115234, 0.5788936614990234], [3, 440.848388671875, 342.90185546875, 466.7159423828125, 421.4732666015625, 0.5141799449920654], [3, 447.1505126953125, 422.507568359375, 491.2227783203125, 535.9732666015625, 0.27155739068984985], [4, 349.3846130371094, 411.16864013671875, 358.3751525878906, 433.51556396484375, 0.26936838030815125]], "patched": [[2, 447.3677978515625, 422.33990478515625, 490.9161376953125, 536.2094116210938, 0.814376950263977], [1, 374.9096374511719, 37.40581512451172, 389.8318176269531, 81.31376647949219, 0.7780483365058899], [2, 411.3560791015625, 24.930282592773438, 436.197265625, 94.86909484863281, 0.7179198861122131], [1, 440.29681396484375, 342.6766052246094, 466.61981201171875, 421.4858703613281, 0.7103214263916016], [0, 436.11273193359375, 268.581787109375, 455.97760009765625, 317.70526123046875, 0.6951825618743896], [3, 440.8304443359375, 342.9156188964844, 466.793701171875, 421.5657653808594, 0.3938840925693512], [4, 349.37786865234375, 411.090087890625, 358.40911865234375, 433.5301513671875, 0.25028467178344727]]}