{"clean": [[0, 207.71694946289062, 311.3711853027344, 230.28445434570312, 347.0895080566406, 0.8675939440727234], [0, 128.29208374023438, 177.66061401367188, 149.06680297851562, 203.11294555664062, 0.8266691565513611], [0, 98.61872863769531, 235.12939453125, 117.78688049316406, 260.377685546875, 0.7726315259933472], [0, 7.256013870239258, 169.20294189453125, 20.6375675201416, 182.679931640625, 0.7331536412239075], [0, 524.0929565429688, 619.9208374023438, 567.4512329101562, 639.8610229492188, 0.658427357673645], [3, 0.0, 351.88671875, 33.91950225830078, 397.38818359375, 0.6559959053993225], [3, 132.83462524414062, 561.797607421875, 165.28945922851562, 639.9423828125, 0.5941330194473267], [2, 260.5406494140625, 459.3394775390625, 291.3343505859375, 532.8270263671875, 0.44855326414108276], [3, 260.4487609863281, 459.22845458984375, 291.2451477050781, 532.6992797851562, 0.3122584819793701], [0, 0.0011796951293945312, 171.349853515625, 10.073262214660645, 191.87005615234375, 0.2847776710987091], [2, 0.04096221923828125, 419.55218505859375, 27.797494888305664, 496.97882080078125, 0.27899158000946045]], "patched": [[0, 207.82427978515625, 311.997802734375, 230.04632568359375, 347.1666259765625, 0.8493799567222595], [0, 128.46414184570312, 176.09510803222656, 149.24032592773438, 203.12538146972656, 0.8240726590156555], [0, 7.224002838134766, 169.13816833496094, 20.649005889892578, 182.74635314941406, 0.717580258846283], [3, 0.0, 351.83612060546875, 33.91765594482422, 397.62066650390625, 0.6638221740722656], [0, 98.19413757324219, 235.71343994140625, 118.44276428222656, 261.06060791015625, 0.5997873544692993], [3, 132.6728515625, 561.7523803710938, 165.43768310546875, 639.9503784179688, 0.5694890022277832], [2, 260.4944152832031, 459.3533935546875, 291.3703308105469, 532.8480224609375, 0.4321930706501007], [2, 0.04683685302734375, 419.96356201171875, 27.68344497680664, 497.03521728515625, 0.3147173821926117], [0, 522.8578491210938, 620.9388427734375, 563.0599975585938, 639.9334716796875, 0.31431901454925537], [0, 0.000743865966796875, 171.07717895507812, 10.138423919677734, 192.03695678710938, 0.28088346123695374], [3, 260.41595458984375, 459.23797607421875, 291.26678466796875, 532.7334594726562, 0.2524394690990448]]}