{"clean": [[0, 199.5665283203125, 114.01094055175781, 210.80169677734375, 137.83143615722656, 0.7917129993438721], [0, 390.02655029296875, 9.87209701538086, 400.84454345703125, 33.44664764404297, 0.7703254222869873], [0, 424.2127685546875, 47.87030792236328, 433.69256591796875, 69.51731872558594, 0.7522523999214172], [0, 417.31817626953125, 436.27789306640625, 430.93548583984375, 480.20526123046875, 0.6867632865905762], [0, 404.5818176269531, 183.464111328125, 415.5400085449219, 213.04254150390625, 0.6771537661552429], [0, 311.409912109375, 80.71697998046875, 320.430419921875, 101.32041931152344, 0.6016769409179688], [0, 303.13067626953125, 29.633502960205078, 311.80438232421875, 50.32826614379883, 0.5652066469192505], [0, 375.84136962890625, 155.0526123046875, 387.04888916015625, 185.84124755859375, 0.542599618434906], [0, 385.148193359375, 349.8873291015625, 398.0384521484375, 388.1480712890625, 0.35398608446121216], [0, 463.85504150390625, 222.79867553710938, 475.78094482421875, 254.46112060546875, 0.31834402680397034], [0, 427.709716796875, 362.7279052734375, 447.78955078125, 415.226318359375, 0.25402262806892395]], "patched": [[0, 199.5752716064453, 114.02349853515625, 210.7927703857422, 137.83331298828125, 0.7924631834030151], [0, 390.04644775390625, 9.882682800292969, 400.8309326171875, 33.43920135498047, 0.7704612612724304], [0, 424.22723388671875, 47.88032531738281, 433.67626953125, 69.5106201171875, 0.7526549100875854], [0, 404.60614013671875, 183.45919799804688, 415.51849365234375, 213.04202270507812, 0.6781812906265259], [0, 418.0970764160156, 436.33099365234375, 430.6615295410156, 480.67901611328125, 0.6347464919090271], [0, 311.4397277832031, 80.754150390625, 320.4067687988281, 101.31271362304688, 0.6012226343154907], [0, 303.1444091796875, 29.636207580566406, 311.789794921875, 50.323570251464844, 0.5644207000732422], [0, 375.87860107421875, 155.07464599609375, 387.00286865234375, 185.8426513671875, 0.5414698123931885], [0, 494.05340576171875, 482.44207763671875, 506.43865966796875, 506.6273193359375, 0.4208962917327881], [0, 385.201171875, 349.8973388671875, 398.008544921875, 388.16552734375, 0.3201775550842285], [0, 463.87725830078125, 223.00286865234375, 475.7569580078125, 254.4476318359375, 0.3163876235485077]]}