{"clean": [[0, 276.06707763671875, 258.4632568359375, 288.736328125, 277.325927734375, 0.8131787180900574], [0, 369.13409423828125, 260.236328125, 378.8975830078125, 275.0263671875, 0.8085245490074158], [0, 375.8114013671875, 226.72048950195312, 385.2864990234375, 240.21884155273438, 0.8054735064506531], [0, 326.74267578125, 97.29994201660156, 333.6904296875, 105.98884582519531, 0.7983205914497375], [0, 452.7210998535156, 335.15496826171875, 469.4024963378906, 361.60174560546875, 0.7714242339134216], [0, 355.7886962890625, 105.22872924804688, 363.56005859375, 115.69674682617188, 0.7650741934776306], [0, 483.912841796875, 428.32843017578125, 507.1116943359375, 461.82904052734375, 0.7552827000617981], [0, 308.3554382324219, 152.32911682128906, 317.2721252441406, 163.0932159423828, 0.7431640028953552], [0, 361.361328125, 206.13546752929688, 369.538330078125, 217.32192993164062, 0.7414560317993164], [0, 358.34918212890625, 72.2037582397461, 365.35089111328125, 82.07868194580078, 0.7357606887817383], [0, 368.5872802734375, 194.12464904785156, 376.296875, 204.7404327392578, 0.7128962874412537], [0, 331.2589111328125, 70.3592529296875, 338.91119384765625, 79.79393005371094, 0.6727436184883118], [0, 340.7487487792969, 227.73422241210938, 353.8872985839844, 252.94329833984375, 0.6194530725479126], [0, 349.7617492675781, 49.031028747558594, 356.1658630371094, 57.18299102783203, 0.5313140153884888], [1, 337.6597595214844, 170.79873657226562, 345.8481140136719, 185.87753295898438, 0.5135891437530518], [0, 418.58001708984375, 175.26278686523438, 428.30908203125, 189.62960815429688, 0.4593439996242523], [1, 364.5928649902344, 282.9736328125, 374.7314147949219, 303.091552734375, 0.4103717803955078], [0, 364.4906311035156, 282.97564697265625, 374.9355773925781, 303.69451904296875, 0.3710162043571472]], "patched": [[0, 276.0645751953125, 258.4638671875, 288.734130859375, 277.324951171875, 0.8136740326881409], [0, 369.14141845703125, 260.2375793457031, 378.89544677734375, 275.0290222167969, 0.8088913559913635], [0, 375.8096923828125, 226.72116088867188, 385.287109375, 240.21609497070312, 0.8060190677642822], [0, 326.7410888671875, 97.3009262084961, 333.69384765625, 105.9881820678711, 0.7986761927604675], [0, 355.78533935546875, 105.23131561279297, 363.5614013671875, 115.69483184814453, 0.7654978632926941], [0, 483.8621520996094, 428.23455810546875, 507.1160583496094, 461.83233642578125, 0.7555570006370544], [0, 453.3744812011719, 335.087158203125, 469.5301818847656, 361.6241455078125, 0.753419041633606], [0, 308.3529052734375, 152.32838439941406, 317.2750244140625, 163.0850372314453, 0.7436244487762451], [0, 361.3702392578125, 206.14064025878906, 369.5408935546875, 217.31874084472656, 0.7414973378181458], [0, 358.34564208984375, 72.20288848876953, 365.35516357421875, 82.0789566040039, 0.7358937859535217], [0, 368.58642578125, 194.13446044921875, 376.2945556640625, 204.73895263671875, 0.7143714427947998], [0, 331.25531005859375, 70.35781860351562, 338.91485595703125, 79.79449462890625, 0.6740546822547913], [0, 340.746826171875, 227.7322540283203, 353.880859375, 252.9435577392578, 0.6206108331680298], [0, 349.75885009765625, 49.03059387207031, 356.16839599609375, 57.184478759765625, 0.5330512523651123], [1, 337.66412353515625, 170.7997283935547, 345.84588623046875, 185.75718688964844, 0.5130248665809631], [0, 418.5714111328125, 175.26292419433594, 428.30615234375, 189.6310272216797, 0.4561607241630554], [1, 364.5938720703125, 282.96795654296875, 374.72882080078125, 303.09613037109375, 0.40845903754234314], [0, 364.49139404296875, 282.96966552734375, 374.93463134765625, 303.69842529296875, 0.369070440530777]]}