{"clean": [[1, 411.4925231933594, 460.00115966796875, 434.1347961425781, 523.0158081054688, 0.8634088039398193], [0, 216.9705810546875, 524.127197265625, 252.84637451171875, 574.296142578125, 0.8404416441917419], [0, 299.69476318359375, 282.8798828125, 332.81024169921875, 302.360595703125, 0.8184881210327148], [0, 302.1684265136719, 347.706787109375, 338.3804016113281, 367.2154541015625, 0.8061671853065491], [0, 297.48248291015625, 225.63534545898438, 329.17022705078125, 243.56094360351562, 0.7980236411094666], [0, 298.47686767578125, 329.1551513671875, 335.71417236328125, 350.5517578125, 0.7965940237045288], [0, 357.4217529296875, 74.39559173583984, 366.0618896484375, 89.0525894165039, 0.792568564414978], [0, 293.8614501953125, 197.07960510253906, 319.475830078125, 211.27671813964844, 0.7924328446388245], [0, 370.3661804199219, 115.12635803222656, 379.0633850097656, 129.04080200195312, 0.7846339344978333], [0, 292.25396728515625, 183.55853271484375, 318.05584716796875, 196.6065673828125, 0.7792150974273682], [3, 319.07550048828125, 66.21327209472656, 333.43682861328125, 99.85987854003906, 0.7770010828971863], [1, 377.1325378417969, 515.382080078125, 397.4069519042969, 575.680908203125, 0.7699093818664551], [0, 365.35052490234375, 101.76301574707031, 374.0067138671875, 115.029296875, 0.7496834993362427], [0, 290.56451416015625, 168.57321166992188, 315.31707763671875, 180.60275268554688, 0.7324466109275818], [1, 301.48681640625, 379.13482666015625, 339.32177734375, 402.56500244140625, 0.6921199560165405], [1, 303.7706298828125, 268.25103759765625, 332.43048095703125, 286.21514892578125, 0.6830861568450928], [0, 291.2538146972656, 151.8473358154297, 313.7533264160156, 163.10154724121094, 0.6579340696334839], [0, 335.733642578125, 169.15341186523438, 347.5318603515625, 191.42581176757812, 0.545094907283783], [0, 301.045654296875, 557.5350341796875, 353.3017578125, 586.9400634765625, 0.48802459239959717], [0, 355.9959716796875, 338.7478942871094, 371.84527587890625, 366.8542175292969, 0.47390908002853394], [2, 301.3480224609375, 7.017963409423828, 313.2513427734375, 41.19417190551758, 0.4305713474750519], [0, 351.30157470703125, 290.70867919921875, 364.38909912109375, 314.83026123046875, 0.3699159324169159], [0, 293.1947326660156, 2.420167922973633, 300.0462341308594, 15.5860595703125, 0.32289376854896545], [2, 482.83343505859375, 556.8729248046875, 527.9352416992188, 639.8883056640625, 0.27874237298965454]], "patched": [[1, 411.42236328125, 459.970458984375, 434.2083740234375, 523.07861328125, 0.8706105947494507], [0, 299.9744873046875, 283.05682373046875, 333.3275146484375, 302.368408203125, 0.8292329907417297], [0, 297.46875, 225.61029052734375, 330.9217529296875, 243.67694091796875, 0.7979951500892639], [0, 357.4142761230469, 74.384765625, 366.0700378417969, 89.05572509765625, 0.7924202084541321], [0, 293.84954833984375, 196.97093200683594, 319.53753662109375, 211.3103485107422, 0.7913250923156738], [0, 370.36309814453125, 115.10893249511719, 379.07244873046875, 129.0407257080078, 0.783417820930481], [0, 292.2513427734375, 183.533935546875, 318.0926513671875, 196.60833740234375, 0.7775249481201172], [3, 319.06610107421875, 66.20897674560547, 333.44683837890625, 99.8669204711914, 0.7758446931838989], [0, 365.34588623046875, 101.75390625, 374.0142822265625, 115.03926086425781, 0.7458966970443726], [1, 376.9026184082031, 515.2725830078125, 397.5213317871094, 575.68017578125, 0.7455525398254395], [0, 217.35028076171875, 523.66943359375, 252.73336791992188, 577.33544921875, 0.7446509003639221], [0, 290.5625305175781, 168.5182647705078, 315.3525695800781, 180.6033477783203, 0.7314502596855164], [1, 301.56707763671875, 379.1976318359375, 340.9715576171875, 402.7606201171875, 0.7274758219718933], [0, 291.239013671875, 151.8379364013672, 313.760498046875, 163.1052703857422, 0.6514748334884644], [1, 303.720458984375, 268.24713134765625, 333.99298095703125, 286.36285400390625, 0.6339630484580994], [0, 335.6933288574219, 169.0867919921875, 347.5419006347656, 191.4405517578125, 0.5487700700759888], [0, 301.5728759765625, 348.6384582519531, 337.2509765625, 367.0562438964844, 0.5298105478286743], [2, 301.27490234375, 7.030368804931641, 313.255615234375, 41.19900894165039, 0.4348966181278229], [0, 356.07550048828125, 338.4075927734375, 371.81085205078125, 366.8431396484375, 0.42766526341438293], [0, 299.156494140625, 329.2713623046875, 333.609375, 349.786865234375, 0.41303375363349915], [0, 293.1910095214844, 2.3977890014648438, 300.0464172363281, 15.588031768798828, 0.325743705034256], [0, 351.2762451171875, 289.04730224609375, 364.46478271484375, 314.81573486328125, 0.31993117928504944], [2, 482.781005859375, 556.7940673828125, 527.6406860351562, 639.897705078125, 0.3100491166114807]]}