{"clean": [[4, 25.373252868652344, 597.2857055664062, 53.10343933105469, 640.0, 0.7474445104598999], [0, 303.15460205078125, 268.1434020996094, 309.71917724609375, 275.9352722167969, 0.6306872367858887], [4, 234.73648071289062, 424.673828125, 245.59765625, 446.5517578125, 0.6115118265151978], [0, 304.7310791015625, 296.73614501953125, 315.5362548828125, 312.64434814453125, 0.535561740398407], [0, 311.17596435546875, 271.86492919921875, 318.6329345703125, 279.2540283203125, 0.5306272506713867], [4, 381.3489990234375, 428.8544616699219, 391.7052001953125, 456.4772644042969, 0.5156227946281433], [1, 343.273193359375, 288.348876953125, 351.743896484375, 301.03912353515625, 0.49723175168037415], [3, 331.27032470703125, 431.76220703125, 381.41888427734375, 579.1090087890625, 0.49391505122184753], [0, 601.7803955078125, 525.0904541015625, 639.9066162109375, 610.1036376953125, 0.4845447838306427], [4, 238.36972045898438, 377.76708984375, 246.43289184570312, 393.7603759765625, 0.4725223481655121], [4, 270.13909912109375, 312.5401611328125, 275.09515380859375, 322.6468505859375, 0.4489479660987854], [4, 447.6257629394531, 366.75341796875, 461.5698547363281, 381.0859375, 0.3989095985889435], [1, 602.006591796875, 527.36083984375, 639.72900390625, 610.30029296875, 0.3223751485347748], [4, 556.9967041015625, 450.66217041015625, 581.2266845703125, 474.35980224609375, 0.2963973879814148], [0, 333.01312255859375, 256.9317321777344, 338.66644287109375, 262.9803771972656, 0.2899022400379181], [4, 295.66192626953125, 267.58990478515625, 298.60382080078125, 272.97393798828125, 0.2722267210483551], [4, 364.73883056640625, 309.3830871582031, 370.38555908203125, 319.2306823730469, 0.267387330532074]], "patched": [[4, 25.576255798339844, 598.216796875, 53.01459503173828, 640.0, 0.7284295558929443], [0, 311.1454162597656, 271.4369812011719, 318.5412292480469, 279.1375427246094, 0.6152862906455994], [4, 234.74795532226562, 424.6077575683594, 245.57736206054688, 446.5498962402344, 0.612097978591919], [1, 303.2231140136719, 266.8240966796875, 309.4761047363281, 275.8223876953125, 0.5367415547370911], [4, 381.3470458984375, 428.73675537109375, 391.7044677734375, 456.47906494140625, 0.5238306522369385], [4, 238.34817504882812, 377.62823486328125, 246.44451904296875, 393.75848388671875, 0.46953389048576355], [4, 270.1407470703125, 312.4796142578125, 275.105224609375, 322.6302490234375, 0.4539565145969391], [0, 595.3536376953125, 518.6478271484375, 640.0, 611.1632080078125, 0.4478257894515991], [3, 329.42718505859375, 432.66107177734375, 381.01275634765625, 573.4390869140625, 0.44039681553840637], [4, 447.596435546875, 366.92041015625, 461.589599609375, 381.0572509765625, 0.42113274335861206], [4, 295.6476135253906, 267.39495849609375, 298.6189270019531, 272.97833251953125, 0.41038206219673157], [0, 305.3515625, 297.98516845703125, 315.3916015625, 312.50213623046875, 0.33699220418930054], [0, 333.1600341796875, 256.0661315917969, 338.754150390625, 262.8765563964844, 0.2966274321079254], [0, 343.4582824707031, 290.10894775390625, 351.7115173339844, 301.18450927734375, 0.2912755608558655], [1, 305.328857421875, 297.723388671875, 315.385009765625, 312.358154296875, 0.2861631512641907], [4, 364.7287292480469, 309.32476806640625, 370.4028625488281, 319.25494384765625, 0.2858087420463562], [4, 281.1719970703125, 315.3595886230469, 286.18145751953125, 326.8747863769531, 0.26737892627716064], [4, 279.35516357421875, 298.28179931640625, 283.55084228515625, 307.28265380859375, 0.26556116342544556], [4, 327.1655578613281, 287.2083740234375, 331.2551574707031, 295.6048583984375, 0.2543248236179352]]}